[{"ID":302234,"UUID":"BE051AA6-3283-4486-A205-C90B055CC74B","NumberOfPoints":20,"UsageCost":"דמי התחברות - 1.90₪ | עלות לקילוואט - 1.20₪","AddressInfo":{"ID":302621,"Title":"מתחם גאמוס | Gamos Venues","AddressLine1":"Di Zahav 7","Town":"Ma'ale Adumim","CountryID":172,"Latitude":31.786599537598363,"Longitude":35.33726897076946,"ContactTelephone1":"077-989-7660","RelatedURL":"https://evtech.co.il","DistanceUnit":0},"OperatorID":3781,"DataProviderID":1,"UsageTypeID":4,"StatusTypeID":50,"Connections":[{"ID":566675,"ConnectionTypeID":1036,"StatusTypeID":50,"LevelID":2,"Amps":32,"Voltage":400,"PowerKW":22,"CurrentTypeID":20,"Quantity":20}]},{"ID":302233,"UUID":"5B36354A-0DAA-4087-80CB-D69168424E01","NumberOfPoints":20,"UsageCost":"דמי התחברות - 1.90₪ עלות לכל קילוואט - 1.20₪","AddressInfo":{"ID":302620,"Title":"מתחם גאמוס","AddressLine1":"Di Zahav 7","Town":"Maale adomim","CountryID":172,"Latitude":31.786508131309375,"Longitude":35.337005143288025,"ContactTelephone1":"077-989-7660","DistanceUnit":0},"OperatorID":3781,"DataProviderID":1,"UsageTypeID":4,"StatusTypeID":50,"Connections":[{"ID":566674,"ConnectionTypeID":1036,"StatusTypeID":50,"LevelID":2,"Amps":32,"Voltage":400,"PowerKW":22,"CurrentTypeID":20,"Quantity":20,"Comments":"עמדות טעינה של חברת איוויטק טעינת רכבים"}]},{"ID":192461,"UUID":"A240F0D9-435F-4E2F-916C-AB1DD10ADF2E","NumberOfPoints":1,"AddressInfo":{"ID":192820,"Title":"תחנת דלק פז - קרית ארבע","AddressLine1":"Derech Nofei Mamre","Town":"Kiryat Arba","StateOrProvince":"Area C","Postcode":"2228593","CountryID":172,"Latitude":31.54268003245714,"Longitude":35.13121501203523,"DistanceUnit":0},"OperatorID":3435,"DataProviderID":1,"UsageTypeID":4,"StatusTypeID":50,"Connections":[{"ID":312700,"ConnectionTypeID":33,"StatusTypeID":50,"LevelID":3,"PowerKW":60,"CurrentTypeID":30,"Quantity":1},{"ID":312752,"ConnectionTypeID":2,"StatusTypeID":50,"LevelID":3,"PowerKW":60,"CurrentTypeID":30,"Quantity":1},{"ID":312753,"ConnectionTypeID":25,"StatusTypeID":50,"LevelID":2,"Amps":32,"Voltage":400,"PowerKW":22,"CurrentTypeID":20,"Quantity":2}]}]