[{"ID":305439,"UUID":"184D0BAD-4868-4832-B56C-2B9761D23287","NumberOfPoints":2,"UsageCost":"0.25","AddressInfo":{"ID":305828,"Title":"شارع حامد","AddressLine1":"شارع حامد","AddressLine2":"منطقة وادي السير","Town":"ناحية وادي السير","StateOrProvince":"ناحية وادي السير","Postcode":"11814","CountryID":116,"Latitude":31.945688947047472,"Longitude":35.83857841304484,"ContactTelephone1":"0780823183","ContactEmail":"obom25529@gmail.com","AccessComments":"البيادر شارع الصناعية دخلة قهوة الكابتن","DistanceUnit":0},"OperatorID":1,"DataProviderID":1,"UsageTypeID":1,"StatusTypeID":50,"Connections":[{"ID":577921,"ConnectionTypeID":1040,"StatusTypeID":50,"LevelID":3,"Amps":60,"Voltage":1000,"PowerKW":20,"CurrentTypeID":30,"Quantity":2,"Comments":" شاحن مدخل صيني "}]},{"ID":297618,"UUID":"0DF97E56-48B1-4439-982E-E7A04F9AE9F0","NumberOfPoints":10,"AddressInfo":{"ID":298005,"Title":"JoPetrol AbuAlanda","AddressLine1":"AlHizam St.","Town":"Amman","StateOrProvince":"عمان","Postcode":"11511","CountryID":116,"Latitude":31.9115305,"Longitude":35.9831179,"ContactTelephone1":"+962787869666","DistanceUnit":0},"OperatorID":3458,"DataProviderID":1,"UsageTypeID":5,"StatusTypeID":50,"Connections":[{"ID":539750,"ConnectionTypeID":2,"StatusTypeID":50,"CurrentTypeID":30,"Quantity":1},{"ID":539751,"ConnectionTypeID":33,"StatusTypeID":50,"CurrentTypeID":30,"Quantity":1},{"ID":539752,"ConnectionTypeID":32,"StatusTypeID":50,"CurrentTypeID":30,"Quantity":1},{"ID":539753,"ConnectionTypeID":1040,"StatusTypeID":50,"CurrentTypeID":30,"Quantity":1}],"UserComments":[{"ID":30062,"ChargePointID":297618,"CommentTypeID":10,"UserName":"Aguide","Comment":"Great Place","DateCreated":"2024-10-14T17:44:58.223Z","User":{"ID":53750,"Username":"Aguide"},"CheckinStatusTypeID":210,"IsActionedByEditor":false}]},{"ID":287968,"UUID":"CB8404FF-7117-4364-8F46-E77E6AFF6023","NumberOfPoints":1,"AddressInfo":{"ID":288355,"Title":"Desert Highway","AddressLine1":"Desert Highway","AddressLine2":"محطة ابو هلاله","Town":"Maan","StateOrProvince":"Ma'an Sub-District","CountryID":116,"Latitude":30.22010699357827,"Longitude":35.73037028047872,"ContactTelephone1":"032130020","ContactTelephone2":"0791004331","AccessComments":"الصحراوي _ معان","DistanceUnit":0},"OperatorID":1,"DataProviderID":1,"UsageTypeID":6,"StatusTypeID":50,"Connections":[{"ID":504504,"ConnectionTypeID":33,"StatusTypeID":50,"CurrentTypeID":30,"Quantity":2},{"ID":504505,"ConnectionTypeID":2,"StatusTypeID":50,"CurrentTypeID":30,"Quantity":2}]},{"ID":207281,"UUID":"881DFA56-367B-4FF4-B196-DDFB4A614610","NumberOfPoints":1,"UsageCost":"1","AddressInfo":{"ID":207661,"Title":"Ahl Hussein youth city club","AddressLine1":"Al Shaheed Street","AddressLine2":"Club entrance","Town":"Amman","StateOrProvince":"Amman","Postcode":"11180","CountryID":116,"Latitude":31.986788284867387,"Longitude":35.90020299002276,"DistanceUnit":0},"OperatorID":3457,"DataProviderID":1,"UsageTypeID":4,"StatusTypeID":50,"Connections":[{"ID":345113,"ConnectionTypeID":1,"StatusTypeID":50,"Amps":30,"Quantity":1}]},{"ID":203495,"UUID":"9262132B-984F-486F-9781-83CB19DA4841","NumberOfPoints":1,"UsageCost":"2","AddressInfo":{"ID":203862,"Title":"محطة الحق جوبترول","AddressLine1":"Desert Highway","Town":"Awhaydah","StateOrProvince":"Ma’an","CountryID":116,"Latitude":30.06252178325643,"Longitude":35.48904090635892,"DistanceUnit":0},"OperatorID":3458,"DataProviderID":1,"UsageTypeID":1,"StatusTypeID":50,"Connections":[{"ID":339993,"ConnectionTypeID":1040,"StatusTypeID":50,"LevelID":3,"PowerKW":22,"CurrentTypeID":30,"Quantity":1}]},{"ID":203494,"UUID":"D0F1E06A-8D1B-4188-9CC1-B5EC9144FA34","NumberOfPoints":1,"UsageCost":"2","AddressInfo":{"ID":203861,"Title":"استراحة أعمدة القدس","AddressLine1":"Desert Highway","StateOrProvince":"Tafilah","CountryID":116,"Latitude":30.79618911824919,"Longitude":35.96023132969003,"DistanceUnit":0},"DataProviderID":1,"UsageTypeID":1,"StatusTypeID":50,"Connections":[{"ID":339992,"ConnectionTypeID":1040,"StatusTypeID":50,"LevelID":3,"PowerKW":22,"CurrentTypeID":30,"Quantity":1,"Comments":"GB/T for Chinese cars"}]},{"ID":190402,"UUID":"02CEAB6F-269E-45E7-9047-C5C517AF33F0","NumberOfPoints":2,"UsageCost":"2 JDs","AddressInfo":{"ID":190761,"Title":"City mall Tesla destination charger","AddressLine1":"city mall","Town":"Al-Jami'ah Sub-District","StateOrProvince":"Al-Jami'ah Sub-District","Postcode":"234532","CountryID":116,"Latitude":31.979626241223485,"Longitude":35.83664729441898,"AccessComments":"Through vallet","DistanceUnit":0},"OperatorID":1,"DataProviderID":1,"UsageTypeID":5,"StatusTypeID":50,"Connections":[{"ID":308667,"ConnectionTypeID":1036,"StatusTypeID":50,"Amps":32,"CurrentTypeID":20,"Quantity":1},{"ID":308668,"ConnectionTypeID":30,"StatusTypeID":50,"Amps":32,"CurrentTypeID":20,"Quantity":2}]},{"ID":189943,"UUID":"733B23FF-98C4-4679-90DE-CAB23E6F216B","NumberOfPoints":2,"UsageCost":"1.5","AddressInfo":{"ID":190302,"Title":"JoPetrol Misdar Station","AddressLine1":"Prince Al Hasan Street","AddressLine2":"منطقة المدينة","Town":"Amman","StateOrProvince":"Amman Sub-District","Postcode":"11152","CountryID":116,"Latitude":31.93298317563577,"Longitude":35.93317895368489,"DistanceUnit":0},"OperatorID":3458,"DataProviderID":1,"UsageTypeID":5,"StatusTypeID":50,"Connections":[{"ID":307600,"ConnectionTypeID":2,"StatusTypeID":50,"LevelID":3,"PowerKW":50,"CurrentTypeID":30,"Quantity":1},{"ID":307601,"ConnectionTypeID":33,"StatusTypeID":50,"LevelID":2,"PowerKW":50},{"ID":307602,"ConnectionTypeID":1036,"StatusTypeID":50,"LevelID":2,"PowerKW":22,"CurrentTypeID":20,"Quantity":1}]},{"ID":189942,"UUID":"9138656A-D5D9-4D9D-9258-F125945D4727","NumberOfPoints":3,"UsageCost":"1.5","AddressInfo":{"ID":190301,"Title":"JoPetrol Salah Hunaity","AddressLine1":"65;40","Town":"Shoonah Janoobiyah Sub-District","StateOrProvince":"Shoonah Janoobiyah Sub-District","CountryID":116,"Latitude":31.816154864684876,"Longitude":35.637221374726664,"DistanceUnit":0},"OperatorID":3458,"DataProviderID":1,"UsageTypeID":5,"StatusTypeID":50,"Connections":[{"ID":307595,"ConnectionTypeID":2,"StatusTypeID":50,"LevelID":3,"Amps":0,"PowerKW":50,"CurrentTypeID":30,"Quantity":1},{"ID":307596,"ConnectionTypeID":33,"StatusTypeID":50,"LevelID":3,"PowerKW":50,"CurrentTypeID":30,"Quantity":1}]},{"ID":188402,"UUID":"BA428324-5462-4165-B4AE-71B98DC00E7C","NumberOfPoints":3,"UsageCost":"1.5","AddressInfo":{"ID":188761,"Title":"JoPetrol Armouti EV charging station ","AddressLine1":"Prince Hashem Bin Al-Hussein Street","AddressLine2":"المدخل الخلفي للكازية","Town":"Amman","StateOrProvince":"Amman","Postcode":"11181","CountryID":116,"Latitude":31.91770680242223,"Longitude":35.90255686324508,"DistanceUnit":0},"OperatorID":3458,"DataProviderID":1,"UsageTypeID":5,"StatusTypeID":50,"Connections":[{"ID":304195,"ConnectionTypeID":2,"StatusTypeID":50,"LevelID":3,"Amps":0,"PowerKW":50,"CurrentTypeID":30,"Quantity":1},{"ID":304196,"ConnectionTypeID":33,"StatusTypeID":100,"LevelID":3,"PowerKW":50,"CurrentTypeID":30,"Quantity":1},{"ID":307723,"ConnectionTypeID":1036,"StatusTypeID":100,"LevelID":2,"PowerKW":22,"CurrentTypeID":20,"Quantity":1}],"MediaItems":[{"ID":30135,"ChargePointID":188402,"ItemURL":"https://media.openchargemap.io/images/JO/OCM188402/OCM-188402.orig.2021122705074708.jpg","ItemThumbnailURL":"https://media.openchargemap.io/images/JO/OCM188402/OCM-188402.thmb.2021122705074708.jpg","Comment":"","IsEnabled":true,"IsVideo":false,"IsFeaturedItem":false,"IsExternalResource":false,"User":{"ID":23314,"Username":"amralomari"},"DateCreated":"2021-12-27T05:08:00Z"}]},{"ID":188329,"UUID":"DBFFB9A7-7065-4C52-90FD-71BA8D95377E","NumberOfPoints":1,"UsageCost":"1","AddressInfo":{"ID":188688,"Title":"ION Amman Station","AddressLine1":"Za'Al Abu Tayeh Street","Town":"Amman","StateOrProvince":"Amman","Postcode":"11195","CountryID":116,"Latitude":31.977235619659552,"Longitude":35.85405901299464,"AccessComments":"Need to download ion app","RelatedURL":"https://www.ion.jo/","DistanceUnit":0},"OperatorID":3457,"DataProviderID":1,"UsageTypeID":4,"StatusTypeID":50,"Connections":[{"ID":304040,"ConnectionTypeID":1,"Reference":"https://www.ion.jo/","StatusTypeID":50,"Amps":32,"CurrentTypeID":10,"Quantity":1,"Comments":"Need to download ion app"}]},{"ID":188328,"UUID":"07A54060-06ED-4649-9D90-C2645F344616","NumberOfPoints":1,"UsageCost":"1","AddressInfo":{"ID":188687,"Title":"ION Zarqa station","AddressLine1":"Sukhneh Road","Town":"Zarqa","StateOrProvince":"Zarqa","Postcode":"","CountryID":116,"Latitude":32.08822013671316,"Longitude":36.066144974207305,"AccessComments":"Need to download ion app","RelatedURL":"https://www.ion.jo/","DistanceUnit":0},"OperatorID":3457,"DataProviderID":1,"UsageTypeID":4,"StatusTypeID":50,"Connections":[{"ID":304039,"ConnectionTypeID":1,"StatusTypeID":50,"Amps":32,"CurrentTypeID":10,"Quantity":1}]},{"ID":188327,"UUID":"825CD6B0-C24A-4C9D-B895-EA4050C4DA54","NumberOfPoints":1,"UsageCost":"1","AddressInfo":{"ID":188686,"Title":"ION Mafraq station","AddressLine1":"15","Town":"Thughrat al Jubb","StateOrProvince":"Mafraq","Postcode":"","CountryID":116,"Latitude":32.28844808986682,"Longitude":36.23202912889337,"AccessComments":"Need to download ion app","RelatedURL":"https://www.ion.jo/","DistanceUnit":0},"OperatorID":3457,"DataProviderID":1,"UsageTypeID":5,"StatusTypeID":50,"Connections":[{"ID":304038,"ConnectionTypeID":1,"StatusTypeID":50,"Amps":32,"CurrentTypeID":10,"Quantity":1}]},{"ID":188326,"UUID":"E6B9694E-D258-4397-9BD8-98C59A951C5D","NumberOfPoints":4,"UsageCost":"1","AddressInfo":{"ID":188685,"Title":"ION Gravity coffee house station","AddressLine1":"King Abdullah Bin Al-Hussein II","Town":"Al Mastaba","StateOrProvince":"Jerash","Postcode":"","CountryID":116,"Latitude":32.17905694247136,"Longitude":35.85296950097984,"AccessComments":"Need to download ion app","RelatedURL":"https://www.ion.jo/","DistanceUnit":0},"OperatorID":3457,"DataProviderID":1,"UsageTypeID":5,"StatusTypeID":50,"Connections":[{"ID":304037,"ConnectionTypeID":1,"StatusTypeID":50,"Amps":32,"CurrentTypeID":10,"Quantity":4}]},{"ID":188325,"UUID":"11C03B2A-4950-48D5-9147-5435C6260C45","NumberOfPoints":3,"UsageCost":"Payment","AddressInfo":{"ID":188684,"Title":"JoPetrol 911 ","AddressLine1":"Petra Steert","Town":"Irbid","StateOrProvince":"Irbid","Postcode":"","CountryID":116,"Latitude":32.500787505663666,"Longitude":35.975959572005536,"DistanceUnit":0},"OperatorID":3458,"DataProviderID":1,"UsageTypeID":5,"StatusTypeID":50,"Connections":[{"ID":304035,"ConnectionTypeID":2,"StatusTypeID":50,"LevelID":3,"Amps":66,"Voltage":410,"PowerKW":50,"CurrentTypeID":30,"Quantity":2},{"ID":304036,"ConnectionTypeID":33,"StatusTypeID":50,"LevelID":3,"Amps":120,"PowerKW":50,"CurrentTypeID":30,"Quantity":2}],"MediaItems":[{"ID":28703,"ChargePointID":188325,"ItemURL":"https://media.openchargemap.io/images/JO/OCM188325/OCM-188325.orig.2021072018253603.jpg","ItemThumbnailURL":"https://media.openchargemap.io/images/JO/OCM188325/OCM-188325.thmb.2021072018253603.jpg","Comment":"","IsEnabled":true,"IsVideo":false,"IsFeaturedItem":false,"IsExternalResource":false,"User":{"ID":23314,"Username":"amralomari"},"DateCreated":"2021-07-20T18:26:00Z"},{"ID":28702,"ChargePointID":188325,"ItemURL":"https://media.openchargemap.io/images/JO/OCM188325/OCM-188325.orig.2021072018220687.jpg","ItemThumbnailURL":"https://media.openchargemap.io/images/JO/OCM188325/OCM-188325.thmb.2021072018220687.jpg","Comment":"","IsEnabled":true,"IsVideo":false,"IsFeaturedItem":false,"IsExternalResource":false,"User":{"ID":23314,"Username":"amralomari"},"DateCreated":"2021-07-20T18:22:00Z"}]},{"ID":188324,"UUID":"FD8E3A93-AC6C-436F-9B7B-C3D83DFBA966","NumberOfPoints":1,"UsageCost":"1,5","AddressInfo":{"ID":188683,"Title":"Total Niveen station","AddressLine1":"Petra st.","Town":"Irbid","StateOrProvince":"Irbid","Postcode":"","CountryID":116,"Latitude":32.5260861036535,"Longitude":35.89691376406756,"DistanceUnit":0},"OperatorID":3456,"DataProviderID":1,"UsageTypeID":5,"StatusTypeID":50,"Connections":[{"ID":304033,"ConnectionTypeID":2,"StatusTypeID":50,"LevelID":3,"PowerKW":50,"CurrentTypeID":30},{"ID":304034,"ConnectionTypeID":33,"StatusTypeID":50,"LevelID":3,"PowerKW":50,"CurrentTypeID":30}]},{"ID":188323,"UUID":"7B5FFA88-A883-4573-B45C-A0F19C1E1722","NumberOfPoints":1,"UsageCost":"1,5","AddressInfo":{"ID":188682,"Title":"Manaseer Jurd Daraweesh Station","AddressLine1":"Desert Highway","Town":"Jurf Daraweesh","StateOrProvince":"Tafilah","Postcode":"","CountryID":116,"Latitude":30.70642924752171,"Longitude":35.88761272934687,"DistanceUnit":0},"OperatorID":3456,"DataProviderID":1,"UsageTypeID":5,"StatusTypeID":50,"Connections":[{"ID":304031,"ConnectionTypeID":2,"StatusTypeID":50,"LevelID":3,"PowerKW":50,"CurrentTypeID":30},{"ID":304032,"ConnectionTypeID":33,"StatusTypeID":50,"LevelID":3,"PowerKW":50,"CurrentTypeID":30}]},{"ID":188322,"UUID":"E56EF7A1-22B7-44F5-8C09-E7A668F2FE01","NumberOfPoints":3,"UsageCost":"1,5","AddressInfo":{"ID":188681,"Title":"Manaseer Karak - Mutah Station","AddressLine1":"","Town":"Muta","StateOrProvince":"Karak","Postcode":"","CountryID":116,"Latitude":31.12686303990587,"Longitude":35.71743642610602,"DistanceUnit":0},"OperatorID":3456,"DataProviderID":1,"UsageTypeID":5,"StatusTypeID":50,"Connections":[{"ID":304029,"ConnectionTypeID":2,"StatusTypeID":50,"LevelID":3,"PowerKW":50,"CurrentTypeID":30},{"ID":304030,"ConnectionTypeID":33,"StatusTypeID":50,"LevelID":3,"PowerKW":50,"CurrentTypeID":30}]},{"ID":188321,"UUID":"09824FA4-26CC-4204-A7E4-E4AEE8A42AE6","NumberOfPoints":3,"UsageCost":"1,5","AddressInfo":{"ID":188680,"Title":"Manseer Zarqa / Khaw station","AddressLine1":"Mekkah 36th Street","Town":"Zarqa","StateOrProvince":"Zarqa","Postcode":"","CountryID":116,"Latitude":32.088416251568574,"Longitude":36.11132098623273,"DistanceUnit":0},"OperatorID":3456,"DataProviderID":1,"UsageTypeID":5,"StatusTypeID":50,"Connections":[{"ID":304027,"ConnectionTypeID":2,"StatusTypeID":50,"LevelID":3,"PowerKW":50,"CurrentTypeID":30},{"ID":304028,"ConnectionTypeID":33,"StatusTypeID":50,"LevelID":3,"PowerKW":50,"CurrentTypeID":30}]},{"ID":188320,"UUID":"3D0A0740-1271-4E64-A4D3-7E808EE98F93","NumberOfPoints":4,"UsageCost":"1,5","AddressInfo":{"ID":188679,"Title":"Al Hurriyah Street","AddressLine1":"Al Hurriyah Street","Town":"Amman","StateOrProvince":"Amman","Postcode":"11195","CountryID":116,"Latitude":31.925029508737907,"Longitude":35.8691731201269,"DistanceUnit":0},"OperatorID":3456,"DataProviderID":1,"UsageTypeID":5,"StatusTypeID":50,"Connections":[{"ID":304025,"ConnectionTypeID":2,"StatusTypeID":50,"LevelID":3,"PowerKW":50,"CurrentTypeID":30,"Quantity":2},{"ID":304026,"ConnectionTypeID":33,"StatusTypeID":50,"LevelID":3,"PowerKW":50,"CurrentTypeID":30,"Quantity":2}],"MediaItems":[{"ID":28852,"ChargePointID":188320,"ItemURL":"https://media.openchargemap.io/images/JO/OCM188320/OCM-188320.orig.2021073102404423.jpg","ItemThumbnailURL":"https://media.openchargemap.io/images/JO/OCM188320/OCM-188320.thmb.2021073102404423.jpg","Comment":"","IsEnabled":true,"IsVideo":false,"IsFeaturedItem":false,"IsExternalResource":false,"User":{"ID":23314,"Username":"amralomari"},"DateCreated":"2021-07-31T02:41:00Z"},{"ID":28851,"ChargePointID":188320,"ItemURL":"https://media.openchargemap.io/images/JO/OCM188320/OCM-188320.orig.2021073102402080.jpg","ItemThumbnailURL":"https://media.openchargemap.io/images/JO/OCM188320/OCM-188320.thmb.2021073102402080.jpg","Comment":"2 charging stations available ","IsEnabled":true,"IsVideo":false,"IsFeaturedItem":false,"IsExternalResource":false,"User":{"ID":23314,"Username":"amralomari"},"DateCreated":"2021-07-31T02:40:00Z"}]},{"ID":188319,"UUID":"6C8D1EC1-1BBC-4764-9CF9-4CC1E1AA3C25","NumberOfPoints":3,"UsageCost":"1,5","AddressInfo":{"ID":188678,"Title":"Manaseer Bayader Wadi-Seer station","AddressLine1":"Al-Sina'a Street","Town":"Amman","StateOrProvince":"Amman","Postcode":"11195","CountryID":116,"Latitude":31.945967094735835,"Longitude":35.844438914064085,"DistanceUnit":0},"OperatorID":3456,"DataProviderID":1,"UsageTypeID":5,"StatusTypeID":50,"Connections":[{"ID":304023,"ConnectionTypeID":2,"StatusTypeID":50,"LevelID":3,"PowerKW":50,"CurrentTypeID":30},{"ID":304024,"ConnectionTypeID":33,"StatusTypeID":50,"LevelID":3,"PowerKW":50,"CurrentTypeID":30}]},{"ID":188318,"UUID":"1864F9FA-93E5-4A27-91AB-C31EBFB316F3","NumberOfPoints":3,"UsageCost":"1,5","AddressInfo":{"ID":188677,"Title":"Manaseer Qatranah 2 station","AddressLine1":"Queen Alia Airport Road","Town":"Qatranah","CountryID":116,"Latitude":31.279878150999266,"Longitude":36.054573633350515,"DistanceUnit":0},"OperatorID":3456,"DataProviderID":1,"UsageTypeID":5,"StatusTypeID":50,"Connections":[{"ID":304021,"ConnectionTypeID":2,"StatusTypeID":50,"LevelID":3,"PowerKW":50,"CurrentTypeID":30},{"ID":304022,"ConnectionTypeID":33,"StatusTypeID":50,"LevelID":3,"PowerKW":50,"CurrentTypeID":30},{"ID":307712,"ConnectionTypeID":1036,"StatusTypeID":50,"LevelID":2,"PowerKW":22,"CurrentTypeID":20,"Quantity":1}]},{"ID":188317,"UUID":"F7037CE4-D75B-4599-A39F-892331E8D9BD","NumberOfPoints":3,"UsageCost":"1,5","AddressInfo":{"ID":188676,"Title":"Manaseer Dead Sea station","AddressLine1":"40","Town":"Ash Shaghur","StateOrProvince":"Balqa","CountryID":116,"Latitude":31.81975513020761,"Longitude":35.67319191186709,"DistanceUnit":0},"OperatorID":3456,"DataProviderID":1,"UsageTypeID":5,"StatusTypeID":50,"Connections":[{"ID":304019,"ConnectionTypeID":2,"StatusTypeID":50,"LevelID":3,"PowerKW":50,"CurrentTypeID":30},{"ID":304020,"ConnectionTypeID":33,"StatusTypeID":50,"LevelID":3,"PowerKW":50,"CurrentTypeID":30},{"ID":307727,"ConnectionTypeID":1036,"StatusTypeID":50,"LevelID":2,"PowerKW":22,"CurrentTypeID":20,"Quantity":1}]},{"ID":188316,"UUID":"2BBA0C0F-DEFC-4709-94EC-301CE084F42F","NumberOfPoints":3,"UsageCost":"1,5","AddressInfo":{"ID":188675,"Title":"Manaseer Yaduda 2","AddressLine1":"Madaba St.","Town":"Al Yaduda","StateOrProvince":"Amman","CountryID":116,"Latitude":31.86251889829903,"Longitude":35.92702793288004,"DistanceUnit":0},"OperatorID":3456,"DataProviderID":1,"UsageTypeID":5,"StatusTypeID":50,"Connections":[{"ID":304017,"ConnectionTypeID":2,"StatusTypeID":50,"LevelID":3,"PowerKW":50,"CurrentTypeID":30},{"ID":304018,"ConnectionTypeID":33,"StatusTypeID":50,"LevelID":3,"PowerKW":50,"CurrentTypeID":30},{"ID":307719,"ConnectionTypeID":1036,"StatusTypeID":50,"LevelID":2,"PowerKW":22,"CurrentTypeID":20,"Quantity":1}]},{"ID":188315,"UUID":"7A16FAE2-01AF-40F0-A587-49FB559B9737","NumberOfPoints":3,"UsageCost":"1,5","AddressInfo":{"ID":188674,"Title":"Manaseer Al Hezam 3 station","AddressLine1":"Al Hezam Al Daeri Road","Town":"Amman","StateOrProvince":"Amman","CountryID":116,"Latitude":31.967689984346322,"Longitude":35.99726047509273,"DistanceUnit":0},"OperatorID":3456,"DataProviderID":1,"UsageTypeID":5,"StatusTypeID":50,"Connections":[{"ID":304015,"ConnectionTypeID":2,"StatusTypeID":50,"LevelID":3,"PowerKW":50,"CurrentTypeID":30},{"ID":304016,"ConnectionTypeID":33,"StatusTypeID":50,"LevelID":3,"PowerKW":50,"CurrentTypeID":30},{"ID":307718,"ConnectionTypeID":1036,"StatusTypeID":50,"LevelID":2,"PowerKW":22,"CurrentTypeID":20,"Quantity":1}]},{"ID":188313,"UUID":"1A0037F4-7967-49DF-A44D-E0FE8EE4A205","NumberOfPoints":3,"UsageCost":"1,5","AddressInfo":{"ID":188672,"Title":"Manaseer Al-Quds Arabiya Station","AddressLine1":"Al-Quds Street","AddressLine2":"منطقة المقابلين","Town":"Amman","StateOrProvince":"Amman","Postcode":"11732","CountryID":116,"Latitude":31.911212584552956,"Longitude":35.89668989142626,"DistanceUnit":0},"OperatorID":3456,"DataProviderID":1,"UsageTypeID":5,"StatusTypeID":50,"Connections":[{"ID":304011,"ConnectionTypeID":2,"StatusTypeID":50,"LevelID":3,"PowerKW":50,"CurrentTypeID":30,"Quantity":1},{"ID":304012,"ConnectionTypeID":33,"StatusTypeID":50,"LevelID":3,"PowerKW":50,"CurrentTypeID":30,"Quantity":1},{"ID":307724,"ConnectionTypeID":1036,"StatusTypeID":50,"LevelID":2,"PowerKW":34,"CurrentTypeID":20,"Quantity":1}],"MediaItems":[{"ID":31709,"ChargePointID":188313,"ItemURL":"https://media.openchargemap.io/images/JO/OCM188313/OCM-188313.orig.2022051605065602.jpg","ItemThumbnailURL":"https://media.openchargemap.io/images/JO/OCM188313/OCM-188313.thmb.2022051605065602.jpg","Comment":"","IsEnabled":true,"IsVideo":false,"IsFeaturedItem":false,"IsExternalResource":false,"User":{"ID":23314,"Username":"amralomari"},"DateCreated":"2022-05-16T05:07:00Z"}]},{"ID":188277,"UUID":"7085A33E-EBC6-4C5E-A473-E070729CFF30","NumberOfPoints":3,"UsageCost":"1,5","AddressInfo":{"ID":188636,"Title":"Manaseer Marka Balad Station","AddressLine1":"King Abdullah I Street","Town":"Amman","StateOrProvince":"Amman","CountryID":116,"Latitude":31.98777933878415,"Longitude":35.999555684830284,"DistanceUnit":0},"OperatorID":3456,"DataProviderID":1,"UsageTypeID":5,"StatusTypeID":50,"Connections":[{"ID":303934,"ConnectionTypeID":2,"StatusTypeID":50,"LevelID":3,"PowerKW":50,"CurrentTypeID":30},{"ID":303935,"ConnectionTypeID":33,"StatusTypeID":50,"LevelID":3,"PowerKW":50,"CurrentTypeID":30},{"ID":307717,"ConnectionTypeID":1036,"StatusTypeID":50,"LevelID":2,"PowerKW":22,"CurrentTypeID":20,"Quantity":1}]},{"ID":188276,"UUID":"11846F13-8FA4-49A0-B069-349FD1B8762B","NumberOfPoints":3,"UsageCost":"1,5","AddressInfo":{"ID":188635,"Title":"Manaseer Wadi Saqra Station","AddressLine1":"Arar Street","AddressLine2":"منطقة زهران","Town":"Amman","StateOrProvince":"Amman","Postcode":"11185","CountryID":116,"Latitude":31.96407963963651,"Longitude":35.888614932086284,"DistanceUnit":0},"OperatorID":3456,"DataProviderID":1,"UsageTypeID":5,"StatusTypeID":50,"Connections":[{"ID":303932,"ConnectionTypeID":2,"StatusTypeID":50,"LevelID":3,"PowerKW":50,"CurrentTypeID":30},{"ID":303933,"ConnectionTypeID":33,"StatusTypeID":50,"LevelID":3,"PowerKW":50,"CurrentTypeID":30},{"ID":307478,"ConnectionTypeID":1036,"StatusTypeID":50,"LevelID":2,"PowerKW":22,"CurrentTypeID":20,"Quantity":1}],"MediaItems":[{"ID":29764,"ChargePointID":188276,"ItemURL":"https://media.openchargemap.io/images/JO/OCM188276/OCM-188276.orig.2021110920275670.jpg","ItemThumbnailURL":"https://media.openchargemap.io/images/JO/OCM188276/OCM-188276.thmb.2021110920275670.jpg","Comment":"","IsEnabled":true,"IsVideo":false,"IsFeaturedItem":false,"IsExternalResource":false,"User":{"ID":23314,"Username":"amralomari"},"DateCreated":"2021-11-09T20:28:00Z"}]},{"ID":188275,"UUID":"F58DFDF3-06F1-4B2B-B9B8-0F6AF575DC14","NumberOfPoints":3,"UsageCost":"1,5","AddressInfo":{"ID":188634,"Title":"Manaseer Markaz Thaqafi Station","AddressLine1":"Queen Alia Street","Town":"Amman","StateOrProvince":"Amman","Postcode":"11094","CountryID":116,"Latitude":31.9777418696887,"Longitude":35.90321658324751,"DistanceUnit":0},"OperatorID":3456,"DataProviderID":1,"UsageTypeID":5,"StatusTypeID":50,"Connections":[{"ID":303930,"ConnectionTypeID":2,"StatusTypeID":50,"LevelID":3,"PowerKW":50,"CurrentTypeID":30},{"ID":303931,"ConnectionTypeID":33,"StatusTypeID":50,"LevelID":3,"PowerKW":50,"CurrentTypeID":30},{"ID":307721,"ConnectionTypeID":1036,"StatusTypeID":50,"LevelID":2,"PowerKW":22,"CurrentTypeID":20,"Quantity":1}]},{"ID":188274,"UUID":"D1167C7F-F2BF-4A23-9158-5CE8BFDBC0ED","NumberOfPoints":3,"UsageCost":"1,5","AddressInfo":{"ID":188633,"Title":"Manaseer Saru 1 Station","AddressLine1":"Al-Salt Street","StateOrProvince":"Balqa","Postcode":"19152","CountryID":116,"Latitude":32.038929947793335,"Longitude":35.78931460932745,"DistanceUnit":0},"OperatorID":3456,"DataProviderID":1,"UsageTypeID":5,"StatusTypeID":50,"Connections":[{"ID":303928,"ConnectionTypeID":2,"StatusTypeID":50,"LevelID":3,"PowerKW":50,"CurrentTypeID":30},{"ID":303929,"ConnectionTypeID":33,"StatusTypeID":50,"LevelID":3,"PowerKW":50,"CurrentTypeID":30},{"ID":307726,"ConnectionTypeID":1036,"StatusTypeID":50,"LevelID":2,"PowerKW":22,"CurrentTypeID":20,"Quantity":1}]},{"ID":188273,"UUID":"32EEFE95-C678-4D5D-B18E-C48C13A51736","NumberOfPoints":3,"UsageCost":"1,5","AddressInfo":{"ID":188632,"Title":"Manaseer Saru 2 Station","AddressLine1":"Al-Salt Street","StateOrProvince":"Balqa","Postcode":"19152","CountryID":116,"Latitude":32.04223252531422,"Longitude":35.78107040340558,"DistanceUnit":0},"OperatorID":3456,"DataProviderID":1,"UsageTypeID":5,"StatusTypeID":50,"Connections":[{"ID":303926,"ConnectionTypeID":2,"StatusTypeID":50,"LevelID":3,"PowerKW":50,"CurrentTypeID":30},{"ID":303927,"ConnectionTypeID":33,"StatusTypeID":50,"LevelID":3,"PowerKW":50,"CurrentTypeID":30}]},{"ID":188272,"UUID":"F30FF07E-BDB6-407A-9FC5-0EB7B0C50E2D","NumberOfPoints":3,"UsageCost":"1,5","AddressInfo":{"ID":188631,"Title":"Manaseer Baqa'a Station","AddressLine1":"King Abdullah Bin Al-Hussein II Street","Town":"Al Mudeware","StateOrProvince":"Balqa","CountryID":116,"Latitude":32.09234197652485,"Longitude":35.843966206399045,"DistanceUnit":0},"OperatorID":3456,"DataProviderID":1,"UsageTypeID":5,"StatusTypeID":50,"Connections":[{"ID":303924,"ConnectionTypeID":2,"StatusTypeID":50,"LevelID":3,"PowerKW":50,"CurrentTypeID":30},{"ID":303925,"ConnectionTypeID":33,"StatusTypeID":50,"LevelID":3,"PowerKW":50,"CurrentTypeID":30},{"ID":307728,"ConnectionTypeID":1036,"StatusTypeID":50,"LevelID":2,"PowerKW":22,"CurrentTypeID":20,"Quantity":1}],"MediaItems":[{"ID":29768,"ChargePointID":188272,"ItemURL":"https://media.openchargemap.io/images/JO/OCM188272/OCM-188272.orig.2021111018195353.jpg","ItemThumbnailURL":"https://media.openchargemap.io/images/JO/OCM188272/OCM-188272.thmb.2021111018195353.jpg","Comment":"","IsEnabled":true,"IsVideo":false,"IsFeaturedItem":false,"IsExternalResource":false,"User":{"ID":23314,"Username":"amralomari"},"DateCreated":"2021-11-10T18:20:00Z"}]},{"ID":188271,"UUID":"396F5642-D593-49F8-A8F9-CF9449FDE1C8","NumberOfPoints":3,"UsageCost":"1,5","AddressInfo":{"ID":188630,"Title":"Manaseer Ramtha station","AddressLine1":"Jordan Street","StateOrProvince":"Irbid","Postcode":"21410","CountryID":116,"Latitude":32.52993899362039,"Longitude":36.000555911904144,"DistanceUnit":0},"OperatorID":3456,"DataProviderID":1,"UsageTypeID":5,"StatusTypeID":50,"Connections":[{"ID":303922,"ConnectionTypeID":2,"StatusTypeID":50,"LevelID":3,"PowerKW":50,"CurrentTypeID":30},{"ID":303923,"ConnectionTypeID":33,"StatusTypeID":50,"LevelID":3,"PowerKW":50,"CurrentTypeID":30}]},{"ID":188270,"UUID":"24378C70-59ED-4AFB-9E0C-075F6FA6B87B","NumberOfPoints":3,"UsageCost":"1,5","AddressInfo":{"ID":188629,"Title":"Manaseer Irbid Station","AddressLine1":"Rateb Albatanyah","Town":"Irbid","StateOrProvince":"Irbid","Postcode":"21110","CountryID":116,"Latitude":32.54395647980475,"Longitude":35.858839406006155,"DistanceUnit":0},"OperatorID":3456,"DataProviderID":1,"UsageTypeID":5,"StatusTypeID":50,"Connections":[{"ID":303920,"ConnectionTypeID":2,"StatusTypeID":50,"LevelID":3,"PowerKW":50,"CurrentTypeID":30},{"ID":303921,"ConnectionTypeID":33,"StatusTypeID":50,"CurrentTypeID":30}]},{"ID":188269,"UUID":"CACA194D-6611-4B9F-A216-21F952D58D97","NumberOfPoints":3,"UsageCost":"1,5","AddressInfo":{"ID":188628,"Title":"Manaseer Husun 2 Station","AddressLine1":"King Abdullah II Eben Al Hussein","StateOrProvince":"Irbid","Postcode":"21110","CountryID":116,"Latitude":32.50229320659926,"Longitude":35.876958533548304,"DistanceUnit":0},"OperatorID":3456,"DataProviderID":1,"UsageTypeID":5,"StatusTypeID":50,"Connections":[{"ID":303917,"ConnectionTypeID":2,"StatusTypeID":50,"LevelID":3,"PowerKW":50,"CurrentTypeID":30},{"ID":303918,"ConnectionTypeID":33,"StatusTypeID":50,"LevelID":3,"PowerKW":50,"CurrentTypeID":30},{"ID":303919,"ConnectionTypeID":1036,"StatusTypeID":50,"LevelID":2,"PowerKW":22,"CurrentTypeID":20,"Quantity":1}]},{"ID":188268,"UUID":"48ED5BB3-A7BA-4B9C-8BA8-762C63C268C3","NumberOfPoints":2,"UsageCost":"1.5","AddressInfo":{"ID":188627,"Title":"JoPetrol Aqaba Station","AddressLine1":"Jordan Valley Highway","Town":"Aqaba","StateOrProvince":"Aqaba","Postcode":"11171","CountryID":116,"Latitude":29.56431481465316,"Longitude":35.01985641130955,"DistanceUnit":0},"OperatorID":3458,"DataProviderID":1,"UsageTypeID":5,"StatusTypeID":50,"Connections":[{"ID":303915,"ConnectionTypeID":2,"StatusTypeID":50,"LevelID":3,"PowerKW":50,"CurrentTypeID":30},{"ID":303916,"ConnectionTypeID":33,"StatusTypeID":50},{"ID":307711,"ConnectionTypeID":1036,"StatusTypeID":50,"LevelID":2,"PowerKW":22,"CurrentTypeID":20,"Quantity":1}]},{"ID":188267,"UUID":"969768EE-3A85-4CA0-9899-1B2AF0B45DE6","NumberOfPoints":2,"UsageCost":"1.5","AddressInfo":{"ID":188626,"Title":"JoPetrol Zarqa Station","AddressLine1":"15","Town":"Zarqa","StateOrProvince":"Zarqa","Postcode":"13111","CountryID":116,"Latitude":32.04421007637677,"Longitude":36.11439716793825,"DistanceUnit":0},"OperatorID":3458,"DataProviderID":1,"UsageTypeID":5,"StatusTypeID":50,"Connections":[{"ID":303913,"ConnectionTypeID":2,"StatusTypeID":50,"LevelID":3,"PowerKW":50,"CurrentTypeID":30},{"ID":303914,"ConnectionTypeID":33,"StatusTypeID":50,"LevelID":3,"PowerKW":50,"CurrentTypeID":30}]},{"ID":188266,"UUID":"E4A45291-A93A-4177-B10C-0E4AD457192D","NumberOfPoints":2,"AddressInfo":{"ID":188625,"Title":"JoPetrol Salt station","AddressLine1":"Al-Salt Street","StateOrProvince":"Balqa","Postcode":"19152","CountryID":116,"Latitude":32.04425644898555,"Longitude":35.77626996836352,"DistanceUnit":0},"OperatorID":3458,"DataProviderID":1,"UsageTypeID":5,"StatusTypeID":50,"Connections":[{"ID":303911,"ConnectionTypeID":2,"StatusTypeID":50,"LevelID":3,"PowerKW":50,"CurrentTypeID":30},{"ID":303912,"ConnectionTypeID":33,"StatusTypeID":50,"LevelID":2,"PowerKW":50},{"ID":307725,"ConnectionTypeID":1036,"StatusTypeID":50,"LevelID":2,"PowerKW":22,"CurrentTypeID":20,"Quantity":1}]},{"ID":188265,"UUID":"1548F9C7-6485-472B-996D-D29BD80DD4FC","NumberOfPoints":2,"UsageCost":"1.5","AddressInfo":{"ID":188624,"Title":"JoPetrol Addustour station","AddressLine1":"Queen Rania Al-Abdullah Street","AddressLine2":"منطقة تلاع العلي","Town":"Amman","StateOrProvince":"Amman","Postcode":"23324","CountryID":116,"Latitude":31.999000756675855,"Longitude":35.87956439972254,"DistanceUnit":0},"OperatorID":3458,"DataProviderID":1,"UsageTypeID":5,"StatusTypeID":50,"Connections":[{"ID":303909,"ConnectionTypeID":2,"StatusTypeID":50,"LevelID":3,"PowerKW":50,"CurrentTypeID":30,"Quantity":1},{"ID":303910,"ConnectionTypeID":33,"StatusTypeID":100,"LevelID":2,"PowerKW":50},{"ID":307720,"ConnectionTypeID":1036,"StatusTypeID":50,"LevelID":2,"PowerKW":22,"CurrentTypeID":20,"Quantity":1,"Comments":"Plug not available "}],"MediaItems":[{"ID":30088,"ChargePointID":188265,"ItemURL":"https://media.openchargemap.io/images/JO/OCM188265/OCM-188265.orig.2021121814215048.jpg","ItemThumbnailURL":"https://media.openchargemap.io/images/JO/OCM188265/OCM-188265.thmb.2021121814215048.jpg","Comment":"","IsEnabled":true,"IsVideo":false,"IsFeaturedItem":false,"IsExternalResource":false,"User":{"ID":23314,"Username":"amralomari"},"DateCreated":"2021-12-18T14:22:00Z"}]},{"ID":188191,"UUID":"E7CED080-5D7B-4830-845E-94CF5FB6EC0C","NumberOfPoints":2,"UsageCost":"1.5","AddressInfo":{"ID":188550,"Title":"JoPetrol - Gulf Khalda EV Charger","AddressLine1":"Wasfi At-Tall Street","AddressLine2":"Amman","Town":"Amman","StateOrProvince":"Amman","CountryID":116,"Latitude":31.996846744248444,"Longitude":35.83782931905273,"DistanceUnit":0},"OperatorID":3458,"DataProviderID":1,"UsageTypeID":1,"StatusTypeID":50,"Connections":[{"ID":303738,"ConnectionTypeID":2,"StatusTypeID":50,"LevelID":1,"Voltage":0,"PowerKW":50,"CurrentTypeID":30,"Quantity":1,"Comments":"Chademo"},{"ID":303739,"ConnectionTypeID":1036,"StatusTypeID":50,"LevelID":3,"PowerKW":50,"CurrentTypeID":20,"Quantity":1}]},{"ID":188190,"UUID":"B0E720BE-5460-4C74-BFE9-7317F2B3A730","NumberOfPoints":2,"UsageCost":"1.5","AddressInfo":{"ID":188549,"Title":"JoPetrol Dakhelieh EV Charging","AddressLine1":"Queen Alia","AddressLine2":"Amman","Town":"Amman","StateOrProvince":"Amman","CountryID":116,"Latitude":31.974699742143912,"Longitude":35.90803663912766,"DistanceUnit":0},"OperatorID":1,"DataProviderID":1,"UsageTypeID":1,"StatusTypeID":50,"Connections":[{"ID":303736,"ConnectionTypeID":2,"StatusTypeID":50,"LevelID":3,"Amps":0,"PowerKW":50,"CurrentTypeID":30,"Quantity":1},{"ID":303737,"ConnectionTypeID":33,"StatusTypeID":50,"LevelID":3,"PowerKW":50,"CurrentTypeID":30,"Quantity":1},{"ID":307722,"ConnectionTypeID":1036,"StatusTypeID":50,"LevelID":2,"PowerKW":22,"CurrentTypeID":20,"Quantity":1}]},{"ID":148450,"UUID":"B5393FB9-99BA-4AD2-9744-5ADDF61AA146","NumberOfPoints":1,"AddressInfo":{"ID":148802,"Title":"Yajouz Street","AddressLine1":"Yajouz Street","Town":"Amman","StateOrProvince":"Amman","CountryID":116,"Latitude":32.02732348358761,"Longitude":35.896163305115806,"DistanceUnit":0},"OperatorID":1,"DataProviderID":1,"UsageTypeID":4,"StatusTypeID":50,"Connections":[{"ID":206088,"ConnectionTypeID":0,"StatusTypeID":50,"CurrentTypeID":20,"Quantity":1}]},{"ID":137621,"UUID":"60D3AB2D-E097-4083-AA17-9113F513F032","AddressInfo":{"ID":137967,"Title":"Nima Arabia Co. Ltd. – Show Room","AddressLine1":"Abu Alabbas Elkettani","Town":"Amman","Postcode":"11181","CountryID":116,"Latitude":31.986574,"Longitude":35.960562,"AccessComments":"24 hours daily","DistanceUnit":0},"OperatorID":1,"DataProviderID":1,"UsageTypeID":1,"StatusTypeID":50,"Connections":[{"ID":192568,"ConnectionTypeID":1,"LevelID":2,"Amps":16,"Voltage":230,"PowerKW":3,"CurrentTypeID":10,"Quantity":1}]},{"ID":114678,"UUID":"08C512AE-4315-4701-9814-12BC36588AA3","NumberOfPoints":1,"AddressInfo":{"ID":115024,"Title":"Smart Buy","AddressLine1":"6 Fahmi Hashem Street","Town":"Amman","StateOrProvince":"7th Circle","Postcode":"962","CountryID":116,"Latitude":31.951912,"Longitude":35.855571,"ContactTelephone1":"+962 6 580 9999","DistanceUnit":0},"OperatorID":23,"DataProviderID":1,"UsageTypeID":6,"StatusTypeID":50,"Connections":[{"ID":161398,"ConnectionTypeID":30,"StatusTypeID":50,"LevelID":2,"Amps":32,"Voltage":400,"PowerKW":22,"CurrentTypeID":20,"Quantity":1}]},{"ID":114673,"UUID":"29C95C6A-1998-4CB2-BCDF-8CAF891414A2","NumberOfPoints":1,"AddressInfo":{"ID":115019,"Title":"Dunes Club","AddressLine1":"Airport Road","Town":"Amman","StateOrProvince":"Airport","Postcode":"N/A","CountryID":116,"Latitude":31.852459,"Longitude":35.896699,"ContactTelephone1":"+962 6 412 6550","DistanceUnit":0},"OperatorID":23,"DataProviderID":1,"UsageTypeID":6,"StatusTypeID":50,"Connections":[{"ID":161393,"ConnectionTypeID":30,"StatusTypeID":50,"LevelID":2,"Amps":32,"Voltage":400,"PowerKW":22,"CurrentTypeID":20,"Quantity":1}]},{"ID":114672,"UUID":"06FF8CE1-01D7-48FF-8573-2705A7775186","NumberOfPoints":1,"AddressInfo":{"ID":115018,"Title":"Day By Day Cafe","AddressLine1":"PR. Bandar Street","Town":"Karak","StateOrProvince":"Karak","CountryID":116,"Latitude":31.173937,"Longitude":35.711063,"ContactTelephone1":"+962 77 733 4659","DistanceUnit":0},"OperatorID":23,"DataProviderID":1,"UsageTypeID":4,"StatusTypeID":50,"Connections":[{"ID":161392,"ConnectionTypeID":30,"StatusTypeID":50,"LevelID":2,"Amps":32,"Voltage":400,"PowerKW":22,"CurrentTypeID":20,"Quantity":1}]},{"ID":114666,"UUID":"F9850D42-AD0F-43E0-BD1E-09F91760F771","NumberOfPoints":1,"AddressInfo":{"ID":115012,"Title":"La Storia Tourism Complex","AddressLine1":"Nebo Street","Town":"Mount Nebo","StateOrProvince":"Madaba","Postcode":"17110","CountryID":116,"Latitude":31.767311,"Longitude":35.742147,"ContactTelephone1":"+962 5 324 1119","DistanceUnit":0},"OperatorID":23,"DataProviderID":1,"UsageTypeID":4,"StatusTypeID":50,"Connections":[{"ID":161386,"ConnectionTypeID":30,"StatusTypeID":50,"LevelID":2,"Amps":16,"Voltage":400,"PowerKW":11,"CurrentTypeID":20,"Quantity":1}]},{"ID":114662,"UUID":"24F97904-117D-49D0-A3BB-1E6E70054525","NumberOfPoints":1,"AddressInfo":{"ID":115008,"Title":"Romero Restaurant","AddressLine1":"3 Mohammad Hussein Haykal Street","Town":"Amman","StateOrProvince":"3rd Circle","Postcode":"11118","CountryID":116,"Latitude":31.952704,"Longitude":35.912359,"ContactTelephone1":"+962 6 464 4227","DistanceUnit":0},"OperatorID":23,"DataProviderID":1,"UsageTypeID":6,"StatusTypeID":50,"Connections":[{"ID":161382,"ConnectionTypeID":30,"StatusTypeID":50,"LevelID":2,"Amps":16,"Voltage":400,"PowerKW":11,"CurrentTypeID":20,"Quantity":1}]},{"ID":114107,"UUID":"E1899440-BD49-4615-B48B-BF0080FF454F","NumberOfPoints":1,"AddressInfo":{"ID":114453,"Title":"Sun City Camp","AddressLine1":"Ad Disah Road","Town":"Wadi Rum","Postcode":"71882","CountryID":116,"Latitude":29.656966,"Longitude":35.4796,"ContactTelephone1":" +962 79 200 3380","DistanceUnit":0},"OperatorID":23,"DataProviderID":1,"UsageTypeID":4,"StatusTypeID":50,"Connections":[{"ID":160677,"ConnectionTypeID":30,"StatusTypeID":50,"LevelID":2,"Amps":32,"Voltage":400,"PowerKW":22,"CurrentTypeID":20,"Quantity":1}]},{"ID":114104,"UUID":"65CC2B33-5AB1-47C7-AFD7-F328AB56A86D","NumberOfPoints":1,"AddressInfo":{"ID":114450,"Title":"Grand Hyatt Amman","AddressLine1":"Hussein Bin Ali Street","Town":"Amman","Postcode":"11118","CountryID":116,"Latitude":31.955856,"Longitude":35.909974,"ContactTelephone1":" +962 6 465 1234","DistanceUnit":0},"OperatorID":23,"DataProviderID":1,"UsageTypeID":4,"StatusTypeID":50,"Connections":[{"ID":160674,"ConnectionTypeID":30,"StatusTypeID":50,"LevelID":2,"Amps":16,"Voltage":400,"PowerKW":11,"CurrentTypeID":20,"Quantity":1}]},{"ID":113915,"UUID":"A4131326-910B-4B9B-95E9-883EB1427209","NumberOfPoints":1,"AddressInfo":{"ID":114261,"Title":"Fakhreldin Restaurant","AddressLine1":"Taha Hussein Stree","Town":"Amman","CountryID":116,"Latitude":31.951953,"Longitude":35.920235,"ContactTelephone1":" +962 6 465 2399","DistanceUnit":0},"OperatorID":23,"DataProviderID":1,"UsageTypeID":4,"StatusTypeID":50,"Connections":[{"ID":160485,"ConnectionTypeID":30,"StatusTypeID":50,"LevelID":2,"Amps":16,"Voltage":400,"PowerKW":11,"CurrentTypeID":20,"Quantity":1}]},{"ID":113884,"UUID":"95BB44F3-5C54-465B-8F1D-3DC1ED0A883B","NumberOfPoints":1,"AddressInfo":{"ID":114230,"Title":"American Products Center","AddressLine1":"Airport Road","Town":"Amman","Postcode":"N/A","CountryID":116,"Latitude":31.751603,"Longitude":35.939779,"ContactTelephone1":" +962 6 412 1200","DistanceUnit":0},"OperatorID":23,"DataProviderID":1,"UsageTypeID":4,"StatusTypeID":50,"Connections":[{"ID":160454,"ConnectionTypeID":30,"StatusTypeID":50,"LevelID":2,"Amps":32,"Voltage":400,"PowerKW":22,"CurrentTypeID":20,"Quantity":1}]},{"ID":103668,"UUID":"8677FD88-5420-46DF-AD3E-6A6B1FA06EF0","NumberOfPoints":1,"AddressInfo":{"ID":104014,"Title":"Intercontinental Amman","AddressLine1":"Islamic College Street","Town":"Amman","CountryID":116,"Latitude":31.953363,"Longitude":35.913405,"ContactTelephone1":"+962 6 464 1361","DistanceUnit":0},"OperatorID":23,"DataProviderID":1,"UsageTypeID":4,"StatusTypeID":50,"Connections":[{"ID":146338,"ConnectionTypeID":30,"StatusTypeID":50,"LevelID":2,"Amps":32,"Voltage":400,"PowerKW":22,"CurrentTypeID":20,"Quantity":1}]},{"ID":103653,"UUID":"1CBFC886-A40C-44E9-B83B-9D058C8F3B0E","NumberOfPoints":2,"AddressInfo":{"ID":103999,"Title":"Zahr W Raihan","AddressLine1":"Yathreb","Town":"Amman","CountryID":116,"Latitude":32.013398,"Longitude":35.833279,"ContactTelephone1":"+962 7 9210 0200","DistanceUnit":0},"OperatorID":23,"DataProviderID":1,"UsageTypeID":4,"StatusTypeID":50,"Connections":[{"ID":146323,"ConnectionTypeID":30,"StatusTypeID":50,"LevelID":2,"Amps":32,"Voltage":400,"PowerKW":22,"CurrentTypeID":20,"Quantity":2}]},{"ID":103644,"UUID":"725BBECE-70A0-4973-BBCF-C5304610CFC3","NumberOfPoints":1,"AddressInfo":{"ID":103990,"Title":"Petra Marriott Hotel","AddressLine1":"Queen Rania Al Abdallah Street","Town":"Wadi Musa","CountryID":116,"Latitude":30.304492,"Longitude":35.463703,"ContactTelephone1":"+962 3 215 6407","DistanceUnit":0},"OperatorID":23,"DataProviderID":1,"UsageTypeID":4,"StatusTypeID":50,"Connections":[{"ID":146314,"ConnectionTypeID":30,"StatusTypeID":50,"LevelID":2,"Amps":32,"Voltage":400,"PowerKW":22,"CurrentTypeID":20,"Quantity":1}]},{"ID":103565,"UUID":"275253B3-9DD8-46AB-B13E-FD78AA09BAE8","NumberOfPoints":1,"AddressInfo":{"ID":103911,"Title":"Spago Restaurant","AddressLine1":"Nouh Ar-Roumi St.","Town":"Amman","CountryID":116,"Latitude":31.956728,"Longitude":35.858984,"ContactTelephone1":"+962 7 9554 3777","DistanceUnit":0},"OperatorID":23,"DataProviderID":1,"UsageTypeID":4,"StatusTypeID":50,"Connections":[{"ID":146232,"ConnectionTypeID":30,"StatusTypeID":50,"LevelID":2,"Amps":32,"Voltage":400,"PowerKW":22,"CurrentTypeID":20,"Quantity":1}]},{"ID":103511,"UUID":"F3532D79-D9B4-4B0E-949D-006C5B3E924D","NumberOfPoints":2,"AddressInfo":{"ID":103857,"Title":"Tala Bay Resort","AddressLine1":"South Beach Coastal Road","Town":"Aqaba","CountryID":116,"Latitude":29.409229,"Longitude":34.979191,"ContactTelephone1":"+962 6 200 0091","DistanceUnit":0},"OperatorID":23,"DataProviderID":1,"UsageTypeID":4,"StatusTypeID":50,"Connections":[{"ID":146178,"ConnectionTypeID":30,"StatusTypeID":50,"LevelID":2,"Amps":32,"Voltage":400,"PowerKW":22,"CurrentTypeID":20,"Quantity":2}]},{"ID":103480,"UUID":"FA2E9B0F-DC91-463B-BBFB-97DAB4562765","NumberOfPoints":1,"AddressInfo":{"ID":103826,"Title":"Kempinski Hotel Aqaba Red Sea","AddressLine1":"K. Hussein St.","Town":"Aqaba","CountryID":116,"Latitude":29.532021,"Longitude":34.997382,"ContactTelephone1":"+962 3 209 0888","DistanceUnit":0},"OperatorID":23,"DataProviderID":1,"UsageTypeID":4,"StatusTypeID":50,"Connections":[{"ID":146147,"ConnectionTypeID":30,"StatusTypeID":50,"LevelID":2,"Amps":32,"Voltage":400,"PowerKW":22,"CurrentTypeID":20,"Quantity":1}]},{"ID":95252,"UUID":"305E0031-4D11-40BE-9E91-517A476D1D48","NumberOfPoints":2,"AddressInfo":{"ID":95598,"Title":"Mecca Mall","AddressLine1":"Abdullah Ad Dawud","Town":"Amman","CountryID":116,"Latitude":31.977694,"Longitude":35.843194,"ContactTelephone1":"+962 6 552 7948","DistanceUnit":0},"OperatorID":23,"DataProviderID":1,"UsageTypeID":4,"StatusTypeID":50,"Connections":[{"ID":134920,"ConnectionTypeID":1036,"StatusTypeID":50,"LevelID":2,"Amps":16,"Voltage":400,"PowerKW":11,"CurrentTypeID":20,"Quantity":2}]},{"ID":95231,"UUID":"FD5B847C-ABA3-4C76-9453-1C9811915A32","NumberOfPoints":1,"AddressInfo":{"ID":95577,"Title":"IKEA Amman","AddressLine1":"Queen Alia Airport St 561","Town":"Amman","CountryID":116,"Latitude":31.825703,"Longitude":35.901175,"ContactTelephone1":"+962 6 400 1000","DistanceUnit":0},"OperatorID":23,"DataProviderID":1,"UsageTypeID":4,"StatusTypeID":50,"Connections":[{"ID":134899,"ConnectionTypeID":1036,"StatusTypeID":50,"LevelID":2,"Amps":32,"Voltage":400,"PowerKW":22,"CurrentTypeID":20,"Quantity":1}]},{"ID":95222,"UUID":"ACD588BE-AD4D-4CBE-A19C-D2A2803C9571","NumberOfPoints":1,"AddressInfo":{"ID":95568,"Title":"The Petra Marriott Hotel","AddressLine1":"Queen Rania Al Abdallah Street","Town":"Petra","CountryID":116,"Latitude":30.304395,"Longitude":35.463784,"ContactTelephone1":"+962 3 215 6407","DistanceUnit":0},"OperatorID":23,"DataProviderID":1,"UsageTypeID":4,"StatusTypeID":50,"Connections":[{"ID":134890,"ConnectionTypeID":1036,"StatusTypeID":50,"LevelID":2,"PowerKW":13,"CurrentTypeID":20,"Quantity":1}]},{"ID":95220,"UUID":"720A26EB-881B-4A88-9D34-ECBC7DD6026B","NumberOfPoints":1,"AddressInfo":{"ID":95566,"Title":"Taj Mall","AddressLine1":"PR. Hashim St","Town":"Amman","CountryID":116,"Latitude":31.941387,"Longitude":35.88807,"ContactTelephone1":"+962 6 592 1122","DistanceUnit":0},"OperatorID":23,"DataProviderID":1,"UsageTypeID":4,"StatusTypeID":50,"Connections":[{"ID":134888,"ConnectionTypeID":1036,"StatusTypeID":50,"LevelID":2,"Amps":32,"Voltage":400,"PowerKW":22,"CurrentTypeID":20,"Quantity":1}]},{"ID":88556,"UUID":"E690DBA6-E8DA-40E1-87C1-AAFA30DBABF5","NumberOfPoints":2,"UsageCost":"Payment","AddressInfo":{"ID":88902,"Title":"JoPetrol Jarash station","AddressLine1":"جرش / الأردن","AddressLine2":"Jerash","Town":"Jerash","CountryID":116,"Latitude":32.2886875,"Longitude":35.9138125,"DistanceUnit":0},"OperatorID":3458,"DataProviderID":1,"UsageTypeID":5,"StatusTypeID":50,"Connections":[{"ID":125621,"ConnectionTypeID":2,"StatusTypeID":50,"LevelID":3,"Amps":30,"Voltage":410,"PowerKW":50,"CurrentTypeID":30,"Quantity":1},{"ID":125622,"ConnectionTypeID":33,"StatusTypeID":50,"LevelID":3,"PowerKW":50,"CurrentTypeID":20,"Quantity":1},{"ID":307716,"ConnectionTypeID":1036,"StatusTypeID":50,"LevelID":2,"PowerKW":22,"CurrentTypeID":20,"Quantity":1}],"MediaItems":[{"ID":30164,"ChargePointID":88556,"ItemURL":"https://media.openchargemap.io/images/JO/OCM88556/OCM-88556.orig.2021122911063652.jpg","ItemThumbnailURL":"https://media.openchargemap.io/images/JO/OCM88556/OCM-88556.thmb.2021122911063652.jpg","Comment":"","IsEnabled":true,"IsVideo":false,"IsFeaturedItem":false,"IsExternalResource":false,"User":{"ID":23314,"Username":"amralomari"},"DateCreated":"2021-12-29T11:07:00Z"}]},{"ID":85413,"UUID":"3D038CD3-D965-4EF0-9926-0F921C3B9655","NumberOfPoints":1,"AddressInfo":{"ID":85759,"Title":"Movenpick Resort & Spa Dead Sea","AddressLine1":"Dead Sea Road","Town":"Sowayma","Postcode":"11180","CountryID":116,"Latitude":31.717687,"Longitude":35.588363,"ContactTelephone1":" +962 5 356 1111","DistanceUnit":0},"OperatorID":23,"DataProviderID":1,"UsageTypeID":4,"StatusTypeID":50,"Connections":[{"ID":121467,"ConnectionTypeID":1036,"StatusTypeID":50,"LevelID":2,"Amps":32,"Voltage":400,"PowerKW":22,"CurrentTypeID":20,"Quantity":1}]},{"ID":85365,"UUID":"945B14FB-198E-4D2F-B158-C25920AA8F05","NumberOfPoints":1,"AddressInfo":{"ID":85711,"Title":"Kempinski Hotel Ishtar Dead Sea","AddressLine1":"Swaimeh Dead Sea Highway","Town":"Sowayma","Postcode":"18186","CountryID":116,"Latitude":31.715335,"Longitude":35.58619,"ContactTelephone1":"+962 5 356 8888","DistanceUnit":0},"OperatorID":23,"DataProviderID":1,"UsageTypeID":4,"StatusTypeID":50,"Connections":[{"ID":121391,"ConnectionTypeID":1036,"StatusTypeID":50,"LevelID":2,"Amps":32,"Voltage":400,"PowerKW":17,"CurrentTypeID":20,"Quantity":1}]},{"ID":85364,"UUID":"61AB8777-7B67-4100-881B-4639DD7BDF8E","NumberOfPoints":1,"AddressInfo":{"ID":85710,"Title":"Grand East Hotel","AddressLine1":"Dead Sea Road","Town":"Sowayma","Postcode":"11118","CountryID":116,"Latitude":31.745711,"Longitude":35.593189,"ContactTelephone1":" +962 6 500 5500","DistanceUnit":0},"OperatorID":23,"DataProviderID":1,"UsageTypeID":7,"StatusTypeID":50,"Connections":[{"ID":121390,"ConnectionTypeID":1036,"StatusTypeID":50,"LevelID":2,"Amps":32,"Voltage":400,"PowerKW":22,"CurrentTypeID":20,"Quantity":1}]},{"ID":85363,"UUID":"2599D6EC-E650-4B0C-B95A-73AAC441A063","NumberOfPoints":1,"AddressInfo":{"ID":85709,"Title":"Dead Sea Spa Hotel","AddressLine1":"Dead Sea Road","Town":"Sowayma","Postcode":"18186","CountryID":116,"Latitude":31.713519,"Longitude":35.585908,"ContactTelephone1":"+962 5 356 1000","DistanceUnit":0},"OperatorID":23,"DataProviderID":1,"UsageTypeID":4,"StatusTypeID":50,"Connections":[{"ID":121389,"ConnectionTypeID":1036,"StatusTypeID":50,"LevelID":2,"Amps":32,"Voltage":400,"PowerKW":22,"CurrentTypeID":20,"Quantity":1}]},{"ID":85361,"UUID":"28967EC9-2497-4165-824A-0C884F5414BA","NumberOfPoints":1,"AddressInfo":{"ID":85707,"Title":"Holiday Inn Resort Dead Sea","AddressLine1":"Dead Sea Road","Town":"Sowayma","Postcode":"18186","CountryID":116,"Latitude":31.751259,"Longitude":35.589965,"ContactTelephone1":"+962 5 349 5555","DistanceUnit":0},"OperatorID":23,"DataProviderID":1,"UsageTypeID":4,"StatusTypeID":50,"Connections":[{"ID":121387,"ConnectionTypeID":1036,"StatusTypeID":50,"LevelID":2,"Amps":32,"Voltage":400,"PowerKW":22,"CurrentTypeID":20,"Quantity":1}]},{"ID":85358,"UUID":"9B457EF9-E3A6-4346-ACA2-881379A3ECAC","NumberOfPoints":1,"AddressInfo":{"ID":85704,"Title":"Hilton Dead Sea Resort","AddressLine1":"Dead Sea Road","Town":"Sowayma","Postcode":"71865","CountryID":116,"Latitude":31.721888,"Longitude":35.587162,"ContactTelephone1":"+962 5 349 3000","DistanceUnit":0},"OperatorID":23,"DataProviderID":1,"UsageTypeID":4,"StatusTypeID":50,"Connections":[{"ID":121384,"ConnectionTypeID":1036,"StatusTypeID":50,"LevelID":2,"Amps":32,"Voltage":400,"PowerKW":22,"CurrentTypeID":20,"Quantity":1}]},{"ID":85357,"UUID":"8C19AEF2-06C1-41C0-ABFD-D3623CFC1497","NumberOfPoints":1,"AddressInfo":{"ID":85703,"Title":"Crowne Plaza Jordan Dead Sea Resort & Spa","AddressLine1":"Dead Sea Road","Town":"Sowayma","Postcode":"18186","CountryID":116,"Latitude":31.707678,"Longitude":35.584298,"ContactTelephone1":"+962 5 349 4000","DistanceUnit":0},"OperatorID":23,"DataProviderID":1,"UsageTypeID":4,"StatusTypeID":50,"Connections":[{"ID":121383,"ConnectionTypeID":1036,"StatusTypeID":50,"LevelID":2,"Amps":32,"Voltage":400,"PowerKW":22,"CurrentTypeID":20,"Quantity":1}]},{"ID":85356,"UUID":"097F77BE-F44E-4615-B7FD-3CDFD8F6A563","NumberOfPoints":1,"AddressInfo":{"ID":85702,"Title":"Dead Sea Marriott Resort","AddressLine1":"Dead Sea Road","Town":"Sowayma","Postcode":"6010","CountryID":116,"Latitude":31.718667,"Longitude":35.586902,"ContactTelephone1":"+962 5 356 0400","DistanceUnit":0},"OperatorID":23,"DataProviderID":1,"UsageTypeID":4,"StatusTypeID":50,"Connections":[{"ID":121382,"ConnectionTypeID":1036,"StatusTypeID":50,"LevelID":2,"Amps":32,"Voltage":400,"PowerKW":22,"CurrentTypeID":20,"Quantity":1}]}]