[{"ID":190231,"UUID":"9F6A1400-83E7-43E3-8155-74038474F839","NumberOfPoints":1,"AddressInfo":{"ID":190590,"Title":"South Liberation Link","AddressLine1":"South Liberation Link","Town":"Accra","StateOrProvince":"La-Dade-Kotopon Municipal District","Postcode":"16033","CountryID":88,"Latitude":5.599553930650956,"Longitude":-0.17793015932352318,"RelatedURL":"http://www.pobad.co/","DistanceUnit":0},"OperatorID":3483,"DataProviderID":1,"UsageTypeID":4,"StatusTypeID":50,"Connections":[{"ID":308320,"ConnectionTypeID":1036,"StatusTypeID":50,"LevelID":2,"PowerKW":11,"CurrentTypeID":20,"Quantity":1}]},{"ID":190230,"UUID":"AFA695AD-8DD7-4D1B-AD6D-F40351DE5CB6","NumberOfPoints":1,"AddressInfo":{"ID":190589,"Title":"A&C Mall (POBAD)","AddressLine1":"A&C Mall","StateOrProvince":"Greater Accra Region","Postcode":"2335","CountryID":88,"Latitude":5.641906020967326,"Longitude":-0.15221152497247203,"ContactTelephone1":"tel:(+233)302918075","RelatedURL":"http://www.pobad.co/","DistanceUnit":0},"OperatorID":3483,"DataProviderID":1,"UsageTypeID":4,"StatusTypeID":50,"Connections":[{"ID":308319,"ConnectionTypeID":1036,"StatusTypeID":50,"LevelID":2,"PowerKW":11,"CurrentTypeID":20,"Quantity":1}]},{"ID":173907,"UUID":"7108F75F-963F-43AB-94B7-41EEFE72895A","NumberOfPoints":5,"UsageCost":"2.00USD/HR","AddressInfo":{"ID":174266,"Title":"Nelson's Shade","AddressLine1":"Dr. Alhaji Kooko Street","AddressLine2":"Meduma Newsite","Town":"Kumasi","StateOrProvince":"Ashanti","CountryID":88,"Latitude":6.765763371287306,"Longitude":-1.603054900565212,"ContactTelephone1":"+233244424491","DistanceUnit":0},"OperatorID":44,"DataProviderID":1,"UsageTypeID":4,"StatusTypeID":50,"Connections":[{"ID":267538,"ConnectionTypeID":28,"StatusTypeID":50,"LevelID":1,"Voltage":220,"PowerKW":2,"CurrentTypeID":10,"Quantity":5}]}]