[{"ID":163757,"UUID":"2629E818-9444-4814-BBF1-959CA1D62C75","NumberOfPoints":10,"UsageCost":"CNY 1.95/kWh;其他关税老车/other tariffs for older cars","AddressInfo":{"ID":164114,"Title":"Shanghai - Southern Bailian Supercharger","AddressLine1":"7388 Humin Road","Town":"Shanghai","CountryID":50,"Latitude":31.13140735,"Longitude":121.40009915,"DistanceUnit":0},"OperatorID":23,"DataProviderID":1,"UsageTypeID":4,"StatusTypeID":50,"Connections":[{"ID":235354,"ConnectionTypeID":27,"StatusTypeID":50,"LevelID":3,"PowerKW":120,"CurrentTypeID":30,"Quantity":10}]},{"ID":104373,"UUID":"1753A94D-8C7C-4E8D-9ED7-AA00FD180531","NumberOfPoints":1,"AddressInfo":{"ID":104719,"Title":"East Yan'an Road (Avenue Edward VII)","AddressLine1":"East Yan'an Road (Avenue Edward VII)","AddressLine2":"Baxianqiao","Town":"Huangpu","StateOrProvince":"Huangpu District","Postcode":"200021","CountryID":50,"Latitude":31.2289886,"Longitude":121.4793021,"DistanceUnit":0},"OperatorID":1,"DataProviderID":1,"UsageTypeID":6,"StatusTypeID":50,"Connections":[]},{"ID":79794,"UUID":"E3317ECF-FE12-4459-8E14-5651D4D0247F","NumberOfPoints":4,"UsageCost":"CNY 1.80/kWh;其他关税老车/other tariffs for older cars","AddressInfo":{"ID":80140,"Title":"Chengdu Yanlord Supercharger","AddressLine1":"No.1 Renmin South RD","Town":"Jinjiang District","StateOrProvince":"Chengdu","Postcode":"610016","CountryID":50,"Latitude":30.651599,"Longitude":104.067022,"DistanceUnit":0},"OperatorID":23,"DataProviderID":1,"UsageTypeID":4,"StatusTypeID":0,"Connections":[{"ID":114441,"ConnectionTypeID":27,"StatusTypeID":0,"LevelID":3,"PowerKW":120,"CurrentTypeID":30,"Quantity":4}]},{"ID":79216,"UUID":"3BDE223D-719D-45AA-8863-4FCD64FE71E5","NumberOfPoints":4,"UsageCost":"CNY 1.80/kWh;其他关税老车/other tariffs for older cars","AddressInfo":{"ID":79562,"Title":"Yiwu Your World Plaza Supercharger","AddressLine1":"180 Binjiang Mid RD","Town":"Yiwu","StateOrProvince":"Zhejiang","Postcode":"322000","CountryID":50,"Latitude":29.301123,"Longitude":120.084763,"DistanceUnit":0},"OperatorID":23,"DataProviderID":1,"UsageTypeID":4,"StatusTypeID":0,"Connections":[{"ID":113835,"ConnectionTypeID":27,"StatusTypeID":0,"LevelID":3,"PowerKW":120,"CurrentTypeID":30,"Quantity":4}]},{"ID":78610,"UUID":"51858FAA-EC73-43A7-8ADD-B6AC394709C4","NumberOfPoints":1,"UsageCost":"Free","AddressInfo":{"ID":78956,"Title":"Qijianli Chuangxiang Hotel Changsha","AddressLine1":"湖南省长沙市雨花区迎新路与万芙路交汇处青园小学旁无号","Town":"Changsha City","StateOrProvince":"Hunan Province","CountryID":50,"Latitude":28.115022,"Longitude":113.001719,"ContactTelephone1":"0731-88706777","DistanceUnit":0},"OperatorID":23,"DataProviderID":1,"UsageTypeID":6,"StatusTypeID":0,"Connections":[{"ID":113228,"ConnectionTypeID":1036,"StatusTypeID":0,"LevelID":2,"PowerKW":6,"CurrentTypeID":20,"Quantity":1}]},{"ID":54989,"UUID":"62131242-6D75-43DB-B13F-EB583492259D","NumberOfPoints":1,"AddressInfo":{"ID":55335,"Title":"英贤街18号附近","AddressLine1":"英贤街18号附近","Town":"济南","StateOrProvince":"山东省","Postcode":"250012","CountryID":50,"Latitude":36.66823,"Longitude":117.008772,"RelatedURL":"http://carstations.com/30438","DistanceUnit":0},"OperatorID":1,"DataProviderID":1,"UsageTypeID":1,"StatusTypeID":0,"Connections":[{"ID":69471,"ConnectionTypeID":1,"Reference":"J1772","LevelID":2,"CurrentTypeID":10}]},{"ID":18825,"UUID":"33BBC7CF-DCDD-49A8-8ADC-2015172B2BE3","NumberOfPoints":1,"AddressInfo":{"ID":19170,"Title":"??????????????????","AddressLine1":"??????????????????","Town":"??","StateOrProvince":"","Postcode":"530028","CountryID":50,"Latitude":22.811294,"Longitude":108.379462,"ContactTelephone1":"","RelatedURL":"http://carstations.com/30255","DistanceUnit":0},"OperatorID":1,"DataProviderID":15,"UsageTypeID":1,"StatusTypeID":0,"Connections":[{"ID":19058,"ConnectionTypeID":1,"Reference":"J1772","LevelID":2,"Quantity":1}]},{"ID":18824,"UUID":"E77AF200-3534-4168-806E-DC72A46B9AAC","NumberOfPoints":1,"AddressInfo":{"ID":19169,"Title":"?????????????","AddressLine1":"?????????????","Town":"??","StateOrProvince":"","Postcode":"530028","CountryID":50,"Latitude":22.811519,"Longitude":108.378375,"ContactTelephone1":"","RelatedURL":"http://carstations.com/30252","DistanceUnit":0},"OperatorID":1,"DataProviderID":15,"UsageTypeID":1,"StatusTypeID":0,"Connections":[{"ID":19057,"ConnectionTypeID":1,"Reference":"J1772","LevelID":2,"Quantity":1}]},{"ID":18823,"UUID":"22C2CEA0-C297-4E82-847A-81D405459CCC","NumberOfPoints":1,"AddressInfo":{"ID":19168,"Title":"?????????????????","AddressLine1":"?????????????????","Town":"??","StateOrProvince":"","Postcode":"530028","CountryID":50,"Latitude":22.811856,"Longitude":108.378384,"ContactTelephone1":"","RelatedURL":"http://carstations.com/30258","DistanceUnit":0},"OperatorID":1,"DataProviderID":15,"UsageTypeID":1,"StatusTypeID":0,"Connections":[{"ID":19056,"ConnectionTypeID":1,"Reference":"J1772","LevelID":2,"Quantity":1}]},{"ID":18822,"UUID":"F74FE4A5-AD4B-4D03-9044-92B720BA173E","NumberOfPoints":1,"AddressInfo":{"ID":19167,"Title":"?????????????9?","AddressLine1":"?????????????9?","Town":"??","StateOrProvince":"","Postcode":"518057","CountryID":50,"Latitude":22.535926,"Longitude":113.952245,"ContactTelephone1":"","RelatedURL":"http://carstations.com/30507","DistanceUnit":0},"OperatorID":1,"DataProviderID":15,"UsageTypeID":1,"StatusTypeID":0,"Connections":[{"ID":19055,"ConnectionTypeID":1,"Reference":"J1772","LevelID":2,"Quantity":1}]},{"ID":18821,"UUID":"09628DC5-F361-4F71-BB79-C527CFDC7267","NumberOfPoints":1,"AddressInfo":{"ID":19166,"Title":"????????????","AddressLine1":"????????????","Town":"??","StateOrProvince":"","Postcode":"518048","CountryID":50,"Latitude":22.531437,"Longitude":114.014096,"ContactTelephone1":"","RelatedURL":"http://carstations.com/30531","DistanceUnit":0},"OperatorID":1,"DataProviderID":15,"UsageTypeID":1,"StatusTypeID":0,"Connections":[{"ID":19054,"ConnectionTypeID":1,"Reference":"J1772","LevelID":2,"Quantity":1}]},{"ID":18820,"UUID":"E61B3758-1271-430B-9FF0-B662C86529C2","NumberOfPoints":1,"AddressInfo":{"ID":19165,"Title":"?????????????","AddressLine1":"?????????????","Town":"??","StateOrProvince":"","Postcode":"518000","CountryID":50,"Latitude":22.547837,"Longitude":114.001586,"ContactTelephone1":"","RelatedURL":"http://carstations.com/30525","DistanceUnit":0},"OperatorID":1,"DataProviderID":15,"UsageTypeID":1,"StatusTypeID":0,"Connections":[{"ID":19053,"ConnectionTypeID":1,"Reference":"J1772","LevelID":2,"Quantity":1}]},{"ID":18819,"UUID":"D01E8568-6D93-4134-8F85-C8E2E86B7C3E","NumberOfPoints":1,"AddressInfo":{"ID":19164,"Title":"???????2099","AddressLine1":"???????2099","Town":"??","StateOrProvince":"","Postcode":"518119","CountryID":50,"Latitude":22.539989,"Longitude":114.081988,"ContactTelephone1":"","RelatedURL":"http://carstations.com/30501","DistanceUnit":0},"OperatorID":1,"DataProviderID":15,"UsageTypeID":1,"StatusTypeID":0,"Connections":[{"ID":19052,"ConnectionTypeID":1,"Reference":"J1772","LevelID":2,"Quantity":1}]},{"ID":18818,"UUID":"9C839B12-308A-4F52-B727-404FA2B9F8EE","NumberOfPoints":1,"AddressInfo":{"ID":19163,"Title":"?????????","AddressLine1":"?????????","Town":"??","StateOrProvince":"","Postcode":"518049","CountryID":50,"Latitude":22.571358,"Longitude":114.073319,"ContactTelephone1":"","RelatedURL":"http://carstations.com/30522","DistanceUnit":0},"OperatorID":1,"DataProviderID":15,"UsageTypeID":1,"StatusTypeID":0,"Connections":[{"ID":19051,"ConnectionTypeID":1,"Reference":"J1772","LevelID":2,"Quantity":1}]},{"ID":18817,"UUID":"5BF5941E-4395-4ACB-84BF-40D795C4BDE3","NumberOfPoints":1,"AddressInfo":{"ID":19162,"Title":"宝安大道辅路","AddressLine1":"宝安大道辅路","AddressLine2":"福永街道","StateOrProvince":"广东省","Postcode":"518100","CountryID":50,"Latitude":22.649116,"Longitude":113.820076,"DistanceUnit":0},"OperatorID":1,"DataProviderID":1,"UsageTypeID":1,"StatusTypeID":0,"Connections":[{"ID":19050,"ConnectionTypeID":1,"Reference":"J1772","LevelID":2,"Quantity":1}],"UserComments":[{"ID":29337,"ChargePointID":18817,"CommentTypeID":10,"UserName":"gixadmin","Comment":"","DateCreated":"2023-12-13T04:11:50.467Z","User":{"ID":49762,"Username":"gixadmin"},"CheckinStatusTypeID":10,"IsActionedByEditor":false},{"ID":29336,"ChargePointID":18817,"CommentTypeID":10,"UserName":"gixadmin","Comment":"测试","Rating":3,"DateCreated":"2023-12-13T04:10:44.167Z","User":{"ID":49762,"Username":"gixadmin"},"CheckinStatusTypeID":10,"IsActionedByEditor":false}]},{"ID":18816,"UUID":"D866346E-8250-4A0F-A9FF-49468590A8E1","NumberOfPoints":1,"AddressInfo":{"ID":19161,"Title":"?????????????","AddressLine1":"?????????????","Town":"??","StateOrProvince":"","Postcode":"518103","CountryID":50,"Latitude":22.657027,"Longitude":113.824797,"ContactTelephone1":"","RelatedURL":"http://carstations.com/30528","DistanceUnit":0},"OperatorID":1,"DataProviderID":15,"UsageTypeID":1,"StatusTypeID":0,"Connections":[{"ID":19049,"ConnectionTypeID":1,"Reference":"J1772","LevelID":2,"Quantity":1}]},{"ID":18815,"UUID":"4AAB3A6F-526C-4F75-96C9-87133DF4824F","NumberOfPoints":1,"AddressInfo":{"ID":19160,"Title":"????????????","AddressLine1":"????????????","Town":"??","StateOrProvince":"","Postcode":"518112","CountryID":50,"Latitude":22.595628,"Longitude":114.136577,"ContactTelephone1":"","RelatedURL":"http://carstations.com/30513","DistanceUnit":0},"OperatorID":1,"DataProviderID":15,"UsageTypeID":1,"StatusTypeID":0,"Connections":[{"ID":19048,"ConnectionTypeID":1,"Reference":"J1772","LevelID":2,"Quantity":1}]},{"ID":18814,"UUID":"41720F85-A200-41A5-8168-FDCFC45CB99D","NumberOfPoints":1,"AddressInfo":{"ID":19159,"Title":"????????????","AddressLine1":"????????????","Town":"??","StateOrProvince":"","Postcode":"518100","CountryID":50,"Latitude":22.632753,"Longitude":114.432231,"ContactTelephone1":"","RelatedURL":"http://carstations.com/30510","DistanceUnit":0},"OperatorID":1,"DataProviderID":15,"UsageTypeID":1,"StatusTypeID":0,"Connections":[{"ID":19047,"ConnectionTypeID":1,"Reference":"J1772","LevelID":2,"Quantity":1}]},{"ID":18813,"UUID":"5E92E945-ABF9-46AE-9F90-AB1EDDEF40DC","NumberOfPoints":1,"AddressInfo":{"ID":19158,"Title":"?????????????","AddressLine1":"?????????????","Town":"??","StateOrProvince":"","Postcode":"518172","CountryID":50,"Latitude":22.687271,"Longitude":114.214071,"ContactTelephone1":"","RelatedURL":"http://carstations.com/30534","DistanceUnit":0},"OperatorID":1,"DataProviderID":15,"UsageTypeID":1,"StatusTypeID":0,"Connections":[{"ID":19046,"ConnectionTypeID":1,"Reference":"J1772","LevelID":2,"Quantity":1}]},{"ID":18812,"UUID":"597AC297-F81A-429C-BFF3-1300899AF2D6","NumberOfPoints":1,"AddressInfo":{"ID":19157,"Title":"????????????","AddressLine1":"????????????","Town":"??","StateOrProvince":"","Postcode":"518116","CountryID":50,"Latitude":22.683004,"Longitude":114.263434,"ContactTelephone1":"","RelatedURL":"http://carstations.com/30516","DistanceUnit":0},"OperatorID":1,"DataProviderID":15,"UsageTypeID":1,"StatusTypeID":0,"Connections":[{"ID":19045,"ConnectionTypeID":1,"Reference":"J1772","LevelID":2,"Quantity":1}]},{"ID":18811,"UUID":"0287B783-14A2-417C-B053-9874AB5E1929","NumberOfPoints":1,"AddressInfo":{"ID":19156,"Title":"?????????","AddressLine1":"?????????","Town":"??","StateOrProvince":"","Postcode":"514078","CountryID":50,"Latitude":22.677624,"Longitude":114.359983,"ContactTelephone1":"","RelatedURL":"http://carstations.com/30519","DistanceUnit":0},"OperatorID":1,"DataProviderID":15,"UsageTypeID":1,"StatusTypeID":0,"Connections":[{"ID":19044,"ConnectionTypeID":1,"Reference":"J1772","LevelID":2,"Quantity":1}]},{"ID":18810,"UUID":"D274C70B-D84E-42B9-BA62-F5209AB10B65","NumberOfPoints":1,"AddressInfo":{"ID":19155,"Title":"?????????????????","AddressLine1":"?????????????????","Town":"??","StateOrProvince":"","Postcode":"518172","CountryID":50,"Latitude":22.721466,"Longitude":114.226463,"ContactTelephone1":"","RelatedURL":"http://carstations.com/30543","DistanceUnit":0},"OperatorID":1,"DataProviderID":15,"UsageTypeID":1,"StatusTypeID":0,"Connections":[{"ID":19043,"ConnectionTypeID":1,"Reference":"J1772","LevelID":2,"Quantity":1}]},{"ID":18809,"UUID":"FFD07119-AF2C-477D-BA65-5903FBF4EE00","NumberOfPoints":1,"AddressInfo":{"ID":19154,"Title":"?????????????","AddressLine1":"?????????????","Town":"??","StateOrProvince":"","Postcode":"518120","CountryID":50,"Latitude":22.716553,"Longitude":114.319675,"ContactTelephone1":"","RelatedURL":"http://carstations.com/30540","DistanceUnit":0},"OperatorID":1,"DataProviderID":15,"UsageTypeID":1,"StatusTypeID":0,"Connections":[{"ID":19042,"ConnectionTypeID":1,"Reference":"J1772","LevelID":2,"Quantity":1}]},{"ID":18808,"UUID":"1E3C2186-BE51-48AA-AE45-F75F505B8ED9","NumberOfPoints":1,"AddressInfo":{"ID":19153,"Title":"????????????","AddressLine1":"????????????","Town":"??","StateOrProvince":"","Postcode":"518116","CountryID":50,"Latitude":22.732728,"Longitude":114.268756,"ContactTelephone1":"","RelatedURL":"http://carstations.com/30537","DistanceUnit":0},"OperatorID":1,"DataProviderID":15,"UsageTypeID":1,"StatusTypeID":0,"Connections":[{"ID":19041,"ConnectionTypeID":1,"Reference":"J1772","LevelID":2,"Quantity":1}]},{"ID":18807,"UUID":"529A0C20-17B9-4D9D-BF9E-5E4E1DBA8589","NumberOfPoints":1,"AddressInfo":{"ID":19152,"Title":"?????????????","AddressLine1":"?????????????","Town":"??","StateOrProvince":"","Postcode":"650051","CountryID":50,"Latitude":25.050161,"Longitude":102.744929,"ContactTelephone1":"","RelatedURL":"http://carstations.com/30267","DistanceUnit":0},"OperatorID":1,"DataProviderID":15,"UsageTypeID":1,"StatusTypeID":0,"Connections":[{"ID":19040,"ConnectionTypeID":1,"Reference":"J1772","LevelID":2,"Quantity":1}]},{"ID":18806,"UUID":"96BD6259-56F0-4CBB-84BC-86AD95E1D377","NumberOfPoints":1,"AddressInfo":{"ID":19151,"Title":"????????????????","AddressLine1":"????????????????","Town":"??","StateOrProvince":"","Postcode":"545026","CountryID":50,"Latitude":24.347233,"Longitude":109.428549,"ContactTelephone1":"","RelatedURL":"http://carstations.com/30261","DistanceUnit":0},"OperatorID":1,"DataProviderID":15,"UsageTypeID":1,"StatusTypeID":0,"Connections":[{"ID":19039,"ConnectionTypeID":1,"Reference":"J1772","LevelID":2,"Quantity":1}]},{"ID":18805,"UUID":"34EF1504-D2D5-427A-AC3C-4D4CC62FD778","NumberOfPoints":1,"AddressInfo":{"ID":19150,"Title":"????????????????????","AddressLine1":"????????????????????","Town":"??","StateOrProvince":"","Postcode":"541100","CountryID":50,"Latitude":25.26075,"Longitude":110.198541,"ContactTelephone1":"","RelatedURL":"http://carstations.com/30264","DistanceUnit":0},"OperatorID":1,"DataProviderID":15,"UsageTypeID":1,"StatusTypeID":0,"Connections":[{"ID":19038,"ConnectionTypeID":1,"Reference":"J1772","LevelID":2,"Quantity":1}]},{"ID":18804,"UUID":"F8A41FB7-9A94-4D83-8DB8-4C513EF34005","NumberOfPoints":1,"AddressInfo":{"ID":19149,"Title":"????????????","AddressLine1":"????????????","Town":"??","StateOrProvince":"","Postcode":"361006","CountryID":50,"Latitude":24.507758,"Longitude":118.1087,"ContactTelephone1":"","RelatedURL":"http://carstations.com/30613","DistanceUnit":0},"OperatorID":1,"DataProviderID":15,"UsageTypeID":1,"StatusTypeID":0,"Connections":[{"ID":19037,"ConnectionTypeID":1,"Reference":"J1772","LevelID":2,"Quantity":1}]},{"ID":18803,"UUID":"75133C74-51CE-4801-80FE-41C2CAAC7F62","NumberOfPoints":1,"AddressInfo":{"ID":19148,"Title":"?????????????","AddressLine1":"?????????????","Town":"??","StateOrProvince":"","Postcode":"336099","CountryID":50,"Latitude":27.836766,"Longitude":114.393382,"ContactTelephone1":"","RelatedURL":"http://carstations.com/30570","DistanceUnit":0},"OperatorID":1,"DataProviderID":15,"UsageTypeID":1,"StatusTypeID":0,"Connections":[{"ID":19036,"ConnectionTypeID":1,"Reference":"J1772","LevelID":2,"Quantity":1}]},{"ID":18802,"UUID":"AA8D4C65-EEB2-48AE-BDF9-46841327B324","NumberOfPoints":1,"AddressInfo":{"ID":19147,"Title":"??????????306??","AddressLine1":"??????????306??","Town":"??","StateOrProvince":"","Postcode":"614200","CountryID":50,"Latitude":29.596185,"Longitude":103.53698,"ContactTelephone1":"","RelatedURL":"http://carstations.com/30486","DistanceUnit":0},"OperatorID":1,"DataProviderID":15,"UsageTypeID":1,"StatusTypeID":0,"Connections":[{"ID":19035,"ConnectionTypeID":1,"Reference":"J1772","LevelID":2,"Quantity":1}]},{"ID":18801,"UUID":"05853455-D2C2-413F-9217-FE2D81AF56CC","NumberOfPoints":1,"AddressInfo":{"ID":19146,"Title":"??????????","AddressLine1":"??????????","Town":"??","StateOrProvince":"","Postcode":"400054","CountryID":50,"Latitude":29.476266,"Longitude":106.56786,"ContactTelephone1":"","RelatedURL":"http://carstations.com/30492","DistanceUnit":0},"OperatorID":1,"DataProviderID":15,"UsageTypeID":1,"StatusTypeID":0,"Connections":[{"ID":19034,"ConnectionTypeID":1,"Reference":"J1772","LevelID":2,"Quantity":1}]},{"ID":18800,"UUID":"2372BB05-8678-4289-B26A-BB6B1DF259F6","NumberOfPoints":1,"AddressInfo":{"ID":19145,"Title":"????????","AddressLine1":"????????","Town":"Chongqing","StateOrProvince":"","Postcode":"401336","CountryID":50,"Latitude":29.498771,"Longitude":106.633971,"ContactTelephone1":"","RelatedURL":"http://carstations.com/30495","DistanceUnit":0},"OperatorID":1,"DataProviderID":15,"UsageTypeID":1,"StatusTypeID":0,"Connections":[{"ID":19033,"ConnectionTypeID":1,"Reference":"J1772","LevelID":2,"Quantity":1}],"MediaItems":[{"ID":518,"ChargePointID":18800,"ItemURL":"https://media.openchargemap.io/images/CN/OCM18800/OCM-18800.orig.2014071317594043.jpg","ItemThumbnailURL":"https://media.openchargemap.io/images/CN/OCM18800/OCM-18800.thmb.2014071317594043.jpg","Comment":"","IsEnabled":true,"IsVideo":false,"IsFeaturedItem":false,"IsExternalResource":false,"User":{"ID":2146,"Username":"Sheikh Aijaz"},"DateCreated":"2014-07-13T18:00:00Z"}]},{"ID":18799,"UUID":"80AA91B7-7C98-4184-A795-7211E946A16D","NumberOfPoints":1,"AddressInfo":{"ID":19144,"Title":"??????????","AddressLine1":"??????????","Town":"??","StateOrProvince":"","Postcode":"400020","CountryID":50,"Latitude":29.574416,"Longitude":106.550954,"ContactTelephone1":"","RelatedURL":"http://carstations.com/30285","DistanceUnit":0},"OperatorID":1,"DataProviderID":15,"UsageTypeID":1,"StatusTypeID":0,"Connections":[{"ID":19032,"ConnectionTypeID":1,"Reference":"J1772","LevelID":2,"Quantity":1}]},{"ID":18798,"UUID":"B59E3113-8D99-4156-9C1C-E7F86C1BFE12","NumberOfPoints":1,"AddressInfo":{"ID":19143,"Title":"hhh","AddressLine1":"????????? ???","Town":"??","StateOrProvince":"","Postcode":"335001","CountryID":50,"Latitude":28.122568,"Longitude":116.985147,"ContactTelephone1":"","RelatedURL":"http://carstations.com/30585","DistanceUnit":0},"OperatorID":1,"DataProviderID":1,"UsageTypeID":1,"StatusTypeID":0,"Connections":[{"ID":19031,"ConnectionTypeID":1,"Reference":"J1772","LevelID":2,"Quantity":1}],"UserComments":[{"ID":27574,"ChargePointID":18798,"CommentTypeID":10,"UserName":"Jamie","Comment":"hhh","DateCreated":"2022-11-11T05:30:15.983Z","User":{"ID":42325,"Username":"Jamie"},"CheckinStatusTypeID":10,"IsActionedByEditor":false}],"MediaItems":[{"ID":35340,"ChargePointID":18798,"ItemURL":"https://media.openchargemap.io/images/CN/OCM18798/OCM-18798.orig.2022111105294577.jpg","ItemThumbnailURL":"https://media.openchargemap.io/images/CN/OCM18798/OCM-18798.thmb.2022111105294577.jpg","Comment":"","IsEnabled":true,"IsVideo":false,"IsFeaturedItem":false,"IsExternalResource":false,"User":{"ID":42325,"Username":"Jamie"},"DateCreated":"2022-11-11T05:30:00Z"}]},{"ID":18797,"UUID":"750D42D3-3EB6-47D7-8407-3A5F4E8DDE01","NumberOfPoints":1,"AddressInfo":{"ID":19142,"Title":"?????????????","AddressLine1":"?????????????","Town":"??","StateOrProvince":"","Postcode":"330100","CountryID":50,"Latitude":28.656041,"Longitude":115.848995,"ContactTelephone1":"","RelatedURL":"http://carstations.com/30582","DistanceUnit":0},"OperatorID":1,"DataProviderID":15,"UsageTypeID":1,"StatusTypeID":0,"Connections":[{"ID":19030,"ConnectionTypeID":1,"Reference":"J1772","LevelID":2,"Quantity":1}]},{"ID":18796,"UUID":"1A900229-E3A5-42CD-9614-8343A90405E9","NumberOfPoints":1,"AddressInfo":{"ID":19141,"Title":"????????????99?","AddressLine1":"????????????99?","Town":"??","StateOrProvince":"","Postcode":"330038","CountryID":50,"Latitude":28.68571,"Longitude":115.861527,"ContactTelephone1":"","RelatedURL":"http://carstations.com/30576","DistanceUnit":0},"OperatorID":1,"DataProviderID":15,"UsageTypeID":1,"StatusTypeID":0,"Connections":[{"ID":19029,"ConnectionTypeID":1,"Reference":"J1772","LevelID":2,"Quantity":1}]},{"ID":18795,"UUID":"979D4665-752E-4820-BFEE-FCD1AF3C89D8","NumberOfPoints":1,"AddressInfo":{"ID":19140,"Title":"?????????????","AddressLine1":"?????????????","Town":"??","StateOrProvince":"","Postcode":"330043","CountryID":50,"Latitude":28.676469,"Longitude":115.999199,"ContactTelephone1":"","RelatedURL":"http://carstations.com/30573","DistanceUnit":0},"OperatorID":1,"DataProviderID":15,"UsageTypeID":1,"StatusTypeID":0,"Connections":[{"ID":19028,"ConnectionTypeID":1,"Reference":"J1772","LevelID":2,"Quantity":1}]},{"ID":18794,"UUID":"28DE0E98-65F7-45F9-80BE-FCF1E0CD12BF","NumberOfPoints":1,"AddressInfo":{"ID":19139,"Title":"?????????","AddressLine1":"?????????","Town":"??","StateOrProvince":"","Postcode":"610094","CountryID":50,"Latitude":30.588402,"Longitude":104.056942,"ContactTelephone1":"","RelatedURL":"http://carstations.com/30273","DistanceUnit":0},"OperatorID":1,"DataProviderID":15,"UsageTypeID":1,"StatusTypeID":0,"Connections":[{"ID":19027,"ConnectionTypeID":1,"Reference":"J1772","LevelID":2,"Quantity":1}]},{"ID":18793,"UUID":"AD69807C-3F21-4596-8A0C-C92B110419F1","NumberOfPoints":1,"AddressInfo":{"ID":19138,"Title":"?????????","AddressLine1":"?????????","Town":"??","StateOrProvince":"","Postcode":"610046","CountryID":50,"Latitude":30.606041,"Longitude":103.975682,"ContactTelephone1":"","RelatedURL":"http://carstations.com/30276","DistanceUnit":0},"OperatorID":1,"DataProviderID":15,"UsageTypeID":1,"StatusTypeID":0,"Connections":[{"ID":19026,"ConnectionTypeID":1,"Reference":"J1772","LevelID":2,"Quantity":1}]},{"ID":18792,"UUID":"6BC4FD95-B448-4D69-AE29-AE079C1F89D6","NumberOfPoints":1,"AddressInfo":{"ID":19137,"Title":"????????????????","AddressLine1":"????????????????","Town":"??","StateOrProvince":"","Postcode":"610052","CountryID":50,"Latitude":30.705509,"Longitude":104.166787,"ContactTelephone1":"","RelatedURL":"http://carstations.com/30282","DistanceUnit":0},"OperatorID":1,"DataProviderID":15,"UsageTypeID":1,"StatusTypeID":0,"Connections":[{"ID":19025,"ConnectionTypeID":1,"Reference":"J1772","LevelID":2,"Quantity":1}]},{"ID":18791,"UUID":"D4B46EA7-3B18-488F-9E83-F3B8C90232BF","NumberOfPoints":1,"AddressInfo":{"ID":19136,"Title":"??????????????","AddressLine1":"??????????????","Town":"??","StateOrProvince":"","Postcode":"610052","CountryID":50,"Latitude":30.70565,"Longitude":104.166983,"ContactTelephone1":"","RelatedURL":"http://carstations.com/30279","DistanceUnit":0},"OperatorID":1,"DataProviderID":15,"UsageTypeID":1,"StatusTypeID":0,"Connections":[{"ID":19024,"ConnectionTypeID":1,"Reference":"J1772","LevelID":2,"Quantity":1}]},{"ID":18790,"UUID":"EF2D82CC-7846-485C-A570-072C6CA01102","NumberOfPoints":1,"AddressInfo":{"ID":19135,"Title":"?????????????7","AddressLine1":"?????????????7","Town":"??","StateOrProvince":"","Postcode":"621022","CountryID":50,"Latitude":31.487949,"Longitude":104.772449,"ContactTelephone1":"","RelatedURL":"http://carstations.com/30489","DistanceUnit":0},"OperatorID":1,"DataProviderID":15,"UsageTypeID":1,"StatusTypeID":0,"Connections":[{"ID":19023,"ConnectionTypeID":1,"Reference":"J1772","LevelID":2,"Quantity":1}]},{"ID":18789,"UUID":"D9404E8C-50D3-42B1-AD99-7127A6033333","NumberOfPoints":1,"AddressInfo":{"ID":19134,"Title":"????????????","AddressLine1":"????????????","Town":"??","StateOrProvince":"","Postcode":"435000","CountryID":50,"Latitude":30.183382,"Longitude":115.030332,"ContactTelephone1":"","RelatedURL":"http://carstations.com/30565","DistanceUnit":0},"OperatorID":1,"DataProviderID":15,"UsageTypeID":1,"StatusTypeID":0,"Connections":[{"ID":19022,"ConnectionTypeID":1,"Reference":"J1772","LevelID":2,"Quantity":1}]},{"ID":18788,"UUID":"5EFF31F2-092B-4D4C-BA28-5A4DD08C1B5F","NumberOfPoints":1,"AddressInfo":{"ID":19133,"Title":"???????????????","AddressLine1":"???????????????","Town":"??","StateOrProvince":"","Postcode":"430056","CountryID":50,"Latitude":30.497414,"Longitude":114.177121,"ContactTelephone1":"","RelatedURL":"http://carstations.com/30549","DistanceUnit":0},"OperatorID":1,"DataProviderID":15,"UsageTypeID":1,"StatusTypeID":0,"Connections":[{"ID":19021,"ConnectionTypeID":1,"Reference":"J1772","LevelID":2,"Quantity":1}]},{"ID":18787,"UUID":"3D52F42D-CB09-408F-9490-42D0397D2758","NumberOfPoints":1,"AddressInfo":{"ID":19132,"Title":"???????????????","AddressLine1":"???????????????","Town":"??","StateOrProvince":"","Postcode":"430056","CountryID":50,"Latitude":30.497423,"Longitude":114.177118,"ContactTelephone1":"","RelatedURL":"http://carstations.com/30555","DistanceUnit":0},"OperatorID":1,"DataProviderID":15,"UsageTypeID":1,"StatusTypeID":0,"Connections":[{"ID":19020,"ConnectionTypeID":1,"Reference":"J1772","LevelID":2,"Quantity":1}]},{"ID":18786,"UUID":"FD585280-E541-4802-BF14-26B9E54C5576","NumberOfPoints":1,"AddressInfo":{"ID":19131,"Title":"???????????????","AddressLine1":"???????????????","Town":"??","StateOrProvince":"","Postcode":"430205","CountryID":50,"Latitude":30.460003,"Longitude":114.473999,"ContactTelephone1":"","RelatedURL":"http://carstations.com/30552","DistanceUnit":0},"OperatorID":1,"DataProviderID":15,"UsageTypeID":1,"StatusTypeID":0,"Connections":[{"ID":19019,"ConnectionTypeID":1,"Reference":"J1772","LevelID":2,"Quantity":1}]},{"ID":18785,"UUID":"8B63BC8A-91F0-452F-9EA6-C2702B2BFC13","NumberOfPoints":1,"AddressInfo":{"ID":19130,"Title":"???????????????","AddressLine1":"???????????????","Town":"??","StateOrProvince":"","Postcode":"430205","CountryID":50,"Latitude":30.461585,"Longitude":114.473376,"ContactTelephone1":"","RelatedURL":"http://carstations.com/30546","DistanceUnit":0},"OperatorID":1,"DataProviderID":15,"UsageTypeID":1,"StatusTypeID":0,"Connections":[{"ID":19018,"ConnectionTypeID":1,"Reference":"J1772","LevelID":2,"Quantity":1}]},{"ID":18784,"UUID":"5E92992A-DF2A-4D1B-9D40-A08DCAB72CFA","NumberOfPoints":1,"AddressInfo":{"ID":19129,"Title":"????????????","AddressLine1":"????????????","Town":"??","StateOrProvince":"","Postcode":"213004","CountryID":50,"Latitude":30.2617787,"Longitude":120.1606483,"ContactTelephone1":"","RelatedURL":"http://carstations.com/30194","DistanceUnit":0},"OperatorID":1,"DataProviderID":15,"UsageTypeID":1,"StatusTypeID":0,"Connections":[{"ID":19017,"ConnectionTypeID":1,"Reference":"J1772","LevelID":2,"Quantity":1}]},{"ID":18783,"UUID":"3E5C42F5-E2A7-4939-93F2-2E12CD1B0E65","NumberOfPoints":1,"AddressInfo":{"ID":19128,"Title":"????????????","AddressLine1":"????????????","Town":"Xiangyang","StateOrProvince":"","Postcode":"441110","CountryID":50,"Latitude":32.054722,"Longitude":112.110254,"ContactTelephone1":"","RelatedURL":"http://carstations.com/30558","DistanceUnit":0},"OperatorID":1,"DataProviderID":15,"UsageTypeID":1,"StatusTypeID":0,"Connections":[{"ID":19016,"ConnectionTypeID":1,"Reference":"J1772","LevelID":2,"Quantity":1}]},{"ID":18782,"UUID":"4E0DBD27-E969-4757-8C6B-336836F1EE64","NumberOfPoints":1,"AddressInfo":{"ID":19127,"Title":"?????????????","AddressLine1":"?????????????","Town":"??","StateOrProvince":"","Postcode":"441057","CountryID":50,"Latitude":32.089865,"Longitude":112.150927,"ContactTelephone1":"","RelatedURL":"http://carstations.com/30562","DistanceUnit":0},"OperatorID":1,"DataProviderID":15,"UsageTypeID":1,"StatusTypeID":0,"Connections":[{"ID":19015,"ConnectionTypeID":1,"Reference":"J1772","LevelID":2,"Quantity":1}]},{"ID":18781,"UUID":"123DFA2B-5C59-4F37-B2F3-725C1D8AC1D2","NumberOfPoints":1,"AddressInfo":{"ID":19126,"Title":"????????????","AddressLine1":"????????????","Town":"???","StateOrProvince":"","Postcode":"241000","CountryID":50,"Latitude":31.384096,"Longitude":118.430606,"ContactTelephone1":"","RelatedURL":"http://carstations.com/30634","DistanceUnit":0},"OperatorID":1,"DataProviderID":15,"UsageTypeID":1,"StatusTypeID":0,"Connections":[{"ID":19014,"ConnectionTypeID":1,"Reference":"J1772","LevelID":2,"Quantity":1}]},{"ID":18780,"UUID":"F1B3B910-9917-4DE5-B509-3042E368F0E8","NumberOfPoints":1,"AddressInfo":{"ID":19125,"Title":"??????????212","AddressLine1":"??????????212","Town":"??","StateOrProvince":"","Postcode":"230601","CountryID":50,"Latitude":31.75434,"Longitude":117.223338,"ContactTelephone1":"","RelatedURL":"http://carstations.com/30625","DistanceUnit":0},"OperatorID":1,"DataProviderID":15,"UsageTypeID":1,"StatusTypeID":0,"Connections":[{"ID":19013,"ConnectionTypeID":1,"Reference":"J1772","LevelID":2,"Quantity":1}]},{"ID":18779,"UUID":"D58D38D9-73D6-489D-ABBF-DE0020654844","NumberOfPoints":1,"AddressInfo":{"ID":19124,"Title":"????????????","AddressLine1":"????????????","Town":"??","StateOrProvince":"","Postcode":"230091","CountryID":50,"Latitude":31.812357,"Longitude":117.197471,"ContactTelephone1":"","RelatedURL":"http://carstations.com/30628","DistanceUnit":0},"OperatorID":1,"DataProviderID":15,"UsageTypeID":1,"StatusTypeID":0,"Connections":[{"ID":19012,"ConnectionTypeID":1,"Reference":"J1772","LevelID":2,"Quantity":1}]},{"ID":18778,"UUID":"49E48447-EF72-40D0-A65C-C79966AA9746","NumberOfPoints":1,"AddressInfo":{"ID":19123,"Title":"????????????","AddressLine1":"????????????","Town":"??","StateOrProvince":"","Postcode":"230001","CountryID":50,"Latitude":31.909389,"Longitude":117.34275,"ContactTelephone1":"","RelatedURL":"http://carstations.com/30622","DistanceUnit":0},"OperatorID":1,"DataProviderID":15,"UsageTypeID":1,"StatusTypeID":0,"Connections":[{"ID":19011,"ConnectionTypeID":1,"Reference":"J1772","LevelID":2,"Quantity":1}]},{"ID":18777,"UUID":"1B41C6C1-7677-4AE1-A8A4-90B28FCF1591","NumberOfPoints":1,"AddressInfo":{"ID":19122,"Title":"????????????","AddressLine1":"????????????","Town":"??","StateOrProvince":"","Postcode":"230041","CountryID":50,"Latitude":31.930116,"Longitude":117.278001,"ContactTelephone1":"","RelatedURL":"http://carstations.com/30619","DistanceUnit":0},"OperatorID":1,"DataProviderID":15,"UsageTypeID":1,"StatusTypeID":0,"Connections":[{"ID":19010,"ConnectionTypeID":1,"Reference":"J1772","LevelID":2,"Quantity":1}]},{"ID":18776,"UUID":"676A1ABB-28E4-4F5B-982A-5809609884EE","NumberOfPoints":1,"AddressInfo":{"ID":19121,"Title":"????????????","AddressLine1":"????????????","Town":"??","StateOrProvince":"","Postcode":"230041","CountryID":50,"Latitude":31.93012,"Longitude":117.27828,"ContactTelephone1":"","RelatedURL":"http://carstations.com/30616","DistanceUnit":0},"OperatorID":1,"DataProviderID":15,"UsageTypeID":1,"StatusTypeID":0,"Connections":[{"ID":19009,"ConnectionTypeID":1,"Reference":"J1772","LevelID":2,"Quantity":1}]},{"ID":18775,"UUID":"58DF2615-D22F-46EE-86D7-8E2807FA6A87","NumberOfPoints":1,"AddressInfo":{"ID":19120,"Title":"?????????","AddressLine1":"?????????","Town":"??","StateOrProvince":"","Postcode":"213300","CountryID":50,"Latitude":31.416911,"Longitude":119.484211,"ContactTelephone1":"","RelatedURL":"http://carstations.com/30197","DistanceUnit":0},"OperatorID":1,"DataProviderID":15,"UsageTypeID":1,"StatusTypeID":0,"Connections":[{"ID":19008,"ConnectionTypeID":1,"Reference":"J1772","LevelID":2,"Quantity":1}]},{"ID":18774,"UUID":"39CF44CD-E346-4603-BFFF-98441C66E17B","NumberOfPoints":1,"AddressInfo":{"ID":19119,"Title":"?????????????7","AddressLine1":"?????????????7","Town":"????","StateOrProvince":"","Postcode":"243011","CountryID":50,"Latitude":31.67827,"Longitude":118.506641,"ContactTelephone1":"","RelatedURL":"http://carstations.com/30631","DistanceUnit":0},"OperatorID":1,"DataProviderID":15,"UsageTypeID":1,"StatusTypeID":0,"Connections":[{"ID":19007,"ConnectionTypeID":1,"Reference":"J1772","LevelID":2,"Quantity":1}]},{"ID":18773,"UUID":"C4EF35AB-F480-4BCD-A129-A071CDC6E4E8","NumberOfPoints":1,"AddressInfo":{"ID":19118,"Title":"????????????","AddressLine1":"????????????","Town":"??","StateOrProvince":"","Postcode":"200040","CountryID":50,"Latitude":31.187253,"Longitude":121.47686,"ContactTelephone1":"","RelatedURL":"http://carstations.com/30892","DistanceUnit":0},"OperatorID":1,"DataProviderID":15,"UsageTypeID":1,"StatusTypeID":0,"Connections":[{"ID":19006,"ConnectionTypeID":1,"Reference":"J1772","LevelID":2,"Quantity":1}]},{"ID":18772,"UUID":"C1C3E2CD-1733-4C9D-B019-BFC39F6BF29B","NumberOfPoints":1,"AddressInfo":{"ID":19117,"Title":"????????????","AddressLine1":"????????????","Town":"??","StateOrProvince":"","Postcode":"200040","CountryID":50,"Latitude":31.197532,"Longitude":121.486816,"ContactTelephone1":"","RelatedURL":"http://carstations.com/30898","DistanceUnit":0},"OperatorID":1,"DataProviderID":15,"UsageTypeID":1,"StatusTypeID":0,"Connections":[{"ID":19005,"ConnectionTypeID":1,"Reference":"J1772","LevelID":2,"Quantity":1}]},{"ID":18771,"UUID":"C872B3EB-56C1-4354-AFA9-3C7AC75125AA","NumberOfPoints":1,"AddressInfo":{"ID":19116,"Title":"????????????","AddressLine1":"????????????","Town":"??","StateOrProvince":"","Postcode":"200040","CountryID":50,"Latitude":31.20252,"Longitude":121.48098,"ContactTelephone1":"","RelatedURL":"http://carstations.com/30408","DistanceUnit":0},"OperatorID":1,"DataProviderID":15,"UsageTypeID":1,"StatusTypeID":0,"Connections":[{"ID":19004,"ConnectionTypeID":1,"Reference":"J1772","LevelID":2,"Quantity":1}]},{"ID":18770,"UUID":"88CA3D99-C4F3-425E-807A-511C168E9387","NumberOfPoints":1,"AddressInfo":{"ID":19115,"Title":"????????????","AddressLine1":"????????????","Town":"??","StateOrProvince":"","Postcode":"200040","CountryID":50,"Latitude":31.200468,"Longitude":121.492996,"ContactTelephone1":"","RelatedURL":"http://carstations.com/30904","DistanceUnit":0},"OperatorID":1,"DataProviderID":15,"UsageTypeID":1,"StatusTypeID":0,"Connections":[{"ID":19003,"ConnectionTypeID":1,"Reference":"J1772","LevelID":2,"Quantity":1}]},{"ID":18769,"UUID":"9212D3BE-7CDC-4CE5-8A8E-A6342476EC12","NumberOfPoints":1,"AddressInfo":{"ID":19114,"Title":"????????????","AddressLine1":"????????????","Town":"??","StateOrProvince":"","Postcode":"200040","CountryID":50,"Latitude":31.201937,"Longitude":121.488533,"ContactTelephone1":"","RelatedURL":"http://carstations.com/30889","DistanceUnit":0},"OperatorID":1,"DataProviderID":15,"UsageTypeID":1,"StatusTypeID":0,"Connections":[{"ID":19002,"ConnectionTypeID":1,"Reference":"J1772","LevelID":2,"Quantity":1}]},{"ID":18768,"UUID":"21F359CD-12A0-4074-B06C-72C9774B3658","NumberOfPoints":1,"AddressInfo":{"ID":19113,"Title":"????????????","AddressLine1":"????????????","Town":"??","StateOrProvince":"","Postcode":"200040","CountryID":50,"Latitude":31.201643,"Longitude":121.490936,"ContactTelephone1":"","RelatedURL":"http://carstations.com/30907","DistanceUnit":0},"OperatorID":1,"DataProviderID":15,"UsageTypeID":1,"StatusTypeID":0,"Connections":[{"ID":19001,"ConnectionTypeID":1,"Reference":"J1772","LevelID":2,"Quantity":1}]},{"ID":18767,"UUID":"7941F94C-3797-4575-9A8B-FD390F4775F1","NumberOfPoints":1,"AddressInfo":{"ID":19112,"Title":"????????????","AddressLine1":"????????????","Town":"??","StateOrProvince":"","Postcode":"200040","CountryID":50,"Latitude":31.205167,"Longitude":121.49231,"ContactTelephone1":"","RelatedURL":"http://carstations.com/30901","DistanceUnit":0},"OperatorID":1,"DataProviderID":15,"UsageTypeID":1,"StatusTypeID":0,"Connections":[{"ID":19000,"ConnectionTypeID":1,"Reference":"J1772","LevelID":2,"Quantity":1}]},{"ID":18766,"UUID":"7BBEA05E-267C-48EA-911B-C8866EF2959C","NumberOfPoints":1,"AddressInfo":{"ID":19111,"Title":"????????????","AddressLine1":"????????????","Town":"??","StateOrProvince":"","Postcode":"200040","CountryID":50,"Latitude":31.206048,"Longitude":121.496429,"ContactTelephone1":"","RelatedURL":"http://carstations.com/30895","DistanceUnit":0},"OperatorID":1,"DataProviderID":15,"UsageTypeID":1,"StatusTypeID":0,"Connections":[{"ID":18999,"ConnectionTypeID":1,"Reference":"J1772","LevelID":2,"Quantity":1}]},{"ID":18765,"UUID":"65143566-D4D0-42E0-9682-C4F0AB3F167F","NumberOfPoints":1,"AddressInfo":{"ID":19110,"Title":"????????????","AddressLine1":"????????????","Town":"??","StateOrProvince":"","Postcode":"200040","CountryID":50,"Latitude":31.209278,"Longitude":121.49128,"ContactTelephone1":"","RelatedURL":"http://carstations.com/30886","DistanceUnit":0},"OperatorID":1,"DataProviderID":15,"UsageTypeID":1,"StatusTypeID":0,"Connections":[{"ID":18998,"ConnectionTypeID":1,"Reference":"J1772","LevelID":2,"Quantity":1}]},{"ID":18764,"UUID":"E1355BC7-2784-428F-9EEC-578093311BF3","NumberOfPoints":1,"AddressInfo":{"ID":19109,"Title":"????????????","AddressLine1":"????????????","Town":"??","StateOrProvince":"","Postcode":"200040","CountryID":50,"Latitude":31.210452,"Longitude":121.503983,"ContactTelephone1":"","RelatedURL":"http://carstations.com/30910","DistanceUnit":0},"OperatorID":1,"DataProviderID":15,"UsageTypeID":1,"StatusTypeID":0,"Connections":[{"ID":18997,"ConnectionTypeID":1,"Reference":"J1772","LevelID":2,"Quantity":1}]},{"ID":18763,"UUID":"25B720E8-5A33-4949-9EFC-EE543FACB44E","NumberOfPoints":1,"AddressInfo":{"ID":19108,"Title":"?????5387?","AddressLine1":"?????5387?","Town":"??","StateOrProvince":"","Postcode":"200333","CountryID":50,"Latitude":31.248287,"Longitude":121.384485,"ContactTelephone1":"","RelatedURL":"http://carstations.com/30405","DistanceUnit":0},"OperatorID":1,"DataProviderID":15,"UsageTypeID":1,"StatusTypeID":0,"Connections":[{"ID":18996,"ConnectionTypeID":1,"Reference":"J1772","LevelID":2,"Quantity":1}]},{"ID":18762,"UUID":"97D5FDC0-232A-4972-8602-0A145C08353A","NumberOfPoints":1,"AddressInfo":{"ID":19107,"Title":"???????????????","AddressLine1":"???????????????","Town":"??","StateOrProvince":"","Postcode":"210001","CountryID":50,"Latitude":32.022413,"Longitude":118.789415,"ContactTelephone1":"","RelatedURL":"http://carstations.com/30179","DistanceUnit":0},"OperatorID":1,"DataProviderID":1,"UsageTypeID":1,"StatusTypeID":0,"Connections":[{"ID":18995,"ConnectionTypeID":27,"Reference":"J1772","LevelID":2,"Quantity":1}]},{"ID":18761,"UUID":"03604C24-4F79-46D8-8D19-821093CAE1FF","NumberOfPoints":1,"AddressInfo":{"ID":19106,"Title":"?????????","AddressLine1":"?????????","Town":"??","StateOrProvince":"","Postcode":"210000","CountryID":50,"Latitude":32.096168,"Longitude":118.908493,"ContactTelephone1":"","RelatedURL":"http://carstations.com/30188","DistanceUnit":0},"OperatorID":1,"DataProviderID":15,"UsageTypeID":1,"StatusTypeID":0,"Connections":[{"ID":18994,"ConnectionTypeID":1,"Reference":"J1772","LevelID":2,"Quantity":1}]},{"ID":18760,"UUID":"5D8FA8A3-4677-4995-81E4-2F7287441EC4","NumberOfPoints":1,"AddressInfo":{"ID":19105,"Title":"?????????","AddressLine1":"?????????","Town":"??","StateOrProvince":"","Postcode":"214400","CountryID":50,"Latitude":31.920673,"Longitude":120.284946,"ContactTelephone1":"","RelatedURL":"http://carstations.com/30200","DistanceUnit":0},"OperatorID":1,"DataProviderID":15,"UsageTypeID":1,"StatusTypeID":0,"Connections":[{"ID":18993,"ConnectionTypeID":1,"Reference":"J1772","LevelID":2,"Quantity":1}]},{"ID":18759,"UUID":"D71948D8-EABF-40E2-AE00-12F2B9E38688","NumberOfPoints":1,"AddressInfo":{"ID":19104,"Title":"?????????","AddressLine1":"?????????","Town":"??","StateOrProvince":"","Postcode":"710061","CountryID":50,"Latitude":34.197281,"Longitude":108.95692,"ContactTelephone1":"","RelatedURL":"http://carstations.com/30462","DistanceUnit":0},"OperatorID":1,"DataProviderID":15,"UsageTypeID":1,"StatusTypeID":0,"Connections":[{"ID":18992,"ConnectionTypeID":1,"Reference":"J1772","LevelID":2,"Quantity":1}]},{"ID":18758,"UUID":"AC650B45-0083-48A7-BB08-B576C209011B","NumberOfPoints":1,"AddressInfo":{"ID":19103,"Title":"?????????210??","AddressLine1":"?????????210??","Town":"??","StateOrProvince":"","Postcode":"710000","CountryID":50,"Latitude":34.338333,"Longitude":109.073639,"ContactTelephone1":"","RelatedURL":"http://carstations.com/30459","DistanceUnit":0},"OperatorID":1,"DataProviderID":15,"UsageTypeID":1,"StatusTypeID":0,"Connections":[{"ID":18991,"ConnectionTypeID":1,"Reference":"J1772","LevelID":2,"Quantity":1}]},{"ID":18757,"UUID":"D8E815F8-AB01-46A5-95BE-C473400DD60A","NumberOfPoints":1,"AddressInfo":{"ID":19102,"Title":"?????????","AddressLine1":"?????????","Town":"??","StateOrProvince":"","Postcode":"225100","CountryID":50,"Latitude":32.377359,"Longitude":119.398042,"ContactTelephone1":"","RelatedURL":"http://carstations.com/30191","DistanceUnit":0},"OperatorID":1,"DataProviderID":15,"UsageTypeID":1,"StatusTypeID":0,"Connections":[{"ID":18990,"ConnectionTypeID":1,"Reference":"J1772","LevelID":2,"Quantity":1}]},{"ID":18756,"UUID":"6FCFC871-F2D1-431A-B128-FBD936BBB91C","NumberOfPoints":1,"AddressInfo":{"ID":19101,"Title":"?????????????","AddressLine1":"?????????????","Town":"??","StateOrProvince":"","Postcode":"730030","CountryID":50,"Latitude":36.051038,"Longitude":103.83695,"ContactTelephone1":"","RelatedURL":"http://carstations.com/30637","DistanceUnit":0},"OperatorID":1,"DataProviderID":15,"UsageTypeID":1,"StatusTypeID":0,"Connections":[{"ID":18989,"ConnectionTypeID":1,"Reference":"J1772","LevelID":2,"Quantity":1}]},{"ID":18755,"UUID":"B137C7B7-4E95-4CAA-92BD-E7ADFA98FD2C","NumberOfPoints":1,"UsageCost":"","AddressInfo":{"ID":19100,"Title":"????????????","AddressLine1":"????????????","AddressLine2":"","Town":"??","StateOrProvince":"","Postcode":"730030","CountryID":50,"Latitude":36.046687,"Longitude":103.898161,"ContactTelephone1":"","ContactTelephone2":"","ContactEmail":"","AccessComments":"","RelatedURL":"http://carstations.com/30640","DistanceUnit":0},"OperatorID":1,"DataProviderID":1,"UsageTypeID":1,"StatusTypeID":0,"Connections":[{"ID":18988,"ConnectionTypeID":1,"Reference":"J1772","StatusTypeID":0,"LevelID":2,"Quantity":1}]},{"ID":18754,"UUID":"48EA622C-A182-46CE-8EF6-A964EBC63D2B","NumberOfPoints":1,"AddressInfo":{"ID":19099,"Title":"?????????","AddressLine1":"?????????","Town":"??","StateOrProvince":"","Postcode":"224001","CountryID":50,"Latitude":33.3741327,"Longitude":120.2298617,"ContactTelephone1":"","RelatedURL":"http://carstations.com/30182","DistanceUnit":0},"OperatorID":1,"DataProviderID":15,"UsageTypeID":1,"StatusTypeID":0,"Connections":[{"ID":18987,"ConnectionTypeID":1,"Reference":"J1772","LevelID":2,"Quantity":1}]},{"ID":18753,"UUID":"1290D969-E162-4CEF-B80D-5E19F8377E96","NumberOfPoints":2,"AddressInfo":{"ID":19098,"Title":"?????????","AddressLine1":"?????????","Town":"??","StateOrProvince":"","Postcode":"223800","CountryID":50,"Latitude":33.963002,"Longitude":118.241996,"ContactTelephone1":"","RelatedURL":"http://carstations.com/30185","DistanceUnit":0},"OperatorID":1,"DataProviderID":15,"UsageTypeID":1,"StatusTypeID":0,"Connections":[{"ID":18986,"ConnectionTypeID":1,"Reference":"J1772","LevelID":2,"Quantity":1}]},{"ID":18752,"UUID":"C8B69E3D-B8D1-4EE2-805D-571DBCD188E2","NumberOfPoints":1,"AddressInfo":{"ID":19097,"Title":"?????????????12?","AddressLine1":"?????????????12?","Town":"??","StateOrProvince":"","Postcode":"810007","CountryID":50,"Latitude":36.561221,"Longitude":101.873608,"ContactTelephone1":"","RelatedURL":"http://carstations.com/30645","DistanceUnit":0},"OperatorID":1,"DataProviderID":15,"UsageTypeID":1,"StatusTypeID":0,"Connections":[{"ID":18985,"ConnectionTypeID":1,"Reference":"J1772","LevelID":2,"Quantity":1}]},{"ID":18751,"UUID":"1B9D4637-41C8-4E27-BC5C-5CE77C38C7D2","NumberOfPoints":1,"AddressInfo":{"ID":19096,"Title":"?????????????","AddressLine1":"?????????????","Town":"??","StateOrProvince":"","Postcode":"277300","CountryID":50,"Latitude":34.783637,"Longitude":117.569418,"ContactTelephone1":"","RelatedURL":"http://carstations.com/30453","DistanceUnit":0},"OperatorID":1,"DataProviderID":15,"UsageTypeID":1,"StatusTypeID":0,"Connections":[{"ID":18984,"ConnectionTypeID":1,"Reference":"J1772","LevelID":2,"Quantity":1}]},{"ID":18750,"UUID":"D35B7E16-ED2D-454A-B102-1108589FD792","NumberOfPoints":1,"AddressInfo":{"ID":19095,"Title":"????????????","AddressLine1":"????????????","Town":"??","StateOrProvince":"","Postcode":"276004","CountryID":50,"Latitude":35.022933,"Longitude":118.353932,"ContactTelephone1":"","RelatedURL":"http://carstations.com/30249","DistanceUnit":0},"OperatorID":1,"DataProviderID":15,"UsageTypeID":1,"StatusTypeID":0,"Connections":[{"ID":18983,"ConnectionTypeID":1,"Reference":"J1772","LevelID":2,"Quantity":1}]},{"ID":18749,"UUID":"F6E6438B-8F47-41AA-968B-480D397867A2","NumberOfPoints":1,"AddressInfo":{"ID":19094,"Title":"????????????","AddressLine1":"????????????","Town":"??","StateOrProvince":"","Postcode":"276002","CountryID":50,"Latitude":35.024655,"Longitude":118.354254,"ContactTelephone1":"","RelatedURL":"http://carstations.com/30246","DistanceUnit":0},"OperatorID":1,"DataProviderID":15,"UsageTypeID":1,"StatusTypeID":0,"Connections":[{"ID":18982,"ConnectionTypeID":1,"Reference":"J1772","LevelID":2,"Quantity":1}]},{"ID":18748,"UUID":"EDCAD7CC-D6CB-4B61-B232-88A6D7E9DA06","NumberOfPoints":1,"AddressInfo":{"ID":19093,"Title":"????????????","AddressLine1":"????????????","Town":"??","StateOrProvince":"","Postcode":"276023","CountryID":50,"Latitude":35.012564,"Longitude":118.418541,"ContactTelephone1":"","RelatedURL":"http://carstations.com/30243","DistanceUnit":0},"OperatorID":1,"DataProviderID":15,"UsageTypeID":1,"StatusTypeID":0,"Connections":[{"ID":18981,"ConnectionTypeID":1,"Reference":"J1772","LevelID":2,"Quantity":1}]},{"ID":18747,"UUID":"DF0E07FD-4026-413C-B023-61E92B933398","NumberOfPoints":1,"AddressInfo":{"ID":19092,"Title":"????????????","AddressLine1":"????????????","Town":"??","StateOrProvince":"","Postcode":"276023","CountryID":50,"Latitude":35.039273,"Longitude":118.407211,"ContactTelephone1":"","RelatedURL":"http://carstations.com/30456","DistanceUnit":0},"OperatorID":1,"DataProviderID":15,"UsageTypeID":1,"StatusTypeID":0,"Connections":[{"ID":18980,"ConnectionTypeID":1,"Reference":"J1772","LevelID":2,"Quantity":1}]},{"ID":18746,"UUID":"01EAB40F-28AD-45EE-87DF-E2A08C9E71E4","NumberOfPoints":1,"AddressInfo":{"ID":19091,"Title":"????????????","AddressLine1":"????????????","Town":"??","StateOrProvince":"","Postcode":"250300","CountryID":50,"Latitude":36.53864,"Longitude":116.80016,"ContactTelephone1":"","RelatedURL":"http://carstations.com/30231","DistanceUnit":0},"OperatorID":1,"DataProviderID":15,"UsageTypeID":1,"StatusTypeID":0,"Connections":[{"ID":18979,"ConnectionTypeID":1,"Reference":"J1772","LevelID":2,"Quantity":1}]},{"ID":18745,"UUID":"E5698D42-710B-4A02-A75C-4394698D773C","NumberOfPoints":1,"AddressInfo":{"ID":19090,"Title":"????????????","AddressLine1":"????????????","Town":"??","StateOrProvince":"","Postcode":"250022","CountryID":50,"Latitude":36.61787,"Longitude":116.957188,"ContactTelephone1":"","RelatedURL":"http://carstations.com/30444","DistanceUnit":0},"OperatorID":1,"DataProviderID":15,"UsageTypeID":1,"StatusTypeID":0,"Connections":[{"ID":18978,"ConnectionTypeID":1,"Reference":"J1772","LevelID":2,"Quantity":1}]},{"ID":18743,"UUID":"701AA0A5-353F-433E-92F7-5BD943D3B0DF","NumberOfPoints":1,"AddressInfo":{"ID":19088,"Title":"?????????????","AddressLine1":"?????????????","Town":"??","StateOrProvince":"","Postcode":"250012","CountryID":50,"Latitude":36.67255,"Longitude":117.009201,"ContactTelephone1":"","RelatedURL":"http://carstations.com/30447","DistanceUnit":0},"OperatorID":1,"DataProviderID":15,"UsageTypeID":1,"StatusTypeID":0,"Connections":[{"ID":18976,"ConnectionTypeID":1,"Reference":"J1772","LevelID":2,"Quantity":1}]},{"ID":18742,"UUID":"5EEF091C-FA01-4272-895D-F9CC254D313B","NumberOfPoints":1,"AddressInfo":{"ID":19087,"Title":"????????????????1056","AddressLine1":"????????????????1056","Town":"??","StateOrProvince":"","Postcode":"250299","CountryID":50,"Latitude":36.709371,"Longitude":117.548325,"ContactTelephone1":"","RelatedURL":"http://carstations.com/30441","DistanceUnit":0},"OperatorID":1,"DataProviderID":15,"UsageTypeID":1,"StatusTypeID":0,"Connections":[{"ID":18975,"ConnectionTypeID":1,"Reference":"J1772","LevelID":2,"Quantity":1}]},{"ID":18741,"UUID":"87206385-BFE6-45CA-9DDA-74B4B65BDE31","NumberOfPoints":1,"AddressInfo":{"ID":19086,"Title":"????????????42?","AddressLine1":"????????????42?","Town":"???","StateOrProvince":"","Postcode":"30604","CountryID":50,"Latitude":37.704845,"Longitude":112.733449,"ContactTelephone1":"","RelatedURL":"http://carstations.com/30601","DistanceUnit":0},"OperatorID":1,"DataProviderID":15,"UsageTypeID":1,"StatusTypeID":0,"Connections":[{"ID":18974,"ConnectionTypeID":1,"Reference":"J1772","LevelID":2,"Quantity":1}]},{"ID":18740,"UUID":"B911A95D-D022-4049-947A-BE6FE14ED2CC","NumberOfPoints":1,"AddressInfo":{"ID":19085,"Title":"????????????149?-4","AddressLine1":"????????????149?-4","Town":"??","StateOrProvince":"","Postcode":"255300","CountryID":50,"Latitude":36.800059,"Longitude":117.848861,"ContactTelephone1":"","RelatedURL":"http://carstations.com/30450","DistanceUnit":0},"OperatorID":1,"DataProviderID":15,"UsageTypeID":1,"StatusTypeID":0,"Connections":[{"ID":18973,"ConnectionTypeID":1,"Reference":"J1772","LevelID":2,"Quantity":1}]},{"ID":18739,"UUID":"CE180BE7-C055-43B0-BA77-5764CA7D3FEF","NumberOfPoints":1,"AddressInfo":{"ID":19084,"Title":"????????????","AddressLine1":"????????????","Town":"??","StateOrProvince":"","Postcode":"255020","CountryID":50,"Latitude":36.772924,"Longitude":118.084574,"ContactTelephone1":"","RelatedURL":"http://carstations.com/30237","DistanceUnit":0},"OperatorID":1,"DataProviderID":15,"UsageTypeID":1,"StatusTypeID":0,"Connections":[{"ID":18972,"ConnectionTypeID":1,"Reference":"J1772","LevelID":2,"Quantity":1}]},{"ID":18738,"UUID":"C42C8D22-100B-4984-8762-569EE08794F4","NumberOfPoints":1,"AddressInfo":{"ID":19083,"Title":"?????????????","AddressLine1":"?????????????","Town":"??","StateOrProvince":"","Postcode":"255300","CountryID":50,"Latitude":36.811209,"Longitude":118.02372,"ContactTelephone1":"","RelatedURL":"http://carstations.com/30234","DistanceUnit":0},"OperatorID":1,"DataProviderID":15,"UsageTypeID":1,"StatusTypeID":0,"Connections":[{"ID":18971,"ConnectionTypeID":1,"Reference":"J1772","LevelID":2,"Quantity":1}]},{"ID":18737,"UUID":"C7D4E969-9D5E-40E5-990B-F7A5E643E5B8","NumberOfPoints":1,"AddressInfo":{"ID":19082,"Title":"?????????","AddressLine1":"?????????","Town":"??","StateOrProvince":"","Postcode":"256400","CountryID":50,"Latitude":36.956888,"Longitude":118.099594,"ContactTelephone1":"","RelatedURL":"http://carstations.com/30240","DistanceUnit":0},"OperatorID":1,"DataProviderID":15,"UsageTypeID":1,"StatusTypeID":0,"Connections":[{"ID":18970,"ConnectionTypeID":1,"Reference":"J1772","LevelID":2,"Quantity":1}]},{"ID":18736,"UUID":"BBF6B2F4-CCAE-46B1-BF3A-AB717827AADB","NumberOfPoints":1,"AddressInfo":{"ID":19081,"Title":"?????????????","AddressLine1":"?????????????","Town":"????","StateOrProvince":"","Postcode":"50030","CountryID":50,"Latitude":38.011701,"Longitude":114.575547,"ContactTelephone1":"","RelatedURL":"http://carstations.com/30588","DistanceUnit":0},"OperatorID":1,"DataProviderID":15,"UsageTypeID":1,"StatusTypeID":0,"Connections":[{"ID":18969,"ConnectionTypeID":1,"Reference":"J1772","LevelID":2,"Quantity":1}]},{"ID":18735,"UUID":"A32D5D7C-7C1E-46A7-8D27-D2D2354FE4B3","NumberOfPoints":1,"AddressInfo":{"ID":19080,"Title":"?????????????","AddressLine1":"?????????????","Town":"????","StateOrProvince":"","Postcode":"50030","CountryID":50,"Latitude":38.01231,"Longitude":114.575644,"ContactTelephone1":"","RelatedURL":"http://carstations.com/30591","DistanceUnit":0},"OperatorID":1,"DataProviderID":15,"UsageTypeID":1,"StatusTypeID":0,"Connections":[{"ID":18968,"ConnectionTypeID":1,"Reference":"J1772","LevelID":2,"Quantity":1}]},{"ID":18734,"UUID":"15C7449D-E105-47A1-8C1B-4DF8F614DD41","NumberOfPoints":1,"AddressInfo":{"ID":19079,"Title":"????????????","AddressLine1":"????????????","Town":"???","StateOrProvince":"","Postcode":"34099","CountryID":50,"Latitude":38.456433,"Longitude":112.732354,"ContactTelephone1":"","RelatedURL":"http://carstations.com/30610","DistanceUnit":0},"OperatorID":1,"DataProviderID":15,"UsageTypeID":1,"StatusTypeID":0,"Connections":[{"ID":18967,"ConnectionTypeID":1,"Reference":"J1772","LevelID":2,"Quantity":1}]},{"ID":18733,"UUID":"632D54A1-EA31-417B-898E-41E01D9B4022","NumberOfPoints":1,"AddressInfo":{"ID":19078,"Title":"?????????","AddressLine1":"?????????","Town":"???","StateOrProvince":"","Postcode":"35502","CountryID":50,"Latitude":38.92383,"Longitude":113.66438,"ContactTelephone1":"","RelatedURL":"http://carstations.com/30604","DistanceUnit":0},"OperatorID":1,"DataProviderID":15,"UsageTypeID":1,"StatusTypeID":0,"Connections":[{"ID":18966,"ConnectionTypeID":1,"Reference":"J1772","LevelID":2,"Quantity":1}]},{"ID":18732,"UUID":"EC6B37F4-5BBE-4FA9-8709-DF1E1C1D0D4A","NumberOfPoints":1,"AddressInfo":{"ID":19077,"Title":"?????????????","AddressLine1":"?????????????","Town":"??","StateOrProvince":"","Postcode":"300381","CountryID":50,"Latitude":39.092499,"Longitude":117.175155,"ContactTelephone1":"","RelatedURL":"http://carstations.com/30474","DistanceUnit":0},"OperatorID":1,"DataProviderID":15,"UsageTypeID":1,"StatusTypeID":0,"Connections":[{"ID":18965,"ConnectionTypeID":1,"Reference":"J1772","LevelID":2,"Quantity":1}]},{"ID":18731,"UUID":"613028AE-5AD2-41A5-A78A-87D127D5E118","NumberOfPoints":1,"AddressInfo":{"ID":19076,"Title":"?????????","AddressLine1":"?????????","Town":"??","StateOrProvince":"","Postcode":"300380","CountryID":50,"Latitude":39.137467,"Longitude":117.024672,"ContactTelephone1":"","RelatedURL":"http://carstations.com/30465","DistanceUnit":0},"OperatorID":1,"DataProviderID":15,"UsageTypeID":1,"StatusTypeID":0,"Connections":[{"ID":18964,"ConnectionTypeID":1,"Reference":"J1772","LevelID":2,"Quantity":1}]},{"ID":18730,"UUID":"E8800566-5239-4A6D-A55C-F7DCF01A814A","NumberOfPoints":1,"AddressInfo":{"ID":19075,"Title":"????????","AddressLine1":"????????","Town":"??","StateOrProvince":"","Postcode":"300150","CountryID":50,"Latitude":39.151789,"Longitude":117.220382,"ContactTelephone1":"","RelatedURL":"http://carstations.com/30477","DistanceUnit":0},"OperatorID":1,"DataProviderID":15,"UsageTypeID":1,"StatusTypeID":0,"Connections":[{"ID":18963,"ConnectionTypeID":1,"Reference":"J1772","LevelID":2,"Quantity":1}]},{"ID":18729,"UUID":"B365F618-B2F5-472D-A04F-D2CBE863B903","NumberOfPoints":1,"AddressInfo":{"ID":19074,"Title":"??????????","AddressLine1":"??????????","Town":"??","StateOrProvince":"","Postcode":"300457","CountryID":50,"Latitude":39.073294,"Longitude":117.642181,"ContactTelephone1":"","RelatedURL":"http://carstations.com/30483","DistanceUnit":0},"OperatorID":1,"DataProviderID":15,"UsageTypeID":1,"StatusTypeID":0,"Connections":[{"ID":18962,"ConnectionTypeID":1,"Reference":"J1772","LevelID":2,"Quantity":1}]},{"ID":18728,"UUID":"B71061B4-D946-46C9-99E4-1D3C1DFEF979","NumberOfPoints":1,"AddressInfo":{"ID":19073,"Title":"???????","AddressLine1":"???????","Town":"??","StateOrProvince":"","Postcode":"300141","CountryID":50,"Latitude":39.184967,"Longitude":117.172966,"ContactTelephone1":"","RelatedURL":"http://carstations.com/30471","DistanceUnit":0},"OperatorID":1,"DataProviderID":15,"UsageTypeID":1,"StatusTypeID":0,"Connections":[{"ID":18961,"ConnectionTypeID":1,"Reference":"J1772","LevelID":2,"Quantity":1}]},{"ID":18727,"UUID":"7DED61D5-AE87-4A6A-8640-F45ED9A50437","NumberOfPoints":1,"AddressInfo":{"ID":19072,"Title":"???????","AddressLine1":"???????","Town":"??","StateOrProvince":"","Postcode":"300141","CountryID":50,"Latitude":39.186032,"Longitude":117.174125,"ContactTelephone1":"","RelatedURL":"http://carstations.com/30468","DistanceUnit":0},"OperatorID":1,"DataProviderID":15,"UsageTypeID":1,"StatusTypeID":0,"Connections":[{"ID":18960,"ConnectionTypeID":1,"Reference":"J1772","LevelID":2,"Quantity":1}]},{"ID":18726,"UUID":"B8559AF3-9F44-458D-9234-306FCC369F49","NumberOfPoints":1,"AddressInfo":{"ID":19071,"Title":"???????","AddressLine1":"???????","Town":"??","StateOrProvince":"","Postcode":"300457","CountryID":50,"Latitude":39.119407,"Longitude":117.760563,"ContactTelephone1":"","RelatedURL":"http://carstations.com/30480","DistanceUnit":0},"OperatorID":1,"DataProviderID":15,"UsageTypeID":1,"StatusTypeID":0,"Connections":[{"ID":18959,"ConnectionTypeID":1,"Reference":"J1772","LevelID":2,"Quantity":1}]},{"ID":18725,"UUID":"AB331CEE-F402-42BE-8B81-B1247ED70B6A","NumberOfPoints":1,"AddressInfo":{"ID":19070,"Title":"??????????","AddressLine1":"??????????","Town":"??","StateOrProvince":"","Postcode":"101111","CountryID":50,"Latitude":39.822776,"Longitude":116.552925,"ContactTelephone1":"","RelatedURL":"http://carstations.com/30426","DistanceUnit":0},"OperatorID":1,"DataProviderID":15,"UsageTypeID":1,"StatusTypeID":0,"Connections":[{"ID":18958,"ConnectionTypeID":1,"Reference":"J1772","LevelID":2,"Quantity":1}]},{"ID":18724,"UUID":"1B234A91-84CC-48F3-ADEC-6593A919E86D","NumberOfPoints":1,"AddressInfo":{"ID":19069,"Title":"?????????","AddressLine1":"?????????","Town":"??","StateOrProvince":"","Postcode":"100023","CountryID":50,"Latitude":39.868773,"Longitude":116.440637,"ContactTelephone1":"","RelatedURL":"http://carstations.com/30429","DistanceUnit":0},"OperatorID":1,"DataProviderID":15,"UsageTypeID":1,"StatusTypeID":0,"Connections":[{"ID":18957,"ConnectionTypeID":1,"Reference":"J1772","LevelID":2,"Quantity":1}]},{"ID":18723,"UUID":"C86B9441-AD52-4416-A0FE-3DA59B999F57","NumberOfPoints":1,"AddressInfo":{"ID":19068,"Title":"??????????","AddressLine1":"??????????","Town":"??","StateOrProvince":"","Postcode":"100021","CountryID":50,"Latitude":39.901309,"Longitude":116.286507,"ContactTelephone1":"","RelatedURL":"http://carstations.com/30435","DistanceUnit":0},"OperatorID":1,"DataProviderID":15,"UsageTypeID":1,"StatusTypeID":0,"Connections":[{"ID":18956,"ConnectionTypeID":1,"Reference":"J1772","LevelID":2,"Quantity":1}]},{"ID":18722,"UUID":"85C34E83-149C-4A52-B6A0-3061686E83C9","NumberOfPoints":1,"AddressInfo":{"ID":19067,"Title":"???????????","AddressLine1":"???????????","Town":"??","StateOrProvince":"","Postcode":"100023","CountryID":50,"Latitude":39.870486,"Longitude":116.489067,"ContactTelephone1":"","RelatedURL":"http://carstations.com/30225","DistanceUnit":0},"OperatorID":1,"DataProviderID":15,"UsageTypeID":1,"StatusTypeID":0,"Connections":[{"ID":18955,"ConnectionTypeID":1,"Reference":"J1772","LevelID":2,"Quantity":1}]},{"ID":18721,"UUID":"20DDC385-0B70-4348-B5C1-5E36FB5C4148","NumberOfPoints":1,"AddressInfo":{"ID":19066,"Title":"?????????","AddressLine1":"?????????","Town":"??","StateOrProvince":"","Postcode":"100078","CountryID":50,"Latitude":39.883923,"Longitude":116.441345,"ContactTelephone1":"","RelatedURL":"http://carstations.com/30420","DistanceUnit":0},"OperatorID":1,"DataProviderID":15,"UsageTypeID":1,"StatusTypeID":0,"Connections":[{"ID":18954,"ConnectionTypeID":1,"Reference":"J1772","LevelID":2,"Quantity":1}]},{"ID":18720,"UUID":"584B1CF9-066E-45C2-80F3-493F551358E1","NumberOfPoints":1,"AddressInfo":{"ID":19065,"Title":"?????????????","AddressLine1":"?????????????","Town":"??","StateOrProvince":"","Postcode":"100036","CountryID":50,"Latitude":39.933433,"Longitude":116.314316,"ContactTelephone1":"","RelatedURL":"http://carstations.com/30219","DistanceUnit":0},"OperatorID":1,"DataProviderID":15,"UsageTypeID":1,"StatusTypeID":0,"Connections":[{"ID":18953,"ConnectionTypeID":1,"Reference":"J1772","LevelID":2,"Quantity":1}]},{"ID":18719,"UUID":"FBCA1057-804D-41DE-A452-90349E301673","NumberOfPoints":1,"AddressInfo":{"ID":19064,"Title":"???????????","AddressLine1":"???????????","Town":"??","StateOrProvince":"","Postcode":"100044","CountryID":50,"Latitude":39.959228,"Longitude":116.345901,"ContactTelephone1":"","RelatedURL":"http://carstations.com/30417","DistanceUnit":0},"OperatorID":1,"DataProviderID":15,"UsageTypeID":1,"StatusTypeID":0,"Connections":[{"ID":18952,"ConnectionTypeID":1,"Reference":"J1772","LevelID":2,"Quantity":1}]},{"ID":18718,"UUID":"F5C82675-D1BF-4A1C-A3EE-33B72360A7AB","NumberOfPoints":1,"AddressInfo":{"ID":19063,"Title":"???????????","AddressLine1":"???????????","Town":"??","StateOrProvince":"","Postcode":"100044","CountryID":50,"Latitude":39.960807,"Longitude":116.341782,"ContactTelephone1":"","RelatedURL":"http://carstations.com/30216","DistanceUnit":0},"OperatorID":1,"DataProviderID":15,"UsageTypeID":1,"StatusTypeID":0,"Connections":[{"ID":18951,"ConnectionTypeID":1,"Reference":"J1772","LevelID":2,"Quantity":1}]},{"ID":18717,"UUID":"4D6F1C41-23D4-4793-80D4-86A9A79E1298","NumberOfPoints":1,"AddressInfo":{"ID":19062,"Title":"??????????","AddressLine1":"??????????","Town":"???","StateOrProvince":"","Postcode":"63013","CountryID":50,"Latitude":39.595289,"Longitude":118.164074,"ContactTelephone1":"","RelatedURL":"http://carstations.com/30595","DistanceUnit":0},"OperatorID":1,"DataProviderID":15,"UsageTypeID":1,"StatusTypeID":0,"Connections":[{"ID":18950,"ConnectionTypeID":1,"Reference":"J1772","LevelID":2,"Quantity":1}]},{"ID":18716,"UUID":"105A005C-DA74-4F80-88C7-A0F2B099AE36","NumberOfPoints":1,"AddressInfo":{"ID":19061,"Title":"??????5?","AddressLine1":"??????5?","Town":"??","StateOrProvince":"","Postcode":"100029","CountryID":50,"Latitude":39.974226,"Longitude":116.401176,"ContactTelephone1":"","RelatedURL":"http://carstations.com/30423","DistanceUnit":0},"OperatorID":1,"DataProviderID":15,"UsageTypeID":1,"StatusTypeID":0,"Connections":[{"ID":18949,"ConnectionTypeID":1,"Reference":"J1772","LevelID":2,"Quantity":1}]},{"ID":18715,"UUID":"DF3E70F7-D2F6-43DF-8C6B-9B7A3B11DDF2","NumberOfPoints":1,"AddressInfo":{"ID":19060,"Title":"?????????","AddressLine1":"?????????","Town":"??","StateOrProvince":"","Postcode":"100101","CountryID":50,"Latitude":39.99458,"Longitude":116.375813,"ContactTelephone1":"","RelatedURL":"http://carstations.com/30228","DistanceUnit":0},"OperatorID":1,"DataProviderID":15,"UsageTypeID":1,"StatusTypeID":0,"Connections":[{"ID":18948,"ConnectionTypeID":1,"Reference":"J1772","LevelID":2,"Quantity":1}]},{"ID":18714,"UUID":"95C79C94-58B7-4926-9E30-823CD7316173","NumberOfPoints":1,"AddressInfo":{"ID":19059,"Title":"????????????","AddressLine1":"????????????","Town":"??","StateOrProvince":"","Postcode":"100029","CountryID":50,"Latitude":39.99343,"Longitude":116.416283,"ContactTelephone1":"","RelatedURL":"http://carstations.com/30222","DistanceUnit":0},"OperatorID":1,"DataProviderID":15,"UsageTypeID":1,"StatusTypeID":0,"Connections":[{"ID":18947,"ConnectionTypeID":1,"Reference":"J1772","LevelID":2,"Quantity":1}]},{"ID":18713,"UUID":"6A1A00DF-DB1D-452D-9771-55BFE7E1E9F4","NumberOfPoints":1,"AddressInfo":{"ID":19058,"Title":"??????????","AddressLine1":"??????????","Town":"??","StateOrProvince":"","Postcode":"100101","CountryID":50,"Latitude":40.000662,"Longitude":116.419201,"ContactTelephone1":"","RelatedURL":"http://carstations.com/30432","DistanceUnit":0},"OperatorID":1,"DataProviderID":15,"UsageTypeID":1,"StatusTypeID":0,"Connections":[{"ID":18946,"ConnectionTypeID":1,"Reference":"J1772","LevelID":2,"Quantity":1}]},{"ID":18712,"UUID":"6DCA4212-E1B7-4A0B-B6F5-845695826FF6","NumberOfPoints":1,"AddressInfo":{"ID":19057,"Title":"?????????","AddressLine1":"?????????","Town":"??","StateOrProvince":"","Postcode":"100192","CountryID":50,"Latitude":40.010787,"Longitude":116.376801,"ContactTelephone1":"","RelatedURL":"http://carstations.com/30414","DistanceUnit":0},"OperatorID":1,"DataProviderID":15,"UsageTypeID":1,"StatusTypeID":0,"Connections":[{"ID":18945,"ConnectionTypeID":1,"Reference":"J1772","LevelID":2,"Quantity":1}]},{"ID":18711,"UUID":"AC730BD9-FEAF-4A60-9C3B-272C648F78DE","NumberOfPoints":1,"AddressInfo":{"ID":19056,"Title":"?????????????385?","AddressLine1":"?????????????385?","Town":"???","StateOrProvince":"","Postcode":"116021","CountryID":50,"Latitude":38.909202,"Longitude":121.593246,"ContactTelephone1":"","RelatedURL":"http://carstations.com/30399","DistanceUnit":0},"OperatorID":1,"DataProviderID":15,"UsageTypeID":1,"StatusTypeID":0,"Connections":[{"ID":18944,"ConnectionTypeID":1,"Reference":"J1772","LevelID":2,"Quantity":1}]},{"ID":18710,"UUID":"450B643D-78F2-4AAA-9E39-B7E2A46282E3","NumberOfPoints":1,"AddressInfo":{"ID":19055,"Title":"??????????","AddressLine1":"??????????","Town":"???","StateOrProvince":"","Postcode":"116000","CountryID":50,"Latitude":38.957273,"Longitude":121.524239,"ContactTelephone1":"","RelatedURL":"http://carstations.com/30206","DistanceUnit":0},"OperatorID":1,"DataProviderID":15,"UsageTypeID":1,"StatusTypeID":0,"Connections":[{"ID":18943,"ConnectionTypeID":1,"Reference":"J1772","LevelID":2,"Quantity":1}]},{"ID":18709,"UUID":"9F1E1429-73B8-4F7C-B08A-6756CF03D538","NumberOfPoints":1,"AddressInfo":{"ID":19054,"Title":"????????????","AddressLine1":"????????????","Town":"???","StateOrProvince":"","Postcode":"116033","CountryID":50,"Latitude":38.963146,"Longitude":121.528702,"ContactTelephone1":"","RelatedURL":"http://carstations.com/30209","DistanceUnit":0},"OperatorID":1,"DataProviderID":15,"UsageTypeID":1,"StatusTypeID":0,"Connections":[{"ID":18942,"ConnectionTypeID":1,"Reference":"J1772","LevelID":2,"Quantity":1}]},{"ID":18708,"UUID":"08873BAA-71D4-488F-8CCA-AA53C30B3655","NumberOfPoints":1,"AddressInfo":{"ID":19053,"Title":"?????????????16?","AddressLine1":"?????????????16?","Town":"???","StateOrProvince":"","Postcode":"116032","CountryID":50,"Latitude":38.961628,"Longitude":121.58756,"ContactTelephone1":"","RelatedURL":"http://carstations.com/30396","DistanceUnit":0},"OperatorID":1,"DataProviderID":15,"UsageTypeID":1,"StatusTypeID":0,"Connections":[{"ID":18941,"ConnectionTypeID":1,"Reference":"J1772","LevelID":2,"Quantity":1}]},{"ID":18707,"UUID":"C11A834F-A9B3-41FD-BB7C-C0EEAF7C6F30","NumberOfPoints":1,"AddressInfo":{"ID":19052,"Title":"??????????????20?","AddressLine1":"??????????????20?","Town":"???","StateOrProvince":"","Postcode":"121001","CountryID":50,"Latitude":41.12178,"Longitude":121.165466,"ContactTelephone1":"","RelatedURL":"http://carstations.com/30402","DistanceUnit":0},"OperatorID":1,"DataProviderID":15,"UsageTypeID":1,"StatusTypeID":0,"Connections":[{"ID":18940,"ConnectionTypeID":1,"Reference":"J1772","LevelID":2,"Quantity":1}]},{"ID":18706,"UUID":"AED5025F-2CED-4821-B376-F5C0519F3609","NumberOfPoints":1,"AddressInfo":{"ID":19051,"Title":"?????????","AddressLine1":"?????????","Town":"???","StateOrProvince":"","Postcode":"130000","CountryID":50,"Latitude":43.799474,"Longitude":125.242252,"ContactTelephone1":"","RelatedURL":"http://carstations.com/30203","DistanceUnit":0},"OperatorID":1,"DataProviderID":15,"UsageTypeID":1,"StatusTypeID":0,"Connections":[{"ID":18939,"ConnectionTypeID":1,"Reference":"J1772","LevelID":2,"Quantity":1}]},{"ID":18705,"UUID":"908EC591-0E8C-4456-8D99-A8D72F3D1423","NumberOfPoints":1,"AddressInfo":{"ID":19050,"Title":"???????","AddressLine1":"???????","Town":"???","StateOrProvince":"","Postcode":"150086","CountryID":50,"Latitude":45.683218,"Longitude":126.621723,"ContactTelephone1":"","RelatedURL":"http://carstations.com/30270","DistanceUnit":0},"OperatorID":1,"DataProviderID":15,"UsageTypeID":1,"StatusTypeID":0,"Connections":[{"ID":18938,"ConnectionTypeID":1,"Reference":"J1772","LevelID":2,"Quantity":1}]},{"ID":15566,"UUID":"BC0B392A-FB98-4818-85DD-E27DC8EAE4FB","NumberOfPoints":2,"UsageCost":"Included in parking charge. Spend 150 HKD, one hour free, spend 300 HKD, 2 hours free","DateLastConfirmed":"2011-05-21T00:00:00Z","AddressInfo":{"ID":15911,"Title":"On Shing Street","AddressLine1":"On Shing Street","AddressLine2":"Wu Kai Sha","Town":"New Territories","StateOrProvince":"Hong Kong","Postcode":"NT","CountryID":50,"Latitude":22.42426863009452,"Longitude":114.23319232463837,"ContactTelephone1":"2630 5693","AccessComments":"There are TWO entries for this car park, right next to each other. Choose the FIRST and smaller one, \"Sunshine City Phase 4\" with \"Hourly carpark\", do NOT enter the next one, \"Loading and unloading zone\". Call the number 2630 5693 a few minutes before entering, and a parking staff will go to the spot to unlock the charger. The first level you enter is the level where the EV chargers are, spot 229 and 230 (level 1).","DistanceUnit":0},"OperatorID":1,"DataProviderID":1,"UsageTypeID":1,"StatusTypeID":50,"Connections":[{"ID":13883,"ConnectionTypeID":3,"StatusTypeID":50,"LevelID":2,"Amps":13,"Voltage":210,"PowerKW":2.7,"CurrentTypeID":10,"Quantity":2}],"UserComments":[{"ID":13790,"ChargePointID":15566,"CommentTypeID":100,"UserName":"74pilot","Comment":"Please correct the notes: The 2 X 2kW (13A) chargers are CLOSED. A new one is installed, ChaDeMo/CCS/Type-2 IEC (triple standard CLP charger). 4 spots are reserved for EVs, although only three can plug in and two charge (1 DC and 1 AC)","Rating":5,"DateCreated":"2016-07-10T11:24:39.547Z","User":{"ID":3420,"Username":"74pilot"},"CheckinStatusTypeID":15}],"MediaItems":[{"ID":7735,"ChargePointID":15566,"ItemURL":"https://media.openchargemap.io/images/CN/OCM15566/OCM-15566.orig.2016071011211811.jpeg","ItemThumbnailURL":"https://media.openchargemap.io/images/CN/OCM15566/OCM-15566.thmb.2016071011211811.jpeg","Comment":"New charger installed. Triple standard CLP, ChaDeMo/CCS/3-phase 43A. Near the exit","IsEnabled":true,"IsVideo":false,"IsFeaturedItem":false,"IsExternalResource":false,"User":{"ID":3420,"Username":"74pilot"},"DateCreated":"2016-07-10T11:22:00Z"}]}]