[{"ID":312950,"UUID":"3124703F-B5BB-47BC-B8BE-04099DCC61C2","NumberOfPoints":1,"UsageCost":"500 ID per kw/h","AddressInfo":{"ID":313339,"Title":"Kvolt","AddressLine1":"100m street close to the Airport inside Kurdneft petrol station, Erbil","Town":"Erbil","StateOrProvince":"Erbil","CountryID":109,"Latitude":36.22078088894973,"Longitude":43.99077273773344,"ContactTelephone1":"0751 812 3425","DistanceUnit":0},"OperatorID":1,"DataProviderID":1,"UsageTypeID":4,"StatusTypeID":50,"Connections":[{"ID":603016,"ConnectionTypeID":0,"StatusTypeID":50,"LevelID":3,"PowerKW":120,"CurrentTypeID":30,"Quantity":1}]},{"ID":304865,"UUID":"74869202-AB90-47D3-9F6E-6488A950F777","NumberOfPoints":1,"UsageCost":"none","AddressInfo":{"ID":305254,"Title":"شەقامی کەرکووک","AddressLine1":"شەقامی کەرکووک 124766","StateOrProvince":"پارێزگای ھەولێر","Postcode":"44001","CountryID":109,"Latitude":36.15079955983728,"Longitude":44.01794886880444,"ContactTelephone1":"009647702142222","ContactTelephone2":"009647512142222","AccessComments":"Fully operational , free car charge for Elixir customers ","RelatedURL":"https://elixiriraq.com/","DistanceUnit":0},"OperatorID":3534,"DataProviderID":1,"UsageTypeID":6,"StatusTypeID":50,"Connections":[{"ID":577057,"ConnectionTypeID":1036,"StatusTypeID":50,"LevelID":2,"Amps":32,"Voltage":480,"PowerKW":26.6,"CurrentTypeID":20,"Quantity":1}]}]