[{"ID":175805,"UUID":"E859E4CE-87C2-490A-8910-F4F88BDBA11A","NumberOfPoints":6,"AddressInfo":{"ID":176164,"Title":"Volkswagen Mobility Solutions Kigali","AddressLine1":"KK 3 Rd","Town":"Gasabo","StateOrProvince":"Kigali City","Postcode":"","CountryID":186,"Latitude":-1.9555173392454748,"Longitude":30.15996856219158,"DistanceUnit":0},"OperatorID":1,"DataProviderID":1,"UsageTypeID":4,"StatusTypeID":50,"Connections":[{"ID":273014,"ConnectionTypeID":0,"StatusTypeID":50,"LevelID":2,"PowerKW":11,"CurrentTypeID":20,"Quantity":4},{"ID":273015,"ConnectionTypeID":0,"StatusTypeID":50,"LevelID":3,"PowerKW":50,"CurrentTypeID":30,"Quantity":1}]},{"ID":175804,"UUID":"B4D32C52-855B-4C10-A05D-CDF8E344C196","NumberOfPoints":2,"AddressInfo":{"ID":176163,"Title":"KG 622 Street","AddressLine1":"KG 622 Street","StateOrProvince":"Umujyi wa Kigali","CountryID":186,"Latitude":-1.9559736649230643,"Longitude":30.093412029835463,"DistanceUnit":0},"OperatorID":1,"DataProviderID":1,"UsageTypeID":4,"StatusTypeID":50,"Connections":[{"ID":273012,"ConnectionTypeID":0,"StatusTypeID":50,"LevelID":3,"PowerKW":50,"CurrentTypeID":30,"Quantity":2},{"ID":273013,"ConnectionTypeID":0,"StatusTypeID":50,"LevelID":2,"Amps":16,"Voltage":400,"PowerKW":11,"CurrentTypeID":20,"Quantity":4}]}]