[{"ID":314019,"UUID":"20E47041-D1EA-4954-859B-BF9E5329E17D","AddressInfo":{"ID":314408,"Title":"Airport Peru","AddressLine1":"TEST","Town":"Lima","CountryID":176,"Latitude":-12.02820414,"Longitude":-77.10547138,"DistanceUnit":0},"OperatorID":3843,"DataProviderID":37,"UsageTypeID":4,"StatusTypeID":50,"Connections":[{"ID":604676,"ConnectionTypeID":33,"Reference":"1","StatusTypeID":50,"CurrentTypeID":10,"Quantity":1},{"ID":604677,"ConnectionTypeID":33,"Reference":"2","StatusTypeID":50,"CurrentTypeID":10,"Quantity":1}]},{"ID":309751,"UUID":"204168BF-6234-4DCC-8974-580389667722","AddressInfo":{"ID":310140,"Title":"Jockey Plaza","AddressLine1":"Av. Javier Prado Este 4200, Santiago de Surco de Lima","Town":"Lima","CountryID":176,"Latitude":-12.085396,"Longitude":-76.977608,"DistanceUnit":0},"OperatorID":3843,"DataProviderID":37,"UsageTypeID":4,"StatusTypeID":100,"Connections":[{"ID":595350,"ConnectionTypeID":25,"Reference":"1","StatusTypeID":100,"CurrentTypeID":10,"Quantity":1},{"ID":595351,"ConnectionTypeID":25,"Reference":"2","StatusTypeID":100,"CurrentTypeID":10,"Quantity":1},{"ID":595352,"ConnectionTypeID":25,"Reference":"1","StatusTypeID":100,"CurrentTypeID":10,"Quantity":1},{"ID":595353,"ConnectionTypeID":25,"Reference":"2","StatusTypeID":100,"CurrentTypeID":10,"Quantity":1}]},{"ID":309750,"UUID":"D389AFE5-F122-4305-BE79-218A2D74D41C","AddressInfo":{"ID":310139,"Title":"Los Andes Corporate Services","AddressLine1":"Pje. Calango, San Juan de Miraflores ","Town":"Lima","CountryID":176,"Latitude":-12.17502348,"Longitude":-76.97148346,"DistanceUnit":0},"OperatorID":3843,"DataProviderID":37,"UsageTypeID":4,"StatusTypeID":100,"Connections":[{"ID":595342,"ConnectionTypeID":33,"Reference":"1","StatusTypeID":100,"CurrentTypeID":10,"Quantity":1},{"ID":595343,"ConnectionTypeID":33,"Reference":"2","StatusTypeID":100,"CurrentTypeID":10,"Quantity":1},{"ID":595344,"ConnectionTypeID":25,"Reference":"1","StatusTypeID":100,"CurrentTypeID":10,"Quantity":1},{"ID":595345,"ConnectionTypeID":25,"Reference":"1","StatusTypeID":100,"CurrentTypeID":10,"Quantity":1},{"ID":595346,"ConnectionTypeID":25,"Reference":"1","StatusTypeID":100,"CurrentTypeID":10,"Quantity":1},{"ID":595347,"ConnectionTypeID":25,"Reference":"1","StatusTypeID":100,"CurrentTypeID":10,"Quantity":1},{"ID":595348,"ConnectionTypeID":33,"Reference":"1","StatusTypeID":50,"CurrentTypeID":10,"Quantity":1},{"ID":595349,"ConnectionTypeID":33,"Reference":"1","StatusTypeID":50,"CurrentTypeID":10,"Quantity":1}]},{"ID":297145,"UUID":"33D00B6A-8743-4905-BC3C-976CBAA9CFDD","NumberOfPoints":1,"UsageCost":"If you are a guest 70soles/day, if you dont have a room 100soles/day.","AddressInfo":{"ID":297532,"Title":"Panamericana Sur Km 449","AddressLine1":"El Carmen de Pangaravi","Town":"Nasca","Postcode":"11401","CountryID":176,"Latitude":-14.837592138396483,"Longitude":-74.94561169762716,"ContactTelephone1":"+51 945 534 108","ContactTelephone2":"+51 56 524161","DistanceUnit":0},"OperatorID":3364,"DataProviderID":1,"UsageTypeID":6,"StatusTypeID":50,"Connections":[{"ID":534807,"ConnectionTypeID":1,"StatusTypeID":50,"LevelID":2,"PowerKW":7,"CurrentTypeID":10,"Quantity":1,"Comments":""}]},{"ID":297144,"UUID":"2DBC736F-A157-4A04-9981-A38BF5FC93E9","NumberOfPoints":1,"AddressInfo":{"ID":297531,"Title":"Enel X - Hotel Wilkamayu","AddressLine1":"Av. Confederacion 420","Town":"Sicuani","Postcode":"08254","CountryID":176,"Latitude":-14.26133380199552,"Longitude":-71.22706331233057,"ContactTelephone1":"+5184795264","DistanceUnit":0},"OperatorID":3364,"DataProviderID":1,"UsageTypeID":4,"StatusTypeID":50,"Connections":[{"ID":534806,"ConnectionTypeID":1,"StatusTypeID":50,"LevelID":2,"PowerKW":10,"CurrentTypeID":10,"Quantity":2}]},{"ID":297117,"UUID":"49B8A974-ADB3-467E-AF14-7949B43FAD66","NumberOfPoints":2,"AddressInfo":{"ID":297504,"Title":"Enel X - Terminal terrestre Ayaviri","AddressLine1":"Terminal terrestre Ayaviri","Town":"Ayaviri","Postcode":"21866","CountryID":176,"Latitude":-14.884965460221991,"Longitude":-70.59614036071557,"DistanceUnit":0},"OperatorID":80,"DataProviderID":1,"UsageTypeID":4,"StatusTypeID":50,"Connections":[{"ID":534751,"ConnectionTypeID":1,"StatusTypeID":50,"LevelID":2,"PowerKW":10,"CurrentTypeID":10,"Quantity":2,"Comments":"Type 1 (SAE J1772)"}]},{"ID":297116,"UUID":"76FEB81A-78E6-446E-9507-13204877584D","NumberOfPoints":2,"AddressInfo":{"ID":297503,"Title":"Enel X - Hotel Casa Andina","AddressLine1":"Sesquicentenario 1970","Town":"Puno","Postcode":"21001","CountryID":176,"Latitude":-15.82340248210545,"Longitude":-69.99718651685288,"ContactTelephone1":"+5151363992","AccessComments":"Contact hotel for access availability.","RelatedURL":"https://www.casa-andina.com/es/destinos/puno/hoteles/casa-andina-premium-puno","DistanceUnit":0},"OperatorID":80,"DataProviderID":1,"UsageTypeID":6,"StatusTypeID":50,"Connections":[{"ID":534750,"ConnectionTypeID":1,"StatusTypeID":50,"LevelID":2,"PowerKW":10,"CurrentTypeID":10,"Quantity":2}]}]