[{"ID":291180,"UUID":"02936ABA-7D40-4B69-8B98-B72ADF5E6E41","NumberOfPoints":1,"UsageCost":"£0.311/kWh","AddressInfo":{"ID":291567,"Title":"The Hub","AddressLine1":"Iom Food Park","Town":"Mill Road","StateOrProvince":"Peel","Postcode":"IM5 1TD","CountryID":110,"Latitude":54.220379,"Longitude":-4.699051,"DistanceUnit":0},"OperatorID":3,"DataProviderID":1,"UsageTypeID":4,"StatusTypeID":50,"Connections":[{"ID":515112,"ConnectionTypeID":25,"Reference":"PG-104310","StatusTypeID":50,"LevelID":2,"Amps":32,"Voltage":230,"PowerKW":7,"CurrentTypeID":10,"Quantity":1,"Comments":"Orla-Bret"},{"ID":515113,"ConnectionTypeID":25,"Reference":"PG-104319","StatusTypeID":50,"LevelID":2,"Amps":32,"Voltage":230,"PowerKW":7,"CurrentTypeID":10,"Quantity":1,"Comments":"Yves-Alec"}]},{"ID":289255,"UUID":"51D6E5BB-289F-4CE6-A895-6E61E393FF8D","NumberOfPoints":2,"UsageCost":"£0.311/kWh","AddressInfo":{"ID":289642,"Title":"Central Government Office","AddressLine1":"Finch Road","Town":"Douglas","StateOrProvince":"Isle of Man","Postcode":"IM1 2PT","CountryID":110,"Latitude":54.150832,"Longitude":-4.481289,"DistanceUnit":0},"OperatorID":3,"DataProviderID":1,"UsageTypeID":4,"StatusTypeID":50,"Connections":[{"ID":508074,"ConnectionTypeID":25,"Reference":"PG-404712","StatusTypeID":50,"LevelID":2,"Amps":32,"Voltage":400,"PowerKW":22,"CurrentTypeID":20,"Quantity":2,"Comments":"Enzo-Andy"}]},{"ID":289252,"UUID":"B2C5AC43-0CC3-4B05-A7F9-99F4279371DF","NumberOfPoints":2,"UsageCost":"£0.311/kWh","AddressInfo":{"ID":289639,"Title":"Market Place","AddressLine1":"Peel","Town":"Isle of Man","Postcode":"IM5 1AB","CountryID":110,"Latitude":54.222428,"Longitude":-4.694912,"DistanceUnit":0},"OperatorID":3,"DataProviderID":1,"UsageTypeID":4,"StatusTypeID":50,"Connections":[{"ID":508070,"ConnectionTypeID":25,"Reference":"PG-402328","StatusTypeID":50,"LevelID":2,"Amps":32,"Voltage":230,"PowerKW":7,"CurrentTypeID":10,"Quantity":2,"Comments":"Alma-John"}]},{"ID":288191,"UUID":"9212E2E2-5AA3-4D52-AB6A-4C616CE38459","NumberOfPoints":1,"UsageCost":"£0.385/kWh","AddressInfo":{"ID":288578,"Title":"Shoprite-Derby Road","AddressLine1":"Derby Road","Town":"Peel","Postcode":"IM5 1HP","CountryID":110,"Latitude":54.22231,"Longitude":-4.68776,"DistanceUnit":0},"OperatorID":3,"DataProviderID":1,"UsageTypeID":4,"StatusTypeID":50,"Connections":[{"ID":504825,"ConnectionTypeID":2,"Reference":"veefil-62300541","StatusTypeID":50,"LevelID":3,"PowerKW":75,"CurrentTypeID":30,"Quantity":1,"Comments":"Kiri-Mann"},{"ID":504826,"ConnectionTypeID":33,"Reference":"veefil-62300541","StatusTypeID":50,"LevelID":3,"PowerKW":75,"CurrentTypeID":30,"Quantity":1,"Comments":"Kiri-Mann"}]},{"ID":278705,"UUID":"6353FF0F-3B43-4027-9F5E-E97A1EB4F0F3","NumberOfPoints":2,"UsageCost":"£0.311/kWh","AddressInfo":{"ID":279092,"Title":"The Bowl Car Park","AddressLine1":"Peel Road","Town":"Douglas","Postcode":"IM2 1AD","CountryID":110,"Latitude":54.15057,"Longitude":-4.50008,"DistanceUnit":0},"OperatorID":3,"DataProviderID":1,"UsageTypeID":4,"StatusTypeID":50,"Connections":[{"ID":482316,"ConnectionTypeID":25,"Reference":"PG-404713","StatusTypeID":50,"LevelID":2,"Amps":32,"Voltage":400,"PowerKW":22,"CurrentTypeID":20,"Quantity":2,"Comments":"Tony-Ross"}]},{"ID":266602,"UUID":"8FACEBF2-D7D9-4AE3-9FE5-00A518B28EFB","NumberOfPoints":2,"UsageCost":"£0.311/kWh","AddressInfo":{"ID":266986,"Title":"Ballafletcher Sports Centre","AddressLine1":"Strang","Town":"Douglas","Postcode":"IM4 4RS","CountryID":110,"Latitude":54.170394,"Longitude":-4.505598,"DistanceUnit":0},"OperatorID":3,"DataProviderID":1,"UsageTypeID":4,"StatusTypeID":50,"Connections":[{"ID":453831,"ConnectionTypeID":25,"Reference":"PG-85075","StatusTypeID":50,"LevelID":2,"Amps":32,"Voltage":230,"PowerKW":7,"CurrentTypeID":10,"Quantity":2,"Comments":"Erin-Faye"}]},{"ID":266496,"UUID":"FFB2B567-5414-49AA-B1A4-A5CF2F53149B","NumberOfPoints":2,"UsageCost":"£0.311/kWh","AddressInfo":{"ID":266880,"Title":"East Quay","AddressLine1":"East Quay","Town":"Peel","StateOrProvince":"Isle of Man","Postcode":"IM5 1AR","CountryID":110,"Latitude":54.22305131,"Longitude":-4.69756159,"DistanceUnit":0},"OperatorID":3,"DataProviderID":1,"UsageTypeID":4,"StatusTypeID":50,"Connections":[{"ID":453600,"ConnectionTypeID":25,"Reference":"PG-403207","StatusTypeID":50,"LevelID":2,"Amps":32,"Voltage":230,"PowerKW":7,"CurrentTypeID":10,"Quantity":2,"Comments":"Todd-Bart"},{"ID":453601,"ConnectionTypeID":25,"Reference":"PG-403210","StatusTypeID":50,"LevelID":2,"Amps":32,"Voltage":230,"PowerKW":7,"CurrentTypeID":10,"Quantity":2,"Comments":"Myla-Ruth"}]},{"ID":266470,"UUID":"BBBB3347-39DF-4D29-AABB-79C567B5C393","NumberOfPoints":2,"UsageCost":"£0.311/kWh","AddressInfo":{"ID":266854,"Title":"School Hill","AddressLine1":"Castletown","Town":"Isle of Man","Postcode":"IM9 1LT","CountryID":110,"Latitude":54.07802,"Longitude":-4.65666,"DistanceUnit":0},"OperatorID":3,"DataProviderID":1,"UsageTypeID":4,"StatusTypeID":50,"Connections":[{"ID":453533,"ConnectionTypeID":25,"Reference":"PG-402343","StatusTypeID":50,"LevelID":2,"Amps":32,"Voltage":400,"PowerKW":22,"CurrentTypeID":20,"Quantity":2,"Comments":"Bill-Greg"}]},{"ID":266415,"UUID":"E40018B3-E9C8-4BF3-BD21-E8CD8F67DE9E","NumberOfPoints":2,"UsageCost":"£0.311/kWh","AddressInfo":{"ID":266799,"Title":"Bride Village Car Park","AddressLine1":"Bride","Town":"Isle of Man","Postcode":"IM7 4AT","CountryID":110,"Latitude":54.382153,"Longitude":-4.388656,"DistanceUnit":0},"OperatorID":3,"DataProviderID":1,"UsageTypeID":4,"StatusTypeID":50,"Connections":[{"ID":453371,"ConnectionTypeID":25,"Reference":"PG-402340","StatusTypeID":50,"LevelID":2,"Amps":32,"Voltage":400,"PowerKW":22,"CurrentTypeID":20,"Quantity":2,"Comments":"Lary-Tate"}]},{"ID":262464,"UUID":"0687029E-6949-4D7A-A2E1-1C44F5FD5049","NumberOfPoints":2,"UsageCost":"£0.311/kWh","AddressInfo":{"ID":262848,"Title":"Glen Helen Lodge","AddressLine1":"Glen Helen Lodge","Town":"St JohnÃÂÃÂÃÂÃÂ¢ÃÂÃÂÃÂÃÂÃÂÃÂÃÂÃÂs","Postcode":"IM4 3NP","CountryID":110,"Latitude":54.22583,"Longitude":-4.61722,"DistanceUnit":0},"OperatorID":3,"DataProviderID":1,"UsageTypeID":4,"StatusTypeID":50,"Connections":[{"ID":445178,"ConnectionTypeID":25,"Reference":"PG-87318","StatusTypeID":50,"LevelID":2,"Amps":32,"Voltage":400,"PowerKW":22,"CurrentTypeID":20,"Quantity":2,"Comments":"Abel-Izzy"}]},{"ID":259475,"UUID":"9BF8E228-D294-443A-9594-F66F4728AB37","NumberOfPoints":6,"UsageCost":"£0.311/kWh","AddressInfo":{"ID":259859,"Title":"Nobles Hospital-Carpark","AddressLine1":"Strang","Town":"Isle of Man","Postcode":"IM4 4RJ","CountryID":110,"Latitude":54.17148,"Longitude":-4.50709,"DistanceUnit":0},"OperatorID":3,"DataProviderID":1,"UsageTypeID":4,"StatusTypeID":50,"Connections":[{"ID":435361,"ConnectionTypeID":25,"Reference":"PG-87301","StatusTypeID":50,"LevelID":2,"Amps":32,"Voltage":230,"PowerKW":7,"CurrentTypeID":10,"Quantity":2,"Comments":"Myla-Abel"},{"ID":435362,"ConnectionTypeID":25,"Reference":"PG-87305","StatusTypeID":50,"LevelID":2,"Amps":32,"Voltage":230,"PowerKW":7,"CurrentTypeID":10,"Quantity":2,"Comments":"Yoko-Enzo"},{"ID":435363,"ConnectionTypeID":25,"Reference":"PG-87306","StatusTypeID":50,"LevelID":2,"Amps":32,"Voltage":230,"PowerKW":7,"CurrentTypeID":10,"Quantity":2,"Comments":"Iggy-Edna"}]},{"ID":256762,"UUID":"2421F9D0-DB36-4898-BD9E-E087E07FFC8A","NumberOfPoints":2,"UsageCost":"£0.311/kWh","AddressInfo":{"ID":257146,"Title":"Foxdale Heritage Centre","AddressLine1":"Mines RD","Town":"Foxdale","Postcode":"IM4 3EX","CountryID":110,"Latitude":54.169495,"Longitude":-4.635968,"DistanceUnit":0},"OperatorID":3,"DataProviderID":1,"UsageTypeID":4,"StatusTypeID":50,"Connections":[{"ID":427885,"ConnectionTypeID":25,"Reference":"PG-87312","StatusTypeID":50,"LevelID":2,"Amps":32,"Voltage":230,"PowerKW":7,"CurrentTypeID":10,"Quantity":2,"Comments":"Aldo-Joel"}]},{"ID":256695,"UUID":"8864B9E7-C72B-4866-97CE-4092DE395E4C","NumberOfPoints":2,"UsageCost":"£0.311/kWh","AddressInfo":{"ID":257079,"Title":"Breagle Glen Pavilion","AddressLine1":"St Marys Road","Town":"Port Erin","Postcode":"IM9 6JJ","CountryID":110,"Latitude":54.082867,"Longitude":-4.759548,"DistanceUnit":0},"OperatorID":3,"DataProviderID":1,"UsageTypeID":4,"StatusTypeID":50,"Connections":[{"ID":427545,"ConnectionTypeID":25,"Reference":"PG-87310","StatusTypeID":50,"LevelID":2,"Amps":32,"Voltage":230,"PowerKW":7,"CurrentTypeID":10,"Quantity":2,"Comments":"Maya-Demi"}]},{"ID":238342,"UUID":"8DD883C9-BB85-4E9F-BEF8-1BE0DD2FE767","NumberOfPoints":2,"UsageCost":"£0.311/kWh","AddressInfo":{"ID":238726,"Title":"Bradda Glen Car Park","AddressLine1":"Bradda East","Town":"Port Erin","Postcode":"IM9 6PJ","CountryID":110,"Latitude":54.091782,"Longitude":-4.765064,"DistanceUnit":0},"OperatorID":3,"DataProviderID":1,"UsageTypeID":4,"StatusTypeID":50,"Connections":[{"ID":392108,"ConnectionTypeID":25,"Reference":"PG-86230","StatusTypeID":50,"LevelID":2,"Amps":32,"Voltage":400,"PowerKW":22,"CurrentTypeID":20,"Quantity":2,"Comments":"Fern-Lulu"}]},{"ID":211324,"UUID":"96F370BB-570D-4BAC-B677-F301E06179E3","NumberOfPoints":2,"UsageCost":"£0.311/kWh","AddressInfo":{"ID":211704,"Title":"Ballaugh Parish Hall-Car Park","AddressLine1":"Ballaugh Parish Hall","Town":"Station Road","StateOrProvince":"Ballaugh","Postcode":"IM7 5EJ","CountryID":110,"Latitude":54.311327,"Longitude":-4.542416,"DistanceUnit":0},"OperatorID":3,"DataProviderID":1,"UsageTypeID":4,"StatusTypeID":50,"Connections":[{"ID":352439,"ConnectionTypeID":25,"Reference":"PG-87321","StatusTypeID":50,"LevelID":2,"Amps":32,"Voltage":400,"PowerKW":22,"CurrentTypeID":20,"Quantity":2,"Comments":"Gina-Enya"}]},{"ID":210198,"UUID":"95685D13-46B8-4895-ABF1-BC34E703E085","NumberOfPoints":2,"UsageCost":"£0.311/kWh","AddressInfo":{"ID":210578,"Title":"Elm Tree RD","AddressLine1":"Elm Tree RD","Town":"Isle of Man","Postcode":"IM3 4EF","CountryID":110,"Latitude":54.174878,"Longitude":-4.454859,"DistanceUnit":0},"OperatorID":3,"DataProviderID":1,"UsageTypeID":4,"StatusTypeID":50,"Connections":[{"ID":349973,"ConnectionTypeID":25,"Reference":"PG-87319","StatusTypeID":50,"LevelID":2,"Amps":32,"Voltage":400,"PowerKW":22,"CurrentTypeID":20,"Quantity":2,"Comments":"Finn-Earl"}]},{"ID":210197,"UUID":"7D5CB4B3-E3E6-4012-BDD8-1162BF450490","NumberOfPoints":2,"UsageCost":"£0.311/kWh","AddressInfo":{"ID":210577,"Title":"Onchan Pleasure Park","AddressLine1":"Royal Avenue","Town":"Onchan","Postcode":"IM3 1RD","CountryID":110,"Latitude":54.170342,"Longitude":-4.457924,"DistanceUnit":0},"OperatorID":3,"DataProviderID":1,"UsageTypeID":4,"StatusTypeID":50,"Connections":[{"ID":349972,"ConnectionTypeID":25,"Reference":"PG-87309","StatusTypeID":50,"LevelID":2,"Amps":32,"Voltage":230,"PowerKW":7,"CurrentTypeID":10,"Quantity":2,"Comments":"Lena-Rory"}]},{"ID":204712,"UUID":"DFF75C68-91EB-412F-BD6E-CB431F86FA8F","NumberOfPoints":4,"UsageCost":"£0.311/kWh","AddressInfo":{"ID":205079,"Title":"University College Iom","AddressLine1":"Homefield Road","Town":"Douglas","Postcode":"IM2 6RB","CountryID":110,"Latitude":54.17134935,"Longitude":-4.47865276,"DistanceUnit":0},"OperatorID":3,"DataProviderID":1,"UsageTypeID":4,"StatusTypeID":50,"Connections":[{"ID":341896,"ConnectionTypeID":25,"Reference":"PG-87304","StatusTypeID":50,"LevelID":2,"Amps":32,"Voltage":230,"PowerKW":7,"CurrentTypeID":10,"Quantity":2,"Comments":"Fern-Jude"},{"ID":341897,"ConnectionTypeID":25,"Reference":"PG-87308","StatusTypeID":50,"LevelID":2,"Amps":32,"Voltage":230,"PowerKW":7,"CurrentTypeID":10,"Quantity":2,"Comments":"Iggy-Gina"}]},{"ID":195317,"UUID":"67D2F7B4-E05E-4144-B4F8-9D7D23FFF94B","NumberOfPoints":2,"UsageCost":"£0.385/kWh","AddressInfo":{"ID":195676,"Title":"Sea Terminal","AddressLine1":"Sea Terminal","Town":"Douglas","Postcode":"IM1 2BY","CountryID":110,"Latitude":54.148336,"Longitude":-4.474432,"DistanceUnit":0},"OperatorID":3,"DataProviderID":1,"UsageTypeID":4,"StatusTypeID":50,"Connections":[{"ID":481249,"ConnectionTypeID":33,"Reference":"veefil-62300540","StatusTypeID":50,"LevelID":3,"PowerKW":75,"CurrentTypeID":30,"Quantity":1,"Comments":"Arah-Evin"},{"ID":481250,"ConnectionTypeID":2,"Reference":"veefil-62300540","StatusTypeID":50,"LevelID":3,"PowerKW":75,"CurrentTypeID":30,"Quantity":1,"Comments":"Arah-Evin"}]},{"ID":195311,"UUID":"F98BEA31-A4F2-4A01-87D1-7945CEC1A2C6","NumberOfPoints":2,"UsageCost":"£0.311/kWh","AddressInfo":{"ID":195670,"Title":"Douglas Police HQ","AddressLine1":"Dukes Avenue","Town":"Douglas","StateOrProvince":"Isle of Man","Postcode":"IM2 4RG","CountryID":110,"Latitude":54.167678,"Longitude":-4.474587,"DistanceUnit":0},"OperatorID":3,"DataProviderID":1,"UsageTypeID":4,"StatusTypeID":50,"Connections":[{"ID":318615,"ConnectionTypeID":25,"Reference":"PG-85080","StatusTypeID":50,"LevelID":2,"Amps":32,"Voltage":230,"PowerKW":7,"CurrentTypeID":10,"Quantity":2,"Comments":"Amir-Vern"},{"ID":508071,"ConnectionTypeID":25,"Reference":"PG-402334","StatusTypeID":50,"LevelID":2,"Amps":32,"Voltage":230,"PowerKW":7,"CurrentTypeID":10,"Quantity":2,"Comments":"Yves-Tess"}]},{"ID":195250,"UUID":"A2B1C9A6-3F96-4479-A26B-766A6346F0A0","NumberOfPoints":4,"UsageCost":"£0.311/kWh","AddressInfo":{"ID":195609,"Title":"Tynwald Mills","AddressLine1":"St John's","Town":"Isle of Man","Postcode":"IM4 3AD","CountryID":110,"Latitude":54.208163,"Longitude":-4.636075,"DistanceUnit":0},"OperatorID":3,"DataProviderID":1,"UsageTypeID":4,"StatusTypeID":50,"Connections":[{"ID":318330,"ConnectionTypeID":25,"Reference":"PG-84739","StatusTypeID":50,"LevelID":2,"Amps":32,"Voltage":230,"PowerKW":7,"CurrentTypeID":10,"Quantity":2,"Comments":"Jess-Nash"},{"ID":318331,"ConnectionTypeID":25,"Reference":"PG-84747","StatusTypeID":50,"LevelID":2,"Amps":32,"Voltage":230,"PowerKW":7,"CurrentTypeID":10,"Quantity":2,"Comments":"Iris-Zara"}]},{"ID":195198,"UUID":"27F95E16-08A0-4447-922B-57175A93F32D","NumberOfPoints":4,"UsageCost":"£0.311/kWh","AddressInfo":{"ID":195557,"Title":"Chapel Lane Car Park","AddressLine1":"Rear Castle Street","Town":"Castletown","Postcode":"IM9 1LD","CountryID":110,"Latitude":54.07411159,"Longitude":-4.65280117,"DistanceUnit":0},"OperatorID":3,"DataProviderID":1,"UsageTypeID":4,"StatusTypeID":50,"Connections":[{"ID":318131,"ConnectionTypeID":25,"Reference":"PG-84970","StatusTypeID":50,"LevelID":2,"Amps":32,"Voltage":230,"PowerKW":7,"CurrentTypeID":10,"Quantity":2,"Comments":"Reno-Gina"},{"ID":321312,"ConnectionTypeID":25,"Reference":"PG-84485","StatusTypeID":50,"LevelID":2,"Amps":32,"Voltage":230,"PowerKW":7,"CurrentTypeID":10,"Quantity":2,"Comments":"Lars-Noah"}]},{"ID":195151,"UUID":"D7431902-DC53-41B2-B605-8B12C697019D","NumberOfPoints":4,"UsageCost":"£0.311/kWh","AddressInfo":{"ID":195510,"Title":"Comis Hotel Car Park","AddressLine1":"Mount Murray Back Road","Town":"Douglas","StateOrProvince":"Isle of Man","Postcode":"IM4 2HT","CountryID":110,"Latitude":54.13976461,"Longitude":-4.56144357,"DistanceUnit":0},"OperatorID":3,"DataProviderID":1,"UsageTypeID":4,"StatusTypeID":50,"Connections":[{"ID":318007,"ConnectionTypeID":25,"Reference":"PG-87311","StatusTypeID":50,"LevelID":2,"Amps":32,"Voltage":230,"PowerKW":7,"CurrentTypeID":10,"Quantity":2,"Comments":"Chip-Buck"},{"ID":321530,"ConnectionTypeID":25,"Reference":"PG-87302","StatusTypeID":50,"LevelID":2,"Amps":32,"Voltage":230,"PowerKW":7,"CurrentTypeID":10,"Quantity":2,"Comments":"Katy-Iris"}]},{"ID":195143,"UUID":"1B41AE5F-8D55-44DA-8CE6-7E638ED01116","NumberOfPoints":6,"UsageCost":"£0.311/kWh","AddressInfo":{"ID":195502,"Title":"Shaw's Brow Car Park","AddressLine1":"Church Street","Town":"Douglas","Postcode":"IM1 1EL","CountryID":110,"Latitude":54.148897,"Longitude":-4.481891,"DistanceUnit":0},"OperatorID":3,"DataProviderID":1,"UsageTypeID":4,"StatusTypeID":50,"Connections":[{"ID":317985,"ConnectionTypeID":25,"Reference":"PG-104327","StatusTypeID":50,"LevelID":2,"Amps":32,"Voltage":230,"PowerKW":7,"CurrentTypeID":10,"Quantity":1,"Comments":"Katy-Luis"},{"ID":323808,"ConnectionTypeID":25,"Reference":"PG-104320","StatusTypeID":50,"LevelID":2,"Amps":32,"Voltage":230,"PowerKW":7,"CurrentTypeID":10,"Quantity":1,"Comments":"Reno-Jill"},{"ID":323809,"ConnectionTypeID":25,"Reference":"PG-104311","StatusTypeID":50,"LevelID":2,"Amps":32,"Voltage":230,"PowerKW":7,"CurrentTypeID":10,"Quantity":1,"Comments":"Sven-Bert"},{"ID":323810,"ConnectionTypeID":25,"Reference":"PG-104309","StatusTypeID":50,"LevelID":2,"Amps":32,"Voltage":230,"PowerKW":7,"CurrentTypeID":10,"Quantity":1,"Comments":"Matt-Shia"},{"ID":323811,"ConnectionTypeID":25,"Reference":"PG-104331","StatusTypeID":50,"LevelID":2,"Amps":32,"Voltage":230,"PowerKW":7,"CurrentTypeID":10,"Quantity":1,"Comments":"Lily-Jake"},{"ID":323812,"ConnectionTypeID":25,"Reference":"PG-104306","StatusTypeID":50,"LevelID":2,"Amps":32,"Voltage":230,"PowerKW":7,"CurrentTypeID":10,"Quantity":1,"Comments":"Jean-Emry"}]},{"ID":195007,"UUID":"864A836E-0137-437C-BF9E-6012BC8F5CA4","NumberOfPoints":4,"UsageCost":"£0.311/kWh","AddressInfo":{"ID":195366,"Title":"Northern Swimming Pool","AddressLine1":"Old River Road","Town":"Ramsey","Postcode":"IM8 3AB","CountryID":110,"Latitude":54.32419539,"Longitude":-4.38111335,"DistanceUnit":0},"OperatorID":3,"DataProviderID":1,"UsageTypeID":4,"StatusTypeID":50,"Connections":[{"ID":317804,"ConnectionTypeID":25,"Reference":"PG-84737","StatusTypeID":50,"LevelID":2,"Amps":32,"Voltage":230,"PowerKW":7,"CurrentTypeID":10,"Quantity":2,"Comments":"Cora-Duke"},{"ID":317805,"ConnectionTypeID":25,"Reference":"PG-85272","StatusTypeID":50,"LevelID":2,"Amps":32,"Voltage":230,"PowerKW":7,"CurrentTypeID":10,"Quantity":2,"Comments":"Omar-Arlo"}]},{"ID":194878,"UUID":"994CD80F-7189-4263-879E-ACBCF430FF26","NumberOfPoints":2,"UsageCost":"£0.311/kWh","AddressInfo":{"ID":195237,"Title":"Mines Road","AddressLine1":"Laxey","Town":"Isle of Man","Postcode":"IM4 7NJ","CountryID":110,"Latitude":54.23703286,"Longitude":-4.4082418,"DistanceUnit":0},"OperatorID":3,"DataProviderID":1,"UsageTypeID":4,"StatusTypeID":50,"Connections":[{"ID":317683,"ConnectionTypeID":25,"Reference":"PG-84743","StatusTypeID":50,"LevelID":2,"Amps":32,"Voltage":400,"PowerKW":22,"CurrentTypeID":20,"Quantity":2,"Comments":"Fran-Dane"}]},{"ID":194849,"UUID":"ECE84173-DE14-4FF3-8EA1-87BF006E9B84","NumberOfPoints":2,"UsageCost":"£0.385/kWh","AddressInfo":{"ID":195208,"Title":"Shoprite Car Park","AddressLine1":"Bowring Road","Town":"Ramsey","Postcode":"IM8 2LL","CountryID":110,"Latitude":54.32255747,"Longitude":-4.3883012,"DistanceUnit":0},"OperatorID":3,"DataProviderID":1,"UsageTypeID":4,"StatusTypeID":50,"Connections":[{"ID":317670,"ConnectionTypeID":25,"Reference":"PG-85077","StatusTypeID":50,"LevelID":2,"Amps":32,"Voltage":230,"PowerKW":7,"CurrentTypeID":10,"Quantity":2,"Comments":"Jill-Bret"},{"ID":503293,"ConnectionTypeID":2,"Reference":"veefil-62300542","StatusTypeID":50,"LevelID":3,"PowerKW":75,"CurrentTypeID":30,"Quantity":1,"Comments":"Elia-Kriv"},{"ID":503294,"ConnectionTypeID":33,"Reference":"veefil-62300542","StatusTypeID":50,"LevelID":3,"PowerKW":75,"CurrentTypeID":30,"Quantity":1,"Comments":"Elia-Kriv"}]},{"ID":194817,"UUID":"02239063-254D-4C9A-8B8A-B4C080E308BC","NumberOfPoints":2,"UsageCost":"£0.311/kWh","AddressInfo":{"ID":195176,"Title":"Hospice Iom","AddressLine1":"Strang Road","Town":"Douglas","Postcode":"IM4 4RP","CountryID":110,"Latitude":54.17407346,"Longitude":-4.50339761,"DistanceUnit":0},"OperatorID":3,"DataProviderID":1,"UsageTypeID":4,"StatusTypeID":50,"Connections":[{"ID":317658,"ConnectionTypeID":25,"Reference":"PG-84744","StatusTypeID":50,"LevelID":2,"Amps":32,"Voltage":230,"PowerKW":7,"CurrentTypeID":10,"Quantity":2,"Comments":"Aldo-Jude"}]},{"ID":194813,"UUID":"7F98923E-8806-4128-A3FB-8B76246A9912","NumberOfPoints":2,"UsageCost":"£0.311/kWh","AddressInfo":{"ID":195172,"Title":"Spectrum Apartments","AddressLine1":"Spectrum Apartments","Town":"Central Promenade","StateOrProvince":"Douglas","Postcode":"IM2 4JL","CountryID":110,"Latitude":54.159822,"Longitude":-4.475037,"DistanceUnit":0},"OperatorID":3,"DataProviderID":1,"UsageTypeID":4,"StatusTypeID":50,"Connections":[{"ID":317657,"ConnectionTypeID":25,"Reference":"PG-86236","StatusTypeID":50,"LevelID":2,"Amps":32,"Voltage":400,"PowerKW":22,"CurrentTypeID":20,"Quantity":2,"Comments":"Lars-Jake"}]},{"ID":194801,"UUID":"D18134F0-FC32-425E-9EF3-3EBA10110726","NumberOfPoints":2,"UsageCost":"£0.311/kWh","AddressInfo":{"ID":195160,"Title":"Quayside Tyres","AddressLine1":"South Quay Industrial Estate","Town":"Douglas","Postcode":"IM1 3AT","CountryID":110,"Latitude":54.14590703,"Longitude":-4.48181008,"DistanceUnit":0},"OperatorID":3,"DataProviderID":1,"UsageTypeID":4,"StatusTypeID":50,"Connections":[{"ID":317650,"ConnectionTypeID":25,"Reference":"PG-99717","StatusTypeID":50,"LevelID":2,"Amps":32,"Voltage":230,"PowerKW":7,"CurrentTypeID":10,"Quantity":1,"Comments":"Zena-Jean"},{"ID":317651,"ConnectionTypeID":25,"Reference":"PG-99723","StatusTypeID":50,"LevelID":2,"Amps":32,"Voltage":230,"PowerKW":7,"CurrentTypeID":10,"Quantity":1,"Comments":"Milo-Aida"}]},{"ID":194777,"UUID":"95E9CFB8-A495-4FCD-ADA3-901A0A11C7A0","NumberOfPoints":2,"UsageCost":"£0.311/kWh","AddressInfo":{"ID":195136,"Title":"St Johns Saw Mill","AddressLine1":"The Hope","Town":"St Johns","Postcode":"IM4 3AS","CountryID":110,"Latitude":54.203131,"Longitude":-4.64322,"DistanceUnit":0},"OperatorID":3,"DataProviderID":1,"UsageTypeID":4,"StatusTypeID":50,"Connections":[{"ID":317633,"ConnectionTypeID":25,"Reference":"PG-100859","StatusTypeID":50,"LevelID":2,"Amps":32,"Voltage":230,"PowerKW":7,"CurrentTypeID":10,"Quantity":1,"Comments":"Jane-Demi"},{"ID":319909,"ConnectionTypeID":25,"Reference":"PG-100796","StatusTypeID":50,"LevelID":2,"Amps":32,"Voltage":230,"PowerKW":7,"CurrentTypeID":10,"Quantity":1,"Comments":"Emil-Dell"}]},{"ID":194741,"UUID":"CB9F5CCA-A2E5-4CFE-9FEC-01853154503A","NumberOfPoints":2,"UsageCost":"£0.311/kWh","AddressInfo":{"ID":195100,"Title":"National Sports Centre","AddressLine1":"Groves Road","Town":"Douglas","StateOrProvince":"Isle of Man","Postcode":"IM2 1RB","CountryID":110,"Latitude":54.1515406,"Longitude":-4.50328068,"DistanceUnit":0},"OperatorID":3,"DataProviderID":1,"UsageTypeID":4,"StatusTypeID":50,"Connections":[{"ID":317584,"ConnectionTypeID":25,"Reference":"PG-85079","StatusTypeID":50,"LevelID":2,"Amps":32,"Voltage":230,"PowerKW":7,"CurrentTypeID":10,"Quantity":2,"Comments":"Liam-Rich"},{"ID":508882,"ConnectionTypeID":25,"Reference":"PG-87307","StatusTypeID":50,"LevelID":2,"Amps":32,"Voltage":230,"PowerKW":7,"CurrentTypeID":10,"Quantity":2,"Comments":"Cain-Robb"}]},{"ID":194718,"UUID":"D1258EF5-BC39-43D7-884C-2A3973D92771","NumberOfPoints":6,"UsageCost":"£0.311/kWh","AddressInfo":{"ID":195077,"Title":"Loch Promenade","AddressLine1":"Loch Promenade","Town":"Douglas","Postcode":"IM1 2LY","CountryID":110,"Latitude":54.15151537,"Longitude":-4.4779085,"DistanceUnit":0},"OperatorID":3,"DataProviderID":1,"UsageTypeID":4,"StatusTypeID":50,"Connections":[{"ID":317534,"ConnectionTypeID":25,"Reference":"PG-86232","StatusTypeID":50,"LevelID":2,"Amps":32,"Voltage":230,"PowerKW":7,"CurrentTypeID":10,"Quantity":2,"Comments":"Jude-Liam"},{"ID":324341,"ConnectionTypeID":25,"Reference":"PG-84741","StatusTypeID":50,"LevelID":2,"Amps":32,"Voltage":230,"PowerKW":7,"CurrentTypeID":10,"Quantity":2,"Comments":"Clay-Zara"},{"ID":324945,"ConnectionTypeID":25,"Reference":"PG-86231","StatusTypeID":50,"LevelID":2,"Amps":32,"Voltage":230,"PowerKW":7,"CurrentTypeID":10,"Quantity":2,"Comments":"Orla-Scot"}]},{"ID":194694,"UUID":"E9C0F461-8E90-4C63-B8FC-9DC2DAE7E2C8","NumberOfPoints":8,"UsageCost":"£0.399/kWh","AddressInfo":{"ID":195053,"Title":"Jacksons (isle of Man) 2015 LTD","AddressLine1":"Cooil Road","Town":"Braddan","StateOrProvince":"Douglas","Postcode":"IM4 2AZ","CountryID":110,"Latitude":54.1501812,"Longitude":-4.5322634,"DistanceUnit":0},"OperatorID":3,"DataProviderID":1,"UsageTypeID":4,"StatusTypeID":50,"Connections":[{"ID":317484,"ConnectionTypeID":25,"Reference":"PG-86326","StatusTypeID":50,"LevelID":2,"Amps":32,"Voltage":400,"PowerKW":22,"CurrentTypeID":20,"Quantity":2,"Comments":"Lois-Lulu"},{"ID":321436,"ConnectionTypeID":25,"Reference":"PG-86185","StatusTypeID":50,"LevelID":2,"Amps":32,"Voltage":400,"PowerKW":22,"CurrentTypeID":20,"Quantity":2,"Comments":"Herb-Khan"},{"ID":324378,"ConnectionTypeID":25,"Reference":"PG-86320","StatusTypeID":50,"LevelID":2,"Amps":32,"Voltage":400,"PowerKW":22,"CurrentTypeID":20,"Quantity":2,"Comments":"Nash-Lara"},{"ID":324379,"ConnectionTypeID":25,"Reference":"PG-86187","StatusTypeID":50,"LevelID":2,"Amps":32,"Voltage":400,"PowerKW":22,"CurrentTypeID":20,"Quantity":2,"Comments":"Beck-Ewan"}]},{"ID":194625,"UUID":"7646D9D8-3F76-4CB4-8268-5449B367B05D","NumberOfPoints":4,"UsageCost":"£0.311/kWh","AddressInfo":{"ID":194984,"Title":"The Village Car Park","AddressLine1":"Bayr Ny Balleira","Town":"Douglas","StateOrProvince":"","Postcode":"IM6 1EE","CountryID":110,"Latitude":54.28358,"Longitude":-4.58788,"DistanceUnit":0},"OperatorID":3,"DataProviderID":1,"UsageTypeID":4,"StatusTypeID":50,"Connections":[{"ID":317349,"ConnectionTypeID":25,"Reference":"PG-84480","StatusTypeID":50,"LevelID":2,"Amps":32,"Voltage":230,"PowerKW":7,"CurrentTypeID":10,"Quantity":2,"Comments":"Dell-Rich"},{"ID":321308,"ConnectionTypeID":25,"Reference":"PG-84736","StatusTypeID":50,"LevelID":2,"Amps":32,"Voltage":230,"PowerKW":7,"CurrentTypeID":10,"Quantity":2,"Comments":"Earl-Matt"}]},{"ID":188099,"UUID":"28F9D77D-BF79-4285-85A4-EBB12F070DEE","NumberOfPoints":1,"UsageCost":"£0.311/kWh","AddressInfo":{"ID":188458,"Title":"Bungalow Railway Station","AddressLine1":"A18","Town":"Mountain Road","Postcode":"IM7 2BA","CountryID":110,"Latitude":54.251382,"Longitude":-4.46381,"RelatedURL":"http://pod-point.com","DistanceUnit":0},"OperatorID":3,"DataProviderID":1,"UsageTypeID":4,"StatusTypeID":50,"Connections":[{"ID":303551,"ConnectionTypeID":25,"Reference":"PG-97831","StatusTypeID":50,"LevelID":2,"Amps":32,"Voltage":400,"PowerKW":22,"CurrentTypeID":20,"Quantity":1,"Comments":"Anna-Olaf"}]},{"ID":169385,"UUID":"AA3F483F-B2DC-4D37-9F9C-B9E01C185A29","NumberOfPoints":4,"UsageCost":"£0.311/kWh","AddressInfo":{"ID":169744,"Title":"Chester Street Car Park","AddressLine1":"Douglas","Town":"Isle of Man","Postcode":"IM1 2PQ","CountryID":110,"Latitude":54.153375,"Longitude":-4.480432,"DistanceUnit":0},"OperatorID":3,"DataProviderID":1,"UsageTypeID":4,"StatusTypeID":50,"Connections":[{"ID":257709,"ConnectionTypeID":25,"Reference":"PG-84484","StatusTypeID":50,"LevelID":2,"Amps":32,"Voltage":230,"PowerKW":7,"CurrentTypeID":10,"Quantity":2,"Comments":"Drew-Vera"},{"ID":321311,"ConnectionTypeID":25,"Reference":"PG-84738","StatusTypeID":50,"LevelID":2,"Amps":32,"Voltage":230,"PowerKW":7,"CurrentTypeID":10,"Quantity":2,"Comments":"Boyd-Levi"}]},{"ID":169382,"UUID":"7CFA43A5-1B52-4FB4-9BB8-6C55FB6D1AC1","NumberOfPoints":2,"UsageCost":"£0.33/kWh","AddressInfo":{"ID":169741,"Title":"The Hub","AddressLine1":"Iom Food Park","Town":"Mill Road","StateOrProvince":"Peel","Postcode":"IM5 1TD","CountryID":110,"Latitude":54.220379,"Longitude":-4.699051,"DistanceUnit":0},"OperatorID":3,"DataProviderID":1,"UsageTypeID":4,"StatusTypeID":0,"Connections":[{"ID":483555,"ConnectionTypeID":25,"Reference":"PG-97323","StatusTypeID":0,"LevelID":2,"Amps":32,"Voltage":230,"PowerKW":7,"CurrentTypeID":10,"Quantity":1,"Comments":"Iris-Ivor"},{"ID":483556,"ConnectionTypeID":25,"Reference":"PG-97375","StatusTypeID":0,"LevelID":2,"Amps":32,"Voltage":230,"PowerKW":7,"CurrentTypeID":10,"Quantity":1,"Comments":"Nina-Enzo"}]},{"ID":169380,"UUID":"6733C9F8-16A6-41D4-88EF-2F3BBEA60333","NumberOfPoints":3,"UsageCost":"1","AddressInfo":{"ID":169739,"Title":"Market Square","AddressLine1":"Ramsey","Town":"Isle of Man","Postcode":"IM8 1JY","CountryID":110,"Latitude":54.32184,"Longitude":-4.37996,"DistanceUnit":0},"OperatorID":3,"DataProviderID":1,"UsageTypeID":4,"StatusTypeID":50,"Connections":[{"ID":483506,"ConnectionTypeID":25,"Reference":"PG-84971","StatusTypeID":50,"LevelID":2,"Amps":32,"Voltage":230,"PowerKW":7,"CurrentTypeID":10,"Quantity":2,"Comments":"Bryn-Faye"},{"ID":483507,"ConnectionTypeID":25,"Reference":"PG-84483","StatusTypeID":50,"LevelID":2,"Amps":32,"Voltage":230,"PowerKW":7,"CurrentTypeID":10,"Quantity":2,"Comments":"Emry-Izzy"}]},{"ID":169351,"UUID":"4276A778-1B6C-4A93-A1E5-D58DE3062A98","NumberOfPoints":2,"UsageCost":"£0.311/kWh","AddressInfo":{"ID":169710,"Title":"George Paddock Car Park","AddressLine1":"Castletown","Town":"Isle of Man","Postcode":"IM9 1NR","CountryID":110,"Latitude":54.07258,"Longitude":-4.654006,"DistanceUnit":0},"OperatorID":3,"DataProviderID":1,"UsageTypeID":4,"StatusTypeID":50,"Connections":[{"ID":257669,"ConnectionTypeID":25,"Reference":"PG-84481","StatusTypeID":50,"LevelID":2,"Amps":32,"Voltage":230,"PowerKW":7,"CurrentTypeID":10,"Quantity":2,"Comments":"Pria-Bess"}]},{"ID":169350,"UUID":"993CC73E-4D6B-4EA0-A907-B9D4B8133546","NumberOfPoints":2,"UsageCost":"£0.33/kWh","AddressInfo":{"ID":169709,"Title":"Market Place","AddressLine1":"Peel","Town":"Isle of Man","Postcode":"IM5 1AB","CountryID":110,"Latitude":54.223946,"Longitude":-4.696165,"DistanceUnit":0},"OperatorID":3,"DataProviderID":1,"UsageTypeID":4,"StatusTypeID":0,"Connections":[{"ID":483505,"ConnectionTypeID":25,"Reference":"PG-84482","StatusTypeID":0,"LevelID":2,"Amps":32,"Voltage":230,"PowerKW":7,"CurrentTypeID":10,"Quantity":2,"Comments":"Fern-Cole"}]},{"ID":155217,"UUID":"35278B2B-074B-444C-8B79-286DA0960915","NumberOfPoints":2,"UsageCost":"£0.311/kWh","AddressInfo":{"ID":155571,"Title":"Shore Road","AddressLine1":"Port Erin","Town":"Port Erin","Postcode":"IM9 6HL","CountryID":110,"Latitude":54.08547,"Longitude":-4.759558,"DistanceUnit":0},"OperatorID":3,"DataProviderID":1,"UsageTypeID":4,"StatusTypeID":50,"Connections":[{"ID":218496,"ConnectionTypeID":25,"Reference":"PG-84749","StatusTypeID":50,"LevelID":2,"Amps":32,"Voltage":230,"PowerKW":7,"CurrentTypeID":10,"Quantity":2,"Comments":"Colt-Page"}]},{"ID":155210,"UUID":"43D726A9-707E-49EC-969F-8413CE007ED6","NumberOfPoints":4,"UsageCost":"£0.311/kWh,£0.33/kWh","AddressInfo":{"ID":155564,"Title":"Mua HQ","AddressLine1":"Iom Business Park","Town":"Isle of Man","Postcode":"IM2 2QZ","CountryID":110,"Latitude":54.153263,"Longitude":-4.53406,"DistanceUnit":0},"OperatorID":3,"DataProviderID":1,"UsageTypeID":4,"StatusTypeID":50,"Connections":[{"ID":218474,"ConnectionTypeID":25,"Reference":"PG-84746","StatusTypeID":50,"LevelID":2,"Amps":32,"Voltage":230,"PowerKW":7,"CurrentTypeID":10,"Quantity":2,"Comments":"Kyla-Bert"},{"ID":321333,"ConnectionTypeID":25,"Reference":"PG-84972","StatusTypeID":50,"LevelID":2,"Amps":32,"Voltage":230,"PowerKW":7,"CurrentTypeID":10,"Quantity":2,"Comments":"Emil-Mack"},{"ID":508068,"ConnectionTypeID":25,"Reference":"PG-402327","StatusTypeID":50,"LevelID":2,"Amps":32,"Voltage":230,"PowerKW":7,"CurrentTypeID":10,"Quantity":2,"Comments":"Iwan-Jeff"},{"ID":508069,"ConnectionTypeID":25,"Reference":"PG-402332","StatusTypeID":50,"LevelID":2,"Amps":32,"Voltage":230,"PowerKW":7,"CurrentTypeID":10,"Quantity":2,"Comments":"Anne-Katy"}]},{"ID":154879,"UUID":"FC855F7A-7E52-4A24-BC99-E2C853A5FDB0","NumberOfPoints":2,"UsageCost":"£0.311/kWh","AddressInfo":{"ID":155232,"Title":"Malew Commissioners Car Park","AddressLine1":"Main Road","Town":"Ballasalla","Postcode":"IM9 2RQ","CountryID":110,"Latitude":54.098087,"Longitude":-4.631318,"DistanceUnit":0},"OperatorID":3,"DataProviderID":1,"UsageTypeID":4,"StatusTypeID":50,"Connections":[{"ID":217980,"ConnectionTypeID":25,"Reference":"PG-84745","StatusTypeID":50,"LevelID":2,"Amps":32,"Voltage":230,"PowerKW":7,"CurrentTypeID":10,"Quantity":2,"Comments":"Page-Jake"}]},{"ID":150086,"UUID":"20CC4AB2-1716-48C3-9C5F-B72A13D5CDF4","NumberOfPoints":2,"UsageCost":"£0.311/kWh","AddressInfo":{"ID":150439,"Title":"Port St Mary Town Hall Car Park","AddressLine1":"The Promenade","Town":"Port St Mary","Postcode":"IM9 5DA","CountryID":110,"Latitude":54.078505,"Longitude":-4.739692,"DistanceUnit":0},"OperatorID":3,"DataProviderID":1,"UsageTypeID":4,"StatusTypeID":50,"Connections":[{"ID":504779,"ConnectionTypeID":25,"Reference":"PG-84740","StatusTypeID":50,"LevelID":2,"Amps":32,"Voltage":230,"PowerKW":7,"CurrentTypeID":10,"Quantity":2,"Comments":"Noah-Scot"},{"ID":504780,"ConnectionTypeID":25,"Reference":"PG-84748","StatusTypeID":50,"LevelID":2,"Amps":32,"Voltage":230,"PowerKW":7,"CurrentTypeID":10,"Quantity":2,"Comments":"Enzo-Gina"}]},{"ID":150030,"UUID":"8E6003A4-904E-4D4B-8F33-C0529155EC3A","NumberOfPoints":2,"UsageCost":"1","AddressInfo":{"ID":150383,"Title":"The Arboretum","AddressLine1":"Main Road","Town":"St John's","Postcode":"IM4 3NA","CountryID":110,"Latitude":54.2040833,"Longitude":-4.63961111,"DistanceUnit":0},"OperatorID":3,"DataProviderID":1,"UsageTypeID":4,"StatusTypeID":50,"Connections":[{"ID":208308,"ConnectionTypeID":25,"Reference":"PG-84742","StatusTypeID":50,"LevelID":2,"Amps":32,"Voltage":400,"PowerKW":22,"CurrentTypeID":20,"Quantity":2,"Comments":"Cora-Eden"}]},{"ID":105361,"UUID":"4600CCC3-BCB3-450D-9413-68562B203D3F","NumberOfPoints":1,"AddressInfo":{"ID":105707,"Title":"Knockaloe Beg Farm","AddressLine1":"Knockaloe Beg Farm","Town":"Peel","Postcode":"IM5 3AQ","CountryID":110,"Latitude":54.209458,"Longitude":-4.703778,"ContactTelephone1":"+44 162 484 4279","DistanceUnit":0},"OperatorID":23,"DataProviderID":1,"UsageTypeID":4,"StatusTypeID":50,"Connections":[{"ID":148525,"ConnectionTypeID":30,"StatusTypeID":50,"LevelID":2,"Amps":32,"Voltage":230,"PowerKW":13,"CurrentTypeID":20,"Quantity":1}]},{"ID":104271,"UUID":"0BCF4B78-F09D-4324-91D0-EA86B20DBF41","NumberOfPoints":2,"AddressInfo":{"ID":104617,"Title":"Mannin Hotel","AddressLine1":"8-16 Broadway","Town":"Douglas","Postcode":"IM24EL","CountryID":110,"Latitude":54.157603,"Longitude":-4.47767,"ContactTelephone1":"+44 162 460 2555","DistanceUnit":0},"OperatorID":23,"DataProviderID":1,"UsageTypeID":4,"StatusTypeID":50,"Connections":[{"ID":147233,"ConnectionTypeID":30,"StatusTypeID":50,"LevelID":2,"Amps":32,"Voltage":230,"PowerKW":13,"CurrentTypeID":20,"Quantity":2}]},{"ID":96033,"UUID":"5FC24FAB-650B-4392-BEB2-1AE6CB0C8805","NumberOfPoints":3,"UsageCost":"Free","AddressInfo":{"ID":96379,"Title":"Isle of Man Post Office Headquarters","AddressLine1":"Spring Valley Industrial Estate","Town":"Isle of Man","Postcode":"IM2 1AA","CountryID":110,"Latitude":54.150206,"Longitude":-4.478394,"DistanceUnit":0},"OperatorID":3,"DataProviderID":1,"UsageTypeID":6,"StatusTypeID":0,"Connections":[{"ID":136048,"ConnectionTypeID":25,"StatusTypeID":0,"LevelID":2,"Amps":32,"Voltage":230,"PowerKW":7,"CurrentTypeID":10,"Quantity":3}]},{"ID":96022,"UUID":"58464566-72D3-4DD9-BDBD-9577A72894D5","NumberOfPoints":1,"UsageCost":"Free","AddressInfo":{"ID":96368,"Title":"Isle of Man Post Office-Northern Delivery Office","AddressLine1":"Northern Delivery Office","Town":"Ramsey","Postcode":"IM8 2AA","CountryID":110,"Latitude":54.150208,"Longitude":-4.478333,"DistanceUnit":0},"OperatorID":3,"DataProviderID":1,"UsageTypeID":6,"StatusTypeID":0,"Connections":[{"ID":136031,"ConnectionTypeID":25,"StatusTypeID":0,"LevelID":2,"Amps":32,"Voltage":230,"PowerKW":7,"CurrentTypeID":10,"Quantity":1}]},{"ID":96019,"UUID":"7A790F18-C590-4EC9-BEB2-D7B736EEAFF8","NumberOfPoints":1,"UsageCost":"Free","AddressInfo":{"ID":96365,"Title":"Isle of Man Post Office-Southern Sorting Office","AddressLine1":"Southern Sorting Office","Town":"Ballasalla","Postcode":"IM9 2AA","CountryID":110,"Latitude":54.150211,"Longitude":-4.478293,"DistanceUnit":0},"OperatorID":3,"DataProviderID":1,"UsageTypeID":6,"StatusTypeID":0,"Connections":[{"ID":136028,"ConnectionTypeID":25,"StatusTypeID":0,"LevelID":2,"Amps":32,"Voltage":230,"PowerKW":7,"CurrentTypeID":10,"Quantity":1}]},{"ID":92930,"UUID":"12607FEC-7AC8-4997-A9E3-1A4EAB36576E","NumberOfPoints":5,"UsageCost":"Free","AddressInfo":{"ID":93276,"Title":"Isle of Man Post Office HQ","AddressLine1":"Spring Valley Industrial Estate","Town":"Douglas","Postcode":"IM2 1AA","CountryID":110,"Latitude":54.1514819537981,"Longitude":-4.52895373281853,"DistanceUnit":0},"OperatorID":3,"DataProviderID":1,"UsageTypeID":6,"StatusTypeID":0,"Connections":[{"ID":131649,"ConnectionTypeID":25,"StatusTypeID":0,"LevelID":2,"Amps":32,"Voltage":230,"PowerKW":7,"CurrentTypeID":10,"Quantity":3}]},{"ID":88448,"UUID":"0E6EE171-C3CC-4D37-8990-A997825EDE03","NumberOfPoints":4,"AddressInfo":{"ID":88794,"Title":"Isle of Man Motor Museum","AddressLine1":"Isle of Man Motor Museum","Town":"Jurby","Postcode":"IM7 3BD","CountryID":110,"Latitude":54.35934,"Longitude":-4.522098,"ContactTelephone1":"+44 162 488 8333","DistanceUnit":0},"OperatorID":23,"DataProviderID":1,"UsageTypeID":6,"StatusTypeID":50,"Connections":[{"ID":125457,"ConnectionTypeID":30,"StatusTypeID":50,"LevelID":2,"Amps":16,"Voltage":400,"PowerKW":11,"CurrentTypeID":20,"Quantity":4}]},{"ID":59122,"UUID":"1BA250EB-F3BA-4E49-8980-1B40FA9EBE89","NumberOfPoints":1,"UsageCost":"Free","AddressInfo":{"ID":59468,"Title":"Market Place, Ramsey","AddressLine1":"Market Place","Town":"Ramsey","Postcode":"IM8 1JY","CountryID":110,"Latitude":54.3215326284851,"Longitude":-4.37952160835266,"DistanceUnit":0},"OperatorID":1,"DataProviderID":1,"UsageTypeID":0,"StatusTypeID":50,"Connections":[{"ID":75117,"ConnectionTypeID":25,"StatusTypeID":50,"LevelID":2,"Amps":32,"Voltage":230,"PowerKW":7,"CurrentTypeID":10,"Quantity":2},{"ID":75118,"ConnectionTypeID":4,"StatusTypeID":50,"LevelID":2,"Amps":16,"Voltage":230,"PowerKW":4,"CurrentTypeID":10,"Quantity":2}],"UserComments":[{"ID":10252,"ChargePointID":59122,"CommentTypeID":10,"UserName":"Dan Brook","Comment":"Now up and working.","DateCreated":"2016-04-27T17:27:29.403Z","User":{"ID":1516,"Username":"Dan Brook"},"CheckinStatusTypeID":10}],"MediaItems":[{"ID":10806,"ChargePointID":59122,"ItemURL":"https://media.openchargemap.io/images/IM/OCM59122/OCM-59122.orig.2017041409454987.jpg","ItemThumbnailURL":"https://media.openchargemap.io/images/IM/OCM59122/OCM-59122.thmb.2017041409454987.jpg","Comment":"AC charger charges at about a rate of 18 miles per hour. Free.  There's another one by the northern swimming pool which is the same charge rate and also free.","IsEnabled":true,"IsVideo":false,"IsFeaturedItem":false,"IsExternalResource":false,"User":{"ID":12230,"Username":"chris.wotton"},"DateCreated":"2017-04-14T09:46:00Z"},{"ID":6318,"ChargePointID":59122,"ItemURL":"https://media.openchargemap.io/images/IM/OCM59122/OCM-59122.orig.2016042717261118.jpeg","ItemThumbnailURL":"https://media.openchargemap.io/images/IM/OCM59122/OCM-59122.thmb.2016042717261118.jpeg","Comment":"","IsEnabled":true,"IsVideo":false,"IsFeaturedItem":false,"IsExternalResource":false,"User":{"ID":1516,"Username":"Dan Brook"},"DateCreated":"2016-04-27T17:26:00Z"}]},{"ID":42578,"UUID":"4DC82E15-CEEA-4EAD-838A-6762A56734AA","NumberOfPoints":2,"UsageCost":"Free","AddressInfo":{"ID":42924,"Title":"Northern Swimming Pool","AddressLine1":"Mooragh Promenade","AddressLine2":"","Town":"Ramsey","StateOrProvince":"","Postcode":"IM8 3AB","CountryID":110,"Latitude":54.3245627078454,"Longitude":-4.38135650210722,"ContactTelephone1":"01624687687","ContactTelephone2":"","ContactEmail":"","AccessComments":"Key for padlock on commando sockets required. Contact Manx Utilities for this ","RelatedURL":"","DistanceUnit":0},"OperatorID":135,"DataProviderID":1,"UsageTypeID":1,"StatusTypeID":50,"Connections":[{"ID":51289,"ConnectionTypeID":4,"StatusTypeID":0,"CurrentTypeID":10,"Quantity":2},{"ID":51290,"ConnectionTypeID":25,"StatusTypeID":0,"CurrentTypeID":10,"Quantity":2}],"MediaItems":[{"ID":1432,"ChargePointID":42578,"ItemURL":"https://media.openchargemap.io/images/IM/OCM42578/OCM-42578.orig.2015051723150046.jpg","ItemThumbnailURL":"https://media.openchargemap.io/images/IM/OCM42578/OCM-42578.thmb.2015051723150046.jpg","Comment":"","IsEnabled":true,"IsVideo":false,"IsFeaturedItem":false,"IsExternalResource":false,"User":{"ID":1516,"Username":"Dan Brook"},"DateCreated":"2015-05-17T23:15:00Z"}]},{"ID":41080,"UUID":"33B4BE05-73F0-4810-87FE-C59E369AF4D2","NumberOfPoints":2,"UsageCost":"Free","AddressInfo":{"ID":41426,"Title":"Food Park, Peel","AddressLine1":"Food Park","AddressLine2":"","Town":"Peel","StateOrProvince":"","Postcode":"","CountryID":110,"Latitude":54.220849,"Longitude":-4.698886,"ContactTelephone1":"","ContactTelephone2":"","ContactEmail":"","AccessComments":"","RelatedURL":"","DistanceUnit":0},"OperatorID":1,"DataProviderID":1,"UsageTypeID":1,"StatusTypeID":50,"Connections":[{"ID":44831,"ConnectionTypeID":4,"StatusTypeID":50,"LevelID":1,"CurrentTypeID":10,"Quantity":2}],"UserComments":[{"ID":3866,"ChargePointID":41080,"CommentTypeID":10,"UserName":"simon.hewison.old","Comment":"Wrong country. Isle of Man is not the United Kingdom.","DateCreated":"2015-02-23T10:39:50.68Z","User":{"ID":4550,"Username":"simon.hewison.old"},"CheckinStatusTypeID":0},{"ID":3650,"ChargePointID":41080,"CommentTypeID":10,"UserName":"SnaxMuppet","Comment":"This needs verification before going live.","DateCreated":"2015-01-27T01:15:50.733Z","User":{"ID":1009,"Username":"SnaxMuppet"},"CheckinStatusTypeID":0}],"MediaItems":[{"ID":1433,"ChargePointID":41080,"ItemURL":"https://media.openchargemap.io/images/IM/OCM41080/OCM-41080.orig.2015051723200798.jpg","ItemThumbnailURL":"https://media.openchargemap.io/images/IM/OCM41080/OCM-41080.thmb.2015051723200798.jpg","Comment":"","IsEnabled":true,"IsVideo":false,"IsFeaturedItem":false,"IsExternalResource":false,"User":{"ID":1516,"Username":"Dan Brook"},"DateCreated":"2015-05-17T23:20:00Z"}]},{"ID":18574,"UUID":"7453A9E3-A478-401A-8B2D-330C44AA1CF0","NumberOfPoints":2,"UsageCost":"Free","AddressInfo":{"ID":18919,"Title":"The Quay Car Park","AddressLine1":"Queen Street","AddressLine2":"","Town":"Castletown","StateOrProvince":"","Postcode":"IM9 1LD","CountryID":110,"Latitude":54.073061,"Longitude":-4.651711,"ContactTelephone1":"01624 687687  (MEA Customer Services)","ContactTelephone2":"","ContactEmail":"mea@gov.im","AccessComments":"","RelatedURL":"http://www.gov.im/lib/docs/mea/customer/forms/electric20vehicle20charging1.pdf","DistanceUnit":0},"OperatorID":1,"DataProviderID":1,"UsageTypeID":1,"StatusTypeID":50,"Connections":[{"ID":18795,"ConnectionTypeID":4,"StatusTypeID":50,"LevelID":2,"Amps":16,"Voltage":230,"PowerKW":3.7,"CurrentTypeID":10,"Quantity":2},{"ID":44877,"ConnectionTypeID":25,"StatusTypeID":50,"LevelID":2,"Amps":32,"Voltage":230,"PowerKW":7,"CurrentTypeID":10,"Quantity":2}],"UserComments":[{"ID":3645,"ChargePointID":18574,"CommentTypeID":10,"UserName":"Dan Brook","Comment":"","Rating":4,"DateCreated":"2015-01-26T13:39:17.89Z","User":{"ID":1516,"Username":"Dan Brook"},"CheckinStatusTypeID":10},{"ID":3593,"ChargePointID":18574,"CommentTypeID":50,"UserName":"Dan Brook","Comment":"Recent upgrade of charge post gives 2x \"commando\" and 2x IEC 62196 32amps. Details to be updated once I've visited the site. https://www.facebook.com/eviom77/posts/695369317250971","DateCreated":"2015-01-16T09:35:59.617Z","User":{"ID":1516,"Username":"Dan Brook"},"CheckinStatusTypeID":210}],"MediaItems":[{"ID":1434,"ChargePointID":18574,"ItemURL":"https://media.openchargemap.io/images/IM/OCM18574/OCM-18574.orig.2015051723270941.jpg","ItemThumbnailURL":"https://media.openchargemap.io/images/IM/OCM18574/OCM-18574.thmb.2015051723270941.jpg","Comment":"","IsEnabled":true,"IsVideo":false,"IsFeaturedItem":false,"IsExternalResource":false,"User":{"ID":1516,"Username":"Dan Brook"},"DateCreated":"2015-05-17T23:27:00Z"}]},{"ID":18190,"UUID":"10983E85-886D-4BC3-A2DC-5EFC388B8884","NumberOfPoints":2,"UsageCost":"Free (pay for parking)","AddressInfo":{"ID":18535,"Title":"Chester Street Car Park","AddressLine1":"Chester Street","Town":"Douglas","Postcode":"IM1 2PG","CountryID":110,"Latitude":54.1531863918183,"Longitude":-4.48008298873901,"ContactTelephone1":"687687 (MEA customer Services)","AccessComments":"Enter car park from Market Street, go to level 2","RelatedURL":"http://www.gov.im/lib/docs/mea/customer/forms/electric20vehicle20charging1.pdf","DistanceUnit":0},"OperatorID":45,"DataProviderID":1,"UsageTypeID":1,"StatusTypeID":50,"Connections":[{"ID":18419,"ConnectionTypeID":4,"StatusTypeID":50,"LevelID":2,"Amps":16,"Voltage":230,"PowerKW":4,"CurrentTypeID":10,"Quantity":1}],"UserComments":[{"ID":394,"ChargePointID":18190,"CommentTypeID":10,"UserName":"EVIOM77","Comment":"It's been said that whilst charging you don't have to pay for parking.","DateCreated":"2013-08-10T21:12:40.647Z","User":{"ID":1119,"Username":"EVIOM77"},"CheckinStatusTypeID":10}],"MediaItems":[{"ID":207,"ChargePointID":18190,"ItemURL":"https://media.openchargemap.io/images/IM/OCM18190/OCM-18190.orig.2014012013051662.jpg","ItemThumbnailURL":"https://media.openchargemap.io/images/IM/OCM18190/OCM-18190.thmb.2014012013051662.jpg","Comment":"","IsEnabled":true,"IsVideo":false,"IsFeaturedItem":false,"IsExternalResource":false,"User":{"ID":1516,"Username":"Dan Brook"},"DateCreated":"2014-01-20T13:05:00Z"}]}]