[{"ID":307485,"UUID":"B8286548-4E42-4561-B335-10F9CFF526FF","NumberOfPoints":1,"AddressInfo":{"ID":307874,"Title":"RapidCharge By Umbo","AddressLine1":"Agron Berisha 77","Town":"Prishtina ","Postcode":"10000","CountryID":250,"Latitude":42.66095863175849,"Longitude":21.140268100879666,"ContactTelephone1":"+38349627027","DistanceUnit":0},"OperatorID":1,"DataProviderID":1,"UsageTypeID":4,"StatusTypeID":50,"Connections":[{"ID":586551,"ConnectionTypeID":1036,"StatusTypeID":50,"LevelID":2,"Amps":16,"Voltage":400,"PowerKW":11,"CurrentTypeID":20,"Quantity":1}]},{"ID":306267,"UUID":"F89AFE15-B4AC-4F42-82F9-41409F616BB3","NumberOfPoints":1,"UsageCost":"0,39 € /kWh","AddressInfo":{"ID":306656,"Title":"Echarge-KS","AddressLine1":"Sheshi Xhorxh Bush","AddressLine2":"Arbëri","Postcode":"10000","CountryID":250,"Latitude":42.655659211354475,"Longitude":21.16060215544735,"ContactTelephone1":"+383 38 660 600","RelatedURL":"http://info@echarge-ks.com","DistanceUnit":0},"DataProviderID":1,"UsageTypeID":4,"StatusTypeID":50,"Connections":[{"ID":581783,"ConnectionTypeID":33,"StatusTypeID":50,"LevelID":3,"PowerKW":60,"CurrentTypeID":30,"Quantity":1},{"ID":581784,"ConnectionTypeID":2,"StatusTypeID":50,"LevelID":3,"PowerKW":60,"CurrentTypeID":30,"Quantity":1}]},{"ID":306266,"UUID":"B87A8CAE-9E62-4739-BFAE-EBC6D53B1835","NumberOfPoints":2,"UsageCost":"0,39 € / kWh","AddressInfo":{"ID":306655,"Title":"Echarge-KS Olive Medical","AddressLine1":"Ymer Aliu","AddressLine2":"Kalabria","Postcode":"10000","CountryID":250,"Latitude":42.64487561759569,"Longitude":21.155929455349565,"ContactTelephone1":"+383 38 660 600","RelatedURL":"https://echarge-ks.com","DistanceUnit":0},"DataProviderID":1,"UsageTypeID":4,"StatusTypeID":50,"Connections":[{"ID":581782,"ConnectionTypeID":33,"Reference":"Echarge-KS","StatusTypeID":50,"LevelID":3,"PowerKW":130,"CurrentTypeID":30,"Quantity":2}]},{"ID":306255,"UUID":"44574FDF-DE3D-4D85-8D96-6B8C38CCB80D","NumberOfPoints":1,"UsageCost":"0,30€/kWh","AddressInfo":{"ID":306644,"Title":"EV Charger Petrol Company ","AddressLine1":"Doktor Ibrahim Rugova","Town":"Komuna e Drenasit / Opština Glogovac","Postcode":"13000","CountryID":250,"Latitude":42.568225414215306,"Longitude":20.838778468824415,"DistanceUnit":0},"OperatorID":1,"DataProviderID":1,"UsageTypeID":4,"StatusTypeID":50,"Connections":[{"ID":581366,"ConnectionTypeID":33,"StatusTypeID":50,"LevelID":3,"PowerKW":50,"CurrentTypeID":30,"Quantity":2}]},{"ID":306253,"UUID":"F43DFE22-0F33-4594-B460-45A5E8853DE1","NumberOfPoints":1,"UsageCost":"0,30€/kWh","AddressInfo":{"ID":306642,"Title":"EV Charging Petrol Company","AddressLine1":"Gryka e Llapit","AddressLine2":"Breznicë","Postcode":"11000","CountryID":250,"Latitude":42.89016018884058,"Longitude":21.18435288935393,"DistanceUnit":0},"OperatorID":1,"DataProviderID":1,"UsageTypeID":4,"StatusTypeID":50,"Connections":[{"ID":581364,"ConnectionTypeID":33,"StatusTypeID":50,"LevelID":3,"PowerKW":50,"CurrentTypeID":30,"Quantity":2}]},{"ID":306066,"UUID":"19658D7B-28C8-4298-B59B-3F0052DAD2F9","NumberOfPoints":1,"UsageCost":"0,39€/kWh","AddressInfo":{"ID":306455,"Title":"EV Charger HIB Petrol ","AddressLine1":"Rruga e Pejës","AddressLine2":"Lagjja 028","Town":"Fushë Kosovë","Postcode":"12010","CountryID":250,"Latitude":42.62244023799434,"Longitude":21.082891879749468,"DistanceUnit":0},"OperatorID":1,"DataProviderID":1,"UsageTypeID":5,"StatusTypeID":50,"Connections":[{"ID":580035,"ConnectionTypeID":33,"Reference":"","StatusTypeID":50,"LevelID":3,"PowerKW":300,"CurrentTypeID":30,"Quantity":4,"Comments":"0,39€/kWh"}]},{"ID":306005,"UUID":"8F3CA7DB-1672-4934-9AE6-8D88E6944DB9","NumberOfPoints":1,"UsageCost":"0,30 €/kWh","AddressInfo":{"ID":306394,"Title":"Tesla Taxi Charging","AddressLine1":"Grosho Ibra","AddressLine2":"Dardania","Postcode":"39000","CountryID":250,"Latitude":42.65295375610128,"Longitude":20.3103014014398,"DistanceUnit":0},"OperatorID":1,"DataProviderID":1,"UsageTypeID":4,"StatusTypeID":50,"Connections":[{"ID":579708,"ConnectionTypeID":1036,"StatusTypeID":50,"LevelID":2,"PowerKW":11,"CurrentTypeID":20,"Quantity":2}],"MediaItems":[{"ID":44086,"ChargePointID":306005,"ItemURL":"https://media.openchargemap.io/images/XK/OCM306005/OCM-306005.orig.2024111319225295.jpg","ItemThumbnailURL":"https://media.openchargemap.io/images/XK/OCM306005/OCM-306005.thmb.2024111319225295.jpg","Comment":"","IsEnabled":true,"IsVideo":false,"IsFeaturedItem":false,"IsExternalResource":false,"User":{"ID":54993,"Username":"lindi87"},"DateCreated":"2024-11-13T19:23:00Z"},{"ID":44087,"ChargePointID":306005,"ItemURL":"https://media.openchargemap.io/images/XK/OCM306005/OCM-306005.orig.2024111319230895.jpg","ItemThumbnailURL":"https://media.openchargemap.io/images/XK/OCM306005/OCM-306005.thmb.2024111319230895.jpg","Comment":"","IsEnabled":true,"IsVideo":false,"IsFeaturedItem":false,"IsExternalResource":false,"User":{"ID":54993,"Username":"lindi87"},"DateCreated":"2024-11-13T19:23:00Z"}]},{"ID":305973,"UUID":"6AE54ED6-B8FB-4E8A-BF47-D6B981442DA6","NumberOfPoints":2,"UsageCost":"0,30","AddressInfo":{"ID":306362,"Title":"EV Charging Petrol Company","AddressLine1":"Islam Hadri","AddressLine2":"Çarshia e Vjetër","Postcode":"39000","CountryID":250,"Latitude":42.658848597104054,"Longitude":20.292593830857754,"DistanceUnit":0},"OperatorID":1,"DataProviderID":1,"UsageTypeID":4,"StatusTypeID":50,"Connections":[{"ID":579516,"ConnectionTypeID":33,"StatusTypeID":50,"LevelID":3,"PowerKW":50,"CurrentTypeID":30,"Quantity":2}],"MediaItems":[{"ID":44084,"ChargePointID":305973,"ItemURL":"https://media.openchargemap.io/images/XK/OCM305973/OCM-305973.orig.2024111319194794.jpg","ItemThumbnailURL":"https://media.openchargemap.io/images/XK/OCM305973/OCM-305973.thmb.2024111319194794.jpg","Comment":"","IsEnabled":true,"IsVideo":false,"IsFeaturedItem":false,"IsExternalResource":false,"User":{"ID":54993,"Username":"lindi87"},"DateCreated":"2024-11-13T19:20:00Z"},{"ID":44085,"ChargePointID":305973,"ItemURL":"https://media.openchargemap.io/images/XK/OCM305973/OCM-305973.orig.2024111319201500.jpg","ItemThumbnailURL":"https://media.openchargemap.io/images/XK/OCM305973/OCM-305973.thmb.2024111319201500.jpg","Comment":"","IsEnabled":true,"IsVideo":false,"IsFeaturedItem":false,"IsExternalResource":false,"User":{"ID":54993,"Username":"lindi87"},"DateCreated":"2024-11-13T19:20:00Z"}]},{"ID":297173,"UUID":"11B56C1D-8F46-4AF3-9150-DC4587F8246D","NumberOfPoints":2,"AddressInfo":{"ID":297560,"Title":"Taxi Tesla Charger 50kw","AddressLine1":"Mërgimtarët e Gjilanit","AddressLine2":"","Town":"Gjilan","StateOrProvince":"Kosovo","Postcode":"60000","CountryID":250,"Latitude":42.46219216897114,"Longitude":21.476925628261085,"AccessComments":"Taxi Tesla Ev Charger Apps","RelatedURL":"https://apps.apple.com/de/app/fast-charger-tesla-taxi/id6466219251?l=en-GB","DistanceUnit":0},"OperatorID":1,"DataProviderID":1,"UsageTypeID":4,"StatusTypeID":50,"Connections":[{"ID":535348,"ConnectionTypeID":33,"StatusTypeID":50,"LevelID":3,"PowerKW":50,"CurrentTypeID":30,"Quantity":1}]},{"ID":267627,"UUID":"6152215D-9092-4602-B8BD-83190BB84042","NumberOfPoints":2,"UsageCost":"0.25€/kWh","AddressInfo":{"ID":268011,"Title":"Pavarësia","AddressLine1":"Pavarësia","Postcode":"23050","CountryID":250,"Latitude":42.31538523573661,"Longitude":20.806214390141918,"ContactTelephone1":"+38349531800","ContactTelephone2":"+38349531888","AccessComments":"instructions available at site. Send message in Viber/whatsapp ”Start” ”Stop”. wifi available at the site","DistanceUnit":0},"OperatorID":1,"DataProviderID":1,"UsageTypeID":1,"StatusTypeID":50,"Connections":[{"ID":456029,"ConnectionTypeID":33,"StatusTypeID":50,"LevelID":3,"PowerKW":120,"CurrentTypeID":30,"Quantity":2}],"UserComments":[{"ID":28724,"ChargePointID":267627,"CommentTypeID":10,"UserName":"Bimi","Comment":"Private Fastcharger that is open to everyone","Rating":5,"DateCreated":"2023-07-03T10:47:36.67Z","User":{"ID":47217,"Username":"Bimi"},"CheckinStatusTypeID":10,"IsActionedByEditor":false}],"MediaItems":[{"ID":38555,"ChargePointID":267627,"ItemURL":"https://media.openchargemap.io/images/XK/OCM267627/OCM-267627.orig.2023070313494473.jpg","ItemThumbnailURL":"https://media.openchargemap.io/images/XK/OCM267627/OCM-267627.thmb.2023070313494473.jpg","Comment":"","IsEnabled":true,"IsVideo":false,"IsFeaturedItem":false,"IsExternalResource":false,"User":{"ID":47217,"Username":"Bimi"},"DateCreated":"2023-07-03T13:50:00Z"},{"ID":38554,"ChargePointID":267627,"ItemURL":"https://media.openchargemap.io/images/XK/OCM267627/OCM-267627.orig.2023070311045178.jpg","ItemThumbnailURL":"https://media.openchargemap.io/images/XK/OCM267627/OCM-267627.thmb.2023070311045178.jpg","Comment":"","IsEnabled":true,"IsVideo":false,"IsFeaturedItem":false,"IsExternalResource":false,"User":{"ID":47217,"Username":"Bimi"},"DateCreated":"2023-07-03T11:05:00Z"},{"ID":38553,"ChargePointID":267627,"ItemURL":"https://media.openchargemap.io/images/XK/OCM267627/OCM-267627.orig.2023070311042147.jpg","ItemThumbnailURL":"https://media.openchargemap.io/images/XK/OCM267627/OCM-267627.thmb.2023070311042147.jpg","Comment":"","IsEnabled":true,"IsVideo":false,"IsFeaturedItem":false,"IsExternalResource":false,"User":{"ID":47217,"Username":"Bimi"},"DateCreated":"2023-07-03T11:04:00Z"},{"ID":38552,"ChargePointID":267627,"ItemURL":"https://media.openchargemap.io/images/XK/OCM267627/OCM-267627.orig.2023070311020391.jpg","ItemThumbnailURL":"https://media.openchargemap.io/images/XK/OCM267627/OCM-267627.thmb.2023070311020391.jpg","Comment":"","IsEnabled":true,"IsVideo":false,"IsFeaturedItem":false,"IsExternalResource":false,"User":{"ID":47217,"Username":"Bimi"},"DateCreated":"2023-07-03T11:02:00Z"}]},{"ID":267517,"UUID":"B3E5A178-946A-4E79-B08B-5B41AF495588","NumberOfPoints":1,"UsageCost":"0.15 €/kWh","AddressInfo":{"ID":267901,"Title":"Hotel Gracanica","AddressLine1":"Dragana Ristića","Town":"Gracanica","Postcode":"10500","CountryID":250,"Latitude":42.6004583,"Longitude":21.1866277,"ContactTelephone1":"+38338729888","ContactTelephone2":"+38349764000","RelatedURL":"http://www.hotelgracanica.com","DistanceUnit":0},"OperatorID":1,"DataProviderID":1,"UsageTypeID":5,"StatusTypeID":50,"Connections":[{"ID":455802,"ConnectionTypeID":25,"StatusTypeID":50,"LevelID":2,"Amps":32,"Voltage":400,"PowerKW":22,"CurrentTypeID":20,"Quantity":1}]},{"ID":147836,"UUID":"0DCB853D-A434-4B51-A295-DC73D5EC3BEC","NumberOfPoints":1,"UsageCost":"0.29€\\kWh","AddressInfo":{"ID":148188,"Title":"Shell Prishtina","AddressLine1":"Rrafshi i Kosovës","AddressLine2":"Kalabria 2","Town":"Çagllavicë (Prishtinë)","StateOrProvince":"Municipality of Pristina","Postcode":"2071","CountryID":250,"Latitude":42.63187646457206,"Longitude":21.145781473832358,"AccessComments":"Charger is started and stopped from the cashiers inside the shell gas station.","DistanceUnit":0},"OperatorID":45,"DataProviderID":1,"UsageTypeID":1,"StatusTypeID":50,"Connections":[{"ID":205220,"ConnectionTypeID":2,"StatusTypeID":50,"LevelID":3,"PowerKW":50,"CurrentTypeID":30,"Quantity":1},{"ID":205221,"ConnectionTypeID":33,"StatusTypeID":50,"LevelID":3,"PowerKW":50,"CurrentTypeID":30,"Quantity":1},{"ID":205222,"ConnectionTypeID":1036,"StatusTypeID":100,"LevelID":2,"PowerKW":22,"CurrentTypeID":20,"Quantity":1}],"MediaItems":[{"ID":21026,"ChargePointID":147836,"ItemURL":"https://media.openchargemap.io/images/XK/OCM147836/OCM-147836.orig.2020011711430661.jpg","ItemThumbnailURL":"https://media.openchargemap.io/images/XK/OCM147836/OCM-147836.thmb.2020011711430661.jpg","Comment":"","IsEnabled":true,"IsVideo":false,"IsFeaturedItem":false,"IsExternalResource":false,"User":{"ID":18886,"Username":"melih"},"DateCreated":"2020-01-17T11:43:00Z"}]},{"ID":147835,"UUID":"2E5B98D1-6C0D-4E9E-AEE1-805211211358","NumberOfPoints":1,"UsageCost":"Free","AddressInfo":{"ID":148187,"Title":"HIB Petrol Caglavice","AddressLine1":"Prishtina-Skopje Highway, Prishtinë","StateOrProvince":"Municipality of Gračanica / Graçanica","CountryID":250,"Latitude":42.60381069035293,"Longitude":21.132543420118736,"DistanceUnit":0},"OperatorID":45,"DataProviderID":1,"UsageTypeID":1,"StatusTypeID":50,"Connections":[{"ID":205217,"ConnectionTypeID":2,"StatusTypeID":50,"LevelID":3,"PowerKW":50,"CurrentTypeID":30,"Quantity":1},{"ID":205218,"ConnectionTypeID":33,"StatusTypeID":50,"LevelID":3,"PowerKW":50,"CurrentTypeID":30,"Quantity":1},{"ID":205219,"ConnectionTypeID":1036,"StatusTypeID":50,"LevelID":2,"PowerKW":22,"CurrentTypeID":20,"Quantity":1}],"MediaItems":[{"ID":21028,"ChargePointID":147835,"ItemURL":"https://media.openchargemap.io/images/XK/OCM147835/OCM-147835.orig.2020011711434233.jpg","ItemThumbnailURL":"https://media.openchargemap.io/images/XK/OCM147835/OCM-147835.thmb.2020011711434233.jpg","Comment":"","IsEnabled":true,"IsVideo":false,"IsFeaturedItem":false,"IsExternalResource":false,"User":{"ID":18886,"Username":"melih"},"DateCreated":"2020-01-17T11:44:00Z"}]},{"ID":147834,"UUID":"E6E62B27-597C-4F8A-BB59-4D59FA71BD03","NumberOfPoints":1,"UsageCost":"Free","AddressInfo":{"ID":148186,"Title":"Shell Kosovo Prizren","AddressLine1":"Autobahn Ibrahim Rugova Exit R107 ","Town":"Prizren","Postcode":"2000","CountryID":250,"Latitude":42.25169887640635,"Longitude":20.709738298510956,"DistanceUnit":0},"OperatorID":45,"DataProviderID":1,"UsageTypeID":1,"StatusTypeID":50,"Connections":[{"ID":205214,"ConnectionTypeID":2,"StatusTypeID":50,"LevelID":3,"PowerKW":50,"CurrentTypeID":30,"Quantity":1},{"ID":205215,"ConnectionTypeID":33,"StatusTypeID":50,"LevelID":3,"PowerKW":50,"CurrentTypeID":30,"Quantity":1},{"ID":205216,"ConnectionTypeID":1036,"StatusTypeID":50,"LevelID":2,"PowerKW":22,"CurrentTypeID":20,"Quantity":1}],"UserComments":[{"ID":28722,"ChargePointID":147834,"CommentTypeID":50,"UserName":"Bimi","Comment":"maxspeed is 30-39kw, once had 24kw","Rating":3,"DateCreated":"2023-07-02T17:47:33.363Z","User":{"ID":47217,"Username":"Bimi"},"CheckinStatusTypeID":10,"IsActionedByEditor":false}],"MediaItems":[{"ID":21027,"ChargePointID":147834,"ItemURL":"https://media.openchargemap.io/images/XK/OCM147834/OCM-147834.orig.2020011711432625.jpg","ItemThumbnailURL":"https://media.openchargemap.io/images/XK/OCM147834/OCM-147834.thmb.2020011711432625.jpg","Comment":"","IsEnabled":true,"IsVideo":false,"IsFeaturedItem":false,"IsExternalResource":false,"User":{"ID":18886,"Username":"melih"},"DateCreated":"2020-01-17T11:43:00Z"}]}]