[{"ID":299467,"UUID":"692E78F7-B922-4B87-81F8-0A9E7F9A0466","NumberOfPoints":2,"UsageCost":"0,47€/kWh","AddressInfo":{"ID":299854,"Title":"E.S. Cepsa Gibraltar","AddressLine1":"Mons Calpe Road","Postcode":"GX11 1AA","CountryID":89,"Latitude":36.15404891021663,"Longitude":-5.344709289542379,"DistanceUnit":0},"OperatorID":3324,"DataProviderID":1,"UsageTypeID":4,"StatusTypeID":50,"Connections":[{"ID":551884,"ConnectionTypeID":33,"StatusTypeID":50,"LevelID":3,"Amps":300,"Voltage":920,"PowerKW":120,"CurrentTypeID":30,"Quantity":2}]},{"ID":266411,"UUID":"4C688C04-7415-46A2-AC3B-84F4EAE1C5F4","NumberOfPoints":4,"AddressInfo":{"ID":266795,"Title":"6 Bayside Road","AddressLine1":"6 Bayside Road","Postcode":"GX11 1AA","CountryID":89,"Latitude":36.14907398035618,"Longitude":-5.351627042597755,"DistanceUnit":0},"OperatorID":3613,"DataProviderID":1,"UsageTypeID":1,"StatusTypeID":50,"Connections":[{"ID":453352,"ConnectionTypeID":25,"Reference":"GI*PNG*E*GIB003*A","StatusTypeID":50,"LevelID":2,"Amps":32,"Voltage":230,"PowerKW":22,"CurrentTypeID":20,"Quantity":1},{"ID":453353,"ConnectionTypeID":25,"Reference":"GI*PNG*E*GIB003*B","StatusTypeID":50,"LevelID":2,"Amps":32,"Voltage":230,"PowerKW":22,"CurrentTypeID":20,"Quantity":1},{"ID":453354,"ConnectionTypeID":25,"Reference":"GI*PNG*E*GIB004*A","StatusTypeID":50,"LevelID":2,"Amps":32,"Voltage":400,"PowerKW":22,"CurrentTypeID":20,"Quantity":1},{"ID":453355,"ConnectionTypeID":25,"Reference":"GI*PNG*E*GIB004*B","StatusTypeID":50,"LevelID":2,"Amps":32,"Voltage":400,"PowerKW":22,"CurrentTypeID":20,"Quantity":1}]},{"ID":266410,"UUID":"D1812B31-6507-42FF-8538-F1A78A390287","NumberOfPoints":2,"AddressInfo":{"ID":266794,"Title":"Sir Herbert Miles Road","AddressLine1":"Sir Herbert Miles Road","Postcode":"GX11 1AA","CountryID":89,"Latitude":36.137438,"Longitude":-5.340862,"DistanceUnit":0},"OperatorID":3613,"DataProviderID":1,"UsageTypeID":1,"StatusTypeID":50,"Connections":[{"ID":453350,"ConnectionTypeID":25,"Reference":"GI*PNG*E*001*A","StatusTypeID":50,"LevelID":2,"Amps":32,"Voltage":230,"PowerKW":22,"CurrentTypeID":20,"Quantity":1},{"ID":453351,"ConnectionTypeID":25,"Reference":"GI*PNG*E*001*B","StatusTypeID":50,"LevelID":2,"Amps":32,"Voltage":230,"PowerKW":22,"CurrentTypeID":20,"Quantity":1}]},{"ID":235523,"UUID":"89CBAF94-229D-4A0D-BC0A-35EF8814024F","NumberOfPoints":4,"AddressInfo":{"ID":235907,"Title":"Main Street","AddressLine1":"Main Street","Postcode":"GX11 1AA","CountryID":89,"Latitude":36.139799107531076,"Longitude":-5.353789494331011,"DistanceUnit":0},"OperatorID":1,"DataProviderID":1,"UsageTypeID":1,"StatusTypeID":50,"Connections":[{"ID":388533,"ConnectionTypeID":25,"StatusTypeID":50,"LevelID":2,"PowerKW":7,"CurrentTypeID":10,"Quantity":4}]},{"ID":169436,"UUID":"BA1AC03C-BCF0-4A47-8868-5C79A932DBDA","NumberOfPoints":16,"AddressInfo":{"ID":169795,"Title":"Midtown Carpark","AddressLine1":"Engineer Lane","Town":"Gibraltar","Postcode":"GX11 1AA","CountryID":89,"Latitude":36.142863935463964,"Longitude":-5.353022965236164,"DistanceUnit":0},"OperatorID":3613,"DataProviderID":1,"UsageTypeID":1,"StatusTypeID":50,"Connections":[{"ID":257815,"ConnectionTypeID":25,"StatusTypeID":50,"LevelID":2,"Amps":32,"Voltage":230,"PowerKW":7,"CurrentTypeID":10,"Quantity":12},{"ID":453348,"ConnectionTypeID":25,"StatusTypeID":50,"LevelID":2,"Amps":32,"Voltage":400,"PowerKW":22,"CurrentTypeID":20,"Quantity":2},{"ID":453349,"ConnectionTypeID":33,"StatusTypeID":50,"LevelID":3,"PowerKW":24,"CurrentTypeID":30,"Quantity":1}]},{"ID":88816,"UUID":"80B8EF56-A971-4932-8718-A436A3B8B04F","NumberOfPoints":4,"AddressInfo":{"ID":89162,"Title":"Sunborn Gibraltar","AddressLine1":"Ocean Village","Town":"35 Marina Bay Square","StateOrProvince":"Gibraltar","Postcode":"GX11 1AA","CountryID":89,"Latitude":36.148027,"Longitude":-5.353278,"ContactTelephone1":"+350 2 001 6100","DistanceUnit":0},"OperatorID":45,"DataProviderID":1,"UsageTypeID":6,"StatusTypeID":50,"Connections":[{"ID":126064,"ConnectionTypeID":30,"StatusTypeID":50,"LevelID":2,"Amps":32,"Voltage":230,"PowerKW":13,"CurrentTypeID":20,"Quantity":2},{"ID":340522,"ConnectionTypeID":25,"StatusTypeID":50,"LevelID":2,"PowerKW":11,"CurrentTypeID":20,"Quantity":2}]},{"ID":87413,"UUID":"5CF4841C-B2A7-40AA-86F7-898E4D33EA5D","NumberOfPoints":4,"AddressInfo":{"ID":87759,"Title":"The Rock Hotel Gibraltar","AddressLine1":"3 Europa Road","Town":"Gibraltar","CountryID":89,"Latitude":36.132059,"Longitude":-5.350203,"ContactTelephone1":"+350 2 007 3000","DistanceUnit":0},"OperatorID":45,"DataProviderID":1,"UsageTypeID":6,"StatusTypeID":50,"Connections":[{"ID":123911,"ConnectionTypeID":30,"StatusTypeID":50,"LevelID":2,"Amps":32,"Voltage":230,"PowerKW":7,"CurrentTypeID":10,"Quantity":1},{"ID":340521,"ConnectionTypeID":25,"StatusTypeID":50,"LevelID":2,"PowerKW":7.4,"CurrentTypeID":10,"Quantity":1}]}]