[{"ID":303772,"UUID":"3559D8F6-5D33-49A4-B2ED-4CD077CA831A","NumberOfPoints":1,"AddressInfo":{"ID":304161,"Title":"technoPolis","AddressLine1":"Sector 5, Salt lake","AddressLine2":"Kolkata","Town":"Kolkata","StateOrProvince":"West Bengal","Postcode":"700091","CountryID":106,"Latitude":22.5796706,"Longitude":88.44328991347192,"DistanceUnit":0},"OperatorID":1,"DataProviderID":1,"UsageTypeID":6,"StatusTypeID":50,"Connections":[{"ID":573811,"ConnectionTypeID":35,"StatusTypeID":75,"LevelID":2,"Amps":15,"Voltage":440,"PowerKW":30,"CurrentTypeID":20,"Quantity":1}]},{"ID":303178,"UUID":"7F183747-9388-49B8-9C54-2D03D442250D","NumberOfPoints":1,"AddressInfo":{"ID":303565,"Title":"Kartavya Path","AddressLine1":"Kartavya Path","StateOrProvince":"Delhi","Postcode":"110004","CountryID":106,"Latitude":28.614253161153925,"Longitude":77.2034289006848,"DistanceUnit":0},"OperatorID":1,"DataProviderID":1,"UsageTypeID":4,"StatusTypeID":50,"Connections":[{"ID":570185,"ConnectionTypeID":0,"StatusTypeID":50,"CurrentTypeID":10,"Quantity":1}]},{"ID":302744,"UUID":"D468EEF7-9F09-4446-9701-150DB790B5FE","NumberOfPoints":1,"AddressInfo":{"ID":303131,"Title":"Kot Safil road","AddressLine1":"Gopi Talav","Town":"Surat","StateOrProvince":"Gujarat","Postcode":"395002","CountryID":106,"Latitude":21.190833374358448,"Longitude":72.82874435126223,"DistanceUnit":0},"OperatorID":1,"DataProviderID":1,"UsageTypeID":5,"StatusTypeID":50,"Connections":[{"ID":569351,"ConnectionTypeID":25,"StatusTypeID":50,"LevelID":2,"Amps":10,"Voltage":230,"PowerKW":2.5,"CurrentTypeID":10,"Quantity":1}]},{"ID":301966,"UUID":"3CA2F637-132E-418F-AD96-CDD2FF41728B","NumberOfPoints":1,"UsageCost":"Rs.24/-","AddressInfo":{"ID":302353,"Title":"Harsha the Fernn","AddressLine1":"#35/2A, Sagara Road, opposite Sharavathi Dental College,","Town":" Shivamogga","StateOrProvince":"Karnataka ","Postcode":"577202","CountryID":106,"Latitude":13.94855091,"Longitude":75.53166578,"ContactTelephone1":"98848 66993","RelatedURL":"https://reluxelectric.com/","DistanceUnit":0},"OperatorID":3777,"DataProviderID":1,"UsageTypeID":5,"StatusTypeID":50,"Connections":[{"ID":565565,"ConnectionTypeID":33,"StatusTypeID":50,"LevelID":3,"PowerKW":60,"CurrentTypeID":30,"Quantity":1}]},{"ID":301965,"UUID":"E1D8458C-B93A-40D0-879C-C51BD22B118C","NumberOfPoints":1,"UsageCost":"Rs.24/-","AddressInfo":{"ID":302352,"Title":"Shanthigrama Toll plaza","AddressLine1":"NH-75 (Bengaluru - Mangaluru Hwy)","Town":"Shanthigrama","StateOrProvince":"Karnataka","Postcode":"573220","CountryID":106,"Latitude":12.9821235,"Longitude":76.2293388,"ContactTelephone1":"98848 66993","RelatedURL":"https://reluxelectric.com/","DistanceUnit":0},"OperatorID":3777,"DataProviderID":1,"UsageTypeID":5,"StatusTypeID":50,"Connections":[{"ID":565564,"ConnectionTypeID":33,"StatusTypeID":50,"LevelID":3,"PowerKW":30,"CurrentTypeID":30,"Quantity":1}]},{"ID":301964,"UUID":"F12A046D-7AFD-4D46-95B1-B4AE673998E4","NumberOfPoints":1,"UsageCost":"Rs.24/-","AddressInfo":{"ID":302351,"Title":"HPCL Shoolagiri","AddressLine1":"NH 44, Shoolagiri, ","Town":"Krishnagiri","StateOrProvince":"Tamil Nadu","Postcode":"637115","CountryID":106,"Latitude":12.6667009,"Longitude":78.00280462,"ContactTelephone1":"98848 66993","RelatedURL":"https://reluxelectric.com/","DistanceUnit":0},"OperatorID":3777,"DataProviderID":1,"UsageTypeID":5,"StatusTypeID":50,"Connections":[{"ID":565563,"ConnectionTypeID":33,"StatusTypeID":50,"LevelID":3,"PowerKW":30,"CurrentTypeID":30,"Quantity":1}]},{"ID":301963,"UUID":"152E8D20-FA67-48B7-B574-B6D6AEEFF4B1","NumberOfPoints":1,"UsageCost":"Rs.24/-","AddressInfo":{"ID":302350,"Title":"Quality Inn VIHA","AddressLine1":"No:2, New Railway Rd, Gandhi Nagar,","Town":"Kumbakonam","StateOrProvince":"Tamil Nadu","Postcode":"621001","CountryID":106,"Latitude":10.9601063,"Longitude":79.3926127,"ContactTelephone1":"98848 66993","RelatedURL":"https://reluxelectric.com/","DistanceUnit":0},"OperatorID":3777,"DataProviderID":1,"UsageTypeID":5,"StatusTypeID":50,"Connections":[{"ID":565562,"ConnectionTypeID":33,"StatusTypeID":50,"LevelID":3,"PowerKW":40,"CurrentTypeID":30,"Quantity":1}]},{"ID":301962,"UUID":"F0B34EDF-D8E6-494E-8923-E64E88DEC696","NumberOfPoints":1,"UsageCost":"Rs.15/-","AddressInfo":{"ID":302349,"Title":"Marshal E Tech Station","AddressLine1":"2/119-5, Mission compound, Kottaram","Town":"Kanyakumari ","StateOrProvince":"Tamil Nadu","Postcode":"629703","CountryID":106,"Latitude":8.115411,"Longitude":77.532217,"ContactTelephone1":"98848 66993","RelatedURL":"https://reluxelectric.com/","DistanceUnit":0},"OperatorID":3777,"DataProviderID":1,"UsageTypeID":5,"StatusTypeID":50,"Connections":[{"ID":565561,"ConnectionTypeID":33,"StatusTypeID":50,"LevelID":3,"PowerKW":49,"CurrentTypeID":30,"Quantity":2}]},{"ID":301650,"UUID":"86F12B18-B64E-412F-BDAC-75D8FA716E97","NumberOfPoints":1,"UsageCost":"Rs.16/-","AddressInfo":{"ID":302037,"Title":"Kallukurichi Toll Plaza","AddressLine1":"Madur, Kallakurichi, Viluppuram NH-68, Salem ","AddressLine2":"- Ulundurpettai Hwy, Viluppuram,","Town":" Viluppuram","StateOrProvince":"Tamil Nadu","Postcode":"606206","CountryID":106,"Latitude":11.73619658,"Longitude":79.00933295,"ContactTelephone1":"098848 66993","RelatedURL":"https://reluxelectric.com/","DistanceUnit":0},"OperatorID":3777,"DataProviderID":1,"UsageTypeID":5,"StatusTypeID":50,"Connections":[{"ID":564407,"ConnectionTypeID":33,"StatusTypeID":50,"LevelID":3,"PowerKW":30,"CurrentTypeID":30,"Quantity":1}]},{"ID":301649,"UUID":"9F1B04D3-BDB6-406D-A499-534356C42AD2","NumberOfPoints":1,"UsageCost":"Rs.16/-","AddressInfo":{"ID":302036,"Title":"Mettupatty Toll Plaza","AddressLine1":"M86J+M7G, Salem - Ulundurpettai Hwy","AddressLine2":"Vellalagundam Pirivu Road, Gudamalai R.F","Town":"selam","StateOrProvince":"Tamil Nadu","Postcode":"636456","CountryID":106,"Latitude":11.66173152,"Longitude":78.33119546,"ContactTelephone1":"098848 66993","RelatedURL":"https://reluxelectric.com/","DistanceUnit":0},"OperatorID":3777,"DataProviderID":1,"UsageTypeID":5,"StatusTypeID":50,"Connections":[{"ID":564406,"ConnectionTypeID":33,"StatusTypeID":50,"LevelID":3,"PowerKW":31,"CurrentTypeID":30,"Quantity":1}]},{"ID":301648,"UUID":"D6C9043E-B0B1-4331-BE49-A440A19C86A7","NumberOfPoints":1,"UsageCost":"Rs.22/-","AddressInfo":{"ID":302035,"Title":"NS Charging Station","AddressLine1":"SH 210, Sirkali","Town":"sirkali","StateOrProvince":"Tamil Nadu","Postcode":"609111","CountryID":106,"Latitude":11.22135782,"Longitude":79.73769503,"ContactTelephone1":"098848 66993","RelatedURL":"https://reluxelectric.com/","DistanceUnit":0},"OperatorID":3777,"DataProviderID":1,"UsageTypeID":5,"StatusTypeID":50,"Connections":[{"ID":564405,"ConnectionTypeID":33,"StatusTypeID":50,"LevelID":3,"PowerKW":30,"CurrentTypeID":30,"Quantity":1}]},{"ID":301647,"UUID":"677518AA-7941-4AE9-85C3-C0E83C7458A1","NumberOfPoints":1,"UsageCost":"Rs.22/-","AddressInfo":{"ID":302034,"Title":"Prashanth Charging Station","AddressLine1":"SH 212, Kadavul Nagar, ","Town":"Chidambaram","StateOrProvince":"Tamil Nadu","Postcode":"608001","CountryID":106,"Latitude":11.40802995,"Longitude":79.67390344,"ContactTelephone1":"098848 66993","RelatedURL":"https://reluxelectric.com/","DistanceUnit":0},"OperatorID":3777,"DataProviderID":1,"UsageTypeID":5,"StatusTypeID":50,"Connections":[{"ID":564404,"ConnectionTypeID":33,"StatusTypeID":50,"LevelID":3,"PowerKW":33,"CurrentTypeID":30,"Quantity":1}]},{"ID":301646,"UUID":"0943BD92-9497-40AB-B532-EAE6C0661209","NumberOfPoints":1,"UsageCost":"Rs.22/-","AddressInfo":{"ID":302033,"Title":"Ocean Spray Resort ","AddressLine1":"No: 7, 8, 9, SH 49, Manjakuppam","Town":"Villupuram","StateOrProvince":"Tamil Nadu","Postcode":"604303","CountryID":106,"Latitude":12.06587465,"Longitude":79.88027083,"ContactTelephone1":"098848 66993","RelatedURL":"https://reluxelectric.com/","DistanceUnit":0},"OperatorID":3777,"DataProviderID":1,"UsageTypeID":4,"StatusTypeID":50,"Connections":[{"ID":564403,"ConnectionTypeID":33,"StatusTypeID":50,"LevelID":3,"PowerKW":30,"CurrentTypeID":30,"Quantity":1}]},{"ID":301645,"UUID":"F494BF5A-C931-451C-8B2A-86E5C3FD7D71","NumberOfPoints":1,"UsageCost":"Rs.22/-","AddressInfo":{"ID":302032,"Title":"VASAN Charging Station ","AddressLine1":"36R mandaiyur pudukotai ","StateOrProvince":"Tamil Nadu","Postcode":"622515","CountryID":106,"Latitude":10.65218943,"Longitude":78.7421418,"ContactTelephone1":"098848 66993","RelatedURL":"https://reluxelectric.com/","DistanceUnit":0},"OperatorID":3777,"DataProviderID":1,"UsageTypeID":5,"StatusTypeID":50,"Connections":[{"ID":564402,"ConnectionTypeID":33,"StatusTypeID":50,"LevelID":3,"PowerKW":30,"CurrentTypeID":30,"Quantity":1}]},{"ID":301644,"UUID":"A39E4FC0-EF5A-4DDB-96D6-67EA8BF5DCC1","NumberOfPoints":1,"UsageCost":"Rs.24/-","AddressInfo":{"ID":302031,"Title":"Anjappar Chettinad A/C Restaurant - Reluc Charging Station","AddressLine1":"No.19, 4A, Thanjavur Rd, near Reliance Market, ","Town":"Ariyamangalam ","StateOrProvince":"Tamil Nadu","Postcode":"620010 ","CountryID":106,"Latitude":11.783626136357512,"Longitude":76.93664624413657,"ContactTelephone1":"098848 66993","RelatedURL":"https://reluxelectric.com/","DistanceUnit":0},"OperatorID":3777,"DataProviderID":1,"UsageTypeID":5,"StatusTypeID":50,"Connections":[{"ID":564401,"ConnectionTypeID":33,"StatusTypeID":50,"LevelID":3,"PowerKW":30,"CurrentTypeID":30,"Quantity":1}]},{"ID":301643,"UUID":"99EC5D59-1940-4E81-B7A5-0EFA6EBBAD94","NumberOfPoints":1,"UsageCost":"Rs.24/-","AddressInfo":{"ID":302030,"Title":"DYNASTY AK Plaza","AddressLine1":"NH 744 (Madurai to Kollam), ","AddressLine2":"No. 53C, AK Plaza, Rajapalayam","Town":"Virudhunagar","StateOrProvince":"Tamilnadu","Postcode":"626117","CountryID":106,"Latitude":9.468266612,"Longitude":77.56613528,"ContactTelephone1":"098848 66993","RelatedURL":"https://reluxelectric.com/","DistanceUnit":0},"OperatorID":3777,"DataProviderID":1,"UsageTypeID":5,"StatusTypeID":50,"Connections":[{"ID":564400,"ConnectionTypeID":33,"StatusTypeID":50,"LevelID":3,"PowerKW":30,"CurrentTypeID":30,"Quantity":1}]},{"ID":301550,"UUID":"A3003B1B-ADE7-4408-960B-731A9AE7C386","NumberOfPoints":2,"UsageCost":"Rs.24/-","AddressInfo":{"ID":301937,"Title":"Haribhavanam KMCH","AddressLine1":"KMCH, Avinashi Rd, TNHB Colony,","AddressLine2":"Indira Nagar, Civil Aerodrome Post ","Town":"Coimbatore","StateOrProvince":"Tamil Nadu","Postcode":"641014","CountryID":106,"Latitude":11.04036238,"Longitude":76,"ContactTelephone1":"098848 66993","RelatedURL":"https://reluxelectric.com/","DistanceUnit":0},"OperatorID":3777,"DataProviderID":1,"UsageTypeID":5,"StatusTypeID":50,"Connections":[{"ID":564066,"ConnectionTypeID":33,"StatusTypeID":50,"LevelID":3,"PowerKW":30,"CurrentTypeID":30,"Quantity":1}]},{"ID":301547,"UUID":"CE3516A3-5E8E-4D57-84B4-98C2BEC47C17","NumberOfPoints":1,"UsageCost":"Rs.24/-","AddressInfo":{"ID":301934,"Title":"Siva Selvi Charging Station","AddressLine1":"334/1A Servaikaranpalayam","AddressLine2":"Govindanoor","Town":"Pollachi","StateOrProvince":"Tamil Nadu","Postcode":"642005","CountryID":106,"Latitude":10.72709336,"Longitude":76.92989238,"ContactTelephone1":"98848 66993","RelatedURL":"https://reluxelectric.com/","DistanceUnit":0},"OperatorID":3777,"DataProviderID":1,"UsageTypeID":5,"StatusTypeID":50,"Connections":[{"ID":564053,"ConnectionTypeID":33,"StatusTypeID":50,"LevelID":3,"PowerKW":49,"CurrentTypeID":30,"Quantity":2}]},{"ID":301546,"UUID":"FEF70396-D68A-43B9-BF83-F8DEF86051AA","NumberOfPoints":1,"UsageCost":"Rs.24/-","AddressInfo":{"ID":301933,"Title":"HR Legacy","AddressLine1":"Kuppanur - Yercaud Ghat Rd,","Town":"yercaud","StateOrProvince":"Tamil Nadu","Postcode":"636601","CountryID":106,"Latitude":11.77470055,"Longitude":78.22697854,"ContactTelephone1":"098848 66993","RelatedURL":"https://reluxelectric.com/","DistanceUnit":0},"OperatorID":3777,"DataProviderID":1,"UsageTypeID":5,"StatusTypeID":50,"Connections":[{"ID":564052,"ConnectionTypeID":33,"StatusTypeID":50,"LevelID":3,"PowerKW":49,"CurrentTypeID":30,"Quantity":2}]},{"ID":301545,"UUID":"92384B08-6C5E-4295-A3EE-E77E4448794A","NumberOfPoints":1,"AddressInfo":{"ID":301932,"Title":"Dr. MGR University ","AddressLine1":"Poonamallee High Rd, Vishwas Nagar","Town":"Maduravoyal, chennai","StateOrProvince":"Tamil Nadu","Postcode":"600095","CountryID":106,"Latitude":13.06959746,"Longitude":80.1779609,"ContactTelephone1":"098848 66993","RelatedURL":"https://reluxelectric.com/","DistanceUnit":0},"OperatorID":3777,"DataProviderID":1,"UsageTypeID":5,"StatusTypeID":50,"Connections":[{"ID":564051,"ConnectionTypeID":33,"StatusTypeID":50,"LevelID":3,"PowerKW":30,"CurrentTypeID":30,"Quantity":2}]},{"ID":301544,"UUID":"42A6EA9C-83B6-48D0-A866-8E3EA8B57A8B","NumberOfPoints":1,"UsageCost":"Rs.22/-","AddressInfo":{"ID":301931,"Title":"Hotel Benzz Park","AddressLine1":"4, Thottapalayam Pillayar Koil St","AddressLine2":"Thottapalayam","Town":"Vellore","StateOrProvince":"Tamil Nadu","Postcode":"632004","CountryID":106,"Latitude":12.929099273160231,"Longitude":79.1336516,"ContactTelephone1":"098848 66993","RelatedURL":"https://reluxelectric.com/","DistanceUnit":0},"OperatorID":3777,"DataProviderID":1,"UsageTypeID":5,"StatusTypeID":50,"Connections":[{"ID":564050,"ConnectionTypeID":33,"StatusTypeID":50,"LevelID":3,"PowerKW":30,"CurrentTypeID":30,"Quantity":1}]},{"ID":301543,"UUID":"B8FC60D2-DD5D-4B2C-8643-A39485DDAF3B","NumberOfPoints":1,"UsageCost":"Rs.24/-","AddressInfo":{"ID":301930,"Title":"Alps Residency - A Bergamont Group of Hotel","AddressLine1":"Bangalore Bye Pass Road Near Toll Plaza, ","Town":"Krishnagiri","StateOrProvince":"Tamil Nadu","Postcode":"635001","CountryID":106,"Latitude":12.54250304,"Longitude":78.20153274,"ContactTelephone1":"098848 66993","RelatedURL":"https://reluxelectric.com/","DistanceUnit":0},"OperatorID":3777,"DataProviderID":1,"UsageTypeID":5,"StatusTypeID":50,"Connections":[{"ID":564049,"ConnectionTypeID":33,"StatusTypeID":50,"LevelID":3,"PowerKW":66,"CurrentTypeID":30,"Quantity":2}]},{"ID":301542,"UUID":"1E7ED165-736F-41C0-9789-66EFB4B66769","NumberOfPoints":1,"UsageCost":"Rs.20/-","AddressInfo":{"ID":301929,"Title":"Ero G Electric Charging Station","AddressLine1":"NH544, Kovai to Salem Road,","AddressLine2":"Solipalayam, perundurai","Town":"Erode","StateOrProvince":"Tamil Nasdu","Postcode":"638052","CountryID":106,"Latitude":9.357267832,"Longitude":11.30199446,"ContactTelephone1":"098848 66993","RelatedURL":"https://reluxelectric.com/","DistanceUnit":0},"OperatorID":3777,"DataProviderID":1,"UsageTypeID":5,"StatusTypeID":50,"Connections":[{"ID":564048,"ConnectionTypeID":33,"StatusTypeID":50,"LevelID":3,"PowerKW":44,"CurrentTypeID":30,"Quantity":1}]},{"ID":301541,"UUID":"5B54FC1F-E6E0-4B92-BD5E-29898C5CCC29","NumberOfPoints":1,"UsageCost":"Rs.24/-","AddressInfo":{"ID":301928,"Title":"KSN Charging Station","AddressLine1":"ECR junction , Devipattnam Road, ","Town":"Ramanathapuram","StateOrProvince":"Tamil Nadu ","Postcode":"623503","CountryID":106,"Latitude":9.357267832,"Longitude":78.87360869,"ContactTelephone1":"98848 66993","RelatedURL":"https://reluxelectric.com/","DistanceUnit":0},"OperatorID":3777,"DataProviderID":1,"UsageTypeID":5,"StatusTypeID":50,"Connections":[{"ID":564047,"ConnectionTypeID":33,"StatusTypeID":50,"LevelID":3,"PowerKW":35,"CurrentTypeID":30,"Quantity":1}]},{"ID":301540,"UUID":"360105C1-2C79-4010-932E-3C390CD33B1D","NumberOfPoints":1,"UsageCost":"Rs.18/-","AddressInfo":{"ID":301927,"Title":"Hotel VPS Grand - Palani","AddressLine1":"23 Ayyampulli Road, ","AddressLine2":"Adivaram Rd, Giri Veethi","Town":"Palani","StateOrProvince":"Tamil Nadu","Postcode":"624601","CountryID":106,"Latitude":10.44303096,"Longitude":77.51617095,"ContactTelephone1":"98848 66993","RelatedURL":"https://reluxelectric.com/","DistanceUnit":0},"OperatorID":3777,"DataProviderID":1,"UsageTypeID":4,"StatusTypeID":50,"Connections":[{"ID":564046,"ConnectionTypeID":33,"StatusTypeID":50,"LevelID":3,"PowerKW":49,"CurrentTypeID":30,"Quantity":1}]},{"ID":301539,"UUID":"4ADDC84B-9D46-4978-8549-1961EE90AD9B","NumberOfPoints":1,"UsageCost":"Rs.22/-","AddressInfo":{"ID":301926,"Title":"Hotel Temple City Lake Inn","AddressLine1":"Trichy - Madurai Highway","Town":"Valaichcherippatti","StateOrProvince":"Tamil Nadu ","Postcode":"625104","CountryID":106,"Latitude":9.987081053,"Longitude":78.24154444,"ContactTelephone1":"98848 66993","RelatedURL":"https://reluxelectric.com/","DistanceUnit":0},"OperatorID":3777,"DataProviderID":1,"UsageTypeID":5,"StatusTypeID":50,"Connections":[{"ID":564045,"ConnectionTypeID":33,"StatusTypeID":50,"LevelID":3,"PowerKW":37,"CurrentTypeID":30,"Quantity":1}]},{"ID":301398,"UUID":"C1C57F34-E115-4EA9-B4B9-345FD19E1706","NumberOfPoints":1,"UsageCost":"Rs.24/-","AddressInfo":{"ID":301785,"Title":"Haribhavanam KMCH","AddressLine1":"KMCH, Avinashi Rd, TNHB Colony,","AddressLine2":"Indira Nagar, Civil Aerodrome Post ","Town":"Coimbatore","StateOrProvince":"Tamil Nadu","Postcode":"641014","CountryID":106,"Latitude":11.04036238,"Longitude":77.04093889,"ContactTelephone1":"098848 66993","RelatedURL":"https://reluxelectric.com/","DistanceUnit":0},"OperatorID":3777,"DataProviderID":1,"UsageTypeID":5,"StatusTypeID":50,"Connections":[{"ID":563245,"ConnectionTypeID":33,"StatusTypeID":50,"LevelID":3,"PowerKW":30,"CurrentTypeID":30,"Quantity":1}]},{"ID":301385,"UUID":"3858D7C1-AFE4-41B3-B283-D3E507029136","NumberOfPoints":1,"UsageCost":"Rs.22/-","AddressInfo":{"ID":301772,"Title":"Dr. MGR University ","AddressLine1":"Poonamallee High Rd, ","AddressLine2":"Vishwas Nagar, Maduravoyal","Town":"chennai","StateOrProvince":"Tamil Nadu","Postcode":"600095","CountryID":106,"Latitude":13.06959746,"Longitude":80.1779609,"ContactTelephone1":"098848 66993","RelatedURL":"https://reluxelectric.com/","DistanceUnit":0},"OperatorID":3777,"DataProviderID":1,"UsageTypeID":5,"StatusTypeID":50,"Connections":[{"ID":563226,"ConnectionTypeID":33,"StatusTypeID":50,"LevelID":3,"PowerKW":30,"CurrentTypeID":30,"Quantity":1}]},{"ID":301365,"UUID":"DC09E827-218E-409D-B8F7-75BD18C11201","NumberOfPoints":1,"UsageCost":"Rs.20/-","AddressInfo":{"ID":301752,"Title":"Ero G Electric Charging Station","AddressLine1":"\"NH544, Kovai to Salem Road,","AddressLine2":"Solipalayam","Town":"perundurai ","StateOrProvince":"Tamilnadu","Postcode":"638052 ","CountryID":106,"Latitude":11.230770773921392,"Longitude":78.57300876756312,"ContactTelephone1":"98848 66993","RelatedURL":"https://reluxelectric.com/","DistanceUnit":0},"OperatorID":3777,"DataProviderID":1,"UsageTypeID":5,"StatusTypeID":50,"Connections":[{"ID":563203,"ConnectionTypeID":33,"StatusTypeID":50,"LevelID":3,"PowerKW":44,"CurrentTypeID":30,"Quantity":1}]},{"ID":301229,"UUID":"66E7F87A-830C-45DA-A06A-0074055E384E","NumberOfPoints":2,"UsageCost":"Rs.20/-","AddressInfo":{"ID":301616,"Title":"Sree Annapoorna Restaurant ","AddressLine1":"Jameen Bus Stop, NH45","Town":"Ambur - Vellore","StateOrProvince":"Tamil Nadu","Postcode":"635812","CountryID":106,"Latitude":12.85301412,"Longitude":78.81703476,"RelatedURL":"https://reluxelectric.com/","DistanceUnit":0},"OperatorID":3777,"DataProviderID":1,"UsageTypeID":5,"StatusTypeID":50,"Connections":[{"ID":562658,"ConnectionTypeID":33,"StatusTypeID":50,"LevelID":3,"PowerKW":49,"CurrentTypeID":30,"Quantity":2}]},{"ID":301228,"UUID":"8C90105E-CEF8-4E7E-AB67-7756D6C8870C","NumberOfPoints":2,"UsageCost":"₹28.3/kWh","AddressInfo":{"ID":301615,"Title":"Thoppur Toll Plaza","AddressLine1":"NH 44, Palayam,","Town":"Thoppur","StateOrProvince":"Tamil nadu","Postcode":"636708","CountryID":106,"Latitude":12.00702592,"Longitude":78.08084312,"RelatedURL":"https://reluxelectric.com/","DistanceUnit":0},"OperatorID":3777,"DataProviderID":1,"UsageTypeID":5,"StatusTypeID":50,"Connections":[{"ID":562657,"ConnectionTypeID":33,"StatusTypeID":50,"LevelID":3,"PowerKW":82,"CurrentTypeID":30,"Quantity":2}]},{"ID":301227,"UUID":"63351149-0DAE-4CCD-BF2C-6D9D61977A58","NumberOfPoints":1,"UsageCost":"₹19 / kWh","AddressInfo":{"ID":301614,"Title":"Vaniyambadi Toll Plaza - Relux Charaging station","AddressLine1":"NH 48, Vaniyambadi  ","Town":"Vaniyambadi","StateOrProvince":"Tamil Nadu","Postcode":"635751","CountryID":106,"Latitude":12.64875446,"Longitude":78.58332854,"RelatedURL":"https://reluxelectric.com/","DistanceUnit":0},"OperatorID":3777,"DataProviderID":1,"UsageTypeID":5,"StatusTypeID":50,"Connections":[{"ID":562656,"ConnectionTypeID":33,"StatusTypeID":50,"LevelID":3,"PowerKW":40,"CurrentTypeID":30,"Quantity":1}]},{"ID":301226,"UUID":"D3D959DF-005F-4A2F-B8EE-9E267ABD4809","NumberOfPoints":1,"UsageCost":"Rs.24/-","AddressInfo":{"ID":301613,"Title":"Hotel Himalayaa","AddressLine1":"Old No: 80, New No: 40,","AddressLine2":"Sannathi Street, Opp Karur Vysya Bank","Town":"Thiruvanamalai","StateOrProvince":"Tamil Nadu","Postcode":"606601","CountryID":106,"Latitude":12.23639376,"Longitude":79.08960088,"RelatedURL":"https://reluxelectric.com/","DistanceUnit":0},"OperatorID":3777,"DataProviderID":1,"UsageTypeID":5,"StatusTypeID":50,"Connections":[{"ID":562655,"ConnectionTypeID":33,"StatusTypeID":50,"LevelID":3,"PowerKW":40,"CurrentTypeID":30,"Quantity":1}]},{"ID":301155,"UUID":"F001A1ED-058B-4DC5-AE52-0A28F2021029","NumberOfPoints":1,"UsageCost":"Rs.22/-","AddressInfo":{"ID":301542,"Title":"Hotel Aishwarya Bhavan","AddressLine1":"Chennai - Trichy Highway, Tindivanam, ","Town":"Tindivanam - Villupuram","StateOrProvince":"Tamil Nadu","Postcode":"604001","CountryID":106,"Latitude":12.24034498,"Longitude":79.66228159,"ContactTelephone1":"9884866993","RelatedURL":"https://reluxelectric.com/","DistanceUnit":0},"OperatorID":3777,"DataProviderID":1,"UsageTypeID":5,"StatusTypeID":50,"Connections":[{"ID":562413,"ConnectionTypeID":33,"StatusTypeID":50,"LevelID":3,"PowerKW":110,"CurrentTypeID":30,"Quantity":4}]},{"ID":301154,"UUID":"B6F71B7B-F2AB-4E8E-8470-FA917F75B0A5","NumberOfPoints":1,"UsageCost":"Rs.22/-","AddressInfo":{"ID":301541,"Title":"MM Legacy ","AddressLine1":"Jameen Bus Stop, NH45","Town":"Kanchipuram","StateOrProvince":"Tamil nadu","Postcode":"635812","CountryID":106,"Latitude":12.9036054,"Longitude":80.167116,"ContactTelephone1":"9884866993","RelatedURL":"https://reluxelectric.com/","DistanceUnit":0},"OperatorID":3777,"DataProviderID":1,"UsageTypeID":5,"StatusTypeID":50,"Connections":[{"ID":562412,"ConnectionTypeID":33,"StatusTypeID":50,"LevelID":3,"PowerKW":60,"CurrentTypeID":30,"Quantity":2}]},{"ID":301153,"UUID":"BBF2EBED-79E0-48B8-801F-321347DC8AAA","NumberOfPoints":1,"UsageCost":"Rs.22/-","AddressInfo":{"ID":301540,"Title":"EVP Cinemas - Relux Charging Station","AddressLine1":"NH 48 (Chennai to Bengaluru)","AddressLine2":"Survey no 167/4A & 3A, Santhosha Nagar","Town":"Chembarambakkam","StateOrProvince":"Tamil Nadu","Postcode":"600123","CountryID":106,"Latitude":13.03601745,"Longitude":80.04651678,"ContactTelephone1":"9884866993","RelatedURL":"https://reluxelectric.com/","DistanceUnit":0},"OperatorID":3777,"DataProviderID":1,"UsageTypeID":5,"StatusTypeID":50,"Connections":[{"ID":562411,"ConnectionTypeID":33,"StatusTypeID":50,"LevelID":3,"PowerKW":30,"CurrentTypeID":30,"Quantity":1}]},{"ID":300747,"UUID":"83BDF31E-4201-455C-B24C-242FA6899145","NumberOfPoints":1,"UsageCost":"Rs.22/-","AddressInfo":{"ID":301134,"Title":"Hotel Aaryas Garden - Relux Charging Station","AddressLine1":"Chennai - Trichy Hwy,","Town":"Tindivanam","StateOrProvince":"Villupuram","Postcode":" 604001","CountryID":106,"Latitude":12.2406595,"Longitude":79.663151,"RelatedURL":"https://reluxelectric.com/","DistanceUnit":0},"OperatorID":3777,"DataProviderID":1,"UsageTypeID":5,"StatusTypeID":50,"Connections":[{"ID":559871,"ConnectionTypeID":33,"StatusTypeID":50,"LevelID":3,"Amps":60,"PowerKW":49,"CurrentTypeID":30,"Quantity":2}]},{"ID":300746,"UUID":"E074FFE6-1E25-4B5D-BC7D-9835A5389956","NumberOfPoints":1,"UsageCost":"Rs.24/-","AddressInfo":{"ID":301133,"Title":"Hotel Aaryas Garden - Relux Electric","AddressLine1":"GST Road,  ","AddressLine2":" Thenpakkam, ","Town":"kandigai","StateOrProvince":"chennai","Postcode":" 603201","CountryID":106,"Latitude":12.38530243,"Longitude":79.7960046,"RelatedURL":"https://reluxelectric.com/","DistanceUnit":0},"OperatorID":3777,"DataProviderID":1,"UsageTypeID":5,"StatusTypeID":50,"Connections":[{"ID":559870,"ConnectionTypeID":33,"StatusTypeID":50,"LevelID":3,"Amps":49,"PowerKW":49,"CurrentTypeID":30,"Quantity":2}]},{"ID":300745,"UUID":"FF6BE3EA-1CBD-4126-A5B1-7DF744EDE4D1","NumberOfPoints":1,"UsageCost":"Rs.22/-","AddressInfo":{"ID":301132,"Title":"Cosmopolitan Club - Relux Electric","AddressLine1":"15, Madras Thiruvallur High Rd, ","AddressLine2":"Padi","Town":" Chennai","StateOrProvince":"Tamil Nadu","Postcode":" 600098","CountryID":106,"Latitude":13.10080944,"Longitude":80.19059824,"RelatedURL":"https://reluxelectric.com/","DistanceUnit":0},"OperatorID":3777,"DataProviderID":1,"UsageTypeID":4,"StatusTypeID":50,"Connections":[{"ID":559869,"ConnectionTypeID":33,"StatusTypeID":50,"LevelID":3,"Amps":30,"PowerKW":30,"CurrentTypeID":30,"Quantity":1}]},{"ID":300744,"UUID":"7392EEC2-35DB-490D-8991-6160A3775915","NumberOfPoints":1,"UsageCost":"Rs.22/-","AddressInfo":{"ID":301131,"Title":"Saravana Stores - Padi - Relux Electric ","AddressLine1":"15, Madras Thiruvallur High Rd,","AddressLine2":" Padi,","Town":" Chennai","StateOrProvince":" Tamil Nadu","Postcode":"600098","CountryID":106,"Latitude":13.10080944,"Longitude":80.19059824,"RelatedURL":"https://reluxelectric.com/","DistanceUnit":0},"OperatorID":3777,"DataProviderID":1,"UsageTypeID":4,"StatusTypeID":50,"Connections":[{"ID":559868,"ConnectionTypeID":33,"StatusTypeID":50,"LevelID":3,"Amps":60,"PowerKW":60,"CurrentTypeID":30,"Quantity":2}]},{"ID":298738,"UUID":"F810DC86-0E77-466C-A6C5-D162C95A2C16","NumberOfPoints":1,"AddressInfo":{"ID":299125,"Title":"Balasaheb Thackeray Flyover","AddressLine1":"Balasaheb Thackeray Flyover","AddressLine2":"Zone 3","StateOrProvince":"Maharashtra","Postcode":"400029","CountryID":106,"Latitude":19.139950824152606,"Longitude":72.85197359742608,"DistanceUnit":0},"OperatorID":1,"DataProviderID":1,"UsageTypeID":4,"StatusTypeID":50,"Connections":[{"ID":547359,"ConnectionTypeID":33,"StatusTypeID":50,"Amps":0,"CurrentTypeID":10,"Quantity":1}]},{"ID":298179,"UUID":"C687288C-99E1-4B50-817C-6109DCFE3899","NumberOfPoints":1,"AddressInfo":{"ID":298566,"Title":"Krishnaraja Boulevard","AddressLine1":"Krishnaraja Boulevard","AddressLine2":"Chamarajapuram","StateOrProvince":"Karnataka","Postcode":"570001","CountryID":106,"Latitude":12.299009616700971,"Longitude":76.63942503403075,"DistanceUnit":0},"OperatorID":1,"DataProviderID":1,"UsageTypeID":4,"StatusTypeID":50,"Connections":[{"ID":543931,"ConnectionTypeID":33,"StatusTypeID":50,"Quantity":1}]},{"ID":297901,"UUID":"8550263E-3046-4BC3-854F-458A685E4919","NumberOfPoints":1,"AddressInfo":{"ID":298288,"Title":"Hindustan EV Charge ","AddressLine1":"Near Bay Store","Town":"Tiruporur","Postcode":"603103","CountryID":106,"Latitude":12.79947247256655,"Longitude":80.22763805069019,"DistanceUnit":0},"OperatorID":1,"DataProviderID":1,"UsageTypeID":5,"StatusTypeID":50,"Connections":[{"ID":542232,"ConnectionTypeID":1043,"StatusTypeID":50,"LevelID":2,"Amps":10,"Voltage":230,"PowerKW":2.5,"CurrentTypeID":10,"Quantity":1}]},{"ID":297821,"UUID":"4A274663-3895-43D9-A6FF-B6D825629801","NumberOfPoints":1,"UsageCost":"20.5","AddressInfo":{"ID":298208,"Title":"near ksrtc bus stand thodupuzha","AddressLine1":"Temple Road","Town":"Thodupuzha","StateOrProvince":"Kerala","Postcode":"685584","CountryID":106,"Latitude":9.89428770289264,"Longitude":76.71587116008152,"DistanceUnit":0},"OperatorID":3539,"DataProviderID":1,"UsageTypeID":4,"StatusTypeID":50,"Connections":[{"ID":541166,"ConnectionTypeID":33,"StatusTypeID":50,"LevelID":3,"PowerKW":25,"CurrentTypeID":30,"Quantity":1}]},{"ID":297660,"UUID":"F2B71FEB-4F92-4FEB-8865-A578D9305735","NumberOfPoints":1,"UsageCost":"24","AddressInfo":{"ID":298047,"Title":"#1043, 11th cross","AddressLine1":"2nd stage, J p nagar","AddressLine2":"mysore","Town":"mysore","StateOrProvince":"karnataka","Postcode":"570008","CountryID":106,"Latitude":12.335348865021999,"Longitude":76.62012790912104,"DistanceUnit":0},"OperatorID":1,"DataProviderID":1,"UsageTypeID":4,"StatusTypeID":50,"Connections":[{"ID":539996,"ConnectionTypeID":25,"StatusTypeID":50,"LevelID":2,"Amps":15,"Voltage":220,"PowerKW":11,"CurrentTypeID":20,"Quantity":1}]},{"ID":297630,"UUID":"44CBB76B-B8FA-464F-8811-0BAA4C9D1F24","NumberOfPoints":1,"AddressInfo":{"ID":298017,"Title":"Zeon 50KW Tirumalakoppa","AddressLine1":"Ganesh Hotel","Town":"Tirumalakoppa","StateOrProvince":"Karnataka","Postcode":"581212","CountryID":106,"Latitude":15.16730489963524,"Longitude":75.14039887039291,"DistanceUnit":0},"OperatorID":3539,"DataProviderID":1,"UsageTypeID":1,"StatusTypeID":50,"Connections":[{"ID":539764,"ConnectionTypeID":33,"StatusTypeID":50,"LevelID":3,"PowerKW":50,"CurrentTypeID":30,"Quantity":1},{"ID":540053,"ConnectionTypeID":1036,"StatusTypeID":50,"LevelID":3,"Amps":63,"Voltage":400,"PowerKW":43,"CurrentTypeID":20,"Quantity":1},{"ID":540054,"ConnectionTypeID":33,"StatusTypeID":50,"LevelID":3,"PowerKW":50,"CurrentTypeID":30,"Quantity":1}]},{"ID":297629,"UUID":"7561FF05-F81A-4DDC-8C2D-7BDDAC080C0B","NumberOfPoints":1,"AddressInfo":{"ID":298016,"Title":"Jio 60KW Kamadod","AddressLine1":"HMFR+662, Madras Bombay Trunk Rd, Kamadod, Karnataka 581145, India ","Town":"Kamadod","StateOrProvince":"Karnataka","Postcode":"581145","CountryID":106,"Latitude":11.676976166132008,"Longitude":77.45469641339986,"DistanceUnit":0},"OperatorID":1,"DataProviderID":1,"UsageTypeID":1,"StatusTypeID":50,"Connections":[{"ID":539763,"ConnectionTypeID":33,"StatusTypeID":50,"LevelID":3,"PowerKW":60,"CurrentTypeID":30,"Quantity":1}]},{"ID":297628,"UUID":"0873B7C0-9310-4AEA-A455-AD9915016754","NumberOfPoints":1,"AddressInfo":{"ID":298015,"Title":"Zeon 24KW Kyathasandra","AddressLine1":"Hotel Sri Nanjudeshwara, 75MM+JC6","AddressLine2":"Sannappana Palya","Town":"Kyathasandra","StateOrProvince":"Karnataka","Postcode":"572104","CountryID":106,"Latitude":10.081199096245427,"Longitude":77.63011747389908,"DistanceUnit":0},"OperatorID":3539,"DataProviderID":1,"UsageTypeID":1,"StatusTypeID":50,"Connections":[{"ID":539762,"ConnectionTypeID":33,"StatusTypeID":50,"LevelID":3,"PowerKW":24,"CurrentTypeID":30,"Quantity":1}]},{"ID":297627,"UUID":"E612E33D-73A6-4547-94D0-0BEADC6380EA","NumberOfPoints":1,"AddressInfo":{"ID":298014,"Title":"Relux 25KW Chidambaram","AddressLine1":"Chidambaram Bypass Bridge, Kannangudi, Chidambaram, Tamil Nadu 608602, India ","Town":"Chidambaram","StateOrProvince":" Tamil Nadu","Postcode":"608602","CountryID":106,"Latitude":11.485037495015149,"Longitude":78.01971132004519,"DistanceUnit":0},"OperatorID":1,"DataProviderID":1,"UsageTypeID":4,"StatusTypeID":50,"Connections":[{"ID":539761,"ConnectionTypeID":33,"StatusTypeID":50,"LevelID":3,"PowerKW":30,"CurrentTypeID":30,"Quantity":1}]},{"ID":297626,"UUID":"50228BB4-2AF3-4CB9-9466-9EBF19346CA7","NumberOfPoints":1,"AddressInfo":{"ID":298013,"Title":"chargemod 30kw Amoha hotel","AddressLine1":"23 7th cross Street","AddressLine2":"Gandhi Nagar","Town":" Tiruvannamalai","StateOrProvince":" Tamil Nadu","Postcode":"606601","CountryID":106,"Latitude":11.485037495015149,"Longitude":78.01971132004519,"DistanceUnit":0},"OperatorID":1,"DataProviderID":1,"UsageTypeID":1,"StatusTypeID":50,"Connections":[{"ID":539760,"ConnectionTypeID":33,"StatusTypeID":50,"LevelID":3,"PowerKW":30,"CurrentTypeID":30,"Quantity":1}]},{"ID":297625,"UUID":"7A8A3554-3844-4B0B-B958-C1C4EC7DB74A","NumberOfPoints":1,"AddressInfo":{"ID":298012,"Title":"Relux 30KW Hotel Himalaya","AddressLine1":"687 D, Polur Rd, Vengikkal, Tiruvannamalai, ","AddressLine2":"Annamalai R.F., Tamil Nadu 606604, India ","Town":"Annamalai R.F","StateOrProvince":" Tamil Nadu","Postcode":"606604","CountryID":106,"Latitude":12.246919944087182,"Longitude":78.07576854682719,"DistanceUnit":0},"OperatorID":1,"DataProviderID":1,"UsageTypeID":1,"StatusTypeID":50,"Connections":[{"ID":539759,"ConnectionTypeID":33,"StatusTypeID":50,"LevelID":3,"PowerKW":30,"CurrentTypeID":30,"Quantity":1}]},{"ID":297624,"UUID":"BF1E1460-1F8F-4B07-84C8-6F4561A81215","NumberOfPoints":1,"AddressInfo":{"ID":298011,"Title":"Statiq 60kW Tirunelveli","AddressLine1":"Near Showroom Entrance, 7/147-A1, Tuckammalpuram, Nagercoil Main Road","Town":"Tirunelveli","StateOrProvince":"Tamil Nadu","Postcode":" 627007","CountryID":106,"Latitude":12.581888248245775,"Longitude":78.15728002734141,"DistanceUnit":0},"OperatorID":1,"DataProviderID":1,"UsageTypeID":1,"StatusTypeID":50,"Connections":[{"ID":539758,"ConnectionTypeID":33,"StatusTypeID":50,"LevelID":3,"PowerKW":60,"CurrentTypeID":30,"Quantity":1}]},{"ID":297622,"UUID":"4FF2EBE1-B0BC-4BE7-B9F1-688D92DB86E2","NumberOfPoints":1,"AddressInfo":{"ID":298009,"Title":"Zeon Charger 50KW @ Regency by GRT","AddressLine1":"10 A, 1 B, Trivandrum Rd, Vannarpettai","Town":"Tirunelveli","StateOrProvince":"Tamil Nadu","Postcode":"627003","CountryID":106,"Latitude":12.581888248245775,"Longitude":78.15728002734141,"DistanceUnit":0},"OperatorID":3539,"DataProviderID":1,"UsageTypeID":1,"StatusTypeID":50,"Connections":[{"ID":539757,"ConnectionTypeID":33,"StatusTypeID":50,"LevelID":3,"PowerKW":50,"CurrentTypeID":30,"Quantity":1}]},{"ID":297621,"UUID":"4C1557DB-D20D-4C04-9CCC-F4CBD123EB3C","NumberOfPoints":1,"AddressInfo":{"ID":298008,"Title":"Kannada Parisath Road","AddressLine1":"Kannada Parisath Road","AddressLine2":"Jayalakshmipuram","Town":"Mysuru","StateOrProvince":"Karnataka","Postcode":"570001","CountryID":106,"Latitude":12.336275917196616,"Longitude":76.61874659765198,"DistanceUnit":0},"OperatorID":1,"DataProviderID":1,"UsageTypeID":4,"StatusTypeID":50,"Connections":[{"ID":539756,"ConnectionTypeID":0,"StatusTypeID":50,"LevelID":2,"Amps":10,"Voltage":450,"PowerKW":100,"CurrentTypeID":20,"Quantity":1}]},{"ID":297620,"UUID":"5AC14D33-35A9-4A65-9E5D-607F7685778D","NumberOfPoints":1,"AddressInfo":{"ID":298007,"Title":"ಹೊಸ ಕಾಂತರಾಜ ಅರಸ ರಸ್ತೆ","AddressLine1":"ಹೊಸ ಕಾಂತರಾಜ ಅರಸ ರಸ್ತೆ","AddressLine2":"Krishnamurtipuram","StateOrProvince":"Karnataka","Postcode":"570001","CountryID":106,"Latitude":12.294674963091921,"Longitude":76.64600658690802,"DistanceUnit":0},"OperatorID":1,"DataProviderID":1,"UsageTypeID":4,"StatusTypeID":50,"Connections":[{"ID":539755,"ConnectionTypeID":35,"StatusTypeID":50,"CurrentTypeID":20,"Quantity":1}]},{"ID":297619,"UUID":"91CE21BC-999F-42A2-91AF-65BB929A97B2","NumberOfPoints":1,"AddressInfo":{"ID":298006,"Title":"Zeon Charger 50 KW Rasipuram","AddressLine1":"Adyar Ananda Bhavan Restaurant, NH44, Brindavan Garden, ","AddressLine2":"Salem - Madurai Rd, Athanur, Tamil Nadu 637401","Town":"Athanur","StateOrProvince":"Tamil Nadu","Postcode":"637401","CountryID":106,"Latitude":9.77072198137789,"Longitude":78.07313636078908,"DistanceUnit":0},"OperatorID":3539,"DataProviderID":1,"UsageTypeID":1,"StatusTypeID":50,"Connections":[{"ID":539754,"ConnectionTypeID":33,"StatusTypeID":50,"LevelID":3,"PowerKW":50,"CurrentTypeID":30,"Quantity":1}]},{"ID":297168,"UUID":"1F415439-BF83-4871-8237-532904BC33D0","NumberOfPoints":2,"UsageCost":"24","AddressInfo":{"ID":297555,"Title":"Shell Recharge Mysore","AddressLine1":"Taluk & District, Mysuru - Ooty Rd, Mysuru, Gudumadanahalli, Karnataka ¸","Town":"Gudumadanahalli,","StateOrProvince":"Karnataka","Postcode":"570008","CountryID":106,"Latitude":12.254159819835252,"Longitude":76.69123561026294,"ContactTelephone1":"09008408097","RelatedURL":"https://find.shell.com/in/fuel/12632413-mandakalli-mysore-calicut-highway","DistanceUnit":0},"OperatorID":1,"DataProviderID":1,"UsageTypeID":1,"StatusTypeID":50,"Connections":[{"ID":535339,"ConnectionTypeID":33,"StatusTypeID":50,"LevelID":3,"PowerKW":120,"CurrentTypeID":30,"Quantity":2}]},{"ID":279447,"UUID":"B44F7FB3-05E7-4878-ABF9-6470B91EC959","NumberOfPoints":1,"AddressInfo":{"ID":279834,"Title":"Knowledge park","AddressLine1":"NIET","Town":"Greater Noida","StateOrProvince":"Uttar Pradesh","CountryID":106,"Latitude":28.46223750240044,"Longitude":77.49128580570192,"DistanceUnit":0},"OperatorID":1,"DataProviderID":1,"UsageTypeID":5,"StatusTypeID":50,"Connections":[{"ID":484858,"ConnectionTypeID":1043,"StatusTypeID":50,"LevelID":2,"Amps":10,"Voltage":230,"PowerKW":2.5,"CurrentTypeID":10,"Quantity":1}]},{"ID":273116,"UUID":"1BE2ABCF-FC7E-478C-96A1-0A214BFC5192","NumberOfPoints":1,"AddressInfo":{"ID":273500,"Title":"Gonikoppa TATA Zion","AddressLine1":"SH90","Town":"Gonikoppa","StateOrProvince":"Karnataka","Postcode":"571213","CountryID":106,"Latitude":12.182819204361465,"Longitude":75.91611501085299,"RelatedURL":"https://zeoncharging.com/","DistanceUnit":0},"OperatorID":3539,"DataProviderID":1,"UsageTypeID":4,"StatusTypeID":50,"Connections":[{"ID":469847,"ConnectionTypeID":33,"StatusTypeID":50,"LevelID":3,"Amps":60,"Voltage":920,"PowerKW":20,"CurrentTypeID":30,"Quantity":1}]},{"ID":267266,"UUID":"C2B47E81-8886-48E8-BD07-B928E934FB42","NumberOfPoints":1,"UsageCost":"Rs 20.5/kWh","AddressInfo":{"ID":267650,"Title":"കൊച്ചി - മധുരൈ - ധനുഷ്‌കോടി റോഡ്","AddressLine1":"കൊച്ചി - മധുരൈ - ധനുഷ്‌കോടി റോഡ്","Town":"Kolenchery","StateOrProvince":"Kerala","Postcode":"682311","CountryID":106,"Latitude":9.977474577384172,"Longitude":76.4628618218851,"DistanceUnit":0},"OperatorID":1,"DataProviderID":1,"UsageTypeID":4,"StatusTypeID":50,"Connections":[{"ID":455441,"ConnectionTypeID":33,"StatusTypeID":50,"LevelID":3,"PowerKW":50,"CurrentTypeID":30,"Quantity":1}]},{"ID":267265,"UUID":"E60D5578-571E-447D-BCBE-100A4CB6FB51","NumberOfPoints":1,"UsageCost":"Rs 20.5/kWh","AddressInfo":{"ID":267649,"Title":"kolenchery road passing through kadayiruppu","AddressLine1":"kolenchery road passing through kadayiruppu","StateOrProvince":"Kerala","Postcode":"682311","CountryID":106,"Latitude":10.007251104242542,"Longitude":76.45599920206269,"DistanceUnit":0},"OperatorID":1,"DataProviderID":1,"UsageTypeID":4,"StatusTypeID":50,"Connections":[{"ID":455440,"ConnectionTypeID":33,"StatusTypeID":50,"LevelID":3,"PowerKW":50,"CurrentTypeID":30,"Quantity":1}]},{"ID":267264,"UUID":"FCD4EA79-4412-4216-AC8C-869B2975BFA4","NumberOfPoints":1,"UsageCost":"Rs 20.5/kWh","AddressInfo":{"ID":267648,"Title":"Ernakulam-muvattupuzha road","AddressLine1":"Ernakulam-muvattupuzha road","StateOrProvince":"Kerala","Postcode":"683562","CountryID":106,"Latitude":10.02493385937423,"Longitude":76.44874049256805,"DistanceUnit":0},"OperatorID":1,"DataProviderID":1,"UsageTypeID":4,"StatusTypeID":50,"Connections":[{"ID":455439,"ConnectionTypeID":33,"StatusTypeID":50,"LevelID":3,"PowerKW":50,"CurrentTypeID":30,"Quantity":1}]},{"ID":267263,"UUID":"055D30A2-0ADC-4E71-86E1-391B58E381E4","NumberOfPoints":1,"AddressInfo":{"ID":267647,"Title":"perumbavoor- kolenchery road","AddressLine1":"perumbavoor- kolenchery road","Town":"Pattimatom","StateOrProvince":"Kerala","Postcode":"683562","CountryID":106,"Latitude":10.023761290881623,"Longitude":76.45044821795011,"DistanceUnit":0},"OperatorID":1,"DataProviderID":1,"UsageTypeID":1,"StatusTypeID":50,"Connections":[{"ID":455438,"ConnectionTypeID":1043,"StatusTypeID":50,"LevelID":2,"Amps":16,"Voltage":270,"PowerKW":3,"CurrentTypeID":10,"Quantity":1}]},{"ID":267109,"UUID":"717D7EF9-A103-4B94-91AE-26C6E9ED4F0C","NumberOfPoints":3,"UsageCost":"Rs 21.5per/kWh","AddressInfo":{"ID":267493,"Title":"Punkunnam-Guruvayoor Road","AddressLine1":"Near Nippon Toyota","AddressLine2":"Punkunnam","Town":"Thrissur","StateOrProvince":"Kerala","Postcode":"680002","CountryID":106,"Latitude":10.537654030632055,"Longitude":76.19714944011241,"DistanceUnit":0},"OperatorID":3549,"DataProviderID":1,"UsageTypeID":5,"StatusTypeID":50,"Connections":[{"ID":455084,"ConnectionTypeID":1043,"StatusTypeID":50,"LevelID":2,"Amps":10,"Voltage":230,"PowerKW":2.5,"CurrentTypeID":10,"Quantity":1}],"MediaItems":[{"ID":38257,"ChargePointID":267109,"ItemURL":"https://media.openchargemap.io/images/IN/OCM267109/OCM-267109.orig.2023062106242662.png","ItemThumbnailURL":"https://media.openchargemap.io/images/IN/OCM267109/OCM-267109.thmb.2023062106242662.png","Comment":"","IsEnabled":true,"IsVideo":false,"IsFeaturedItem":false,"IsExternalResource":false,"User":{"ID":46967,"Username":"HARAN"},"DateCreated":"2023-06-21T06:25:00Z"}]},{"ID":266916,"UUID":"44631668-BBBB-4AF6-B517-34D1372CA5AF","NumberOfPoints":3,"UsageCost":"20.5/kWh","AddressInfo":{"ID":267300,"Title":"Viyyur","AddressLine1":"Opposite Central Jail","Town":"Thrissur","StateOrProvince":"Kerala","Postcode":"680010","CountryID":106,"Latitude":10.561910916545742,"Longitude":76.21604352730475,"DistanceUnit":0},"OperatorID":1,"DataProviderID":1,"UsageTypeID":4,"StatusTypeID":50,"Connections":[{"ID":454598,"ConnectionTypeID":1043,"StatusTypeID":50,"LevelID":2,"Amps":4,"Voltage":240,"PowerKW":5,"CurrentTypeID":10,"Quantity":1},{"ID":454599,"ConnectionTypeID":3,"StatusTypeID":50,"LevelID":1,"Amps":10,"Voltage":120,"PowerKW":20,"CurrentTypeID":10,"Quantity":1}],"MediaItems":[{"ID":38256,"ChargePointID":266916,"ItemURL":"https://media.openchargemap.io/images/IN/OCM266916/OCM-266916.orig.2023062105574996.jpg","ItemThumbnailURL":"https://media.openchargemap.io/images/IN/OCM266916/OCM-266916.thmb.2023062105574996.jpg","Comment":"","IsEnabled":true,"IsVideo":false,"IsFeaturedItem":false,"IsExternalResource":false,"User":{"ID":46967,"Username":"HARAN"},"DateCreated":"2023-06-21T05:58:00Z"}]},{"ID":266276,"UUID":"91C93036-4CEB-48D5-AA1F-DF98737CC98B","NumberOfPoints":1,"UsageCost":"Rs 20.5/kWh","AddressInfo":{"ID":266660,"Title":"KSEB Charging Station","AddressLine1":"2843+3XX, Palarivattom, Kochi, Kerala 682017","Town":"Kochi","StateOrProvince":"Kerala","Postcode":"682017","CountryID":106,"Latitude":10.00539481230841,"Longitude":76.30472192063007,"DistanceUnit":0},"OperatorID":1,"DataProviderID":1,"UsageTypeID":4,"StatusTypeID":50,"Connections":[{"ID":453109,"ConnectionTypeID":33,"StatusTypeID":50,"LevelID":3,"PowerKW":50,"CurrentTypeID":30,"Quantity":1}],"UserComments":[{"ID":29963,"ChargePointID":266276,"CommentTypeID":10,"UserName":"Aguide","Comment":"Please Subscribe to my Channel 101","DateCreated":"2024-08-27T08:58:32.487Z","User":{"ID":53750,"Username":"Aguide"},"IsActionedByEditor":false},{"ID":29962,"ChargePointID":266276,"CommentTypeID":10,"UserName":"Aguide","Comment":"Please Subscribe to my Channel","DateCreated":"2024-08-27T08:57:52.847Z","User":{"ID":53750,"Username":"Aguide"},"IsActionedByEditor":false},{"ID":29961,"ChargePointID":266276,"CommentTypeID":10,"UserName":"Aguide","Comment":"Please Subscribe to my Channel","DateCreated":"2024-08-27T08:56:56.463Z","User":{"ID":53750,"Username":"Aguide"},"IsActionedByEditor":false},{"ID":29960,"ChargePointID":266276,"CommentTypeID":10,"UserName":"Aguide","Comment":"My Felow Ranger","Rating":3,"RelatedURL":"string","DateCreated":"2024-08-27T08:47:54.973Z","User":{"ID":53750,"Username":"Aguide"},"CheckinStatusTypeID":0,"IsActionedByEditor":false},{"ID":28660,"ChargePointID":266276,"CommentTypeID":10,"UserName":"JJ123123","Comment":"New charger","Rating":4,"DateCreated":"2023-06-19T17:16:30.143Z","User":{"ID":46657,"Username":"JJ123123"},"CheckinStatusTypeID":140,"IsActionedByEditor":false},{"ID":28659,"ChargePointID":266276,"CommentTypeID":10,"UserName":"JJ123123","Comment":"Can visit nearby shops while charging","Rating":5,"DateCreated":"2023-06-19T17:15:43.093Z","User":{"ID":46657,"Username":"JJ123123"},"CheckinStatusTypeID":210,"IsActionedByEditor":false},{"ID":28658,"ChargePointID":266276,"CommentTypeID":10,"UserName":"JJ123123","Comment":"Great ","DateCreated":"2023-06-19T17:14:35.493Z","User":{"ID":46657,"Username":"JJ123123"},"CheckinStatusTypeID":10,"IsActionedByEditor":false}]},{"ID":259197,"UUID":"949D9D2A-6836-4CC1-90CF-FADDA9ED32C9","NumberOfPoints":1,"AddressInfo":{"ID":259581,"Title":"GoElectrify-EV Charger ","AddressLine1":"J & D AUTO, opp. SHREE LAXMI NARAYAN RESIDENCY, nr. Aarohi Club Road, Plots, South Bopal","AddressLine2":"2FF6+HC","Town":"Ahmedabad","StateOrProvince":"Gujarat","Postcode":"380058","CountryID":106,"Latitude":23.0239226,"Longitude":72.4589304,"AccessComments":"Bopal","RelatedURL":"https://goelectrifyindia.com/","DistanceUnit":0},"OperatorID":1,"DataProviderID":1,"UsageTypeID":5,"StatusTypeID":50,"Connections":[{"ID":434778,"ConnectionTypeID":1036,"StatusTypeID":50,"LevelID":2,"Amps":16,"Voltage":230,"PowerKW":3.6,"CurrentTypeID":10,"Quantity":1},{"ID":434784,"ConnectionTypeID":1043,"StatusTypeID":50,"LevelID":2,"Amps":15,"Voltage":230,"PowerKW":3.4,"CurrentTypeID":10,"Quantity":1},{"ID":434785,"ConnectionTypeID":34,"StatusTypeID":50,"LevelID":2,"Amps":16,"Voltage":230,"PowerKW":3.6,"CurrentTypeID":10,"Quantity":1}],"MediaItems":[{"ID":37109,"ChargePointID":259197,"ItemURL":"https://media.openchargemap.io/images/IN/OCM259197/OCM-259197.orig.2023032814463471.png","ItemThumbnailURL":"https://media.openchargemap.io/images/IN/OCM259197/OCM-259197.thmb.2023032814463471.png","Comment":"","IsEnabled":true,"IsVideo":false,"IsFeaturedItem":false,"IsExternalResource":false,"User":{"ID":45377,"Username":"kishan"},"DateCreated":"2023-03-28T14:47:00Z"},{"ID":37108,"ChargePointID":259197,"ItemURL":"https://media.openchargemap.io/images/IN/OCM259197/OCM-259197.orig.2023032814451093.png","ItemThumbnailURL":"https://media.openchargemap.io/images/IN/OCM259197/OCM-259197.thmb.2023032814451093.png","Comment":"","IsEnabled":true,"IsVideo":false,"IsFeaturedItem":false,"IsExternalResource":false,"User":{"ID":45377,"Username":"kishan"},"DateCreated":"2023-03-28T14:45:00Z"}]},{"ID":258754,"UUID":"31DC227F-163C-429F-A2DE-B666189D4DDE","NumberOfPoints":1,"AddressInfo":{"ID":259138,"Title":"ChargePod Charging Station","AddressLine1":"5JGH+9H3, Urjanagar 1, Kudasan","Town":"Gandhinagar","StateOrProvince":"Gujarat","Postcode":"382421","CountryID":106,"Latitude":23.175841,"Longitude":72.6267489,"AccessComments":"Kudasan","RelatedURL":"https://necellemobility.in/","DistanceUnit":0},"OperatorID":1,"DataProviderID":1,"UsageTypeID":5,"StatusTypeID":100,"Connections":[{"ID":567974,"ConnectionTypeID":2,"StatusTypeID":50,"Quantity":1}],"UserComments":[{"ID":28327,"ChargePointID":258754,"CommentTypeID":10,"UserName":"kishan","Comment":"Really much needed location with highly decorated ambience","Rating":5,"DateCreated":"2023-03-26T10:01:13.667Z","User":{"ID":45377,"Username":"kishan"},"CheckinStatusTypeID":10,"IsActionedByEditor":false}],"MediaItems":[{"ID":37097,"ChargePointID":258754,"ItemURL":"https://media.openchargemap.io/images/IN/OCM258754/OCM-258754.orig.2023032609562922.png","ItemThumbnailURL":"https://media.openchargemap.io/images/IN/OCM258754/OCM-258754.thmb.2023032609562922.png","Comment":"","IsEnabled":true,"IsVideo":false,"IsFeaturedItem":false,"IsExternalResource":false,"User":{"ID":45377,"Username":"kishan"},"DateCreated":"2023-03-26T09:57:00Z"}]},{"ID":258753,"UUID":"4C6D132D-6F10-4185-AAEE-9CD86473C9C6","NumberOfPoints":1,"AddressInfo":{"ID":259137,"Title":"Fortum Charge & Drive Charging Station","AddressLine1":"701, Sarkhej - Gandhinagar Highway, Makarba","Town":"Ahmedabad","StateOrProvince":"Gujarat","Postcode":"380051","CountryID":106,"Latitude":22.9966818,"Longitude":72.3581511,"DistanceUnit":0},"OperatorID":1,"DataProviderID":1,"UsageTypeID":6,"StatusTypeID":50,"Connections":[{"ID":432966,"ConnectionTypeID":2,"StatusTypeID":50,"LevelID":3,"PowerKW":50,"CurrentTypeID":30,"Quantity":1},{"ID":432967,"ConnectionTypeID":33,"StatusTypeID":50,"LevelID":3,"PowerKW":50,"CurrentTypeID":30,"Quantity":1}],"UserComments":[{"ID":28328,"ChargePointID":258753,"CommentTypeID":10,"UserName":"kishan","Comment":"Best Till Now","Rating":4,"DateCreated":"2023-03-26T10:16:42.207Z","User":{"ID":45377,"Username":"kishan"},"CheckinStatusTypeID":10,"IsActionedByEditor":false}],"MediaItems":[{"ID":37096,"ChargePointID":258753,"ItemURL":"https://media.openchargemap.io/images/IN/OCM258753/OCM-258753.orig.2023032608445673.png","ItemThumbnailURL":"https://media.openchargemap.io/images/IN/OCM258753/OCM-258753.thmb.2023032608445673.png","Comment":"","IsEnabled":true,"IsVideo":false,"IsFeaturedItem":false,"IsExternalResource":false,"User":{"ID":45036,"Username":"rkp"},"DateCreated":"2023-03-26T08:45:00Z"}]},{"ID":258572,"UUID":"F5A72F31-844A-4716-BDE3-122AE6EE1655","NumberOfPoints":1,"AddressInfo":{"ID":258956,"Title":"Ather Grid Charging Station","AddressLine1":"Basement of INOX theatre mall, Sector 21 Rd, Sector 21","AddressLine2":"6MJ9+G9 ","Town":"Gandhinagar","StateOrProvince":"Gujarat","Postcode":"382021","CountryID":106,"Latitude":23.231491,"Longitude":72.6673639,"AccessComments":" Sector 21 Rd","RelatedURL":"https://atherenergy.com/grid","DistanceUnit":0},"OperatorID":1,"DataProviderID":1,"UsageTypeID":5,"StatusTypeID":50,"Connections":[{"ID":432541,"ConnectionTypeID":1043,"StatusTypeID":50,"LevelID":2,"Amps":10,"Voltage":230,"PowerKW":2.5,"CurrentTypeID":10,"Quantity":1}],"UserComments":[{"ID":28314,"ChargePointID":258572,"CommentTypeID":10,"UserName":"kishan","Comment":"This charging station is present at Plot No 145, 2nd Floor, Royal Honda Showroom, Sector 21, Gandhinagar, Gujarat. The charger is working fine.","Rating":5,"RelatedURL":"https://iwheels.co/blog/ather-grid-charging-stations-in-gujarat/","DateCreated":"2023-03-23T16:30:27.29Z","User":{"ID":45377,"Username":"kishan"},"CheckinStatusTypeID":10,"IsActionedByEditor":false}],"MediaItems":[{"ID":37068,"ChargePointID":258572,"ItemURL":"https://media.openchargemap.io/images/IN/OCM258572/OCM-258572.orig.2023032316512253.jpeg","ItemThumbnailURL":"https://media.openchargemap.io/images/IN/OCM258572/OCM-258572.thmb.2023032316512253.jpeg","Comment":"Outside view of the charging station","IsEnabled":true,"IsVideo":false,"IsFeaturedItem":false,"IsExternalResource":false,"User":{"ID":45377,"Username":"kishan"},"DateCreated":"2023-03-23T16:51:00Z"}]},{"ID":258336,"UUID":"5F592455-4F1E-494D-B310-1E473C66F791","NumberOfPoints":2,"UsageCost":"21rs","AddressInfo":{"ID":258720,"Title":"Taj Hotel","AddressLine1":"Nr Taj Lane","AddressLine2":"Nr SP Ring Road","Town":"Ahmedabad ","StateOrProvince":"Gujarat ","Postcode":"380058","CountryID":106,"Latitude":23.075554346771156,"Longitude":72.56854041975487,"DistanceUnit":0},"OperatorID":3436,"DataProviderID":1,"UsageTypeID":1,"StatusTypeID":50,"Connections":[{"ID":431943,"ConnectionTypeID":33,"StatusTypeID":50,"LevelID":3,"PowerKW":30,"CurrentTypeID":30,"Quantity":2}]},{"ID":258302,"UUID":"D763DBD8-C0F8-43C6-ADCA-103E2E66F0AD","NumberOfPoints":1,"AddressInfo":{"ID":258686,"Title":"MobiLane Charging Station","AddressLine1":"Beside Fire Station, Gujarat International Finance Tec-City","Town":"Gandhinagar","StateOrProvince":"Gujarat","Postcode":"382355","CountryID":106,"Latitude":23.1664285,"Longitude":72.6839839,"ContactTelephone1":"09773099324","RelatedURL":"https://www.evamp.co/","DistanceUnit":0},"OperatorID":45,"DataProviderID":1,"UsageTypeID":5,"StatusTypeID":50,"Connections":[{"ID":431626,"ConnectionTypeID":33,"Reference":"MobiLane ","StatusTypeID":50,"LevelID":3,"PowerKW":80,"CurrentTypeID":30,"Quantity":1}],"UserComments":[{"ID":28303,"ChargePointID":258302,"CommentTypeID":10,"UserName":"rkp","Comment":"Awesome speed. Faster than usual.","Rating":5,"DateCreated":"2023-03-21T12:47:07.24Z","User":{"ID":45036,"Username":"rkp"},"CheckinStatusTypeID":10,"IsActionedByEditor":false},{"ID":28302,"ChargePointID":258302,"CommentTypeID":10,"UserName":"rkp","Comment":"Very fast Charging Station with 80KW DC Charger","Rating":5,"DateCreated":"2023-03-21T12:44:31.37Z","User":{"ID":45036,"Username":"rkp"},"CheckinStatusTypeID":10,"IsActionedByEditor":false}],"MediaItems":[{"ID":37059,"ChargePointID":258302,"ItemURL":"https://media.openchargemap.io/images/IN/OCM258302/OCM-258302.orig.2023032112460646.png","ItemThumbnailURL":"https://media.openchargemap.io/images/IN/OCM258302/OCM-258302.thmb.2023032112460646.png","Comment":"lighting is so good.....","IsEnabled":true,"IsVideo":false,"IsFeaturedItem":false,"IsExternalResource":false,"User":{"ID":45036,"Username":"rkp"},"DateCreated":"2023-03-21T12:46:00Z"},{"ID":37058,"ChargePointID":258302,"ItemURL":"https://media.openchargemap.io/images/IN/OCM258302/OCM-258302.orig.2023032112440912.png","ItemThumbnailURL":"https://media.openchargemap.io/images/IN/OCM258302/OCM-258302.thmb.2023032112440912.png","Comment":"","IsEnabled":true,"IsVideo":false,"IsFeaturedItem":false,"IsExternalResource":false,"User":{"ID":45036,"Username":"rkp"},"DateCreated":"2023-03-21T12:44:00Z"}]},{"ID":258294,"UUID":"6BA43394-065F-493C-8F74-D760CB116562","NumberOfPoints":1,"AddressInfo":{"ID":258678,"Title":"Sargasan Cross Rd","AddressLine1":"5JH9+9GW","Town":"Gandhinagar","StateOrProvince":"Gujarat","Postcode":"382421","CountryID":106,"Latitude":23.178342756362767,"Longitude":72.61224558603294,"AccessComments":"Near Dev Parishar, Palm Road","RelatedURL":"https://necellemobility.in/","DistanceUnit":0},"OperatorID":1,"DataProviderID":1,"UsageTypeID":5,"StatusTypeID":50,"Connections":[{"ID":431604,"ConnectionTypeID":33,"Reference":"Hari Group","StatusTypeID":50,"LevelID":3,"PowerKW":30,"CurrentTypeID":30,"Quantity":1,"Comments":"30KW CCS2 DC FAST CHARGER"}],"UserComments":[{"ID":28301,"ChargePointID":258294,"CommentTypeID":10,"UserName":"rkp","Comment":"Always on and with good online help with very supportive staff","Rating":4,"DateCreated":"2023-03-21T12:14:18.753Z","User":{"ID":45036,"Username":"rkp"},"CheckinStatusTypeID":0,"IsActionedByEditor":false}],"MediaItems":[{"ID":37057,"ChargePointID":258294,"ItemURL":"https://media.openchargemap.io/images/IN/OCM258294/OCM-258294.orig.2023032112125296.png","ItemThumbnailURL":"https://media.openchargemap.io/images/IN/OCM258294/OCM-258294.thmb.2023032112125296.png","Comment":"","IsEnabled":true,"IsVideo":false,"IsFeaturedItem":false,"IsExternalResource":false,"User":{"ID":45036,"Username":"rkp"},"DateCreated":"2023-03-21T12:13:00Z"}]},{"ID":257048,"UUID":"92A2A2C3-42AB-4BA2-8BE2-51D24A7A6F49","NumberOfPoints":1,"UsageCost":"£0.79/kWh; other tariffs available","AddressInfo":{"ID":257432,"Title":"Agora Mall Charging Station","AddressLine1":"Nr Tapovan Circle, SP Ring Road","Town":"Gandhinagar","StateOrProvince":"Gujarat","Postcode":"382424","CountryID":106,"Latitude":23.0675460902371,"Longitude":72.6648092874053,"RelatedURL":"https://www.jiobp.com/products-and-services/EV-charging","DistanceUnit":0},"OperatorID":32,"DataProviderID":1,"UsageTypeID":5,"StatusTypeID":50,"Connections":[{"ID":428975,"ConnectionTypeID":33,"CurrentTypeID":30,"Quantity":2}]},{"ID":257047,"UUID":"1F9E686C-CDBC-464F-AC9B-B726238ECAF6","NumberOfPoints":1,"AddressInfo":{"ID":257431,"Title":"Capital EV Charging Station (Kalupur)","AddressLine1":"2JF2+X5J, Kalupur Railway Station Rd, Laxmi Bazar, Kalupur","Town":"Ahmedabad","StateOrProvince":"Gujarat","Postcode":"380002","CountryID":106,"Latitude":23.067645727534426,"Longitude":72.66492752114209,"AccessComments":"Railway Station Parking ","DistanceUnit":0},"OperatorID":1,"DataProviderID":1,"UsageTypeID":5,"StatusTypeID":50,"Connections":[{"ID":433132,"ConnectionTypeID":33,"StatusTypeID":50,"LevelID":3,"PowerKW":25,"CurrentTypeID":30,"Quantity":1},{"ID":433133,"ConnectionTypeID":0,"StatusTypeID":0,"LevelID":2,"PowerKW":25,"Quantity":6}],"MediaItems":[{"ID":37095,"ChargePointID":257047,"ItemURL":"https://media.openchargemap.io/images/IN/OCM257047/OCM-257047.orig.2023032608130174.png","ItemThumbnailURL":"https://media.openchargemap.io/images/IN/OCM257047/OCM-257047.thmb.2023032608130174.png","Comment":"","IsEnabled":true,"IsVideo":false,"IsFeaturedItem":false,"IsExternalResource":false,"User":{"ID":45036,"Username":"rkp"},"DateCreated":"2023-03-26T08:13:00Z"}]},{"ID":238134,"UUID":"55FD9460-1310-41E0-B3B1-A70A3165521E","NumberOfPoints":1,"AddressInfo":{"ID":238518,"Title":"Technopark Main Road","AddressLine1":"Technopark Main Road","AddressLine2":"Kazhakkoottam","StateOrProvince":"Kerala","Postcode":"695581","CountryID":106,"Latitude":8.5557399,"Longitude":76.881072,"DistanceUnit":0},"OperatorID":1,"DataProviderID":1,"UsageTypeID":4,"StatusTypeID":50,"Connections":[{"ID":391711,"ConnectionTypeID":33,"StatusTypeID":50,"LevelID":3,"PowerKW":50,"CurrentTypeID":30,"Quantity":1}]},{"ID":201254,"UUID":"F691F5FD-2DC5-4CE9-96ED-C4D4EDD71A03","NumberOfPoints":1,"AddressInfo":{"ID":201613,"Title":"Cinemax","AddressLine1":"Tycoons Residency","AddressLine2":"Khadakpada","Town":"Kalyan","StateOrProvince":"Maharashtra","Postcode":"421301","CountryID":106,"Latitude":19.24365159150088,"Longitude":73.13475572207244,"DistanceUnit":0},"OperatorID":1,"DataProviderID":1,"UsageTypeID":1,"StatusTypeID":50,"Connections":[{"ID":335667,"ConnectionTypeID":0,"StatusTypeID":50,"LevelID":2,"Amps":16,"Voltage":270,"PowerKW":3,"CurrentTypeID":10,"Quantity":1}]},{"ID":195401,"UUID":"E70CBBBC-B4B7-47B4-9B43-F8225FE9FE8F","NumberOfPoints":1,"UsageCost":"Rs 20.5/kWh","AddressInfo":{"ID":195760,"Title":"Kalyan Grand Business Hotel","AddressLine1":" 247 Grand Southern Trunk Rd, Next to Vandalur Zoo, Chennai, Tamil Nadu 600048","Town":"Vandalur","StateOrProvince":"Tamil Nadu","Postcode":"600048","CountryID":106,"Latitude":12.873800155645254,"Longitude":80.07849378133422,"RelatedURL":"https://zeoncharging.com/","DistanceUnit":0},"OperatorID":1,"DataProviderID":1,"UsageTypeID":4,"StatusTypeID":50,"Connections":[{"ID":325372,"ConnectionTypeID":33,"StatusTypeID":50,"LevelID":3,"PowerKW":24,"CurrentTypeID":30,"Quantity":1}]},{"ID":195400,"UUID":"C34A416C-7125-4720-9FD7-B7C5FCFA4CB3","NumberOfPoints":1,"UsageCost":"Rs 20.5/kWh","AddressInfo":{"ID":195759,"Title":"Muscat bakery & Restaurants","AddressLine1":"A16& A17, SIPCOT Industrial Park , Bangalore highway, Near Hyundai Company, Irungattukottai, Tamil Nadu 602105","Town":"Irungattukottai","StateOrProvince":"Tamil Nadu","Postcode":"602105","CountryID":106,"Latitude":13.008010578515618,"Longitude":79.99673028011085,"RelatedURL":"https://zeoncharging.com/","DistanceUnit":0},"OperatorID":1,"DataProviderID":1,"UsageTypeID":4,"StatusTypeID":50,"Connections":[{"ID":325369,"ConnectionTypeID":33,"StatusTypeID":50,"LevelID":3,"PowerKW":50,"CurrentTypeID":30,"Quantity":1},{"ID":325370,"ConnectionTypeID":1036,"StatusTypeID":50,"LevelID":3,"PowerKW":43,"CurrentTypeID":20,"Quantity":1},{"ID":325371,"ConnectionTypeID":2,"StatusTypeID":50,"LevelID":3,"PowerKW":46,"CurrentTypeID":30,"Quantity":1}]},{"ID":195399,"UUID":"1582079A-C93F-46C5-9C81-E3C3E496F052","NumberOfPoints":1,"UsageCost":"Rs. 20.5/kWh","AddressInfo":{"ID":195758,"Title":"Holiday Inn Chennai OMR","AddressLine1":" 110, Rajiv Gandhi Salai, Thiruvanmiyur, Chennai, Tamil Nadu 600096","Town":"Chennai","StateOrProvince":"Tamil Nadu","Postcode":"600096","CountryID":106,"Latitude":12.98007448484978,"Longitude":80.25315304085922,"RelatedURL":"https://zeoncharging.com/","DistanceUnit":0},"OperatorID":1,"DataProviderID":1,"UsageTypeID":4,"StatusTypeID":50,"Connections":[{"ID":325368,"ConnectionTypeID":33,"StatusTypeID":50,"LevelID":3,"PowerKW":25,"CurrentTypeID":30,"Quantity":1}]},{"ID":195398,"UUID":"CA286A4B-D579-4BC1-9EE4-D87FCFEFB333","NumberOfPoints":1,"UsageCost":"19.5/kwh","AddressInfo":{"ID":195757,"Title":"Grand Chennai by GRT Hotels","AddressLine1":"120, Sir Thyagaraya Rd, Drivers Colony, T. Nagar, Chennai, Tamil Nadu 600017","Town":"Chennai","StateOrProvince":"Tamilnadu","Postcode":"600017","CountryID":106,"Latitude":13.039883703809373,"Longitude":80.24507602103657,"RelatedURL":"https://zeoncharging.com/","DistanceUnit":0},"OperatorID":1,"DataProviderID":1,"UsageTypeID":4,"StatusTypeID":50,"Connections":[{"ID":325367,"ConnectionTypeID":1036,"StatusTypeID":50,"LevelID":2,"Amps":32,"Voltage":400,"PowerKW":22,"CurrentTypeID":20,"Quantity":1}]},{"ID":195397,"UUID":"AE38F3E2-7FDE-4AAD-97BD-09CFAC131381","NumberOfPoints":1,"AddressInfo":{"ID":195756,"Title":"Spencer plaza","AddressLine1":"768, Spencer Plaza, Anna Salai, Chennai, Tamil Nadu 600002","Town":"Chennai","StateOrProvince":"TamilNadu","Postcode":"600002","CountryID":106,"Latitude":13.086440939321662,"Longitude":80.24611761923632,"RelatedURL":"https://zeoncharging.com","DistanceUnit":0},"OperatorID":1,"DataProviderID":1,"UsageTypeID":4,"StatusTypeID":50,"Connections":[{"ID":325366,"ConnectionTypeID":33,"StatusTypeID":50,"LevelID":3,"PowerKW":25,"CurrentTypeID":30,"Quantity":1}]},{"ID":195339,"UUID":"E014555A-D3D4-4216-8F26-85CC5CD9AFD8","NumberOfPoints":1,"AddressInfo":{"ID":195698,"Title":"Chandni Chowk","AddressLine1":"Chandni Chowk","Town":"Delhi","StateOrProvince":"Delhi","Postcode":"110006","CountryID":106,"Latitude":28.656025225797094,"Longitude":77.23119760294571,"DistanceUnit":0},"OperatorID":1,"DataProviderID":1,"UsageTypeID":1,"StatusTypeID":50,"Connections":[{"ID":323748,"ConnectionTypeID":1043,"StatusTypeID":50,"LevelID":2,"Amps":16,"Voltage":270,"PowerKW":3,"CurrentTypeID":10,"Quantity":1},{"ID":323749,"ConnectionTypeID":0,"StatusTypeID":50,"Quantity":1}]},{"ID":190068,"UUID":"CD0F2B6E-E15A-4135-ABB2-1C27AE072FE7","NumberOfPoints":1,"AddressInfo":{"ID":190427,"Title":"Mira Road ","AddressLine1":"A/1104, unique heights, Poonam Garden, above new india co-op bank, near S K Stone, Mira Bhayender Rd, near S K Stone","Town":"Maharashtra","StateOrProvince":"India","Postcode":"401107","CountryID":106,"Latitude":19.140006053456133,"Longitude":72.85344382844949,"DistanceUnit":0},"OperatorID":1,"DataProviderID":1,"UsageTypeID":5,"StatusTypeID":50,"Connections":[{"ID":307946,"ConnectionTypeID":33,"StatusTypeID":50,"Quantity":1}]},{"ID":189046,"UUID":"15924179-D9C3-4DCA-9965-1CAEEC62CB35","NumberOfPoints":1,"AddressInfo":{"ID":189405,"Title":"Sardar Patel Ring Road","AddressLine1":"Sardar Patel Ring Road","Town":"Ahmedabad","StateOrProvince":"Gujarat","Postcode":"380001","CountryID":106,"Latitude":23.01811407692714,"Longitude":72.67117696624051,"DistanceUnit":0},"OperatorID":1,"DataProviderID":1,"UsageTypeID":4,"StatusTypeID":50,"Connections":[{"ID":305574,"ConnectionTypeID":0,"StatusTypeID":50,"Quantity":1}]},{"ID":189037,"UUID":"D716EB52-E1DB-4467-BECE-5929D2FC1C6F","NumberOfPoints":1,"AddressInfo":{"ID":189396,"Title":"Shawadi Road","AddressLine1":"Shawadi Road, Narolgam","Town":"Ahmedabad","StateOrProvince":"Gujarat","Postcode":"382405","CountryID":106,"Latitude":22.95898656230746,"Longitude":72.57343764720804,"DistanceUnit":0},"OperatorID":1,"DataProviderID":1,"UsageTypeID":4,"StatusTypeID":50,"Connections":[{"ID":305553,"ConnectionTypeID":33,"StatusTypeID":50,"LevelID":3,"PowerKW":50,"CurrentTypeID":30,"Quantity":1}]},{"ID":188200,"UUID":"99B67ED1-6FF1-4819-A86C-37EEF214FDCD","NumberOfPoints":1,"AddressInfo":{"ID":188559,"Title":"Hosa Road","AddressLine1":"Hosa Road","Town":" Chikkanayakanahalli","StateOrProvince":"Karnataka","Postcode":"560035","CountryID":106,"Latitude":12.911521506082025,"Longitude":77.67629825827191,"DistanceUnit":0},"OperatorID":1,"DataProviderID":1,"UsageTypeID":4,"StatusTypeID":50,"Connections":[{"ID":303753,"ConnectionTypeID":1036,"StatusTypeID":50,"LevelID":2,"Voltage":240,"PowerKW":3.3,"CurrentTypeID":10,"Quantity":1}]},{"ID":173964,"UUID":"A609035C-6586-4932-9F1D-6A2155FAE2F2","NumberOfPoints":1,"AddressInfo":{"ID":174323,"Title":"Zeon Charging Krishnagiri","AddressLine1":"Polupalli","Town":"Krishnagiri","StateOrProvince":"Tamil Nadu","Postcode":"","CountryID":106,"Latitude":12.582093036841641,"Longitude":78.15715329888337,"RelatedURL":"http://www.zeoncharging.com","DistanceUnit":0},"OperatorID":1,"DataProviderID":1,"UsageTypeID":4,"StatusTypeID":50,"Connections":[{"ID":267975,"ConnectionTypeID":33,"Reference":"www.zeoncharging.com","StatusTypeID":50,"LevelID":3,"PowerKW":50,"CurrentTypeID":30,"Quantity":1}]},{"ID":173082,"UUID":"60F4F182-FDE5-4517-8DD0-3EAC0B8541E0","NumberOfPoints":2,"UsageCost":"Free","AddressInfo":{"ID":173441,"Title":"Tata Fast Charger","AddressLine1":"Opposite Dell","AddressLine2":"Inner Ring Road","Town":"Bangalore","StateOrProvince":"Karnataka","CountryID":106,"Latitude":12.952438850806772,"Longitude":77.63973152758626,"AccessComments":"Cafe Coffee Day parking lot","DistanceUnit":0},"OperatorID":3436,"DataProviderID":1,"UsageTypeID":4,"StatusTypeID":50,"Connections":[{"ID":264857,"ConnectionTypeID":33,"StatusTypeID":50,"LevelID":3,"PowerKW":22,"CurrentTypeID":30,"Quantity":2,"Comments":"Free for Tata Nexon owners"}]},{"ID":172465,"UUID":"C48AAA50-C8D7-4523-9AF8-F5BCF514823B","NumberOfPoints":1,"AddressInfo":{"ID":172824,"Title":"Bharay","AddressLine1":"Shree Nath Stone","Town":"Mukundgarh Mandi","StateOrProvince":"Rajasthan","Postcode":"333705","CountryID":106,"Latitude":27.9383458,"Longitude":75.2314383,"DistanceUnit":0},"OperatorID":1,"DataProviderID":1,"UsageTypeID":1,"StatusTypeID":50,"Connections":[{"ID":263699,"ConnectionTypeID":0,"StatusTypeID":50,"LevelID":2,"Amps":16,"Voltage":270,"PowerKW":3,"CurrentTypeID":10,"Quantity":1}]},{"ID":171101,"UUID":"E19C746A-9783-4D46-A380-DD5F8B81B426","NumberOfPoints":2,"UsageCost":"Rs. 23/kWh","AddressInfo":{"ID":171460,"Title":"Zeon Charging","AddressLine1":"Vaigundam","AddressLine2":"Next To Sree Saravana Bhavan","Town":"Vaigundam","StateOrProvince":"Tamil Nadu","CountryID":106,"Latitude":11.519422436107646,"Longitude":77.93477088670943,"RelatedURL":"http://www.zeoncharging.com","DistanceUnit":0},"OperatorID":1,"DataProviderID":1,"UsageTypeID":4,"StatusTypeID":50,"Connections":[{"ID":261447,"ConnectionTypeID":33,"Reference":"www.zeoncharging.com","StatusTypeID":50,"LevelID":3,"PowerKW":50,"CurrentTypeID":30,"Quantity":2}]},{"ID":170932,"UUID":"B8CCE3C5-0F72-4722-8B69-D90CCA364D6B","NumberOfPoints":1,"UsageCost":"Rs.18/-","AddressInfo":{"ID":171291,"Title":"IITM Research Park","AddressLine1":"IITM Research Park","Town":"Chennai City Corporation Limits","StateOrProvince":"Tamil Nadu","Postcode":"600113","CountryID":106,"Latitude":12.9908,"Longitude":80.2424,"RelatedURL":"https://reluxelectric.com/","DistanceUnit":0},"OperatorID":3777,"DataProviderID":1,"UsageTypeID":5,"StatusTypeID":50,"Connections":[{"ID":261146,"ConnectionTypeID":16,"StatusTypeID":50,"Quantity":1},{"ID":559903,"ConnectionTypeID":33,"StatusTypeID":50,"CurrentTypeID":30,"Quantity":1},{"ID":559904,"ConnectionTypeID":0,"StatusTypeID":50,"LevelID":2,"Amps":30,"PowerKW":37,"Quantity":1}]},{"ID":167208,"UUID":"F513B7CB-D473-49F7-8509-DF0556214F85","NumberOfPoints":1,"AddressInfo":{"ID":167567,"Title":"Assam Electric Point ","AddressLine1":"Society","Town":"Guwahati","StateOrProvince":"Assam","Postcode":"787059","CountryID":106,"Latitude":26.1619712,"Longitude":91.76678400000003,"DistanceUnit":0},"OperatorID":1,"DataProviderID":1,"UsageTypeID":1,"StatusTypeID":50,"Connections":[{"ID":253214,"ConnectionTypeID":1043,"StatusTypeID":50,"LevelID":2,"Amps":16,"Voltage":270,"PowerKW":3,"CurrentTypeID":10,"Quantity":1}]},{"ID":149812,"UUID":"5650311F-5A4C-4762-A1E3-AE93D3D95298","NumberOfPoints":4,"UsageCost":"0","AddressInfo":{"ID":150165,"Title":"Electrify Bihar EV Charging Station","AddressLine1":"Shop # 40, K.M. Tank Market, Laheria Sarai","AddressLine2":"","Town":"Darbhanga","StateOrProvince":"Bihar","Postcode":"846004","CountryID":106,"Latitude":26.156965,"Longitude":85.899512,"ContactTelephone1":"9304993078","ContactEmail":"indu9@hotmail.com","RelatedURL":"https://www.electrifyBihar.com","DistanceUnit":0},"OperatorID":45,"DataProviderID":1,"UsageTypeID":1,"StatusTypeID":50,"Connections":[{"ID":208018,"ConnectionTypeID":1036,"StatusTypeID":150,"LevelID":1,"Amps":10,"Voltage":230,"PowerKW":2.3,"CurrentTypeID":10,"Quantity":1},{"ID":208019,"ConnectionTypeID":16,"StatusTypeID":50,"LevelID":1,"Amps":10,"Voltage":230,"PowerKW":2.3,"CurrentTypeID":10,"Quantity":4}],"MediaItems":[{"ID":21443,"ChargePointID":149812,"ItemURL":"https://media.openchargemap.io/images/IO/OCM149812/OCM-149812.orig.2020030604303827.jpeg","ItemThumbnailURL":"https://media.openchargemap.io/images/IO/OCM149812/OCM-149812.thmb.2020030604303827.jpeg","Comment":"","IsEnabled":true,"IsVideo":false,"IsFeaturedItem":false,"IsExternalResource":false,"User":{"ID":25372,"Username":"Indu"},"DateCreated":"2020-03-06T04:31:00Z"}]},{"ID":149534,"UUID":"07891543-1600-4BD9-9907-6EB856D37758","NumberOfPoints":1,"AddressInfo":{"ID":149887,"Title":"Fortum Mahindra","AddressLine1":"Chikoti Gardens, Old Patigadda, Chikoti Gardens, Begumpet, Hyderabad, Telangana 500016, India","Town":"Hyderabad","StateOrProvince":"Telangana","Postcode":"500016","CountryID":106,"Latitude":17.44366,"Longitude":78.46395,"DistanceUnit":0},"OperatorID":1,"DataProviderID":1,"UsageTypeID":6,"StatusTypeID":50,"Connections":[{"ID":207612,"ConnectionTypeID":0,"StatusTypeID":50}]},{"ID":149533,"UUID":"7C1F98CC-DAB5-4567-A96D-CA57F68069ED","NumberOfPoints":1,"AddressInfo":{"ID":149886,"Title":"Amplify Mobility","AddressLine1":"8-2, 335/2, Rd Number 5, SBI Executive Enclave, Green Valley, Banjara Hills.","Town":"Hyderabad","StateOrProvince":"Telangana","Postcode":"500034","CountryID":106,"Latitude":17.4249236,"Longitude":78.4219657,"RelatedURL":"https://www.chargelist.com/","DistanceUnit":0},"OperatorID":1,"DataProviderID":1,"UsageTypeID":6,"StatusTypeID":50,"Connections":[{"ID":207611,"ConnectionTypeID":0,"StatusTypeID":50}]},{"ID":149527,"UUID":"5230B236-2980-4C01-86F4-00DE07C58A57","NumberOfPoints":1,"AddressInfo":{"ID":149880,"Title":"Fortum Mahindra ","AddressLine1":"Unnamed Road, Maruthi Nagar, Attapur.","Town":"Hyderabad","StateOrProvince":"Telangana","Postcode":"500264","CountryID":106,"Latitude":17.36334,"Longitude":78.4337,"DistanceUnit":0},"OperatorID":1,"DataProviderID":1,"UsageTypeID":6,"StatusTypeID":50,"Connections":[{"ID":207605,"ConnectionTypeID":0,"StatusTypeID":50}]},{"ID":149524,"UUID":"AE03422E-3F70-449D-B083-A3263928AA15","NumberOfPoints":1,"AddressInfo":{"ID":149877,"Title":"Fortum Mahindra ","AddressLine1":"Hyder Nagar, RamNaresh Nagar","Town":"Hyderabad","StateOrProvince":"Telangana","Postcode":"500090","CountryID":106,"Latitude":17.50128,"Longitude":78.37811,"DistanceUnit":0},"OperatorID":1,"DataProviderID":1,"UsageTypeID":6,"StatusTypeID":50,"Connections":[{"ID":207600,"ConnectionTypeID":0,"StatusTypeID":50}]},{"ID":149188,"UUID":"FEF8BB3B-C4D5-41A2-A7DD-CA961FE38D38","NumberOfPoints":1,"UsageCost":"0","AddressInfo":{"ID":149541,"Title":"Automotive Manufacturer Pvt. Ltd ","AddressLine1":"Plot No - 9-12, Block-42,NH-09,Autonagar","AddressLine2":"Vijayawada Highway","Town":"Hyderabad","StateOrProvince":"Telangana","Postcode":"500070","CountryID":106,"Latitude":17.340142,"Longitude":78.577573,"DistanceUnit":0},"OperatorID":1,"DataProviderID":1,"UsageTypeID":6,"StatusTypeID":50,"Connections":[{"ID":207158,"ConnectionTypeID":3,"StatusTypeID":50,"LevelID":2,"Amps":13,"Voltage":220,"PowerKW":2.8,"CurrentTypeID":10,"Quantity":1}],"UserComments":[{"ID":22197,"ChargePointID":149188,"CommentTypeID":50,"UserName":"Simon Hewison","Comment":"Can someone please confirm the actual charging connector? BS1363 (Type G plugs and sockets) isn't regularly used in India.","DateCreated":"2020-02-21T11:11:05.667Z","User":{"ID":4575,"Username":"Simon Hewison"},"CheckinStatusTypeID":0,"IsActionedByEditor":false}]},{"ID":146678,"UUID":"BCC62201-E5D7-4EEE-85E9-4ACB3E06CA7E","NumberOfPoints":1,"AddressInfo":{"ID":147030,"Title":"Jawahar Marg","AddressLine1":"Jawahar Marg","Town":"Indore","StateOrProvince":"Madhya Pradesh","Postcode":"452001","CountryID":106,"Latitude":22.71655434470766,"Longitude":75.85496372756984,"DistanceUnit":0},"OperatorID":1,"DataProviderID":1,"UsageTypeID":1,"StatusTypeID":50,"Connections":[{"ID":203949,"ConnectionTypeID":0,"StatusTypeID":50,"LevelID":2,"Amps":16,"Voltage":270,"PowerKW":3,"CurrentTypeID":10,"Quantity":1}]},{"ID":129323,"UUID":"B09CC7CA-7001-4AA8-9F98-9849E044D25D","NumberOfPoints":3,"AddressInfo":{"ID":129669,"Title":"Kailash Bhavan","AddressLine1":"Kailash Bhavan","AddressLine2":"Amritapuri","Town":"Clappana","StateOrProvince":"Kerala","Postcode":"690525","CountryID":106,"Latitude":9.08818839762424,"Longitude":76.485887744861,"ContactEmail":"info.midgardelectric@gmail.com","RelatedURL":"https://www.midgardelectric.com/","DistanceUnit":0},"OperatorID":3363,"DataProviderID":1,"UsageTypeID":3,"StatusTypeID":50,"Connections":[{"ID":180994,"ConnectionTypeID":16,"StatusTypeID":50,"LevelID":2,"Amps":16,"Voltage":240,"PowerKW":3.3,"CurrentTypeID":10,"Quantity":3}],"MediaItems":[{"ID":18938,"ChargePointID":129323,"ItemURL":"https://media.openchargemap.io/images/IN/OCM129323/OCM-129323.orig.2019071711151940.jpg","ItemThumbnailURL":"https://media.openchargemap.io/images/IN/OCM129323/OCM-129323.thmb.2019071711151940.jpg","Comment":"","IsEnabled":true,"IsVideo":false,"IsFeaturedItem":false,"IsExternalResource":false,"User":{"ID":21625,"Username":"Midgard Electric"},"DateCreated":"2019-07-17T11:16:00Z"}]},{"ID":107668,"UUID":"931DF86E-A0D0-4E04-9B98-F21AFC129A5A","NumberOfPoints":1,"UsageCost":"0","AddressInfo":{"ID":108014,"Title":"AtherGrid Go Native Cafe","AddressLine1":"Go Native Cafe","AddressLine2":"Jayanagar","Town":"Bangalore","StateOrProvince":"KA","Postcode":"560041","CountryID":106,"Latitude":12.9224636436796,"Longitude":77.5846883396955,"AccessComments":"In front of Go Native Cafe on the road","DistanceUnit":0},"DataProviderID":1,"UsageTypeID":1,"StatusTypeID":50,"Connections":[{"ID":152011,"ConnectionTypeID":0,"StatusTypeID":50,"LevelID":1,"Amps":10,"Voltage":240,"PowerKW":2,"CurrentTypeID":10,"Quantity":1}],"UserComments":[{"ID":19993,"ChargePointID":107668,"CommentTypeID":10,"UserName":"vdprao","Comment":"Charged my E2O car","Rating":5,"DateCreated":"2018-08-06T10:54:20.593Z","User":{"ID":18790,"Username":"vdprao"},"CheckinStatusTypeID":10}],"MediaItems":[{"ID":16168,"ChargePointID":107668,"ItemURL":"https://media.openchargemap.io/images/IN/OCM107668/OCM-107668.orig.2018080610531438.jpeg","ItemThumbnailURL":"https://media.openchargemap.io/images/IN/OCM107668/OCM-107668.thmb.2018080610531438.jpeg","Comment":"1 connector + 1 generic 3-pin plug","IsEnabled":true,"IsVideo":false,"IsFeaturedItem":false,"IsExternalResource":false,"User":{"ID":18790,"Username":"vdprao"},"DateCreated":"2018-08-06T10:53:00Z"},{"ID":16167,"ChargePointID":107668,"ItemURL":"https://media.openchargemap.io/images/IN/OCM107668/OCM-107668.orig.2018080610521051.jpeg","ItemThumbnailURL":"https://media.openchargemap.io/images/IN/OCM107668/OCM-107668.thmb.2018080610521051.jpeg","Comment":"View from the road side","IsEnabled":true,"IsVideo":false,"IsFeaturedItem":false,"IsExternalResource":false,"User":{"ID":18790,"Username":"vdprao"},"DateCreated":"2018-08-06T10:52:00Z"}]},{"ID":103746,"UUID":"CACC2501-D4EC-4088-AA35-15056CC6FF9E","NumberOfPoints":1,"UsageCost":"Rs 4.00/kWh","AddressInfo":{"ID":104092,"Title":"BESCOM Head Office","AddressLine1":"K R Subway","AddressLine2":"Sampangiram Nagar Ward","Town":"Bengaluru","StateOrProvince":"Bangalore Urban","Postcode":"560053","CountryID":106,"Latitude":12.9755314120859,"Longitude":77.5883364581665,"DistanceUnit":0},"OperatorID":45,"DataProviderID":1,"UsageTypeID":1,"StatusTypeID":50,"Connections":[{"ID":146420,"ConnectionTypeID":2,"StatusTypeID":50,"LevelID":3,"CurrentTypeID":30,"Quantity":1},{"ID":146421,"ConnectionTypeID":4,"StatusTypeID":50,"LevelID":2,"Amps":16,"Voltage":230,"PowerKW":3.6,"CurrentTypeID":10,"Quantity":1}],"UserComments":[{"ID":22432,"ChargePointID":103746,"CommentTypeID":10,"UserName":"kishore","Comment":"","DateCreated":"2020-04-14T16:02:16.997Z","User":{"ID":25241,"Username":"kishore"},"CheckinStatusTypeID":10,"IsActionedByEditor":false},{"ID":22431,"ChargePointID":103746,"CommentTypeID":1000,"UserName":"kishore","Comment":"","Rating":4,"DateCreated":"2020-04-14T16:01:30.93Z","User":{"ID":25241,"Username":"kishore"},"CheckinStatusTypeID":10,"IsActionedByEditor":false}]},{"ID":103616,"UUID":"D8D99015-2297-428A-BEE6-C07014488DE9","NumberOfPoints":4,"AddressInfo":{"ID":103962,"Title":"Ather Space","AddressLine1":"100 Feet Road(S K Karim Khan Road)","AddressLine2":"Hoysala Nagar Ward","Town":"Bengaluru","StateOrProvince":"Bangalore Urban","Postcode":"570008","CountryID":106,"Latitude":12.9756892941475,"Longitude":77.6412298094218,"DistanceUnit":0},"OperatorID":1,"DataProviderID":1,"UsageTypeID":1,"StatusTypeID":50,"Connections":[{"ID":146283,"ConnectionTypeID":0,"StatusTypeID":50,"LevelID":2,"Amps":16,"Voltage":270,"PowerKW":3,"CurrentTypeID":10,"Quantity":4}]},{"ID":103615,"UUID":"D791A671-9135-498A-9F1B-F10B7922D0FC","NumberOfPoints":1,"AddressInfo":{"ID":103961,"Title":"Ather Grid Point - Herbs and Spices","AddressLine1":"Whitefield Main Road","AddressLine2":"Hagadur","Town":"Bengaluru","StateOrProvince":"Bangalore Urban","Postcode":"560066","CountryID":106,"Latitude":12.9679246469975,"Longitude":77.7497762255596,"DistanceUnit":0},"OperatorID":1,"DataProviderID":1,"UsageTypeID":1,"StatusTypeID":50,"Connections":[{"ID":146282,"ConnectionTypeID":0,"StatusTypeID":50,"LevelID":2,"Amps":16,"Voltage":270,"PowerKW":3,"CurrentTypeID":10,"Quantity":1}]},{"ID":103614,"UUID":"107C1D1C-6B12-4942-80DF-06BD678EF9EC","NumberOfPoints":1,"AddressInfo":{"ID":103960,"Title":"Ather Grid Point - 6000 Miles to Isle of Man","AddressLine1":"Kasturba Road","AddressLine2":"Sampangiram Nagar Ward","Town":"Bengaluru","StateOrProvince":"Bangalore Urban","Postcode":"560053","CountryID":106,"Latitude":12.9756828,"Longitude":77.5982326000001,"AccessComments":"Motorcycle dealership","DistanceUnit":0},"OperatorID":1,"DataProviderID":1,"UsageTypeID":1,"StatusTypeID":50,"Connections":[{"ID":146281,"ConnectionTypeID":1043,"StatusTypeID":50,"LevelID":2,"Amps":16,"Voltage":240,"PowerKW":3,"CurrentTypeID":10,"Quantity":1}]},{"ID":103613,"UUID":"379A474F-DE3B-4D8A-94C4-9D0280E75368","NumberOfPoints":1,"AddressInfo":{"ID":103959,"Title":"Ather Grid Point - Sunny Side Bistro","AddressLine1":"Wheeler Road Extension","AddressLine2":"Maruthi Seva Nagar","Town":"Bengaluru","StateOrProvince":"Bangalore Urban","Postcode":"560084","CountryID":106,"Latitude":13.0018168,"Longitude":77.6235465,"DistanceUnit":0},"OperatorID":1,"DataProviderID":1,"UsageTypeID":1,"StatusTypeID":50,"Connections":[{"ID":146280,"ConnectionTypeID":0,"StatusTypeID":50,"LevelID":2,"Amps":16,"Voltage":270,"PowerKW":3,"CurrentTypeID":10,"Quantity":1}]},{"ID":103612,"UUID":"F056EA86-C526-4FB8-8F83-10A8B683B449","NumberOfPoints":1,"AddressInfo":{"ID":103958,"Title":"Ather Grid Point - Patel's Inn","AddressLine1":"Thimmiah Gardens Streets","AddressLine2":"Jayachamarajendra Nagar Ward","Town":"Bengaluru","StateOrProvince":"Bangalore Urban","Postcode":"560024","CountryID":106,"Latitude":13.0212463,"Longitude":77.5980284,"DistanceUnit":0},"OperatorID":1,"DataProviderID":1,"UsageTypeID":1,"StatusTypeID":50,"Connections":[{"ID":146279,"ConnectionTypeID":0,"StatusTypeID":50,"LevelID":2,"Amps":16,"Voltage":270,"PowerKW":3,"CurrentTypeID":10,"Quantity":1}]},{"ID":103611,"UUID":"1401E7EA-C851-49C3-9C67-5DE6B0295403","NumberOfPoints":1,"AddressInfo":{"ID":103957,"Title":"Ather Grid Point - Chapter One","AddressLine1":"New BEL Road","AddressLine2":"Aramane Nagara Ward","Town":"Bengaluru","StateOrProvince":"Bangalore Urban","Postcode":"560094","CountryID":106,"Latitude":13.0323019,"Longitude":77.5697127,"DistanceUnit":0},"OperatorID":1,"DataProviderID":1,"UsageTypeID":1,"StatusTypeID":50,"Connections":[{"ID":146278,"ConnectionTypeID":0,"StatusTypeID":50,"LevelID":2,"Amps":16,"Voltage":270,"PowerKW":3,"CurrentTypeID":10,"Quantity":1}]},{"ID":103610,"UUID":"93CC8512-DC60-4A20-86DE-15FC3E3C2E83","NumberOfPoints":1,"AddressInfo":{"ID":103956,"Title":"Ather Grid Point - Royal Airawat Residency","AddressLine1":"Bangalore-Mysore Road","AddressLine2":"Kengeri","Town":"Bengaluru","StateOrProvince":"Bangalore Urban","Postcode":"560059","CountryID":106,"Latitude":12.9222872,"Longitude":77.4954903,"DistanceUnit":0},"OperatorID":1,"DataProviderID":1,"UsageTypeID":1,"StatusTypeID":50,"Connections":[{"ID":146277,"ConnectionTypeID":0,"StatusTypeID":50,"LevelID":2,"Amps":16,"Voltage":270,"PowerKW":3,"CurrentTypeID":10,"Quantity":1}],"UserComments":[{"ID":29874,"ChargePointID":103610,"CommentTypeID":10,"UserName":"Chinmay","Comment":"","Rating":4,"DateCreated":"2024-07-23T14:23:55.13Z","User":{"ID":53331,"Username":"Chinmay"},"CheckinStatusTypeID":10,"IsActionedByEditor":false}],"MediaItems":[{"ID":43041,"ChargePointID":103610,"ItemURL":"https://media.openchargemap.io/images/IN/OCM103610/OCM-103610.orig.2024072606361855.jpg","ItemThumbnailURL":"https://media.openchargemap.io/images/IN/OCM103610/OCM-103610.thmb.2024072606361855.jpg","Comment":"Done and dusted!!!","IsEnabled":true,"IsVideo":false,"IsFeaturedItem":false,"IsExternalResource":false,"User":{"ID":53331,"Username":"Chinmay"},"DateCreated":"2024-07-26T06:36:00Z"}]},{"ID":103609,"UUID":"F68A3A06-E89E-4510-BFC6-30BE3DE12E7A","NumberOfPoints":1,"AddressInfo":{"ID":103955,"Title":"Ather Grid Point - Caf Eleven","AddressLine1":"Outer Ring Road","AddressLine2":"Chikkalsandra Ward","Town":"Bengaluru","StateOrProvince":"Bangalore Urban","Postcode":"560085","CountryID":106,"Latitude":12.9233342441394,"Longitude":77.5548753083467,"DistanceUnit":0},"OperatorID":1,"DataProviderID":1,"UsageTypeID":1,"StatusTypeID":50,"Connections":[{"ID":146276,"ConnectionTypeID":0,"StatusTypeID":50,"LevelID":2,"Amps":16,"Voltage":270,"PowerKW":3,"CurrentTypeID":10,"Quantity":1}]},{"ID":103607,"UUID":"275EBBCC-F19D-414B-9429-395E9E2DCF36","NumberOfPoints":1,"AddressInfo":{"ID":103953,"Title":"Ather Grid Point - Fab Cafe","AddressLine1":"Kenchenahalli Main Road","AddressLine2":"Rajarajeshwari Nagar","Town":"Bengaluru","StateOrProvince":"Bangalore Urban","Postcode":"560098","CountryID":106,"Latitude":12.9339420487577,"Longitude":77.517451890213,"DistanceUnit":0},"OperatorID":1,"DataProviderID":1,"UsageTypeID":1,"StatusTypeID":50,"Connections":[{"ID":146274,"ConnectionTypeID":0,"StatusTypeID":50,"LevelID":2,"Amps":16,"Voltage":270,"PowerKW":3,"CurrentTypeID":10,"Quantity":1}]},{"ID":103606,"UUID":"696C6B5F-1CD6-432E-9D73-C6871F3B4907","NumberOfPoints":1,"AddressInfo":{"ID":103952,"Title":"Ather Grid Point - Moto Store & Cafe","AddressLine1":"38/4, Kensington Rd, Sindhi Colony, Pulikeshi Nagar","Town":"Bangalore","StateOrProvince":"KARNATAKA","Postcode":"560042","CountryID":106,"Latitude":12.9875541362772,"Longitude":77.6208706943579,"DistanceUnit":0},"OperatorID":1,"DataProviderID":1,"UsageTypeID":1,"StatusTypeID":50,"Connections":[{"ID":146273,"ConnectionTypeID":0,"StatusTypeID":50,"LevelID":2,"Amps":16,"Voltage":270,"PowerKW":3,"CurrentTypeID":10,"Quantity":1}]},{"ID":103604,"UUID":"9016926E-46CF-4A41-A6DA-C3D6A936E865","NumberOfPoints":2,"AddressInfo":{"ID":103950,"Title":"International Tech Park, Bangalore","AddressLine1":"Whitefield Road, Pattandur Agrahara, Whitefield","Town":"Bangalore","StateOrProvince":"KARNATAKA","Postcode":"560066","CountryID":106,"Latitude":12.985420937588,"Longitude":77.7385128788513,"DistanceUnit":0},"OperatorID":1,"DataProviderID":1,"UsageTypeID":6,"StatusTypeID":50,"Connections":[{"ID":146271,"ConnectionTypeID":0,"StatusTypeID":50,"LevelID":2,"Amps":16,"Voltage":270,"PowerKW":3,"CurrentTypeID":10,"Quantity":2}]},{"ID":103603,"UUID":"307999AF-E2F8-4DD7-9E96-726911C0B3B8","NumberOfPoints":2,"AddressInfo":{"ID":103949,"Title":"Ather Grid Point - Ascendas Park square mall","AddressLine1":"40, ITPL Main Rd, Pattandur Agrahara,","Town":"Bangalore","StateOrProvince":"KARNATAKA","Postcode":"560066","CountryID":106,"Latitude":12.9872191,"Longitude":77.7364744,"AccessComments":"KARNATAKA","DistanceUnit":0},"OperatorID":1,"DataProviderID":1,"UsageTypeID":1,"StatusTypeID":50,"Connections":[{"ID":146270,"ConnectionTypeID":0,"StatusTypeID":50,"LevelID":2,"Amps":16,"Voltage":270,"PowerKW":3,"CurrentTypeID":10,"Quantity":2}]},{"ID":96047,"UUID":"FF7F51F6-272F-4B43-B8BB-4D3B31ACD187","NumberOfPoints":2,"AddressInfo":{"ID":96393,"Title":"Tellus Power ","AddressLine1":"Gamut De Lousa ","AddressLine2":"Banjara Hills","Town":"Hyderabad","StateOrProvince":"Telangana","Postcode":"500034","CountryID":106,"Latitude":17.4133616071295,"Longitude":78.4265966206543,"RelatedURL":"http://www.telluspower.com","DistanceUnit":0},"DataProviderID":1,"UsageTypeID":6,"StatusTypeID":50,"Connections":[{"ID":136065,"ConnectionTypeID":1,"StatusTypeID":50,"LevelID":2,"Amps":30,"Voltage":240,"PowerKW":7.2,"CurrentTypeID":10,"Quantity":1}]},{"ID":92772,"UUID":"4CFA4560-15B8-4F78-929C-B07842D1B2AB","NumberOfPoints":3,"AddressInfo":{"ID":93118,"Title":"Tata Power Receiving Station","AddressLine1":"3, Vikhroli Village Road","AddressLine2":"Vikhroli","Town":"Mumbai","Postcode":"400077","CountryID":106,"Latitude":19.0957956,"Longitude":72.92601089999994,"DistanceUnit":0},"OperatorID":45,"DataProviderID":1,"UsageTypeID":1,"StatusTypeID":50,"Connections":[{"ID":131394,"ConnectionTypeID":1,"StatusTypeID":50,"LevelID":2,"CurrentTypeID":10,"Quantity":3}]},{"ID":92771,"UUID":"7FCA96F4-5447-4B13-8465-DE1A79B40B9C","NumberOfPoints":4,"AddressInfo":{"ID":93117,"Title":"Ola Charging Point","AddressLine1":"Wardha Road","AddressLine2":"Dhantoli","Town":"Nagpur","StateOrProvince":"Maharashtra","Postcode":"440001","CountryID":106,"Latitude":21.088567856547,"Longitude":79.0543895880828,"AccessComments":"Fleet charging only","RelatedURL":"https://www.olacabs.com/fleet","DistanceUnit":0},"OperatorID":45,"DataProviderID":1,"UsageTypeID":6,"StatusTypeID":50,"Connections":[{"ID":131393,"ConnectionTypeID":2,"StatusTypeID":50,"LevelID":2,"CurrentTypeID":30,"Quantity":4}]}]