[{"ID":460618,"UUID":"3B6A39C1-4112-43DB-BE30-2609FD4D2735","NumberOfPoints":1,"UsageCost":"0","AddressInfo":{"ID":461007,"Title":"Station repos Agareb","AddressLine1":"Autoroute A1 vers Tunis","Town":"Agareb","StateOrProvince":"Sfax","Postcode":"4000","CountryID":228,"Latitude":34.77263492260646,"Longitude":10.611341261111761,"DistanceUnit":0},"OperatorID":45,"DataProviderID":1,"UsageTypeID":1,"StatusTypeID":50,"Connections":[{"ID":774953,"ConnectionTypeID":1036,"Reference":"BYD","StatusTypeID":50,"LevelID":2,"Amps":32,"Voltage":400,"PowerKW":22,"CurrentTypeID":20,"Quantity":1}],"MediaItems":[{"ID":47655,"ChargePointID":460618,"ItemURL":"https://s3-ap-southeast-2.amazonaws.com/openchargemap/images/TN/OCM460618/OCM-460618.orig.2025082814234282.jpg","ItemThumbnailURL":"https://s3-ap-southeast-2.amazonaws.com/openchargemap/images/TN/OCM460618/OCM-460618.thmb.2025082814234282.jpg","Comment":"","IsEnabled":true,"IsVideo":false,"IsFeaturedItem":false,"IsExternalResource":false,"User":{"ID":54843,"Username":"GM327"},"DateCreated":"2025-08-28T14:24:00Z"},{"ID":47651,"ChargePointID":460618,"ItemURL":"https://s3-ap-southeast-2.amazonaws.com/openchargemap/images/TN/OCM460618/OCM-460618.orig.2025082808303337.jpg","ItemThumbnailURL":"https://s3-ap-southeast-2.amazonaws.com/openchargemap/images/TN/OCM460618/OCM-460618.thmb.2025082808303337.jpg","Comment":"","IsEnabled":true,"IsVideo":false,"IsFeaturedItem":false,"IsExternalResource":false,"User":{"ID":54843,"Username":"GM327"},"DateCreated":"2025-08-28T08:31:00Z"},{"ID":47652,"ChargePointID":460618,"ItemURL":"https://s3-ap-southeast-2.amazonaws.com/openchargemap/images/TN/OCM460618/OCM-460618.orig.2025082808305389.jpg","ItemThumbnailURL":"https://s3-ap-southeast-2.amazonaws.com/openchargemap/images/TN/OCM460618/OCM-460618.thmb.2025082808305389.jpg","Comment":"","IsEnabled":true,"IsVideo":false,"IsFeaturedItem":false,"IsExternalResource":false,"User":{"ID":54843,"Username":"GM327"},"DateCreated":"2025-08-28T08:31:00Z"},{"ID":47650,"ChargePointID":460618,"ItemURL":"https://s3-ap-southeast-2.amazonaws.com/openchargemap/images/TN/OCM460618/OCM-460618.orig.2025082808295916.jpg","ItemThumbnailURL":"https://s3-ap-southeast-2.amazonaws.com/openchargemap/images/TN/OCM460618/OCM-460618.thmb.2025082808295916.jpg","Comment":"","IsEnabled":true,"IsVideo":false,"IsFeaturedItem":false,"IsExternalResource":false,"User":{"ID":54843,"Username":"GM327"},"DateCreated":"2025-08-28T08:30:00Z"}]},{"ID":460465,"UUID":"38BCEFF6-C6A3-4D96-8672-F0D3D20ADBCF","NumberOfPoints":1,"UsageCost":"0","AddressInfo":{"ID":460854,"Title":"Showroom MG","AddressLine1":"Impasse 6 Rue 8612","Town":"Charguia 1","StateOrProvince":"Tunis","Postcode":"2035","CountryID":228,"Latitude":36.82897587111563,"Longitude":10.202283722250968,"ContactTelephone1":"31 342 020","DistanceUnit":0},"OperatorID":45,"DataProviderID":1,"UsageTypeID":4,"StatusTypeID":50,"Connections":[{"ID":774712,"ConnectionTypeID":33,"StatusTypeID":50,"LevelID":3,"PowerKW":60,"CurrentTypeID":30,"Quantity":2,"Comments":"MG ONLY"}]},{"ID":460464,"UUID":"2647D486-6DC4-428A-ADE5-22B5803A9D1F","NumberOfPoints":1,"UsageCost":"0","AddressInfo":{"ID":460853,"Title":"BYD Showroom","AddressLine1":"Rue Al Harir","AddressLine2":"Zone Industrielle","Town":"Bir El Kassaa","StateOrProvince":"Ben Arous","Postcode":"2059","CountryID":228,"Latitude":36.7380919660895,"Longitude":10.221893425115354,"DistanceUnit":0},"OperatorID":45,"DataProviderID":1,"UsageTypeID":1,"StatusTypeID":50,"Connections":[{"ID":774711,"ConnectionTypeID":33,"Reference":"BYD","StatusTypeID":50,"LevelID":3,"PowerKW":50,"CurrentTypeID":30,"Quantity":1}]},{"ID":460463,"UUID":"6AB8C513-3933-48CA-9B68-BCDD58B5CCEE","NumberOfPoints":1,"UsageCost":"0","AddressInfo":{"ID":460852,"Title":"Shell A1 Tunis-Sfax","AddressLine1":"Bir El Kasaa","Town":"El Mourouj","StateOrProvince":"Ben Arous","Postcode":"2013","CountryID":228,"Latitude":36.73332923168846,"Longitude":10.224416470214237,"DistanceUnit":0},"OperatorID":1,"DataProviderID":1,"UsageTypeID":1,"StatusTypeID":50,"Connections":[{"ID":774710,"ConnectionTypeID":33,"Reference":"BYD","StatusTypeID":50,"LevelID":3,"PowerKW":22,"CurrentTypeID":30,"Quantity":1}],"MediaItems":[{"ID":47484,"ChargePointID":460463,"ItemURL":"https://s3-ap-southeast-2.amazonaws.com/openchargemap/images/TN/OCM460463/OCM-460463.orig.2025081917254112.jpg","ItemThumbnailURL":"https://s3-ap-southeast-2.amazonaws.com/openchargemap/images/TN/OCM460463/OCM-460463.thmb.2025081917254112.jpg","Comment":"","IsEnabled":true,"IsVideo":false,"IsFeaturedItem":false,"IsExternalResource":false,"User":{"ID":54843,"Username":"GM327"},"DateCreated":"2025-08-19T17:26:00Z"}]},{"ID":460375,"UUID":"D3A4C7DE-3016-4DC7-9529-A0714932AC89","NumberOfPoints":1,"UsageCost":"0","AddressInfo":{"ID":460764,"Title":"Shell Sidi Khelifa - Direction Tunis","AddressLine1":"Autoroute A1 direction Tunis ","Town":"Ain Rahma","StateOrProvince":"Sidi Khelifa","CountryID":228,"Latitude":36.247161607668616,"Longitude":10.425836973245396,"DistanceUnit":0},"OperatorID":1,"DataProviderID":1,"UsageTypeID":1,"StatusTypeID":50,"Connections":[{"ID":774468,"ConnectionTypeID":33,"Reference":"BYD","StatusTypeID":50,"LevelID":3,"PowerKW":50,"CurrentTypeID":30,"Quantity":1},{"ID":774469,"ConnectionTypeID":2,"Reference":"BYD","StatusTypeID":50,"LevelID":3,"PowerKW":50,"CurrentTypeID":30,"Quantity":1}],"UserComments":[{"ID":30748,"ChargePointID":460375,"CommentTypeID":10,"UserName":"GM327","Comment":"","Rating":5,"DateCreated":"2025-08-15T15:56:58.947Z","User":{"ID":54843,"Username":"GM327"},"CheckinStatusTypeID":10,"IsActionedByEditor":false}]},{"ID":460271,"UUID":"6473FAB9-F45B-488E-8C7D-12015B00EB9F","NumberOfPoints":1,"UsageCost":"0","AddressInfo":{"ID":460660,"Title":"Municipalité de Sfax","AddressLine1":"Avenue Hedi Chaker","Town":"Sfax","StateOrProvince":"Sfax","Postcode":"4000","CountryID":228,"Latitude":34.73209689537957,"Longitude":10.764369402374655,"DistanceUnit":0},"OperatorID":1,"DataProviderID":1,"UsageTypeID":1,"StatusTypeID":50,"Connections":[{"ID":774320,"ConnectionTypeID":1036,"Reference":"BYD","StatusTypeID":50,"LevelID":2,"Amps":32,"Voltage":400,"PowerKW":22,"CurrentTypeID":20,"Quantity":1}]},{"ID":460270,"UUID":"71BCC582-B492-4A35-B8AE-994E1FA9C76A","NumberOfPoints":1,"AddressInfo":{"ID":460659,"Title":"Résidence Nawar","AddressLine1":"5 Rue Sidi Zid","Town":"Jardins de l'Aouina","StateOrProvince":"Tunis","Postcode":"2046","CountryID":228,"Latitude":36.857579710877985,"Longitude":10.252513435598871,"DistanceUnit":0},"OperatorID":1,"DataProviderID":1,"UsageTypeID":2,"StatusTypeID":50,"Connections":[{"ID":774319,"ConnectionTypeID":25,"StatusTypeID":50,"LevelID":2,"Amps":32,"Voltage":400,"PowerKW":22,"CurrentTypeID":20,"Quantity":1,"Comments":"Utilisation privée"}]},{"ID":460269,"UUID":"A405C025-3521-4B46-8B1E-D3757B0B709A","NumberOfPoints":1,"AddressInfo":{"ID":460658,"Title":"KIA Monastir","AddressLine1":"RR934","Town":"Monastir","StateOrProvince":"Monastir","Postcode":"5000","CountryID":228,"Latitude":35.74515159828809,"Longitude":10.823100786747887,"DistanceUnit":0},"OperatorID":1,"DataProviderID":1,"UsageTypeID":3,"StatusTypeID":50,"Connections":[{"ID":774318,"ConnectionTypeID":33,"StatusTypeID":50,"LevelID":3,"PowerKW":60,"CurrentTypeID":30,"Quantity":1}]},{"ID":312495,"UUID":"F67DB1BD-8D67-4F4B-A172-71CCC2427840","NumberOfPoints":1,"UsageCost":"0","AddressInfo":{"ID":312884,"Title":"Africa Jade Thalasso Hôtel Korba","AddressLine1":"Av Habib Bourguiba","Town":"Nabeul","StateOrProvince":"korba","Postcode":"2080","CountryID":228,"Latitude":36.559696119539936,"Longitude":10.857744315970422,"DistanceUnit":0},"OperatorID":45,"DataProviderID":1,"UsageTypeID":4,"StatusTypeID":50,"Connections":[{"ID":602135,"ConnectionTypeID":25,"StatusTypeID":50,"LevelID":2,"Amps":16,"Voltage":380,"PowerKW":11,"CurrentTypeID":20,"Quantity":1}]},{"ID":305758,"UUID":"CA4CDBAA-D1D4-4A7E-ABA7-50C261D1F389","NumberOfPoints":1,"UsageCost":"0","AddressInfo":{"ID":306147,"Title":"Station Agil","AddressLine1":"Autoroute Marsa GP9","CountryID":228,"Latitude":36.83451992305517,"Longitude":10.222202845933111,"DistanceUnit":0},"OperatorID":1,"DataProviderID":1,"UsageTypeID":1,"StatusTypeID":50,"Connections":[{"ID":578636,"ConnectionTypeID":1036,"StatusTypeID":50,"LevelID":2,"PowerKW":22,"CurrentTypeID":20,"Quantity":1}]},{"ID":290071,"UUID":"3F932A87-433B-435A-B383-85F6E26D4917","NumberOfPoints":1,"AddressInfo":{"ID":290458,"Title":"Magic Life Manar 2","AddressLine1":"8050 Route Touristique","Town":"Mrezga","CountryID":228,"Latitude":36.42479567842595,"Longitude":10.678364889433482,"DistanceUnit":0},"OperatorID":1,"DataProviderID":1,"UsageTypeID":4,"StatusTypeID":50,"Connections":[{"ID":512357,"ConnectionTypeID":1036,"StatusTypeID":50,"LevelID":2,"Amps":32,"Voltage":380,"PowerKW":22,"CurrentTypeID":20,"Quantity":1}]},{"ID":290070,"UUID":"F4930109-B64B-49EF-BAA3-58D70467AC0C","NumberOfPoints":1,"AddressInfo":{"ID":290457,"Title":"Magic Life Manar","AddressLine1":"8050 Route Touristique","Town":"Mrezga","CountryID":228,"Latitude":36.42473905753083,"Longitude":10.677037952439548,"DistanceUnit":0},"OperatorID":1,"DataProviderID":1,"UsageTypeID":4,"StatusTypeID":50,"Connections":[{"ID":512356,"ConnectionTypeID":1036,"StatusTypeID":50,"LevelID":2,"Amps":32,"Voltage":380,"PowerKW":22,"CurrentTypeID":20,"Quantity":1}]},{"ID":203506,"UUID":"E9A8AF42-8B21-4D33-8804-ED3F72BDD366","NumberOfPoints":1,"AddressInfo":{"ID":203873,"Title":"Audi Ennakl La Goulette ","AddressLine1":"شارع جودة الحياة","Town":"حلق الوادي","StateOrProvince":"Tunis","Postcode":"1053","CountryID":228,"Latitude":36.81835117530487,"Longitude":10.289099465199797,"DistanceUnit":0},"OperatorID":1,"DataProviderID":1,"UsageTypeID":4,"StatusTypeID":50,"Connections":[{"ID":340005,"ConnectionTypeID":33,"StatusTypeID":50,"LevelID":3,"PowerKW":150,"CurrentTypeID":30,"Quantity":1}],"MediaItems":[{"ID":33699,"ChargePointID":203506,"ItemURL":"https://media.openchargemap.io/images/TN/OCM203506/OCM-203506.orig.2022091810150666.jpg","ItemThumbnailURL":"https://media.openchargemap.io/images/TN/OCM203506/OCM-203506.thmb.2022091810150666.jpg","Comment":"","IsEnabled":true,"IsVideo":false,"IsFeaturedItem":false,"IsExternalResource":false,"User":{"ID":19956,"Username":"khalilamar"},"DateCreated":"2022-09-18T10:15:00Z"}]},{"ID":203502,"UUID":"27AE8248-0CBF-4850-AB6E-ADFF39F98F02","NumberOfPoints":1,"AddressInfo":{"ID":203869,"Title":"Aire de Service Shell Grombalia","AddressLine1":"Direction Tunis","Town":"Essabala","StateOrProvince":"Nabeul","Postcode":"","CountryID":228,"Latitude":36.58038602530614,"Longitude":10.494660660603245,"DistanceUnit":0},"OperatorID":1,"DataProviderID":1,"UsageTypeID":1,"StatusTypeID":50,"Connections":[{"ID":340001,"ConnectionTypeID":33,"Reference":"BYD","StatusTypeID":50,"LevelID":3,"PowerKW":50,"CurrentTypeID":30,"Quantity":1},{"ID":774423,"ConnectionTypeID":2,"Reference":"BYD","StatusTypeID":50,"LevelID":3,"PowerKW":50,"CurrentTypeID":30,"Quantity":1}],"MediaItems":[{"ID":33697,"ChargePointID":203502,"ItemURL":"https://media.openchargemap.io/images/TN/OCM203502/OCM-203502.orig.2022091810113325.jpg","ItemThumbnailURL":"https://media.openchargemap.io/images/TN/OCM203502/OCM-203502.thmb.2022091810113325.jpg","Comment":"","IsEnabled":true,"IsVideo":false,"IsFeaturedItem":false,"IsExternalResource":false,"User":{"ID":19956,"Username":"khalilamar"},"DateCreated":"2022-09-18T10:12:00Z"},{"ID":33698,"ChargePointID":203502,"ItemURL":"https://media.openchargemap.io/images/TN/OCM203502/OCM-203502.orig.2022091810114658.jpg","ItemThumbnailURL":"https://media.openchargemap.io/images/TN/OCM203502/OCM-203502.thmb.2022091810114658.jpg","Comment":"","IsEnabled":true,"IsVideo":false,"IsFeaturedItem":false,"IsExternalResource":false,"User":{"ID":19956,"Username":"khalilamar"},"DateCreated":"2022-09-18T10:12:00Z"},{"ID":33696,"ChargePointID":203502,"ItemURL":"https://media.openchargemap.io/images/TN/OCM203502/OCM-203502.orig.2022091810111934.jpg","ItemThumbnailURL":"https://media.openchargemap.io/images/TN/OCM203502/OCM-203502.thmb.2022091810111934.jpg","Comment":"","IsEnabled":true,"IsVideo":false,"IsFeaturedItem":false,"IsExternalResource":false,"User":{"ID":19956,"Username":"khalilamar"},"DateCreated":"2022-09-18T10:11:00Z"}]},{"ID":191372,"UUID":"3D800E59-F7FD-42C9-AC21-2B746A921E74","NumberOfPoints":2,"AddressInfo":{"ID":191731,"Title":"La Cigale Tabarka Hotel","AddressLine1":"Zone touristique El Morjene","Town":"Tabarka","StateOrProvince":"Jendouba","Postcode":"8110","CountryID":228,"Latitude":36.954322589774534,"Longitude":8.79228058463707,"ContactTelephone1":"+21670019000","DistanceUnit":0},"OperatorID":1,"DataProviderID":1,"UsageTypeID":6,"StatusTypeID":50,"Connections":[{"ID":310666,"ConnectionTypeID":1036,"StatusTypeID":50,"LevelID":2,"PowerKW":11,"CurrentTypeID":20,"Quantity":2}]},{"ID":189070,"UUID":"16954FAB-D516-4E9E-BC29-A3FF2A0CD986","NumberOfPoints":1,"UsageCost":"0","AddressInfo":{"ID":189429,"Title":"Mall of Sousse","AddressLine1":"Mall of Sousse ,4060, Kalâa Kebira, Tunisie","Town":"Akouda","StateOrProvince":"Sousse","Postcode":"4060","CountryID":228,"Latitude":35.9032998695984,"Longitude":10.544724586897246,"DistanceUnit":0},"OperatorID":3447,"DataProviderID":1,"UsageTypeID":1,"StatusTypeID":50,"Connections":[{"ID":305637,"ConnectionTypeID":1036,"StatusTypeID":50,"LevelID":2,"PowerKW":22,"Quantity":1}]},{"ID":189069,"UUID":"615DCB00-20EF-40CF-993D-2F0213113C5D","NumberOfPoints":1,"AddressInfo":{"ID":189428,"Title":"Total","AddressLine1":"Total","Town":"Sousse","StateOrProvince":"Sousse","Postcode":"4001","CountryID":228,"Latitude":35.84049320890155,"Longitude":10.622152316586835,"DistanceUnit":0},"OperatorID":3447,"DataProviderID":1,"UsageTypeID":1,"StatusTypeID":50,"Connections":[{"ID":305636,"ConnectionTypeID":1036,"StatusTypeID":50,"LevelID":2,"Amps":32,"Voltage":400,"PowerKW":22,"CurrentTypeID":20,"Quantity":2}],"UserComments":[{"ID":29129,"ChargePointID":189069,"CommentTypeID":10,"UserName":"R.Ahmed","Comment":"test65","Rating":2,"RelatedURL":"string","DateCreated":"2023-10-19T21:35:47.557Z","User":{"ID":45863,"Username":"R.Ahmed"},"CheckinStatusTypeID":10,"IsActionedByEditor":false},{"ID":29125,"ChargePointID":189069,"CommentTypeID":10,"UserName":"R.Ahmed","Comment":"Test64","Rating":5,"RelatedURL":"string","DateCreated":"2023-10-18T19:27:35.69Z","User":{"ID":45863,"Username":"R.Ahmed"},"CheckinStatusTypeID":10,"IsActionedByEditor":false},{"ID":29124,"ChargePointID":189069,"CommentTypeID":10,"UserName":"R.Ahmed","Comment":"test63","Rating":4,"RelatedURL":"string","DateCreated":"2023-10-18T19:07:42.567Z","User":{"ID":45863,"Username":"R.Ahmed"},"CheckinStatusTypeID":10,"IsActionedByEditor":false},{"ID":29123,"ChargePointID":189069,"CommentTypeID":10,"UserName":"R.Ahmed","Comment":"test62","Rating":2,"RelatedURL":"string","DateCreated":"2023-10-18T18:18:23.61Z","User":{"ID":45863,"Username":"R.Ahmed"},"CheckinStatusTypeID":22,"IsActionedByEditor":false},{"ID":29122,"ChargePointID":189069,"CommentTypeID":10,"UserName":"R.Ahmed","Comment":"Test61","Rating":2,"RelatedURL":"string","DateCreated":"2023-10-18T18:15:38.59Z","User":{"ID":45863,"Username":"R.Ahmed"},"CheckinStatusTypeID":22,"IsActionedByEditor":false},{"ID":29113,"ChargePointID":189069,"CommentTypeID":10,"UserName":"R.Ahmed","Comment":"Test51","Rating":5,"RelatedURL":"string","DateCreated":"2023-10-15T13:30:01.643Z","User":{"ID":45863,"Username":"R.Ahmed"},"CheckinStatusTypeID":10,"IsActionedByEditor":false},{"ID":29105,"ChargePointID":189069,"CommentTypeID":10,"UserName":"R.Ahmed","Comment":"test43\n","Rating":2,"RelatedURL":"string","DateCreated":"2023-10-12T18:47:42.91Z","User":{"ID":45863,"Username":"R.Ahmed"},"CheckinStatusTypeID":10,"IsActionedByEditor":false},{"ID":29104,"ChargePointID":189069,"CommentTypeID":10,"UserName":"R.Ahmed","Comment":"test41","Rating":5,"RelatedURL":"string","DateCreated":"2023-10-12T18:21:32.347Z","User":{"ID":45863,"Username":"R.Ahmed"},"CheckinStatusTypeID":10,"IsActionedByEditor":false},{"ID":29103,"ChargePointID":189069,"CommentTypeID":10,"UserName":"R.Ahmed","Comment":"test40","Rating":5,"RelatedURL":"string","DateCreated":"2023-10-12T18:17:25.383Z","User":{"ID":45863,"Username":"R.Ahmed"},"CheckinStatusTypeID":10,"IsActionedByEditor":false}],"MediaItems":[{"ID":39953,"ChargePointID":189069,"ItemURL":"https://media.openchargemap.io/images/TN/OCM189069/OCM-189069.orig.2023101921361960.jpg","ItemThumbnailURL":"https://media.openchargemap.io/images/TN/OCM189069/OCM-189069.thmb.2023101921361960.jpg","Comment":"test65","IsEnabled":true,"IsVideo":false,"IsFeaturedItem":false,"IsExternalResource":false,"User":{"ID":45863,"Username":"R.Ahmed"},"DateCreated":"2023-10-19T21:36:00Z"},{"ID":39944,"ChargePointID":189069,"ItemURL":"https://media.openchargemap.io/images/TN/OCM189069/OCM-189069.orig.2023101918002228.jpg","ItemThumbnailURL":"https://media.openchargemap.io/images/TN/OCM189069/OCM-189069.thmb.2023101918002228.jpg","Comment":"TEST70","IsEnabled":true,"IsVideo":false,"IsFeaturedItem":false,"IsExternalResource":false,"User":{"ID":45863,"Username":"R.Ahmed"},"DateCreated":"2023-10-19T18:00:00Z"},{"ID":39931,"ChargePointID":189069,"ItemURL":"https://media.openchargemap.io/images/TN/OCM189069/OCM-189069.orig.2023101820063027.jpg","ItemThumbnailURL":"https://media.openchargemap.io/images/TN/OCM189069/OCM-189069.thmb.2023101820063027.jpg","Comment":"photo64","IsEnabled":true,"IsVideo":false,"IsFeaturedItem":false,"IsExternalResource":false,"User":{"ID":45863,"Username":"R.Ahmed"},"DateCreated":"2023-10-18T20:07:00Z"},{"ID":39901,"ChargePointID":189069,"ItemURL":"https://media.openchargemap.io/images/TN/OCM189069/OCM-189069.orig.2023101513452348.jpg","ItemThumbnailURL":"https://media.openchargemap.io/images/TN/OCM189069/OCM-189069.thmb.2023101513452348.jpg","Comment":"photos2","IsEnabled":true,"IsVideo":false,"IsFeaturedItem":false,"IsExternalResource":false,"User":{"ID":45863,"Username":"R.Ahmed"},"DateCreated":"2023-10-15T13:45:00Z"}]},{"ID":175904,"UUID":"79D69F87-3579-4D20-8040-1D45315E48EE","NumberOfPoints":1,"UsageCost":"0","AddressInfo":{"ID":176263,"Title":"Route Nationale 1","AddressLine1":"Route Nationale 1","Town":"بوشمة","StateOrProvince":"Gabès","Postcode":"6031","CountryID":228,"Latitude":33.89577579000985,"Longitude":10.075005711477388,"DistanceUnit":0},"OperatorID":3447,"DataProviderID":1,"UsageTypeID":1,"StatusTypeID":50,"Connections":[{"ID":273182,"ConnectionTypeID":1036,"StatusTypeID":50,"LevelID":2,"Amps":32,"Voltage":400,"PowerKW":22,"CurrentTypeID":20,"Quantity":2}]},{"ID":175677,"UUID":"F89D4C40-27EC-49FD-BA5A-3B58D59E7E9E","NumberOfPoints":1,"AddressInfo":{"ID":176036,"Title":"الطريق الوطنية تونس - المرسى","AddressLine1":"الطريق الوطنية تونس - المرسى","Town":"العوينة","StateOrProvince":"Tunis","Postcode":"2045","CountryID":228,"Latitude":36.84922376026216,"Longitude":10.265912540199224,"DistanceUnit":0},"OperatorID":3447,"DataProviderID":1,"UsageTypeID":1,"StatusTypeID":50,"Connections":[{"ID":272777,"ConnectionTypeID":1036,"StatusTypeID":50,"LevelID":2,"Amps":32,"Voltage":230,"PowerKW":7,"CurrentTypeID":10,"Quantity":1}]},{"ID":175675,"UUID":"AB89BF5F-F5DC-489B-B16C-6191D3B3A0BE","NumberOfPoints":1,"UsageCost":"0","AddressInfo":{"ID":176034,"Title":"Aire de Service TotalEnergies Grombalia","AddressLine1":"Direction Sfax","Town":"Essabala","StateOrProvince":"Nabeul","CountryID":228,"Latitude":36.57973680890255,"Longitude":10.493031491372562,"DistanceUnit":0},"OperatorID":3447,"DataProviderID":1,"UsageTypeID":1,"StatusTypeID":50,"Connections":[{"ID":272775,"ConnectionTypeID":33,"StatusTypeID":50,"LevelID":3,"PowerKW":50,"CurrentTypeID":30,"Quantity":1},{"ID":774422,"ConnectionTypeID":2,"StatusTypeID":50,"LevelID":3,"PowerKW":50,"CurrentTypeID":30,"Quantity":1}]},{"ID":175673,"UUID":"6DD2B76E-2807-46CB-A237-F7C9EDED60A0","NumberOfPoints":2,"UsageCost":"0","AddressInfo":{"ID":176032,"Title":"Aire de Service Borjine","AddressLine1":"Direction Sfax","Town":"El Borjine","StateOrProvince":"Sousse","CountryID":228,"Latitude":35.568043061409355,"Longitude":10.612785025111123,"DistanceUnit":0},"OperatorID":3447,"DataProviderID":1,"UsageTypeID":1,"StatusTypeID":50,"Connections":[{"ID":272773,"ConnectionTypeID":1036,"StatusTypeID":50,"LevelID":2,"Amps":32,"Voltage":230,"PowerKW":22,"CurrentTypeID":20,"Quantity":2},{"ID":564392,"ConnectionTypeID":33,"Reference":"","StatusTypeID":50,"LevelID":3,"Amps":124,"Voltage":400,"PowerKW":50,"CurrentTypeID":30,"Quantity":1},{"ID":774845,"ConnectionTypeID":2,"StatusTypeID":50,"LevelID":3,"Amps":124,"Voltage":400,"PowerKW":50,"CurrentTypeID":30,"Quantity":1}],"MediaItems":[{"ID":29173,"ChargePointID":175673,"ItemURL":"https://media.openchargemap.io/images/TN/OCM175673/OCM-175673.orig.2021083120432717.jpg","ItemThumbnailURL":"https://media.openchargemap.io/images/TN/OCM175673/OCM-175673.thmb.2021083120432717.jpg","Comment":"","IsEnabled":true,"IsVideo":false,"IsFeaturedItem":false,"IsExternalResource":false,"User":{"ID":34311,"Username":"Sofien"},"DateCreated":"2021-08-31T20:44:00Z"},{"ID":29174,"ChargePointID":175673,"ItemURL":"https://media.openchargemap.io/images/TN/OCM175673/OCM-175673.orig.2021083120440398.jpg","ItemThumbnailURL":"https://media.openchargemap.io/images/TN/OCM175673/OCM-175673.thmb.2021083120440398.jpg","Comment":"","IsEnabled":true,"IsVideo":false,"IsFeaturedItem":false,"IsExternalResource":false,"User":{"ID":34311,"Username":"Sofien"},"DateCreated":"2021-08-31T20:44:00Z"}]},{"ID":175672,"UUID":"96E9E507-897F-4BC0-97E6-2F148AF5626A","NumberOfPoints":2,"UsageCost":"0","AddressInfo":{"ID":176031,"Title":"Aire de Service El Jem","AddressLine1":"Aire de Service El Jem","Town":"El Jem","StateOrProvince":"Mahdia","CountryID":228,"Latitude":35.25743210043021,"Longitude":10.652192124270755,"DistanceUnit":0},"OperatorID":3447,"DataProviderID":1,"UsageTypeID":1,"StatusTypeID":50,"Connections":[{"ID":272772,"ConnectionTypeID":1036,"StatusTypeID":50,"LevelID":2,"Amps":32,"Voltage":400,"PowerKW":22,"CurrentTypeID":20,"Quantity":1},{"ID":454793,"ConnectionTypeID":33,"Reference":"Total energies","StatusTypeID":50,"LevelID":3,"PowerKW":50,"CurrentTypeID":30,"Quantity":1},{"ID":774846,"ConnectionTypeID":2,"StatusTypeID":50,"LevelID":3,"Amps":124,"Voltage":400,"PowerKW":150,"CurrentTypeID":30,"Quantity":1}],"UserComments":[{"ID":30749,"ChargePointID":175672,"CommentTypeID":10,"UserName":"GM327","Comment":"","Rating":5,"DateCreated":"2025-08-15T15:58:25.717Z","User":{"ID":54843,"Username":"GM327"},"CheckinStatusTypeID":10,"IsActionedByEditor":false}]},{"ID":175670,"UUID":"672A784C-11EE-45FA-B5A6-2A8E6616B4F7","NumberOfPoints":1,"AddressInfo":{"ID":176029,"Title":"Route Nationale 1","AddressLine1":"Route Nationale 1","Town":"Sfax","StateOrProvince":"Sfax","Postcode":"3021","CountryID":228,"Latitude":34.83899603761557,"Longitude":10.764692355925376,"DistanceUnit":0},"OperatorID":3447,"DataProviderID":1,"UsageTypeID":1,"StatusTypeID":50,"Connections":[{"ID":272770,"ConnectionTypeID":1036,"StatusTypeID":50,"LevelID":2,"Amps":32,"Voltage":400,"PowerKW":22,"CurrentTypeID":20,"Quantity":2}]},{"ID":146628,"UUID":"31DB037C-23D2-4289-A058-C6DEBB3265D8","NumberOfPoints":1,"AddressInfo":{"ID":146980,"Title":"Mövenpick Hotel Sfax","AddressLine1":"Rue Khaled Ibn Al Walid","AddressLine2":"Sfax El Jadida","Town":"Sfax","StateOrProvince":"Bab El Bhar","Postcode":"3079","CountryID":228,"Latitude":34.730106652106244,"Longitude":10.75765409526366,"DistanceUnit":0},"OperatorID":45,"DataProviderID":1,"UsageTypeID":6,"StatusTypeID":50,"Connections":[{"ID":203879,"ConnectionTypeID":1036,"StatusTypeID":50,"LevelID":2,"Amps":32,"Voltage":400,"PowerKW":22,"CurrentTypeID":20,"Quantity":1}],"MediaItems":[{"ID":20936,"ChargePointID":146628,"ItemURL":"https://media.openchargemap.io/images/TN/OCM146628/OCM-146628.orig.2020011216474554.jpg","ItemThumbnailURL":"https://media.openchargemap.io/images/TN/OCM146628/OCM-146628.thmb.2020011216474554.jpg","Comment":"Tesla Wall Connector 22 kW","IsEnabled":true,"IsVideo":false,"IsFeaturedItem":false,"IsExternalResource":false,"User":{"ID":19956,"Username":"khalilamar"},"DateCreated":"2020-01-12T16:48:00Z"},{"ID":20933,"ChargePointID":146628,"ItemURL":"https://media.openchargemap.io/images/TN/OCM146628/OCM-146628.orig.2020011216463097.jpg","ItemThumbnailURL":"https://media.openchargemap.io/images/TN/OCM146628/OCM-146628.thmb.2020011216463097.jpg","Comment":"Tesla Wall Connector 22 kW","IsEnabled":true,"IsVideo":false,"IsFeaturedItem":false,"IsExternalResource":false,"User":{"ID":19956,"Username":"khalilamar"},"DateCreated":"2020-01-12T16:47:00Z"},{"ID":20934,"ChargePointID":146628,"ItemURL":"https://media.openchargemap.io/images/TN/OCM146628/OCM-146628.orig.2020011216465806.jpg","ItemThumbnailURL":"https://media.openchargemap.io/images/TN/OCM146628/OCM-146628.thmb.2020011216465806.jpg","Comment":"Tesla Wall Connector 22 kW","IsEnabled":true,"IsVideo":false,"IsFeaturedItem":false,"IsExternalResource":false,"User":{"ID":19956,"Username":"khalilamar"},"DateCreated":"2020-01-12T16:47:00Z"},{"ID":20935,"ChargePointID":146628,"ItemURL":"https://media.openchargemap.io/images/TN/OCM146628/OCM-146628.orig.2020011216471936.jpg","ItemThumbnailURL":"https://media.openchargemap.io/images/TN/OCM146628/OCM-146628.thmb.2020011216471936.jpg","Comment":"Tesla Wall Connector 22 kW","IsEnabled":true,"IsVideo":false,"IsFeaturedItem":false,"IsExternalResource":false,"User":{"ID":19956,"Username":"khalilamar"},"DateCreated":"2020-01-12T16:47:00Z"}]},{"ID":146627,"UUID":"0FE989DD-A538-4181-A02B-BB317F7BBF58","NumberOfPoints":1,"AddressInfo":{"ID":146979,"Title":"Mövenpick Resort & Marine Spa Sousse","AddressLine1":"Boulevard du 14 Janvier 2011","AddressLine2":"Cité Riadh","Town":"Sousse","StateOrProvince":"Boujaafar","Postcode":"4001","CountryID":228,"Latitude":35.84295963608389,"Longitude":10.627171499128508,"DistanceUnit":0},"OperatorID":45,"DataProviderID":1,"UsageTypeID":6,"StatusTypeID":50,"Connections":[{"ID":203878,"ConnectionTypeID":1036,"StatusTypeID":50,"LevelID":2,"Amps":32,"Voltage":400,"PowerKW":22,"CurrentTypeID":20,"Quantity":1}],"MediaItems":[{"ID":20932,"ChargePointID":146627,"ItemURL":"https://media.openchargemap.io/images/TN/OCM146627/OCM-146627.orig.2020011216343355.jpg","ItemThumbnailURL":"https://media.openchargemap.io/images/TN/OCM146627/OCM-146627.thmb.2020011216343355.jpg","Comment":"Tesla Wall Connector 22 kW","IsEnabled":true,"IsVideo":false,"IsFeaturedItem":false,"IsExternalResource":false,"User":{"ID":19956,"Username":"khalilamar"},"DateCreated":"2020-01-12T16:35:00Z"},{"ID":20930,"ChargePointID":146627,"ItemURL":"https://media.openchargemap.io/images/TN/OCM146627/OCM-146627.orig.2020011216333723.jpg","ItemThumbnailURL":"https://media.openchargemap.io/images/TN/OCM146627/OCM-146627.thmb.2020011216333723.jpg","Comment":"Tesla Wall Connector 22 kW","IsEnabled":true,"IsVideo":false,"IsFeaturedItem":false,"IsExternalResource":false,"User":{"ID":19956,"Username":"khalilamar"},"DateCreated":"2020-01-12T16:34:00Z"},{"ID":20931,"ChargePointID":146627,"ItemURL":"https://media.openchargemap.io/images/TN/OCM146627/OCM-146627.orig.2020011216340020.jpg","ItemThumbnailURL":"https://media.openchargemap.io/images/TN/OCM146627/OCM-146627.thmb.2020011216340020.jpg","Comment":"Tesla Wall Connector 22 kW","IsEnabled":true,"IsVideo":false,"IsFeaturedItem":false,"IsExternalResource":false,"User":{"ID":19956,"Username":"khalilamar"},"DateCreated":"2020-01-12T16:34:00Z"},{"ID":20927,"ChargePointID":146627,"ItemURL":"https://media.openchargemap.io/images/TN/OCM146627/OCM-146627.orig.2020011216323284.jpg","ItemThumbnailURL":"https://media.openchargemap.io/images/TN/OCM146627/OCM-146627.thmb.2020011216323284.jpg","Comment":"Tesla Wall Connector 22 kW","IsEnabled":true,"IsVideo":false,"IsFeaturedItem":false,"IsExternalResource":false,"User":{"ID":19956,"Username":"khalilamar"},"DateCreated":"2020-01-12T16:33:00Z"},{"ID":20928,"ChargePointID":146627,"ItemURL":"https://media.openchargemap.io/images/TN/OCM146627/OCM-146627.orig.2020011216325311.jpg","ItemThumbnailURL":"https://media.openchargemap.io/images/TN/OCM146627/OCM-146627.thmb.2020011216325311.jpg","Comment":"Tesla Wall Connector 22 kW","IsEnabled":true,"IsVideo":false,"IsFeaturedItem":false,"IsExternalResource":false,"User":{"ID":19956,"Username":"khalilamar"},"DateCreated":"2020-01-12T16:33:00Z"},{"ID":20929,"ChargePointID":146627,"ItemURL":"https://media.openchargemap.io/images/TN/OCM146627/OCM-146627.orig.2020011216331969.jpg","ItemThumbnailURL":"https://media.openchargemap.io/images/TN/OCM146627/OCM-146627.thmb.2020011216331969.jpg","Comment":"Tesla Wall Connector 22 kW","IsEnabled":true,"IsVideo":false,"IsFeaturedItem":false,"IsExternalResource":false,"User":{"ID":19956,"Username":"khalilamar"},"DateCreated":"2020-01-12T16:33:00Z"}]},{"ID":146626,"UUID":"78AC5DFC-DA18-4536-9FDF-A08129868295","NumberOfPoints":3,"AddressInfo":{"ID":146978,"Title":"Mövenpick Hotel Du Lac Tunis","AddressLine1":"Rue du Lac Huron","AddressLine2":"Les Berges du Lac","Town":"Tunis","StateOrProvince":"El Bouhaira","Postcode":"1053","CountryID":228,"Latitude":36.835465815665515,"Longitude":10.248846620979407,"DistanceUnit":0},"OperatorID":45,"DataProviderID":1,"UsageTypeID":6,"StatusTypeID":50,"Connections":[{"ID":203876,"ConnectionTypeID":1036,"StatusTypeID":50,"LevelID":2,"Amps":32,"Voltage":230,"PowerKW":11,"CurrentTypeID":10,"Quantity":1},{"ID":203877,"ConnectionTypeID":1036,"StatusTypeID":50,"LevelID":2,"Amps":32,"Voltage":400,"PowerKW":22,"CurrentTypeID":20,"Quantity":2}],"MediaItems":[{"ID":20925,"ChargePointID":146626,"ItemURL":"https://media.openchargemap.io/images/TN/OCM146626/OCM-146626.orig.2020011216154933.jpg","ItemThumbnailURL":"https://media.openchargemap.io/images/TN/OCM146626/OCM-146626.thmb.2020011216154933.jpg","Comment":"Tesla Wall Connector 22 kW","IsEnabled":true,"IsVideo":false,"IsFeaturedItem":false,"IsExternalResource":false,"User":{"ID":19956,"Username":"khalilamar"},"DateCreated":"2020-01-12T16:16:00Z"},{"ID":20926,"ChargePointID":146626,"ItemURL":"https://media.openchargemap.io/images/TN/OCM146626/OCM-146626.orig.2020011216160390.jpg","ItemThumbnailURL":"https://media.openchargemap.io/images/TN/OCM146626/OCM-146626.thmb.2020011216160390.jpg","Comment":"Tesla Wall Connector 22 kW","IsEnabled":true,"IsVideo":false,"IsFeaturedItem":false,"IsExternalResource":false,"User":{"ID":19956,"Username":"khalilamar"},"DateCreated":"2020-01-12T16:16:00Z"},{"ID":20924,"ChargePointID":146626,"ItemURL":"https://media.openchargemap.io/images/TN/OCM146626/OCM-146626.orig.2020011216152070.jpg","ItemThumbnailURL":"https://media.openchargemap.io/images/TN/OCM146626/OCM-146626.thmb.2020011216152070.jpg","Comment":"Porsche Wall Connector 11 kW","IsEnabled":true,"IsVideo":false,"IsFeaturedItem":false,"IsExternalResource":false,"User":{"ID":19956,"Username":"khalilamar"},"DateCreated":"2020-01-12T16:15:00Z"}]}]