[{"ID":314009,"UUID":"9C3A1254-CD5F-476C-9627-166BCDB186EC","NumberOfPoints":1,"AddressInfo":{"ID":314398,"Title":" Porsche Destination Charging – Muharraq","AddressLine1":"Al Fanar Ave, Muharraq","AddressLine2":" 2 (AC), 22 kW","CountryID":22,"Latitude":26.23170403354665,"Longitude":50.556707998725734,"DistanceUnit":0},"OperatorID":1,"DataProviderID":1,"UsageTypeID":4,"StatusTypeID":50,"Connections":[{"ID":604661,"ConnectionTypeID":0,"StatusTypeID":50,"LevelID":2,"PowerKW":22,"CurrentTypeID":10,"Quantity":3}]}]