[{"ID":305799,"UUID":"FA47E8F3-1ECE-40B0-BF7C-D3C3D28FC98E","NumberOfPoints":2,"UsageCost":"1600r/kWh","AddressInfo":{"ID":306188,"Title":"Good Time Relax Resort EV","AddressLine1":"Phum Kampong Krong Khum Kampong Kraeng","Town":"Tuek Chhu","StateOrProvince":"Kampot","Postcode":"13107","CountryID":42,"Latitude":10.647281520592443,"Longitude":104.17994341265722,"ContactTelephone1":"087313535","DistanceUnit":0},"OperatorID":1,"DataProviderID":1,"UsageTypeID":5,"StatusTypeID":50,"Connections":[{"ID":578706,"ConnectionTypeID":1040,"StatusTypeID":50,"LevelID":3,"PowerKW":60,"CurrentTypeID":30,"Quantity":2}]},{"ID":305033,"UUID":"436508AB-3CBD-4A45-A2C0-8EE46CEBC543","NumberOfPoints":1,"AddressInfo":{"ID":305422,"Title":"Total Kompong Seila","AddressLine1":"Kompong Seila","Town":"Kompong Seila","CountryID":42,"Latitude":11.107139302598881,"Longitude":103.96685264039172,"DistanceUnit":0},"OperatorID":1,"DataProviderID":1,"UsageTypeID":1,"StatusTypeID":50,"Connections":[{"ID":577329,"ConnectionTypeID":1040,"StatusTypeID":50,"LevelID":3,"PowerKW":120,"CurrentTypeID":30,"Quantity":1},{"ID":577330,"ConnectionTypeID":33,"StatusTypeID":50,"Quantity":1}]},{"ID":303019,"UUID":"4C6C0BEC-5F56-4305-AD42-F3FBBA44FF61","NumberOfPoints":1,"UsageCost":"1500r/kWh","AddressInfo":{"ID":303406,"Title":"Zara Coffee Battambang","AddressLine1":"NR5","StateOrProvince":"ខេត្តបាត់ដំបង","Postcode":"021402","CountryID":42,"Latitude":13.09237534726951,"Longitude":103.20863729402839,"DistanceUnit":0},"OperatorID":1,"DataProviderID":1,"UsageTypeID":5,"StatusTypeID":50,"Connections":[{"ID":569753,"ConnectionTypeID":1040,"StatusTypeID":50,"LevelID":3,"PowerKW":60,"CurrentTypeID":30,"Quantity":1},{"ID":569754,"ConnectionTypeID":33,"StatusTypeID":50,"LevelID":3,"PowerKW":60,"CurrentTypeID":30,"Quantity":1}]},{"ID":300707,"UUID":"AECCC147-39FE-4DC6-927A-4478DBA45A2E","NumberOfPoints":1,"UsageCost":"1500r/kwh","AddressInfo":{"ID":301094,"Title":"EV Charging Station(Barista Coffee Toul Tompong)","AddressLine1":"Barista Coffee Toul TomPong","AddressLine2":"","StateOrProvince":"Phnom Penh","CountryID":42,"Latitude":11.545580004843982,"Longitude":104.9162099168849,"DistanceUnit":0},"OperatorID":1,"DataProviderID":1,"UsageTypeID":5,"StatusTypeID":50,"Connections":[{"ID":559815,"ConnectionTypeID":1040,"StatusTypeID":50,"LevelID":3,"PowerKW":30,"CurrentTypeID":30,"Quantity":1}]},{"ID":300706,"UUID":"1A931B63-58BD-4EFA-AFBE-78F9F25A50FF","NumberOfPoints":2,"UsageCost":"1600r/kWh","AddressInfo":{"ID":301093,"Title":"EV Charging Station(Asia Supermarket Chbar Ampov)","AddressLine1":"Asia Supermarket","StateOrProvince":"Phnom Penh","CountryID":42,"Latitude":11.532500524481415,"Longitude":104.95272119585468,"DistanceUnit":0},"OperatorID":1,"DataProviderID":1,"UsageTypeID":5,"StatusTypeID":50,"Connections":[{"ID":559813,"ConnectionTypeID":1040,"StatusTypeID":50,"LevelID":3,"PowerKW":60,"CurrentTypeID":30,"Quantity":1},{"ID":559814,"ConnectionTypeID":33,"StatusTypeID":50,"LevelID":3,"PowerKW":60,"CurrentTypeID":30,"Quantity":1}]},{"ID":300705,"UUID":"C5837E6D-72FD-47DE-9D17-840CC27711C4","NumberOfPoints":2,"UsageCost":"1600r/kWh","AddressInfo":{"ID":301092,"Title":"EZ Station Pluz(PTT Prek Pnov)","AddressLine1":"PTT Gas Station | Prek Pnov","StateOrProvince":"Phnom Penh","CountryID":42,"Latitude":11.679670417794588,"Longitude":104.85049619074572,"DistanceUnit":0},"OperatorID":1,"DataProviderID":1,"UsageTypeID":5,"StatusTypeID":50,"Connections":[{"ID":559811,"ConnectionTypeID":1040,"StatusTypeID":50,"LevelID":3,"PowerKW":120,"CurrentTypeID":30,"Quantity":1},{"ID":559812,"ConnectionTypeID":33,"StatusTypeID":50,"LevelID":3,"PowerKW":120,"CurrentTypeID":30,"Quantity":1}]},{"ID":300704,"UUID":"D6BC706D-360C-4BEC-A2AB-682A7B6CE5F9","NumberOfPoints":2,"UsageCost":"1600r/kWh","AddressInfo":{"ID":301091,"Title":"EZ STATION PLUZ(PTT Prey Kei)","AddressLine1":"PTT Gas Station Prey Kei","StateOrProvince":"Phnom Penh","CountryID":42,"Latitude":11.487824570899381,"Longitude":104.8162378035292,"DistanceUnit":0},"OperatorID":1,"DataProviderID":1,"UsageTypeID":5,"StatusTypeID":50,"Connections":[{"ID":559809,"ConnectionTypeID":1040,"StatusTypeID":50,"LevelID":3,"PowerKW":120,"CurrentTypeID":30,"Quantity":1},{"ID":559810,"ConnectionTypeID":33,"StatusTypeID":50,"LevelID":3,"PowerKW":120,"CurrentTypeID":30,"Quantity":1}]},{"ID":300703,"UUID":"119D996F-DAB1-421D-BD5C-C9A495052643","NumberOfPoints":2,"UsageCost":"1500r/kWh","AddressInfo":{"ID":301090,"Title":"EZ STATION PLUZ(PTT Phnom Penh Tmey) ","AddressLine1":"PTT Gas Station Phnom Penh Tmey","StateOrProvince":"Phnom Penh","CountryID":42,"Latitude":11.57444013827607,"Longitude":104.8857254006802,"DistanceUnit":0},"OperatorID":1,"DataProviderID":1,"UsageTypeID":5,"StatusTypeID":50,"Connections":[{"ID":559807,"ConnectionTypeID":1040,"StatusTypeID":50,"LevelID":3,"PowerKW":120,"CurrentTypeID":30,"Quantity":1},{"ID":559808,"ConnectionTypeID":33,"StatusTypeID":50,"LevelID":3,"PowerKW":120,"CurrentTypeID":30,"Quantity":1}]},{"ID":300702,"UUID":"31A4A2BE-821F-496E-B7E1-1DEB1C41341B","NumberOfPoints":2,"UsageCost":"1500r/kWh","AddressInfo":{"ID":301089,"Title":"EZ Station Pluz(PTT Chbar Ampov)","AddressLine1":"PTT Gas Station Chbar Ampov","StateOrProvince":"Phnom Penh","CountryID":42,"Latitude":11.532712,"Longitude":104.953757,"DistanceUnit":0},"OperatorID":1,"DataProviderID":1,"UsageTypeID":5,"StatusTypeID":50,"Connections":[{"ID":559805,"ConnectionTypeID":1040,"StatusTypeID":50,"LevelID":3,"PowerKW":120,"CurrentTypeID":30,"Quantity":1},{"ID":559806,"ConnectionTypeID":33,"StatusTypeID":50,"LevelID":3,"PowerKW":120,"CurrentTypeID":30,"Quantity":1}]},{"ID":300701,"UUID":"A60B7962-2D39-4E83-A3A8-0A51691071A8","NumberOfPoints":2,"UsageCost":"1500r/kwh","AddressInfo":{"ID":301088,"Title":"EV Energy Station(AIQAR Sensok)","AddressLine1":"Makro Sen Sok","StateOrProvince":"Phnom Penh","CountryID":42,"Latitude":11.590308,"Longitude":104.881768,"DistanceUnit":0},"OperatorID":1,"DataProviderID":1,"UsageTypeID":5,"StatusTypeID":50,"Connections":[{"ID":559804,"ConnectionTypeID":1040,"StatusTypeID":50,"LevelID":3,"PowerKW":60,"CurrentTypeID":30,"Quantity":2}]},{"ID":300700,"UUID":"96F82695-A4E4-45D9-8A59-3E9C19D4FD4E","NumberOfPoints":2,"UsageCost":"1500r/kwh","AddressInfo":{"ID":301087,"Title":"EV Engery Station ( Prek Leap 6A)","AddressLine1":"Phnom Penh","StateOrProvince":"Phnom Penh","CountryID":42,"Latitude":11.645641,"Longitude":104.916444,"DistanceUnit":0},"OperatorID":1,"DataProviderID":1,"UsageTypeID":5,"StatusTypeID":50,"Connections":[{"ID":559803,"ConnectionTypeID":1040,"StatusTypeID":50,"LevelID":3,"PowerKW":60,"CurrentTypeID":30,"Quantity":2}]},{"ID":300699,"UUID":"9A23DC8E-1927-4B92-A720-9C4FE21CAA0E","NumberOfPoints":2,"UsageCost":"1500r/kwh","AddressInfo":{"ID":301086,"Title":"EV Energy Station(Boeng Keng Kang)","AddressLine1":"Phnom Penh","StateOrProvince":"Phnom Penh","CountryID":42,"Latitude":11.551918,"Longitude":104.923515,"DistanceUnit":0},"OperatorID":1,"DataProviderID":1,"UsageTypeID":5,"StatusTypeID":50,"Connections":[{"ID":559802,"ConnectionTypeID":1040,"StatusTypeID":50,"LevelID":3,"PowerKW":60,"CurrentTypeID":30,"Quantity":2}]},{"ID":300698,"UUID":"56F4A0C4-BC56-4032-A6EA-CA3C5820395D","NumberOfPoints":2,"UsageCost":"1500r/kwh","AddressInfo":{"ID":301085,"Title":"EV Energy Station( ZARA Coffee Pursat)","AddressLine1":"Krong Pursat","StateOrProvince":"Pursat","CountryID":42,"Latitude":12.533393,"Longitude":103.918018,"DistanceUnit":0},"OperatorID":1,"DataProviderID":1,"UsageTypeID":5,"StatusTypeID":50,"Connections":[{"ID":559801,"ConnectionTypeID":1040,"StatusTypeID":50,"LevelID":3,"PowerKW":60,"CurrentTypeID":30,"Quantity":2}]},{"ID":300687,"UUID":"0D824549-6D2B-4381-AC36-17E3522EA561","NumberOfPoints":1,"UsageCost":"1500រៀល","AddressInfo":{"ID":301074,"Title":"Kompong Thom","AddressLine1":"Kompong Thom","AddressLine2":"Kompong Thom","Town":"Kompong Thom ","StateOrProvince":"kompong thom ","CountryID":42,"Latitude":12.731205744404065,"Longitude":104.89407399661332,"DistanceUnit":0},"OperatorID":1,"DataProviderID":1,"UsageTypeID":1,"StatusTypeID":50,"Connections":[{"ID":559782,"ConnectionTypeID":1040,"StatusTypeID":50,"LevelID":3,"PowerKW":60,"CurrentTypeID":30,"Quantity":1}]},{"ID":300381,"UUID":"513D9C42-261C-4F18-9E26-EB44397E9038","NumberOfPoints":2,"UsageCost":"1500r/kwh","AddressInfo":{"ID":300768,"Title":"EV Energy Kompong Cham(2002 Cafe)","AddressLine1":"Kompong Cham","Town":"Kompong Cham","StateOrProvince":"Kompong Cham","CountryID":42,"Latitude":11.992523,"Longitude":105.45192,"DistanceUnit":0},"OperatorID":1,"DataProviderID":1,"UsageTypeID":5,"StatusTypeID":50,"Connections":[{"ID":559327,"ConnectionTypeID":1040,"StatusTypeID":50,"LevelID":3,"PowerKW":60,"CurrentTypeID":30,"Quantity":2}]},{"ID":300380,"UUID":"11AD7716-338B-401B-98A5-D5CCC3435672","NumberOfPoints":2,"UsageCost":"1400r/kWh","AddressInfo":{"ID":300767,"Title":"Skun CE Charging Station","AddressLine1":"Skun","Town":"Kompong Cham","StateOrProvince":"Kompong Cham","CountryID":42,"Latitude":12.0484444,"Longitude":105.0276389,"DistanceUnit":0},"OperatorID":1,"DataProviderID":1,"UsageTypeID":5,"StatusTypeID":50,"Connections":[{"ID":559326,"ConnectionTypeID":1040,"StatusTypeID":50,"LevelID":3,"PowerKW":60,"CurrentTypeID":30,"Quantity":1},{"ID":559373,"ConnectionTypeID":33,"StatusTypeID":50,"LevelID":3,"PowerKW":60,"CurrentTypeID":30,"Quantity":1}]},{"ID":168017,"UUID":"DD616D24-4B99-46A9-88BA-8BC897EA903A","NumberOfPoints":1,"AddressInfo":{"ID":168376,"Title":"Levdeo Charging Station ","AddressLine1":"Street 334","Town":"Sangkat Boeng Keng Kang Ti Muoy","StateOrProvince":"Phnom Penh","Postcode":"120102","CountryID":42,"Latitude":11.550318156651002,"Longitude":104.92686248942982,"DistanceUnit":0},"OperatorID":1,"DataProviderID":1,"UsageTypeID":4,"StatusTypeID":50,"Connections":[{"ID":255080,"ConnectionTypeID":0,"StatusTypeID":50,"Quantity":1}]},{"ID":168016,"UUID":"7038C41B-4553-4F6B-BFD1-D5F68F4BB216","NumberOfPoints":1,"AddressInfo":{"ID":168375,"Title":"Pasteur (Street 51)","AddressLine1":"No 53, Pasteur Street, Boeung Keng Kang I Phnom Penh, Cambodia","Town":"Khan Boeng Keng Kang","StateOrProvince":"","CountryID":42,"Latitude":11.550353845233673,"Longitude":104.9272300819531,"ContactTelephone1":"099 22 66 05","RelatedURL":"http://www.levdeocambodia.com ","DistanceUnit":0},"OperatorID":1,"DataProviderID":1,"UsageTypeID":3,"StatusTypeID":50,"Connections":[{"ID":255904,"ConnectionTypeID":0,"StatusTypeID":50,"PowerKW":0,"CurrentTypeID":10,"Quantity":1}]},{"ID":167993,"UUID":"A8862092-5BD0-482B-9932-67765513E9AB","NumberOfPoints":1,"AddressInfo":{"ID":168352,"Title":"Sivatha Boulevard","AddressLine1":"","Town":"","StateOrProvince":"Siem Reap","Postcode":"12402","CountryID":42,"Latitude":13.362278029941194,"Longitude":103.85560890065676,"ContactTelephone1":"099226605","RelatedURL":"http://www.levdeocambodia.com ","DistanceUnit":0},"OperatorID":1,"DataProviderID":1,"UsageTypeID":6,"StatusTypeID":50,"Connections":[{"ID":255903,"ConnectionTypeID":0,"StatusTypeID":50,"PowerKW":0,"CurrentTypeID":10,"Quantity":1}],"MediaItems":[{"ID":24786,"ChargePointID":167993,"ItemURL":"https://media.openchargemap.io/images/KH/OCM167993/OCM-167993.orig.2020092607222555.jpg","ItemThumbnailURL":"https://media.openchargemap.io/images/KH/OCM167993/OCM-167993.thmb.2020092607222555.jpg","Comment":"","IsEnabled":true,"IsVideo":false,"IsFeaturedItem":false,"IsExternalResource":false,"User":{"ID":25309,"Username":"Levdeo Cambodia"},"DateCreated":"2020-09-26T07:22:00Z"}]},{"ID":155353,"UUID":"8543EF7F-6CAD-4939-8DAE-DABAF33F532D","NumberOfPoints":2,"AddressInfo":{"ID":155707,"Title":"Car4you Co., Ltd Chroy Changva","AddressLine1":"#276H National Road 6A","Town":"Phnom Penh","StateOrProvince":"Chroy Changva","CountryID":42,"Latitude":11.617674785985471,"Longitude":104.92629703821387,"ContactTelephone1":"+855 99 226 605","ContactTelephone2":"+855 99 555 199","ContactEmail":"Levdeo_Manager@car4you.com.kh","RelatedURL":"https://levdeocambodia.com","DistanceUnit":0},"OperatorID":1,"DataProviderID":1,"UsageTypeID":6,"StatusTypeID":50,"Connections":[{"ID":218724,"ConnectionTypeID":0,"StatusTypeID":50,"LevelID":2,"Amps":16,"Voltage":220,"PowerKW":3.5,"CurrentTypeID":10,"Quantity":2}]},{"ID":149667,"UUID":"AF0C11C5-9BD1-4B07-BBA3-43CAD8AC8531","NumberOfPoints":2,"AddressInfo":{"ID":150020,"Title":"Car4you Co., Ltd","AddressLine1":"#320 Russian Federation Blvd.","Town":"Phnom Penh","CountryID":42,"Latitude":11.56372368644817,"Longitude":104.86453761185157,"ContactTelephone1":"+855 99 555 199","ContactTelephone2":"+855 99 226 605","DistanceUnit":0},"OperatorID":1,"DataProviderID":1,"UsageTypeID":6,"StatusTypeID":50,"Connections":[{"ID":207798,"ConnectionTypeID":0,"StatusTypeID":50,"LevelID":2,"PowerKW":7,"CurrentTypeID":10,"Quantity":1},{"ID":207799,"ConnectionTypeID":0,"StatusTypeID":50,"Voltage":220,"Quantity":1},{"ID":207800,"ConnectionTypeID":0,"StatusTypeID":50,"Quantity":2}],"MediaItems":[{"ID":24785,"ChargePointID":149667,"ItemURL":"https://media.openchargemap.io/images/KH/OCM149667/OCM-149667.orig.2020092607184218.jpg","ItemThumbnailURL":"https://media.openchargemap.io/images/KH/OCM149667/OCM-149667.thmb.2020092607184218.jpg","Comment":"","IsEnabled":true,"IsVideo":false,"IsFeaturedItem":false,"IsExternalResource":false,"User":{"ID":25309,"Username":"Levdeo Cambodia"},"DateCreated":"2020-09-26T07:19:00Z"}]},{"ID":128909,"UUID":"10117CEA-015D-4ED4-BC32-2812C169E6B5","NumberOfPoints":1,"AddressInfo":{"ID":129255,"Title":"Oknha Mong Reththy (Street 1928)","AddressLine1":"Oknha Mong Reththy (Street 1928)","AddressLine2":"Khan Sen Sok","Town":"Phnom Penh","StateOrProvince":"Phnom Penh","Postcode":"12101","CountryID":42,"Latitude":11.5899631,"Longitude":104.8762925,"ContactTelephone1":"086721358","ContactTelephone2":"085333259","ContactEmail":"electricmotorsclubkh@gmail.com","AccessComments":"Electric Charge Station","DistanceUnit":0},"OperatorID":45,"DataProviderID":1,"UsageTypeID":1,"StatusTypeID":150,"Connections":[{"ID":180438,"ConnectionTypeID":0,"StatusTypeID":150,"LevelID":2,"Amps":32,"Voltage":220,"PowerKW":7,"CurrentTypeID":10,"Quantity":1}]}]