[{"ID":267548,"UUID":"4625BF51-029E-41D0-90CF-C8E9DA5D3BEF","NumberOfPoints":1,"UsageCost":"0.40€/kWh","AddressInfo":{"ID":267932,"Title":"Hotel Triumf Shengjin","AddressLine1":"Rruga Fran Ivanaj","Town":"Shëngjin","StateOrProvince":"Shqipëria Veriore","Postcode":"4503","CountryID":7,"Latitude":41.802468247154984,"Longitude":19.603394728579474,"ContactTelephone1":"+355696055552","DistanceUnit":0},"OperatorID":1,"DataProviderID":1,"UsageTypeID":6,"StatusTypeID":50,"Connections":[{"ID":455885,"ConnectionTypeID":25,"StatusTypeID":50,"LevelID":1,"Amps":32,"Voltage":1,"PowerKW":22,"CurrentTypeID":20,"Quantity":1,"Comments":"Type 2 charger"}]},{"ID":134839,"UUID":"F8109791-FBF3-41D8-A7AA-51D1AB92708F","NumberOfPoints":1,"AddressInfo":{"ID":135185,"Title":"Unaza e Re","AddressLine1":"Unaza e Re","AddressLine2":"Njësia Bashkiake Nr. 5","Town":"Tirana","StateOrProvince":"Tirana Municipally","Postcode":"1001-1028","CountryID":7,"Latitude":41.31695013758707,"Longitude":19.7968595329653,"DistanceUnit":0},"OperatorID":1,"DataProviderID":1,"UsageTypeID":6,"StatusTypeID":50,"Connections":[]},{"ID":83990,"UUID":"B8D33E0B-0E79-4FAD-B78D-C15E8C12A8D6","NumberOfPoints":1,"AddressInfo":{"ID":84336,"Title":"Rruga Industriale","AddressLine1":"Rruga Industriale","Town":"Kashar","StateOrProvince":"Tirana","Postcode":"5009","CountryID":7,"Latitude":41.3447822032078,"Longitude":19.7741445048935,"ContactTelephone1":"+355 695711127","ContactTelephone2":"+355 672033591","ContactEmail":"contact@autoyou.eu","DistanceUnit":0},"OperatorID":45,"DataProviderID":1,"UsageTypeID":6,"StatusTypeID":50,"Connections":[{"ID":119371,"ConnectionTypeID":2,"StatusTypeID":50,"LevelID":2,"PowerKW":25,"CurrentTypeID":20,"Quantity":1}]},{"ID":18285,"UUID":"EB0614A7-8C0A-4789-83E8-C29F22E74153","NumberOfPoints":1,"UsageCost":"Free","AddressInfo":{"ID":18630,"Title":"Rruga tom kola","Town":"Tirana","StateOrProvince":"Albania","CountryID":7,"Latitude":41.33165,"Longitude":19.8317999999999,"DistanceUnit":0},"OperatorID":1,"DataProviderID":1,"UsageTypeID":0,"StatusTypeID":50,"Connections":[]}]