[{"ID":20746,"UUID":"436CB0AE-B75F-4D56-813F-E3B4DF13DAF5","NumberOfPoints":1,"AddressInfo":{"ID":21091,"Title":"L.G. Smith Blvd 112","AddressLine1":"L.G. Smith Blvd 112","Town":"Oranjestad","StateOrProvince":"","Postcode":"","CountryID":17,"Latitude":12.52401,"Longitude":-70.04344,"ContactTelephone1":"(297) 524-4444","RelatedURL":"http://carstations.com/38111","DistanceUnit":0},"OperatorID":42,"DataProviderID":15,"UsageTypeID":1,"StatusTypeID":0,"Connections":[{"ID":22565,"ConnectionTypeID":1,"Reference":"J1772","LevelID":2}]}]