[{"ID":303037,"UUID":"7421B6AF-F03A-4350-8DC3-D13FA69E40FA","NumberOfPoints":5,"AddressInfo":{"ID":303424,"Title":"Tesla Supercharger Kaohsiung - Luzhu","AddressLine1":"No. 315 Fuxing Rd.","Town":"Kaohsiung","Postcode":"821","CountryID":219,"Latitude":22.848028,"Longitude":120.273829,"DistanceUnit":0},"OperatorID":23,"DataProviderID":1,"UsageTypeID":4,"StatusTypeID":50,"Connections":[{"ID":569782,"ConnectionTypeID":33,"StatusTypeID":50,"LevelID":3,"PowerKW":250,"CurrentTypeID":30,"Quantity":3},{"ID":569783,"ConnectionTypeID":33,"StatusTypeID":50,"LevelID":3,"PowerKW":115,"CurrentTypeID":30,"Quantity":2}]},{"ID":303036,"UUID":"27BE3BCC-3875-4C2B-8FD4-B25D3381BEC5","NumberOfPoints":8,"AddressInfo":{"ID":303423,"Title":"Tesla Supercharger Taichung - Park Lane by CMP","AddressLine1":"68 Gongyi Rd, West District","Town":"Taichung","Postcode":"40360","CountryID":219,"Latitude":24.15162,"Longitude":120.664184,"DistanceUnit":0},"OperatorID":23,"DataProviderID":1,"UsageTypeID":4,"StatusTypeID":50,"Connections":[{"ID":569780,"ConnectionTypeID":33,"StatusTypeID":50,"LevelID":3,"PowerKW":115,"CurrentTypeID":30,"Quantity":4},{"ID":569781,"ConnectionTypeID":33,"StatusTypeID":50,"LevelID":3,"PowerKW":72,"CurrentTypeID":30,"Quantity":4}]},{"ID":303035,"UUID":"D43EF3B8-FDC3-41D5-B256-53BB478893E1","NumberOfPoints":5,"AddressInfo":{"ID":303422,"Title":"Tesla Supercharger Taichung - Fuxing AMart","AddressLine1":"No. 359 Section 1, Fuxing Road","Town":"Taichung","Postcode":"402","CountryID":219,"Latitude":24.1152834,"Longitude":120.6541725,"DistanceUnit":0},"OperatorID":23,"DataProviderID":1,"UsageTypeID":4,"StatusTypeID":50,"Connections":[{"ID":569778,"ConnectionTypeID":33,"StatusTypeID":50,"LevelID":3,"PowerKW":250,"CurrentTypeID":30,"Quantity":3},{"ID":569779,"ConnectionTypeID":33,"StatusTypeID":50,"LevelID":3,"PowerKW":115,"CurrentTypeID":30,"Quantity":2}]},{"ID":303034,"UUID":"CC603C69-FE0D-43F9-8252-25C84216C7E7","NumberOfPoints":5,"AddressInfo":{"ID":303421,"Title":"Tesla Supercharger Hsinchu - Zhubei Jiafeng South","AddressLine1":"No. 220 Section 2, Jiafeng South Road","Town":"Zhubei City","Postcode":"302053","CountryID":219,"Latitude":24.8044454,"Longitude":121.0300812,"DistanceUnit":0},"OperatorID":23,"DataProviderID":1,"UsageTypeID":4,"StatusTypeID":50,"Connections":[{"ID":569776,"ConnectionTypeID":33,"StatusTypeID":50,"LevelID":3,"PowerKW":250,"CurrentTypeID":30,"Quantity":3},{"ID":569777,"ConnectionTypeID":33,"StatusTypeID":50,"LevelID":3,"PowerKW":115,"CurrentTypeID":30,"Quantity":2}]},{"ID":303033,"UUID":"D0E98F34-65F1-4264-AD0C-BE0B9CD09C3C","NumberOfPoints":7,"AddressInfo":{"ID":303420,"Title":"Tesla Supercharger Pingtung - Nanzhou Jingming","AddressLine1":"No. 51,  Jingming Road","Town":"Nanzhou","StateOrProvince":"Pingtung County","Postcode":"926","CountryID":219,"Latitude":22.4896952,"Longitude":120.5239511,"DistanceUnit":0},"OperatorID":23,"DataProviderID":1,"UsageTypeID":4,"StatusTypeID":50,"Connections":[{"ID":569774,"ConnectionTypeID":33,"StatusTypeID":50,"LevelID":3,"PowerKW":250,"CurrentTypeID":30,"Quantity":3},{"ID":569775,"ConnectionTypeID":33,"StatusTypeID":50,"LevelID":3,"PowerKW":115,"CurrentTypeID":30,"Quantity":4}]},{"ID":303032,"UUID":"8D47712D-4C20-45DE-99F0-0E6C3FAC3F4D","NumberOfPoints":5,"AddressInfo":{"ID":303419,"Title":"Tesla Supercharger Yilan - Suao Xincheng","AddressLine1":"No. 2,  Xincheng Road","Town":"Xincheng","Postcode":"26948","CountryID":219,"Latitude":24.61785,"Longitude":121.827349,"DistanceUnit":0},"OperatorID":23,"DataProviderID":1,"UsageTypeID":4,"StatusTypeID":50,"Connections":[{"ID":569772,"ConnectionTypeID":33,"StatusTypeID":50,"LevelID":3,"PowerKW":250,"CurrentTypeID":30,"Quantity":3},{"ID":569773,"ConnectionTypeID":33,"StatusTypeID":50,"LevelID":3,"PowerKW":115,"CurrentTypeID":30,"Quantity":2}]},{"ID":303031,"UUID":"3F6736A5-8C2B-49B6-A250-FA6D852BB39E","NumberOfPoints":17,"AddressInfo":{"ID":303418,"Title":"Tesla Supercharger Chiayi - Taibao","AddressLine1":"No. 64 Ln. 228, Sec. 1, Zhongshan Rd.","Town":"Taibao City","Postcode":"612","CountryID":219,"Latitude":23.496449,"Longitude":120.387553,"DistanceUnit":0},"OperatorID":23,"DataProviderID":1,"UsageTypeID":4,"StatusTypeID":50,"Connections":[{"ID":569770,"ConnectionTypeID":33,"StatusTypeID":50,"LevelID":3,"PowerKW":250,"CurrentTypeID":30,"Quantity":9},{"ID":569771,"ConnectionTypeID":33,"StatusTypeID":50,"LevelID":3,"PowerKW":115,"CurrentTypeID":30,"Quantity":8}]},{"ID":303030,"UUID":"38083CC4-7B86-47BF-A8CD-DA6EF40D8F96","NumberOfPoints":7,"AddressInfo":{"ID":303417,"Title":"Tesla Supercharger Chiayi - Jhongpu","AddressLine1":"No. 29 Zhongpu Township","CountryID":219,"Latitude":23.446365,"Longitude":120.494246,"DistanceUnit":0},"OperatorID":23,"DataProviderID":1,"UsageTypeID":4,"StatusTypeID":50,"Connections":[{"ID":569768,"ConnectionTypeID":33,"StatusTypeID":50,"LevelID":3,"PowerKW":250,"CurrentTypeID":30,"Quantity":3},{"ID":569769,"ConnectionTypeID":33,"StatusTypeID":50,"LevelID":3,"PowerKW":115,"CurrentTypeID":30,"Quantity":4}]},{"ID":303029,"UUID":"626D2EA1-D808-4FC6-95F9-9A4EFCECD5BE","NumberOfPoints":7,"AddressInfo":{"ID":303416,"Title":"Tesla Supercharger Nantou - Caotun","AddressLine1":"No. 211-12 Caoxi Road, Caotun Township","CountryID":219,"Latitude":23.966358,"Longitude":120.67748,"DistanceUnit":0},"OperatorID":23,"DataProviderID":1,"UsageTypeID":4,"StatusTypeID":50,"Connections":[{"ID":569766,"ConnectionTypeID":33,"StatusTypeID":50,"LevelID":3,"PowerKW":250,"CurrentTypeID":30,"Quantity":3},{"ID":569767,"ConnectionTypeID":33,"StatusTypeID":50,"LevelID":3,"PowerKW":115,"CurrentTypeID":30,"Quantity":4}]},{"ID":303005,"UUID":"24FECF92-F2A0-46B7-885B-36F9C3343F71","NumberOfPoints":6,"AddressInfo":{"ID":303392,"Title":"Tesla Supercharger Kaohsiung - Science Park","AddressLine1":"Luke 5th Road","Town":"Kaohsiung","Postcode":"821","CountryID":219,"Latitude":22.8306315,"Longitude":120.2563385,"DistanceUnit":0},"OperatorID":23,"DataProviderID":1,"UsageTypeID":4,"StatusTypeID":50,"Connections":[{"ID":569622,"ConnectionTypeID":33,"StatusTypeID":50,"LevelID":3,"PowerKW":250,"CurrentTypeID":30,"Quantity":6}]},{"ID":303004,"UUID":"8C548332-529C-4134-87E7-231D99C7ECD1","NumberOfPoints":6,"AddressInfo":{"ID":303391,"Title":"Tesla Supercharger Kaohsiung - Renwu","AddressLine1":"Beiwu N Street","Town":"Kaohsiung","Postcode":"814","CountryID":219,"Latitude":22.680817,"Longitude":120.332919,"DistanceUnit":0},"OperatorID":23,"DataProviderID":1,"UsageTypeID":4,"StatusTypeID":50,"Connections":[{"ID":569621,"ConnectionTypeID":33,"StatusTypeID":50,"LevelID":3,"PowerKW":250,"CurrentTypeID":30,"Quantity":6}]},{"ID":303003,"UUID":"0758409C-7BCE-4CEF-B721-7C1F0757CC6E","NumberOfPoints":6,"AddressInfo":{"ID":303390,"Title":"Tesla Supercharger Kaohsiung - Nanzih Tuku PXMart","AddressLine1":"No. 57 Tuku 3rd Road","Town":"Kaohsiung","Postcode":"811","CountryID":219,"Latitude":22.73794,"Longitude":120.32953,"DistanceUnit":0},"OperatorID":23,"DataProviderID":1,"UsageTypeID":4,"StatusTypeID":50,"Connections":[{"ID":569620,"ConnectionTypeID":33,"StatusTypeID":50,"LevelID":3,"PowerKW":250,"CurrentTypeID":30,"Quantity":6}]},{"ID":303002,"UUID":"0F9D385A-A712-477D-9A8E-2726CF94AB31","NumberOfPoints":4,"AddressInfo":{"ID":303389,"Title":"Tesla Supercharger Kaohsiung - Hanshin Arena","AddressLine1":"No. 777 Bo’ai 2nd Rd","Town":"Xinxia Village","Postcode":"813","CountryID":219,"Latitude":22.668354,"Longitude":120.3014577,"DistanceUnit":0},"OperatorID":23,"DataProviderID":1,"UsageTypeID":4,"StatusTypeID":50,"Connections":[{"ID":569619,"ConnectionTypeID":33,"StatusTypeID":50,"LevelID":3,"PowerKW":250,"CurrentTypeID":30,"Quantity":4}]},{"ID":303001,"UUID":"359592F9-2E1A-4377-823D-A4F4DB40BBD6","NumberOfPoints":3,"AddressInfo":{"ID":303388,"Title":"Tesla Supercharger Kaohsiung - Esky Land","AddressLine1":"No. 115 Dashun 1st Road","Town":"Kaohsiung","Postcode":"804","CountryID":219,"Latitude":22.656429,"Longitude":120.306583,"DistanceUnit":0},"OperatorID":23,"DataProviderID":1,"UsageTypeID":4,"StatusTypeID":50,"Connections":[{"ID":569618,"ConnectionTypeID":33,"StatusTypeID":50,"LevelID":3,"PowerKW":250,"CurrentTypeID":30,"Quantity":3}]},{"ID":303000,"UUID":"692AB27E-FF86-4B25-A5C8-725C910E7B06","NumberOfPoints":6,"AddressInfo":{"ID":303387,"Title":"Tesla Supercharger Kaohsiung - Dream Mall","AddressLine1":"7F No. 789 Zhonghua 5th Road","Town":"Kaohsiung","Postcode":"806","CountryID":219,"Latitude":22.59452,"Longitude":120.30753,"DistanceUnit":0},"OperatorID":23,"DataProviderID":1,"UsageTypeID":4,"StatusTypeID":50,"Connections":[{"ID":569617,"ConnectionTypeID":33,"StatusTypeID":50,"LevelID":3,"PowerKW":250,"CurrentTypeID":30,"Quantity":6}]},{"ID":302999,"UUID":"9EB80777-2F2B-42AB-88F2-206FF7041A6E","NumberOfPoints":6,"AddressInfo":{"ID":303386,"Title":"Tesla Supercharger Kaohsiung - Baonan PXMart","AddressLine1":"No. 207, 209, 211 Baonan 2nd Rd.","Town":"Kaohsiung","Postcode":"830","CountryID":219,"Latitude":22.596035,"Longitude":120.349966,"DistanceUnit":0},"OperatorID":23,"DataProviderID":1,"UsageTypeID":4,"StatusTypeID":50,"Connections":[{"ID":569616,"ConnectionTypeID":33,"StatusTypeID":50,"LevelID":3,"PowerKW":250,"CurrentTypeID":30,"Quantity":6}]},{"ID":302998,"UUID":"EF3C24E0-8583-4709-8938-0D69AFF6A26D","NumberOfPoints":6,"AddressInfo":{"ID":303385,"Title":"Tesla Supercharger Yunlin - Linnei","AddressLine1":"No. 646 Zhongzheng Road","Town":"Linnei","Postcode":"643","CountryID":219,"Latitude":23.7492382,"Longitude":120.6094,"DistanceUnit":0},"OperatorID":23,"DataProviderID":1,"UsageTypeID":4,"StatusTypeID":50,"Connections":[{"ID":569615,"ConnectionTypeID":33,"StatusTypeID":50,"LevelID":3,"PowerKW":250,"CurrentTypeID":30,"Quantity":6}]},{"ID":302997,"UUID":"51188F73-634E-4424-9280-5576E6725585","NumberOfPoints":8,"AddressInfo":{"ID":303384,"Title":"Tesla Supercharger Yunlin - Dounan Datong","AddressLine1":"No. 101-1,  Lane 568, Datong Road","Town":"Dounan","Postcode":"630044","CountryID":219,"Latitude":23.689361,"Longitude":120.47775,"DistanceUnit":0},"OperatorID":23,"DataProviderID":1,"UsageTypeID":4,"StatusTypeID":50,"Connections":[{"ID":569614,"ConnectionTypeID":33,"StatusTypeID":50,"LevelID":3,"PowerKW":250,"CurrentTypeID":30,"Quantity":8}]},{"ID":302996,"UUID":"1EF7BDCE-9028-4B10-AFF0-E7454CC76C5E","NumberOfPoints":6,"AddressInfo":{"ID":303383,"Title":"Tesla Supercharger Miaoli - Zhunan","AddressLine1":"Boai Street","Town":"Zhunan Town","StateOrProvince":"Miaoli County","Postcode":"350","CountryID":219,"Latitude":24.68965,"Longitude":120.86326,"DistanceUnit":0},"OperatorID":23,"DataProviderID":1,"UsageTypeID":4,"StatusTypeID":50,"Connections":[{"ID":569613,"ConnectionTypeID":33,"StatusTypeID":50,"LevelID":3,"PowerKW":250,"CurrentTypeID":30,"Quantity":6}]},{"ID":302995,"UUID":"A459EAF8-7E72-422A-885D-27703FB992E9","NumberOfPoints":10,"AddressInfo":{"ID":303382,"Title":"Tesla Supercharger Miaoli - Yuanli","AddressLine1":"No. 83-2 Shangan","Town":"Yuanli","Postcode":"358","CountryID":219,"Latitude":24.403754,"Longitude":120.671412,"DistanceUnit":0},"OperatorID":23,"DataProviderID":1,"UsageTypeID":4,"StatusTypeID":50,"Connections":[{"ID":569612,"ConnectionTypeID":33,"StatusTypeID":50,"LevelID":3,"PowerKW":250,"CurrentTypeID":30,"Quantity":10}]},{"ID":302994,"UUID":"17205784-4327-4A15-911D-024409A2D42A","NumberOfPoints":12,"AddressInfo":{"ID":303381,"Title":"Tesla Supercharger Miaoli - Tounglo Science Park","AddressLine1":"6 Tongluo Township Tongke  6th Rd","Town":"Tongluo","Postcode":"366","CountryID":219,"Latitude":24.462022,"Longitude":120.759966,"DistanceUnit":0},"OperatorID":23,"DataProviderID":1,"UsageTypeID":4,"StatusTypeID":50,"Connections":[{"ID":569611,"ConnectionTypeID":33,"StatusTypeID":50,"LevelID":3,"PowerKW":115,"CurrentTypeID":30,"Quantity":12}]},{"ID":302993,"UUID":"1775DF78-2270-4D53-90B1-60F653E5ECE1","NumberOfPoints":6,"AddressInfo":{"ID":303380,"Title":"Tesla Supercharger Hualien - Xincheng","AddressLine1":"Xinxing Road","Town":"Xincheng","StateOrProvince":"Hualien County","Postcode":"971","CountryID":219,"Latitude":24.1311912,"Longitude":121.6379354,"DistanceUnit":0},"OperatorID":23,"DataProviderID":1,"UsageTypeID":4,"StatusTypeID":50,"Connections":[{"ID":569610,"ConnectionTypeID":33,"StatusTypeID":50,"LevelID":3,"PowerKW":250,"CurrentTypeID":30,"Quantity":6}]},{"ID":302992,"UUID":"38F34A0E-350D-4CCA-801F-6950498B0B47","NumberOfPoints":6,"AddressInfo":{"ID":303379,"Title":"Tesla Supercharger Hualien - Knlibu","AddressLine1":"Knlibu Road","Town":"Hualien","Postcode":"972","CountryID":219,"Latitude":24.3110339,"Longitude":121.7475348,"DistanceUnit":0},"OperatorID":23,"DataProviderID":1,"UsageTypeID":4,"StatusTypeID":50,"Connections":[{"ID":569609,"ConnectionTypeID":33,"StatusTypeID":50,"LevelID":3,"PowerKW":250,"CurrentTypeID":30,"Quantity":6}]},{"ID":302991,"UUID":"C3F0A767-512D-424F-B1B5-A883AC9C053F","NumberOfPoints":4,"AddressInfo":{"ID":303378,"Title":"Tesla Supercharger Hualien - Huilan","AddressLine1":"No. 505,  Section 1, Nanbin Road,","Town":"Ji'an","StateOrProvince":"Hualien County","Postcode":"973","CountryID":219,"Latitude":23.938614,"Longitude":121.59544,"DistanceUnit":0},"OperatorID":23,"DataProviderID":1,"UsageTypeID":4,"StatusTypeID":50,"Connections":[{"ID":569608,"ConnectionTypeID":33,"StatusTypeID":50,"LevelID":3,"PowerKW":115,"CurrentTypeID":30,"Quantity":4}]},{"ID":302990,"UUID":"C8C4C506-AA08-4C07-B2CA-5F0CE5197D8D","NumberOfPoints":6,"AddressInfo":{"ID":303377,"Title":"Tesla Supercharger Hualien - Gongyuan","AddressLine1":"Gongyuan Road","Town":"Hualien City","StateOrProvince":"Hualien County","Postcode":"970","CountryID":219,"Latitude":23.97752,"Longitude":121.611398,"DistanceUnit":0},"OperatorID":23,"DataProviderID":1,"UsageTypeID":4,"StatusTypeID":50,"Connections":[{"ID":569607,"ConnectionTypeID":33,"StatusTypeID":50,"LevelID":3,"PowerKW":250,"CurrentTypeID":30,"Quantity":6}]},{"ID":302989,"UUID":"F892F199-2869-48F8-81FA-1C6ED9EFAEF8","NumberOfPoints":4,"AddressInfo":{"ID":303376,"Title":"Tesla Supercharger Hualien -  Chateau de Chine","AddressLine1":"Shunxing Road","Town":"Hualien City","StateOrProvince":"Hualien County","Postcode":"970","CountryID":219,"Latitude":23.992627,"Longitude":121.627654,"DistanceUnit":0},"OperatorID":23,"DataProviderID":1,"UsageTypeID":4,"StatusTypeID":50,"Connections":[{"ID":569606,"ConnectionTypeID":33,"StatusTypeID":50,"LevelID":3,"PowerKW":115,"CurrentTypeID":30,"Quantity":4}]},{"ID":302988,"UUID":"CBDF96D1-39E6-4474-B2C4-555C9EC41666","NumberOfPoints":6,"AddressInfo":{"ID":303375,"Title":"Tesla Supercharger Tainan - Yongkang CHECKinn","AddressLine1":"218 Zhongzheng North Road","Town":"Tainan","Postcode":"710","CountryID":219,"Latitude":23.0414677,"Longitude":120.2450788,"DistanceUnit":0},"OperatorID":23,"DataProviderID":1,"UsageTypeID":4,"StatusTypeID":50,"Connections":[{"ID":569605,"ConnectionTypeID":33,"StatusTypeID":50,"LevelID":3,"PowerKW":250,"CurrentTypeID":30,"Quantity":6}]},{"ID":302987,"UUID":"B7DE895E-59BB-40D8-AAC6-1199FFE35CD7","NumberOfPoints":6,"AddressInfo":{"ID":303374,"Title":"Tesla Supercharger Tainan - Yongkang AMart","AddressLine1":"No. 533 Zhongzheng South Road","Town":"Tainan","Postcode":"710","CountryID":219,"Latitude":23.0339784,"Longitude":120.2282784,"DistanceUnit":0},"OperatorID":23,"DataProviderID":1,"UsageTypeID":4,"StatusTypeID":50,"Connections":[{"ID":569604,"ConnectionTypeID":33,"StatusTypeID":50,"LevelID":3,"PowerKW":250,"CurrentTypeID":30,"Quantity":6}]},{"ID":302986,"UUID":"6CD1BF8D-D519-44D0-8C48-A49F895A776F","NumberOfPoints":6,"AddressInfo":{"ID":303373,"Title":"Tesla Supercharger Tainan - Shanhua","AddressLine1":"427 Chenggong Road","Town":"Tainan","Postcode":"741","CountryID":219,"Latitude":23.12913,"Longitude":120.308873,"DistanceUnit":0},"OperatorID":23,"DataProviderID":1,"UsageTypeID":4,"StatusTypeID":50,"Connections":[{"ID":569603,"ConnectionTypeID":33,"StatusTypeID":50,"LevelID":3,"PowerKW":250,"CurrentTypeID":30,"Quantity":6}]},{"ID":302985,"UUID":"5C8DAD75-A892-4583-AD56-296F759999D9","NumberOfPoints":6,"AddressInfo":{"ID":303372,"Title":"Tesla Supercharger Tainan - Park 17","AddressLine1":"No. 17,  Nanke 3rd Road,","Town":"Tainan","Postcode":"744","CountryID":219,"Latitude":23.098004,"Longitude":120.281482,"DistanceUnit":0},"OperatorID":23,"DataProviderID":1,"UsageTypeID":4,"StatusTypeID":50,"Connections":[{"ID":569602,"ConnectionTypeID":33,"StatusTypeID":50,"LevelID":3,"PowerKW":250,"CurrentTypeID":30,"Quantity":6}]},{"ID":302984,"UUID":"D5AAE3D0-9123-4439-AEC2-2C86767AA1A7","NumberOfPoints":18,"AddressInfo":{"ID":303371,"Title":"Tesla Supercharger Tainan - Hsinying","AddressLine1":"Xinyun 5th Road","Town":"Tainan","Postcode":"730","CountryID":219,"Latitude":23.310914,"Longitude":120.281467,"DistanceUnit":0},"OperatorID":23,"DataProviderID":1,"UsageTypeID":4,"StatusTypeID":50,"Connections":[{"ID":569601,"ConnectionTypeID":33,"StatusTypeID":50,"LevelID":3,"PowerKW":250,"CurrentTypeID":30,"Quantity":18}]},{"ID":302983,"UUID":"8D4E38BA-434A-484C-8E89-18167C02EDD4","NumberOfPoints":3,"AddressInfo":{"ID":303370,"Title":"Tesla Supercharger Tainan - Dongshan Service Area","AddressLine1":"No. 74-6 Fangzilin","Town":"Dongshan","Postcode":"733","CountryID":219,"Latitude":23.284611,"Longitude":120.398556,"DistanceUnit":0},"OperatorID":23,"DataProviderID":1,"UsageTypeID":4,"StatusTypeID":50,"Connections":[{"ID":569600,"ConnectionTypeID":33,"StatusTypeID":50,"LevelID":3,"PowerKW":250,"CurrentTypeID":30,"Quantity":3}]},{"ID":302982,"UUID":"39B18BF4-9096-437D-9D89-4840ECACFFFC","NumberOfPoints":8,"AddressInfo":{"ID":303369,"Title":"Tesla Supercharger Tainan - Chimei Museum","AddressLine1":"No. 66 Sec. 2, Wenhua Road, Rende District","Town":"Tainan","Postcode":"717","CountryID":219,"Latitude":22.936091,"Longitude":120.221582,"DistanceUnit":0},"OperatorID":23,"DataProviderID":1,"UsageTypeID":4,"StatusTypeID":50,"Connections":[{"ID":569599,"ConnectionTypeID":33,"StatusTypeID":50,"LevelID":3,"PowerKW":115,"CurrentTypeID":30,"Quantity":8}]},{"ID":302981,"UUID":"75DC06CD-E818-4654-A226-45DC455A95BC","NumberOfPoints":8,"AddressInfo":{"ID":303368,"Title":"Tesla Supercharger Tainan - Art Museum Building 2","AddressLine1":"No. 1 Sec. 2, Zhongyi Road","AddressLine2":"West Central District","Town":"Tainan","Postcode":"700005","CountryID":219,"Latitude":22.989876,"Longitude":120.20088,"DistanceUnit":0},"OperatorID":23,"DataProviderID":1,"UsageTypeID":4,"StatusTypeID":50,"Connections":[{"ID":569598,"ConnectionTypeID":33,"StatusTypeID":50,"LevelID":3,"PowerKW":250,"CurrentTypeID":30,"Quantity":8}]},{"ID":302980,"UUID":"A8BB5299-F03C-48DC-8439-D7456335DC3B","NumberOfPoints":6,"AddressInfo":{"ID":303367,"Title":"Tesla Supercharger Tainan - Annan","AddressLine1":"Ren’an Road","Town":"Tainan","Postcode":"709","CountryID":219,"Latitude":23.0504316,"Longitude":120.1765794,"DistanceUnit":0},"OperatorID":23,"DataProviderID":1,"UsageTypeID":4,"StatusTypeID":50,"Connections":[{"ID":569597,"ConnectionTypeID":33,"StatusTypeID":50,"LevelID":3,"PowerKW":250,"CurrentTypeID":30,"Quantity":6}]},{"ID":302979,"UUID":"313F57BF-B245-4E99-B621-C4579C31B10F","NumberOfPoints":6,"AddressInfo":{"ID":303366,"Title":"Tesla Supercharger Taipei - Xinyi Exchange Square 2","AddressLine1":"No. 97 B3 Songren Road","AddressLine2":"Xinyi","Town":"Taipei","Postcode":"110","CountryID":219,"Latitude":25.036448,"Longitude":121.569635,"DistanceUnit":0},"OperatorID":23,"DataProviderID":1,"UsageTypeID":4,"StatusTypeID":50,"Connections":[{"ID":569596,"ConnectionTypeID":33,"StatusTypeID":50,"LevelID":3,"PowerKW":250,"CurrentTypeID":30,"Quantity":6}]},{"ID":302978,"UUID":"38E34ABE-DC85-43CD-A556-54B6FB57C296","NumberOfPoints":6,"AddressInfo":{"ID":303365,"Title":"Tesla Supercharger Taipei - Taipei Expo Park","AddressLine1":"1  Yumen Street","Town":"Taipei","Postcode":"10452","CountryID":219,"Latitude":25.06867,"Longitude":121.52126,"DistanceUnit":0},"OperatorID":23,"DataProviderID":1,"UsageTypeID":4,"StatusTypeID":50,"Connections":[{"ID":569595,"ConnectionTypeID":33,"StatusTypeID":50,"LevelID":3,"PowerKW":115,"CurrentTypeID":30,"Quantity":6}]},{"ID":302977,"UUID":"AA9FB608-39EB-4A86-922F-80C4FFAD9161","NumberOfPoints":4,"AddressInfo":{"ID":303364,"Title":"Tesla Supercharger Taipei - Songshan","AddressLine1":"Section 6, Civic Boulevard","AddressLine2":"Tanmei","Town":"Taipei","CountryID":219,"Latitude":25.0488529,"Longitude":121.577203,"DistanceUnit":0},"OperatorID":23,"DataProviderID":1,"UsageTypeID":4,"StatusTypeID":50,"Connections":[{"ID":569594,"ConnectionTypeID":33,"StatusTypeID":50,"LevelID":3,"PowerKW":72,"CurrentTypeID":30,"Quantity":4}]},{"ID":302976,"UUID":"054CD1AD-EBD5-4891-AB5F-02F05241007A","NumberOfPoints":6,"AddressInfo":{"ID":303363,"Title":"Tesla Supercharger Taipei - Shilin Fulin","AddressLine1":"No. 465,  Section 5, Zhongshan North Road","Town":"Taipei","Postcode":"111","CountryID":219,"Latitude":25.0928557,"Longitude":121.5271526,"DistanceUnit":0},"OperatorID":23,"DataProviderID":1,"UsageTypeID":4,"StatusTypeID":50,"Connections":[{"ID":569593,"ConnectionTypeID":33,"StatusTypeID":50,"LevelID":3,"PowerKW":250,"CurrentTypeID":30,"Quantity":6}]},{"ID":302975,"UUID":"9FAE5A01-8E29-477A-BA77-E6154A5FA7F2","NumberOfPoints":3,"AddressInfo":{"ID":303362,"Title":"Tesla Supercharger Taipei - National Taiwan University","AddressLine1":"No. 1 Sec. 4, Roosevelt Road","AddressLine2":"Da’an District","Town":"Taipei","Postcode":"106","CountryID":219,"Latitude":25.02059,"Longitude":121.543246,"DistanceUnit":0},"OperatorID":23,"DataProviderID":1,"UsageTypeID":4,"StatusTypeID":50,"Connections":[{"ID":569592,"ConnectionTypeID":33,"StatusTypeID":50,"LevelID":3,"PowerKW":250,"CurrentTypeID":30,"Quantity":3}]},{"ID":302974,"UUID":"3E565DBB-C427-4F75-94F5-BC62D12D249C","NumberOfPoints":8,"AddressInfo":{"ID":303361,"Title":"Tesla Supercharger Taipei - National Chengchi University CPBAE","AddressLine1":"187 Jinhua Street","Town":"Taipei","Postcode":"10642","CountryID":219,"Latitude":25.0303766,"Longitude":121.5275292,"DistanceUnit":0},"OperatorID":23,"DataProviderID":1,"UsageTypeID":4,"StatusTypeID":50,"Connections":[{"ID":569591,"ConnectionTypeID":33,"StatusTypeID":50,"LevelID":3,"PowerKW":250,"CurrentTypeID":30,"Quantity":8}]},{"ID":302973,"UUID":"15A0B639-C424-4543-ADCE-85B12EE8F013","NumberOfPoints":6,"AddressInfo":{"ID":303360,"Title":"Tesla Supercharger Taipei - Nangang","AddressLine1":"No.2 B1F Jingmao 2nd Road, Nangang District","Town":"Taipei","Postcode":"10642","CountryID":219,"Latitude":25.056849,"Longitude":121.614709,"DistanceUnit":0},"OperatorID":23,"DataProviderID":1,"UsageTypeID":4,"StatusTypeID":50,"Connections":[{"ID":569590,"ConnectionTypeID":33,"StatusTypeID":50,"LevelID":3,"PowerKW":250,"CurrentTypeID":30,"Quantity":6}]},{"ID":302972,"UUID":"30FF5838-D57A-4D63-A7AE-E6B46C7F3C79","NumberOfPoints":6,"AddressInfo":{"ID":303359,"Title":"Tesla Supercharger Taipei - NTU Stadium","AddressLine1":"No. 1 Sec. 4, Roosevelt Road","Town":"Taipei","Postcode":"106319","CountryID":219,"Latitude":25.0215925,"Longitude":121.5349975,"DistanceUnit":0},"OperatorID":23,"DataProviderID":1,"UsageTypeID":4,"StatusTypeID":50,"Connections":[{"ID":569589,"ConnectionTypeID":33,"StatusTypeID":50,"LevelID":3,"PowerKW":250,"CurrentTypeID":30,"Quantity":6}]},{"ID":302971,"UUID":"8B465D6A-FF86-432C-8410-C15D93A3D6A2","NumberOfPoints":6,"AddressInfo":{"ID":303358,"Title":"Tesla Supercharger Taipei - Guilin Carrefour","AddressLine1":"1st 7F Guilin Road","Town":"Taipei","Postcode":"108412","CountryID":219,"Latitude":25.0379979,"Longitude":121.5055462,"DistanceUnit":0},"OperatorID":23,"DataProviderID":1,"UsageTypeID":4,"StatusTypeID":50,"Connections":[{"ID":569588,"ConnectionTypeID":33,"StatusTypeID":50,"LevelID":3,"PowerKW":250,"CurrentTypeID":30,"Quantity":6}]},{"ID":302970,"UUID":"1473C260-A624-4844-83F5-15B58DD939DC","NumberOfPoints":6,"AddressInfo":{"ID":303357,"Title":"Tesla Supercharger Taipei - Dayeh Takashimaya","AddressLine1":"No. 55  Sec. 2, Zhongcheng Road","Town":"Taipei","Postcode":"111","CountryID":219,"Latitude":25.11134,"Longitude":121.53169,"DistanceUnit":0},"OperatorID":23,"DataProviderID":1,"UsageTypeID":4,"StatusTypeID":50,"Connections":[{"ID":569587,"ConnectionTypeID":33,"StatusTypeID":50,"LevelID":3,"PowerKW":250,"CurrentTypeID":30,"Quantity":6}]},{"ID":302969,"UUID":"1A499599-CD95-4433-8F02-A6FD00BD954E","NumberOfPoints":4,"AddressInfo":{"ID":303356,"Title":"Tesla Supercharger Taipei - Beitou Aloft","AddressLine1":"No. 1,  Lane 300, Daye Road, Beitou District,","Town":"Taipei","Postcode":"112","CountryID":219,"Latitude":25.128346,"Longitude":121.498382,"DistanceUnit":0},"OperatorID":23,"DataProviderID":1,"UsageTypeID":4,"StatusTypeID":50,"Connections":[{"ID":569586,"ConnectionTypeID":33,"StatusTypeID":50,"LevelID":3,"PowerKW":72,"CurrentTypeID":30,"Quantity":4}]},{"ID":302968,"UUID":"42E14264-9D00-4978-A7AB-AFA7175E49CF","NumberOfPoints":6,"AddressInfo":{"ID":303355,"Title":"Tesla Supercharger Taichung - Youheng","AddressLine1":"Fuxing Rd & Youheng St","Town":"Taichung","Postcode":"402","CountryID":219,"Latitude":24.13121,"Longitude":120.67549,"DistanceUnit":0},"OperatorID":23,"DataProviderID":1,"UsageTypeID":4,"StatusTypeID":50,"Connections":[{"ID":569585,"ConnectionTypeID":33,"StatusTypeID":50,"LevelID":3,"PowerKW":250,"CurrentTypeID":30,"Quantity":6}]},{"ID":302967,"UUID":"C39A454B-0E1E-4217-A96D-7E02616F3D1F","NumberOfPoints":4,"AddressInfo":{"ID":303354,"Title":"Tesla Supercharger Taichung - Taroko Mall","AddressLine1":"No. 186 Sec. 4, Fuxing Road","Town":"Taichung","Postcode":"40144","CountryID":219,"Latitude":24.1355988,"Longitude":120.6878469,"DistanceUnit":0},"OperatorID":23,"DataProviderID":1,"UsageTypeID":4,"StatusTypeID":50,"Connections":[{"ID":569584,"ConnectionTypeID":33,"StatusTypeID":50,"LevelID":3,"PowerKW":250,"CurrentTypeID":30,"Quantity":4}]},{"ID":302966,"UUID":"592A8098-1DD0-4101-873F-642E503BCFFB","NumberOfPoints":4,"AddressInfo":{"ID":303353,"Title":"Tesla Supercharger Taichung - Shuinan AMart","AddressLine1":"No. 1199,  Section 2, Zhongqing Road","Town":"Taichung","Postcode":"40682","CountryID":219,"Latitude":24.1923303,"Longitude":120.6594449,"DistanceUnit":0},"OperatorID":23,"DataProviderID":1,"UsageTypeID":4,"StatusTypeID":50,"Connections":[{"ID":569583,"ConnectionTypeID":33,"StatusTypeID":50,"LevelID":3,"PowerKW":115,"CurrentTypeID":30,"Quantity":4}]},{"ID":302965,"UUID":"9D22C0AC-C353-4611-9F0F-AD9EC87A2D9F","NumberOfPoints":3,"AddressInfo":{"ID":303352,"Title":"Tesla Supercharger Taichung - Qingshui Service Area","AddressLine1":"No. 89 Wucuo 2nd Street","Town":"Taichung","Postcode":"43641","CountryID":219,"Latitude":24.281389,"Longitude":120.602056,"DistanceUnit":0},"OperatorID":23,"DataProviderID":1,"UsageTypeID":4,"StatusTypeID":50,"Connections":[{"ID":569582,"ConnectionTypeID":33,"StatusTypeID":50,"LevelID":3,"PowerKW":250,"CurrentTypeID":30,"Quantity":3}]},{"ID":302964,"UUID":"F8F4462D-9D62-4E8F-9CCE-1220074EB3F3","NumberOfPoints":3,"AddressInfo":{"ID":303351,"Title":"Tesla Supercharger Taichung - Le Méridien Taichung","AddressLine1":"No. 111 Jianguo Road","Town":"Taichung","Postcode":"40043","CountryID":219,"Latitude":24.13672,"Longitude":120.68305,"DistanceUnit":0},"OperatorID":23,"DataProviderID":1,"UsageTypeID":4,"StatusTypeID":50,"Connections":[{"ID":569581,"ConnectionTypeID":33,"StatusTypeID":50,"LevelID":3,"PowerKW":250,"CurrentTypeID":30,"Quantity":3}]},{"ID":302963,"UUID":"F1FB06A0-FCCE-4745-A4FE-94BE36668C84","NumberOfPoints":8,"AddressInfo":{"ID":303350,"Title":"Tesla Supercharger Taichung - JMall","AddressLine1":"1038 Section 4, Taiwan Boulevard, Xitun District","Town":"Taichung","Postcode":"40764","CountryID":219,"Latitude":24.183673,"Longitude":120.615639,"DistanceUnit":0},"OperatorID":23,"DataProviderID":1,"UsageTypeID":4,"StatusTypeID":50,"Connections":[{"ID":569580,"ConnectionTypeID":33,"StatusTypeID":50,"LevelID":3,"PowerKW":115,"CurrentTypeID":30,"Quantity":8}]},{"ID":302962,"UUID":"18BB11BB-EE3E-474A-8DCB-FE3743A2E6E9","NumberOfPoints":6,"AddressInfo":{"ID":303349,"Title":"Tesla Supercharger Taichung - Fengyuan AMart","AddressLine1":"No. 420 Shuiyuan Road","Town":"Taichung","Postcode":"42084","CountryID":219,"Latitude":24.256256,"Longitude":120.7343466,"DistanceUnit":0},"OperatorID":23,"DataProviderID":1,"UsageTypeID":4,"StatusTypeID":50,"Connections":[{"ID":569579,"ConnectionTypeID":33,"StatusTypeID":50,"LevelID":3,"PowerKW":250,"CurrentTypeID":30,"Quantity":6}]},{"ID":302961,"UUID":"C295FFBC-8572-4C16-B041-203B6F2A7B06","NumberOfPoints":8,"AddressInfo":{"ID":303348,"Title":"Tesla Supercharger Taoyuan - Yangmei","AddressLine1":"No. 3,  Lane 9, Qingnian Road","Town":"Taoyuan City","Postcode":"32661","CountryID":219,"Latitude":24.928726,"Longitude":121.1674629,"DistanceUnit":0},"OperatorID":23,"DataProviderID":1,"UsageTypeID":4,"StatusTypeID":50,"Connections":[{"ID":569578,"ConnectionTypeID":33,"StatusTypeID":50,"LevelID":3,"PowerKW":250,"CurrentTypeID":30,"Quantity":8}]},{"ID":302960,"UUID":"AC5B332E-F4F0-47CD-BB0E-E029875FCE2F","NumberOfPoints":8,"AddressInfo":{"ID":303347,"Title":"Tesla Supercharger Taoyuan - Taimall","AddressLine1":"112 1F Section 1, Nankan Road, Luzhu District","Town":"Taoyuan City","Postcode":"338","CountryID":219,"Latitude":25.053882,"Longitude":121.287919,"DistanceUnit":0},"OperatorID":23,"DataProviderID":1,"UsageTypeID":4,"StatusTypeID":50,"Connections":[{"ID":569577,"ConnectionTypeID":33,"StatusTypeID":50,"LevelID":3,"PowerKW":115,"CurrentTypeID":30,"Quantity":8}]},{"ID":302959,"UUID":"DDE7A7D1-6E94-4F1D-A1A5-36A62DAF4619","NumberOfPoints":5,"AddressInfo":{"ID":303346,"Title":"Tesla Supercharger Taoyuan - Pingzhen","AddressLine1":"No. 313 Huannan Road","Town":"Taoyuan City","Postcode":"32448","CountryID":219,"Latitude":24.9498891,"Longitude":121.2068327,"DistanceUnit":0},"OperatorID":23,"DataProviderID":1,"UsageTypeID":4,"StatusTypeID":50,"Connections":[{"ID":569576,"ConnectionTypeID":33,"StatusTypeID":50,"LevelID":3,"PowerKW":250,"CurrentTypeID":30,"Quantity":5}]},{"ID":302958,"UUID":"70883FAF-04E0-4B91-8641-93A80ADF0F24","NumberOfPoints":4,"AddressInfo":{"ID":303345,"Title":"Tesla Supercharger Taoyuan - Longtan Sanlin PXMart","AddressLine1":"No. 298  Sec. Sanlin, Zhongzheng Road","Town":"Taoyuan City","Postcode":"32546","CountryID":219,"Latitude":24.84852,"Longitude":121.2303,"DistanceUnit":0},"OperatorID":23,"DataProviderID":1,"UsageTypeID":4,"StatusTypeID":50,"Connections":[{"ID":569575,"ConnectionTypeID":33,"StatusTypeID":50,"LevelID":3,"PowerKW":250,"CurrentTypeID":30,"Quantity":4}]},{"ID":302957,"UUID":"E0B3B1B8-DAE3-43AA-B927-9A05D2817C7B","NumberOfPoints":8,"AddressInfo":{"ID":303344,"Title":"Tesla Supercharger Taoyuan - Guishan","AddressLine1":"Lane 52 Wensan 2nd Street","Town":"Taoyuan City","Postcode":"333","CountryID":219,"Latitude":25.056755,"Longitude":121.360149,"DistanceUnit":0},"OperatorID":23,"DataProviderID":1,"UsageTypeID":4,"StatusTypeID":50,"Connections":[{"ID":569574,"ConnectionTypeID":33,"StatusTypeID":50,"LevelID":3,"PowerKW":250,"CurrentTypeID":30,"Quantity":8}]},{"ID":302956,"UUID":"A04B2630-338B-4AAA-A4D0-19BB1B15BF1D","NumberOfPoints":5,"AddressInfo":{"ID":303343,"Title":"Tesla Supercharger Taoyuan - Daye Road","AddressLine1":"Minfu 17th Street","Town":"Taoyuan City","Postcode":"330","CountryID":219,"Latitude":25.017366,"Longitude":121.310515,"DistanceUnit":0},"OperatorID":23,"DataProviderID":1,"UsageTypeID":4,"StatusTypeID":50,"Connections":[{"ID":569573,"ConnectionTypeID":33,"StatusTypeID":50,"LevelID":3,"PowerKW":250,"CurrentTypeID":30,"Quantity":5}]},{"ID":302955,"UUID":"3E8ACFE3-A092-4113-A939-3E149C3DEDDD","NumberOfPoints":7,"AddressInfo":{"ID":303342,"Title":"Tesla Supercharger Taoyuan - Chingpu Global Mall A19","AddressLine1":"No. 352 B3 227-233  Section 2, High-speed Rail South Road","Town":"Taoyuan City","Postcode":"320014","CountryID":219,"Latitude":25.0021653,"Longitude":121.2018036,"DistanceUnit":0},"OperatorID":23,"DataProviderID":1,"UsageTypeID":4,"StatusTypeID":50,"Connections":[{"ID":569572,"ConnectionTypeID":33,"StatusTypeID":50,"LevelID":3,"PowerKW":250,"CurrentTypeID":30,"Quantity":7}]},{"ID":302954,"UUID":"EFE0F7A9-5A9D-44DF-8EF8-8ECF8205CC05","NumberOfPoints":6,"AddressInfo":{"ID":303341,"Title":"Tesla Supercharger Taoyuan - Bade","AddressLine1":"No.295 Dongyong North Road","Town":"Taoyuan City","Postcode":"33450","CountryID":219,"Latitude":24.9656431,"Longitude":121.3068717,"DistanceUnit":0},"OperatorID":23,"DataProviderID":1,"UsageTypeID":4,"StatusTypeID":50,"Connections":[{"ID":569571,"ConnectionTypeID":33,"StatusTypeID":50,"LevelID":3,"PowerKW":115,"CurrentTypeID":30,"Quantity":6}]},{"ID":302953,"UUID":"B26C0D7B-0E47-4C8F-8F0F-FD70CB449631","NumberOfPoints":6,"AddressInfo":{"ID":303340,"Title":"Tesla Supercharger Hsinchu - Zhubei Harrods","AddressLine1":"B1F, No.297 Sec. 2, Wenxing Road","Town":"Zhubei City","Postcode":"30273","CountryID":219,"Latitude":24.807405,"Longitude":121.036283,"DistanceUnit":0},"OperatorID":23,"DataProviderID":1,"UsageTypeID":4,"StatusTypeID":50,"Connections":[{"ID":569570,"ConnectionTypeID":33,"StatusTypeID":50,"LevelID":3,"PowerKW":72,"CurrentTypeID":30,"Quantity":6}]},{"ID":302952,"UUID":"1544BD0A-14A8-4F84-BECE-6A9F9D1AA0D4","NumberOfPoints":6,"AddressInfo":{"ID":303339,"Title":"Tesla Supercharger Hsinchu - Qionglin","AddressLine1":"Wende 2nd Street","Town":"Qionglin","Postcode":"30744","CountryID":219,"Latitude":24.776989,"Longitude":121.0751175,"DistanceUnit":0},"OperatorID":23,"DataProviderID":1,"UsageTypeID":4,"StatusTypeID":50,"Connections":[{"ID":569569,"ConnectionTypeID":33,"StatusTypeID":50,"LevelID":3,"PowerKW":250,"CurrentTypeID":30,"Quantity":6}]},{"ID":302951,"UUID":"84F4E12C-7818-4420-B946-A47BEB82C3E0","NumberOfPoints":3,"AddressInfo":{"ID":303338,"Title":"Tesla Supercharger Hsinchu - Hukou Service Area  (Southbound)","AddressLine1":"No. 8  Guoqiang St., Ln. 1","Town":"Hukou","Postcode":"303","CountryID":219,"Latitude":24.85706,"Longitude":121.008628,"DistanceUnit":0},"OperatorID":23,"DataProviderID":1,"UsageTypeID":4,"StatusTypeID":50,"Connections":[{"ID":569568,"ConnectionTypeID":33,"StatusTypeID":50,"LevelID":3,"PowerKW":250,"CurrentTypeID":30,"Quantity":3}]},{"ID":302950,"UUID":"1D1C443E-3906-4911-B8BB-67AA9D2C813E","NumberOfPoints":3,"AddressInfo":{"ID":303337,"Title":"Tesla Supercharger Hsinchu - Hukou Service Area  (Northbound)","AddressLine1":"No. 158 Rongguang Road","Town":"Hukou","Postcode":"30350","CountryID":219,"Latitude":24.862266,"Longitude":121.012576,"DistanceUnit":0},"OperatorID":23,"DataProviderID":1,"UsageTypeID":4,"StatusTypeID":50,"Connections":[{"ID":569567,"ConnectionTypeID":33,"StatusTypeID":50,"LevelID":3,"PowerKW":250,"CurrentTypeID":30,"Quantity":3}]},{"ID":302949,"UUID":"6F5E055F-13FC-4C22-BD9A-6F417B2068C4","NumberOfPoints":8,"AddressInfo":{"ID":303336,"Title":"Tesla Supercharger Hsinchu - Science Park","AddressLine1":"No. 1 Industry East 2nd Road, East District","Town":"Hsinchu","Postcode":"30078","CountryID":219,"Latitude":24.779648,"Longitude":121.005277,"DistanceUnit":0},"OperatorID":23,"DataProviderID":1,"UsageTypeID":4,"StatusTypeID":50,"Connections":[{"ID":569566,"ConnectionTypeID":33,"StatusTypeID":50,"LevelID":3,"PowerKW":115,"CurrentTypeID":30,"Quantity":8}]},{"ID":302948,"UUID":"3B6E370F-CCE1-4E6F-B5D7-31A813BC2E1A","NumberOfPoints":6,"AddressInfo":{"ID":303335,"Title":"Tesla Supercharger Hsinchu - Nanya Taroko Square","AddressLine1":"No. 88 4F Daya Road","Town":"Hsinchu","Postcode":"30053","CountryID":219,"Latitude":24.819659,"Longitude":120.969996,"DistanceUnit":0},"OperatorID":23,"DataProviderID":1,"UsageTypeID":4,"StatusTypeID":50,"Connections":[{"ID":569565,"ConnectionTypeID":33,"StatusTypeID":50,"LevelID":3,"PowerKW":250,"CurrentTypeID":30,"Quantity":6}]},{"ID":302947,"UUID":"ED57BC91-FC36-4A4B-85D1-758AFFFD505C","NumberOfPoints":5,"AddressInfo":{"ID":303334,"Title":"Tesla Supercharger Hsinchu - Nanya RTMart","AddressLine1":"97 Nanya Street","Town":"Hsinchu","Postcode":"30052","CountryID":219,"Latitude":24.819497,"Longitude":120.970701,"DistanceUnit":0},"OperatorID":23,"DataProviderID":1,"UsageTypeID":4,"StatusTypeID":50,"Connections":[{"ID":569564,"ConnectionTypeID":33,"StatusTypeID":50,"LevelID":3,"PowerKW":250,"CurrentTypeID":30,"Quantity":5}]},{"ID":302946,"UUID":"C05B8C2E-EC77-456B-AF77-8A4330694256","NumberOfPoints":8,"AddressInfo":{"ID":303333,"Title":"Tesla Supercharger New Taipei - Zhonghe Global Mall","AddressLine1":"122 6F Section 3, Zhongshan Road","AddressLine2":"Zhonghe District","Town":"New Taipei","Postcode":"235008","CountryID":219,"Latitude":25.008094,"Longitude":121.474834,"DistanceUnit":0},"OperatorID":23,"DataProviderID":1,"UsageTypeID":4,"StatusTypeID":50,"Connections":[{"ID":569563,"ConnectionTypeID":33,"StatusTypeID":50,"LevelID":3,"PowerKW":72,"CurrentTypeID":30,"Quantity":8}]},{"ID":302945,"UUID":"E8C3CDC9-AF0C-4EE9-802A-EFD64368E8AE","NumberOfPoints":4,"AddressInfo":{"ID":303332,"Title":"Tesla Supercharger New Taipei - Xizhi Asehome Design Center","AddressLine1":"No. 13 Ln. 751, Kangning Street, Xizhi District","Town":"New Taipei","Postcode":"221017","CountryID":219,"Latitude":25.074612,"Longitude":121.638074,"DistanceUnit":0},"OperatorID":23,"DataProviderID":1,"UsageTypeID":4,"StatusTypeID":50,"Connections":[{"ID":569562,"ConnectionTypeID":33,"StatusTypeID":50,"LevelID":3,"PowerKW":250,"CurrentTypeID":30,"Quantity":4}]},{"ID":302944,"UUID":"6600B975-5FAA-4F05-9B0C-16CB4522D94B","NumberOfPoints":4,"AddressInfo":{"ID":303331,"Title":"Tesla Supercharger New Taipei - Xinzhuang Tesla Center","AddressLine1":"No. 37 Huacheng Road","Town":"New Taipei","Postcode":"24213","CountryID":219,"Latitude":25.0444707,"Longitude":121.4644698,"DistanceUnit":0},"OperatorID":23,"DataProviderID":1,"UsageTypeID":4,"StatusTypeID":50,"Connections":[{"ID":569561,"ConnectionTypeID":33,"StatusTypeID":50,"LevelID":3,"PowerKW":72,"CurrentTypeID":30,"Quantity":4}]},{"ID":302943,"UUID":"F0901684-C069-4C4C-9263-A379E00EB814","NumberOfPoints":6,"AddressInfo":{"ID":303330,"Title":"Tesla Supercharger New Taipei - Xinzhuang","AddressLine1":"Aly. 24 Ln. 155, Zhonghe Street","Town":"New Taipei","Postcode":"242029","CountryID":219,"Latitude":25.0511131,"Longitude":121.4463772,"DistanceUnit":0},"OperatorID":23,"DataProviderID":1,"UsageTypeID":4,"StatusTypeID":50,"Connections":[{"ID":569560,"ConnectionTypeID":33,"StatusTypeID":50,"LevelID":3,"PowerKW":250,"CurrentTypeID":30,"Quantity":6}]},{"ID":302942,"UUID":"6AA1F8FB-990D-40BC-89CE-762B04356368","NumberOfPoints":4,"AddressInfo":{"ID":303329,"Title":"Tesla Supercharger New Taipei - Xindian","AddressLine1":"B2 No.213 Sec. 3, Beixin Road","Town":"New Taipei","Postcode":"231632","CountryID":219,"Latitude":24.985198,"Longitude":121.540048,"DistanceUnit":0},"OperatorID":23,"DataProviderID":1,"UsageTypeID":4,"StatusTypeID":50,"Connections":[{"ID":569559,"ConnectionTypeID":33,"StatusTypeID":50,"LevelID":3,"PowerKW":72,"CurrentTypeID":30,"Quantity":4}]},{"ID":302941,"UUID":"E23D1307-DF25-4F7F-95D8-38420F28A344","NumberOfPoints":4,"AddressInfo":{"ID":303328,"Title":"Tesla Supercharger New Taipei - Tucheng Asewemall","AddressLine1":"B3F, No.210 Section 2, Xuefu Road,","AddressLine2":"Qingshui","Town":"New Taipei","Postcode":"236030","CountryID":219,"Latitude":24.979615,"Longitude":121.444553,"DistanceUnit":0},"OperatorID":23,"DataProviderID":1,"UsageTypeID":4,"StatusTypeID":50,"Connections":[{"ID":569558,"ConnectionTypeID":33,"StatusTypeID":50,"LevelID":3,"PowerKW":250,"CurrentTypeID":30,"Quantity":4}]},{"ID":302940,"UUID":"2895915E-6B70-4F47-A059-4A761E3F2A5F","NumberOfPoints":9,"AddressInfo":{"ID":303327,"Title":"Tesla Supercharger New Taipei - Sanxia","AddressLine1":"Xuecheng Road","Town":"New Taipei","Postcode":"23741","CountryID":219,"Latitude":24.9408534,"Longitude":121.372913,"DistanceUnit":0},"OperatorID":23,"DataProviderID":1,"UsageTypeID":4,"StatusTypeID":50,"Connections":[{"ID":569557,"ConnectionTypeID":33,"StatusTypeID":50,"LevelID":3,"PowerKW":250,"CurrentTypeID":30,"Quantity":9}]},{"ID":302939,"UUID":"AAE0E8E3-3671-46A7-AA62-431E74CD363F","NumberOfPoints":6,"AddressInfo":{"ID":303326,"Title":"Tesla Supercharger New Taipei - Sanchong AMart","AddressLine1":"No. 45,  Lane 193, Zhongzheng North Road,","Town":"New Taipei","Postcode":"24872","CountryID":219,"Latitude":25.0715,"Longitude":121.476302,"DistanceUnit":0},"OperatorID":23,"DataProviderID":1,"UsageTypeID":4,"StatusTypeID":50,"Connections":[{"ID":569556,"ConnectionTypeID":33,"StatusTypeID":50,"LevelID":3,"PowerKW":250,"CurrentTypeID":30,"Quantity":6}]},{"ID":302938,"UUID":"E9169C08-D810-43FE-B741-577446FC641B","NumberOfPoints":6,"AddressInfo":{"ID":303325,"Title":"Tesla Supercharger Changhua - Yuanlin","AddressLine1":"55 Minquan Street","Town":"Yuanlin City","StateOrProvince":"Changhua County","Postcode":"51041","CountryID":219,"Latitude":23.956406,"Longitude":120.569691,"DistanceUnit":0},"OperatorID":23,"DataProviderID":1,"UsageTypeID":4,"StatusTypeID":50,"Connections":[{"ID":569555,"ConnectionTypeID":33,"StatusTypeID":50,"LevelID":3,"PowerKW":250,"CurrentTypeID":30,"Quantity":6}]},{"ID":302937,"UUID":"1ED75350-C579-4B55-8B96-4F3BAF4CB663","NumberOfPoints":6,"AddressInfo":{"ID":303324,"Title":"Tesla Supercharger Changhua - Puxin","AddressLine1":"Section 5, Yuanlu Road,","Town":"Puxin Township","StateOrProvince":"Changhua County","Postcode":"513","CountryID":219,"Latitude":23.951411,"Longitude":120.514089,"DistanceUnit":0},"OperatorID":23,"DataProviderID":1,"UsageTypeID":4,"StatusTypeID":50,"Connections":[{"ID":569554,"ConnectionTypeID":33,"StatusTypeID":50,"LevelID":3,"PowerKW":250,"CurrentTypeID":30,"Quantity":6}]},{"ID":302936,"UUID":"3C15D525-07E8-4D45-9931-774C9AF217E9","NumberOfPoints":6,"AddressInfo":{"ID":303323,"Title":"Tesla Supercharger Changhua - Gongyuan Road","AddressLine1":"Sec. 2, Gongyuan Road","Town":"Changhua City","StateOrProvince":"Changhua County","Postcode":"500","CountryID":219,"Latitude":24.0741209,"Longitude":120.5567746,"DistanceUnit":0},"OperatorID":23,"DataProviderID":1,"UsageTypeID":4,"StatusTypeID":50,"Connections":[{"ID":569553,"ConnectionTypeID":33,"StatusTypeID":50,"LevelID":3,"PowerKW":250,"CurrentTypeID":30,"Quantity":6}]},{"ID":302935,"UUID":"C2DAC34E-1C6F-4586-898D-CD8C486457ED","NumberOfPoints":2,"AddressInfo":{"ID":303322,"Title":"Tesla Supercharger Pingtung - Kenting Maya House","AddressLine1":"No. 330-6,  Kenting Road,","Town":"Hengchun","StateOrProvince":"Pingtung County","Postcode":"946","CountryID":219,"Latitude":21.949532,"Longitude":120.790727,"DistanceUnit":0},"OperatorID":23,"DataProviderID":1,"UsageTypeID":4,"StatusTypeID":50,"Connections":[{"ID":569552,"ConnectionTypeID":33,"StatusTypeID":50,"LevelID":3,"PowerKW":115,"CurrentTypeID":30,"Quantity":2}]},{"ID":302934,"UUID":"1C7CFFDF-9DF4-4A32-B0CD-ED41D83F659C","NumberOfPoints":7,"AddressInfo":{"ID":303321,"Title":"Tesla Supercharger Pingtung - Hengchun","AddressLine1":"No. 716 Henggong Road","Town":"Hengchun","StateOrProvince":"Pingtung County","Postcode":"946","CountryID":219,"Latitude":22.0035993,"Longitude":120.739907,"DistanceUnit":0},"OperatorID":23,"DataProviderID":1,"UsageTypeID":4,"StatusTypeID":50,"Connections":[{"ID":569551,"ConnectionTypeID":33,"StatusTypeID":50,"LevelID":3,"PowerKW":250,"CurrentTypeID":30,"Quantity":7}]},{"ID":302933,"UUID":"2C4A72CB-2747-499D-BB91-47476D40578E","NumberOfPoints":6,"AddressInfo":{"ID":303320,"Title":"Tesla Supercharger Pingtung - Fangshan","AddressLine1":"61 Sec. 3, Zhongshan Road Fangshan","Town":"Fangshan","StateOrProvince":"Pingtung County","Postcode":"941","CountryID":219,"Latitude":22.243673,"Longitude":120.663738,"DistanceUnit":0},"OperatorID":23,"DataProviderID":1,"UsageTypeID":4,"StatusTypeID":50,"Connections":[{"ID":569550,"ConnectionTypeID":33,"StatusTypeID":50,"LevelID":3,"PowerKW":115,"CurrentTypeID":30,"Quantity":6}]},{"ID":302932,"UUID":"EB325833-2C97-48C4-85E1-7850A12E02C7","NumberOfPoints":6,"AddressInfo":{"ID":303319,"Title":"Tesla Supercharger Yilan - Nuzhong Road","AddressLine1":"277 Sec. 1, Nuzhong Road","Town":"Yilan City","StateOrProvince":"Yilan County","Postcode":"26058","CountryID":219,"Latitude":24.74766,"Longitude":121.763028,"DistanceUnit":0},"OperatorID":23,"DataProviderID":1,"UsageTypeID":4,"StatusTypeID":50,"Connections":[{"ID":569549,"ConnectionTypeID":33,"StatusTypeID":50,"LevelID":3,"PowerKW":250,"CurrentTypeID":30,"Quantity":6}]},{"ID":302931,"UUID":"5240DE5B-533F-457C-ACD6-C9BA1B359FEC","NumberOfPoints":6,"AddressInfo":{"ID":303318,"Title":"Tesla Supercharger Yilan - Luodong Chunjing Road","AddressLine1":"Sec. 1, Chunjing Road","Town":"Luodong","StateOrProvince":"Yilan County","Postcode":"265","CountryID":219,"Latitude":24.669373,"Longitude":121.7653914,"DistanceUnit":0},"OperatorID":23,"DataProviderID":1,"UsageTypeID":4,"StatusTypeID":50,"Connections":[{"ID":569548,"ConnectionTypeID":33,"StatusTypeID":50,"LevelID":3,"PowerKW":250,"CurrentTypeID":30,"Quantity":6}]},{"ID":302930,"UUID":"D732A4B3-1D85-4978-9FBC-C58845E4B586","NumberOfPoints":3,"AddressInfo":{"ID":303317,"Title":"Tesla Supercharger Keelung - Xiaodong Road","AddressLine1":"No. 88  Xiaodong Road,","Town":"Keelung","Postcode":"201007","CountryID":219,"Latitude":25.1276744,"Longitude":121.780918,"DistanceUnit":0},"OperatorID":23,"DataProviderID":1,"UsageTypeID":4,"StatusTypeID":50,"Connections":[{"ID":569547,"ConnectionTypeID":33,"StatusTypeID":50,"LevelID":3,"PowerKW":250,"CurrentTypeID":30,"Quantity":3}]},{"ID":302929,"UUID":"5FC816F1-B9EF-43F1-8785-01AF13AC605E","NumberOfPoints":6,"AddressInfo":{"ID":303316,"Title":"Tesla Supercharger Chiayi - Zhuqi","AddressLine1":"Dongyi Road","Town":"Minxueng Township","StateOrProvince":"Chiayi County","Postcode":"621","CountryID":219,"Latitude":23.510556,"Longitude":120.485644,"DistanceUnit":0},"OperatorID":23,"DataProviderID":1,"UsageTypeID":4,"StatusTypeID":50,"Connections":[{"ID":569546,"ConnectionTypeID":33,"StatusTypeID":50,"LevelID":3,"PowerKW":250,"CurrentTypeID":30,"Quantity":6}]},{"ID":302928,"UUID":"CA1F6153-107F-43F6-8A74-E816F74FAFF0","NumberOfPoints":6,"AddressInfo":{"ID":303315,"Title":"Tesla Supercharger Chiayi - Budai","AddressLine1":"Xinnan 3rd Street","Town":"Budai Township","StateOrProvince":"Chiayi County","Postcode":"625","CountryID":219,"Latitude":23.378512,"Longitude":120.15333,"DistanceUnit":0},"OperatorID":23,"DataProviderID":1,"UsageTypeID":4,"StatusTypeID":50,"Connections":[{"ID":569545,"ConnectionTypeID":33,"StatusTypeID":50,"LevelID":3,"PowerKW":250,"CurrentTypeID":30,"Quantity":6}]},{"ID":302927,"UUID":"03B3DB51-63BF-4435-AA1A-124288031777","NumberOfPoints":3,"AddressInfo":{"ID":303314,"Title":"Tesla Supercharger Taitung - Taimali PXMart","AddressLine1":"No. 190 Waihuan Road","Town":"Taimali","StateOrProvince":"Taitung County","Postcode":"963","CountryID":219,"Latitude":22.60744,"Longitude":121.00441,"DistanceUnit":0},"OperatorID":23,"DataProviderID":1,"UsageTypeID":4,"StatusTypeID":50,"Connections":[{"ID":569544,"ConnectionTypeID":33,"StatusTypeID":50,"LevelID":3,"PowerKW":250,"CurrentTypeID":30,"Quantity":3}]},{"ID":302926,"UUID":"F804EDDA-3B3D-493A-ACFF-6853C6B118F0","NumberOfPoints":4,"AddressInfo":{"ID":303313,"Title":"Tesla Supercharger Taitung - Guanshan PXMart","AddressLine1":"No. 22 Heping Road","Town":"Guanshan","StateOrProvince":"Taitung County","Postcode":"956004","CountryID":219,"Latitude":23.04341,"Longitude":121.16207,"DistanceUnit":0},"OperatorID":23,"DataProviderID":1,"UsageTypeID":4,"StatusTypeID":50,"Connections":[{"ID":569543,"ConnectionTypeID":33,"StatusTypeID":50,"LevelID":3,"PowerKW":250,"CurrentTypeID":30,"Quantity":4}]},{"ID":302925,"UUID":"CDBB9262-945B-455C-BB6C-A0F7F35B106F","NumberOfPoints":6,"AddressInfo":{"ID":303312,"Title":"Tesla Supercharger Taichung - Xitun Wenxin 1st Road","AddressLine1":"Intersection of Huiwen 2nd Street Wenxin 1st Road","Town":"Taichung","Postcode":"40709","CountryID":219,"Latitude":24.154839,"Longitude":120.641789,"DistanceUnit":0},"OperatorID":23,"DataProviderID":1,"UsageTypeID":4,"StatusTypeID":50,"Connections":[{"ID":569542,"ConnectionTypeID":33,"StatusTypeID":50,"LevelID":3,"PowerKW":250,"CurrentTypeID":30,"Quantity":6}]},{"ID":302924,"UUID":"334EBC36-568B-4BFC-9316-72EAACFC673E","NumberOfPoints":6,"AddressInfo":{"ID":303311,"Title":"Tesla Supercharger Nantou - Puli","AddressLine1":"No. 1 Rongguang Rd","Town":"Puli Township","StateOrProvince":"Nantou County","Postcode":"54560","CountryID":219,"Latitude":23.976596,"Longitude":120.99658,"DistanceUnit":0},"OperatorID":23,"DataProviderID":1,"UsageTypeID":4,"StatusTypeID":50,"Connections":[{"ID":569541,"ConnectionTypeID":33,"StatusTypeID":50,"LevelID":3,"PowerKW":250,"CurrentTypeID":30,"Quantity":6}]},{"ID":302923,"UUID":"284A1C75-BE98-45C5-86B8-7FAEA3D097A7","NumberOfPoints":10,"AddressInfo":{"ID":303310,"Title":"Tesla Supercharger Taipei - Neihu Service Centre","AddressLine1":"No. 6, Lane 11 Section 6 Minquan East Road, Neihu District","Town":"Taipei","Postcode":"11494","CountryID":219,"Latitude":25.067136,"Longitude":121.57515,"DistanceUnit":0},"OperatorID":23,"DataProviderID":1,"UsageTypeID":4,"StatusTypeID":50,"Connections":[{"ID":569540,"ConnectionTypeID":33,"StatusTypeID":50,"LevelID":3,"PowerKW":115,"CurrentTypeID":30,"Quantity":10}]},{"ID":302922,"UUID":"F4657BF3-4028-4295-87C1-35FB8D49045E","NumberOfPoints":6,"AddressInfo":{"ID":303309,"Title":"Tesla Supercharger Taipei - Fubon Financial Center","AddressLine1":"No. 169 Section 4, Ren'ai Road","Town":"Taipei","Postcode":"106","CountryID":219,"Latitude":25.038214,"Longitude":121.552196,"DistanceUnit":0},"OperatorID":23,"DataProviderID":1,"UsageTypeID":4,"StatusTypeID":50,"Connections":[{"ID":569539,"ConnectionTypeID":33,"StatusTypeID":50,"LevelID":3,"PowerKW":250,"CurrentTypeID":30,"Quantity":6}]},{"ID":302921,"UUID":"0893D5DA-864D-494D-B89B-4A7F181D8682","NumberOfPoints":8,"AddressInfo":{"ID":303308,"Title":"Tesla Supercharger Taichung - Zhōuji","AddressLine1":"Zhōuji Road","Town":"Taichung","Postcode":"406","CountryID":219,"Latitude":24.199545,"Longitude":120.679617,"DistanceUnit":0},"OperatorID":23,"DataProviderID":1,"UsageTypeID":4,"StatusTypeID":50,"Connections":[{"ID":569538,"ConnectionTypeID":33,"StatusTypeID":50,"LevelID":3,"PowerKW":250,"CurrentTypeID":30,"Quantity":8}]},{"ID":302919,"UUID":"263A7121-D1B6-469E-AB72-381844A53246","NumberOfPoints":3,"AddressInfo":{"ID":303306,"Title":"Tesla Supercharger Taichung - Qingshui Zhongshan PXMart","AddressLine1":"No. 2-8 Zhongshan Road","Town":"Taichung","Postcode":"43344","CountryID":219,"Latitude":24.25923,"Longitude":120.5713,"DistanceUnit":0},"OperatorID":23,"DataProviderID":1,"UsageTypeID":4,"StatusTypeID":50,"Connections":[{"ID":569535,"ConnectionTypeID":33,"StatusTypeID":50,"LevelID":3,"PowerKW":250,"CurrentTypeID":30,"Quantity":3}]},{"ID":302918,"UUID":"AB2DB255-0F3B-4EEB-BC0A-DC4B74843CB9","NumberOfPoints":3,"AddressInfo":{"ID":303305,"Title":"Tesla Supercharger Taichung - Daan","AddressLine1":"No. 25 Nanbei 9th Road","Town":"Taichung","Postcode":"43963","CountryID":219,"Latitude":24.3739312,"Longitude":120.5888216,"DistanceUnit":0},"OperatorID":23,"DataProviderID":1,"UsageTypeID":4,"StatusTypeID":50,"Connections":[{"ID":569534,"ConnectionTypeID":33,"StatusTypeID":50,"LevelID":3,"PowerKW":250,"CurrentTypeID":30,"Quantity":3}]},{"ID":302917,"UUID":"9CCEDFBF-F1A7-4DC9-9C70-E950E03838DC","NumberOfPoints":4,"AddressInfo":{"ID":303304,"Title":"Tesla Supercharger New Taipei - Linkou Four Points by Sheraton","AddressLine1":"No. 1 Section 1, Wenhuasan Rd","Town":"New Taipei","Postcode":"244015","CountryID":219,"Latitude":25.0663368,"Longitude":121.36077,"DistanceUnit":0},"OperatorID":23,"DataProviderID":1,"UsageTypeID":4,"StatusTypeID":50,"Connections":[{"ID":569533,"ConnectionTypeID":33,"StatusTypeID":50,"LevelID":3,"PowerKW":250,"CurrentTypeID":30,"Quantity":4}]},{"ID":302916,"UUID":"C3020590-31DA-48F8-92C5-CA43A1EC7DA6","NumberOfPoints":6,"AddressInfo":{"ID":303303,"Title":"Tesla Supercharger Kaohsiung - Gaonan","AddressLine1":"No. 100 Gaonan Highway","Town":"Jhuhou","Postcode":"814","CountryID":219,"Latitude":22.704932,"Longitude":120.324504,"DistanceUnit":0},"OperatorID":23,"DataProviderID":1,"UsageTypeID":4,"StatusTypeID":50,"Connections":[{"ID":569532,"ConnectionTypeID":33,"StatusTypeID":50,"LevelID":3,"PowerKW":250,"CurrentTypeID":30,"Quantity":6}]},{"ID":302915,"UUID":"DBFBF487-270E-46CF-9017-CB0CC116FB9D","NumberOfPoints":6,"AddressInfo":{"ID":303302,"Title":"Tesla Supercharger Kaohsiung - Asia New Bay Area","AddressLine1":"No. 88 Chenggong 2nd Road, Qianzhen District","Town":"Kaohsiung","Postcode":"806","CountryID":219,"Latitude":22.604109,"Longitude":120.301928,"DistanceUnit":0},"OperatorID":23,"DataProviderID":1,"UsageTypeID":4,"StatusTypeID":50,"Connections":[{"ID":569531,"ConnectionTypeID":33,"StatusTypeID":50,"LevelID":3,"PowerKW":115,"CurrentTypeID":30,"Quantity":6}]},{"ID":302914,"UUID":"72B68570-2639-4F7F-B4D2-006F2809FF88","NumberOfPoints":6,"AddressInfo":{"ID":303301,"Title":"Tesla Supercharger Hsinchu - Shown Square","AddressLine1":"No. 36 Ziqiang South Road","Town":"Zhubei City","StateOrProvince":"Hsinchu County","Postcode":"30264","CountryID":219,"Latitude":24.81927,"Longitude":121.027016,"DistanceUnit":0},"OperatorID":23,"DataProviderID":1,"UsageTypeID":4,"StatusTypeID":50,"Connections":[{"ID":569530,"ConnectionTypeID":33,"StatusTypeID":50,"LevelID":3,"PowerKW":250,"CurrentTypeID":30,"Quantity":6}]},{"ID":302913,"UUID":"E3B07DC7-8B3B-4951-9760-602960B3F01E","NumberOfPoints":6,"AddressInfo":{"ID":303300,"Title":"Tesla Supercharger Chiayi - Dapumei","AddressLine1":"No. 99,   Dapu Mei Yuanqu 3rd Rd.","Town":"Dalin Township","StateOrProvince":"Chiayi County","Postcode":"622","CountryID":219,"Latitude":23.5972239,"Longitude":120.5136572,"DistanceUnit":0},"OperatorID":23,"DataProviderID":1,"UsageTypeID":4,"StatusTypeID":50,"Connections":[{"ID":569529,"ConnectionTypeID":33,"StatusTypeID":50,"LevelID":3,"PowerKW":250,"CurrentTypeID":30,"Quantity":6}]},{"ID":302911,"UUID":"DC2B85E1-B307-47B3-BA44-9EA5D63EA617","NumberOfPoints":4,"AddressInfo":{"ID":303298,"Title":"Tesla Supercharger Taitung - Changbin","AddressLine1":"No. 47號 No.11 Provincial Way","Town":"Changbin","StateOrProvince":"Taitung County","Postcode":"962","CountryID":219,"Latitude":23.2828693,"Longitude":121.4276442,"DistanceUnit":0},"OperatorID":23,"DataProviderID":1,"UsageTypeID":4,"StatusTypeID":50,"Connections":[{"ID":569526,"ConnectionTypeID":33,"StatusTypeID":50,"LevelID":3,"PowerKW":115,"CurrentTypeID":30,"Quantity":4}]},{"ID":302910,"UUID":"500C272A-F106-4E0A-B064-9DF6055E420C","NumberOfPoints":6,"AddressInfo":{"ID":303297,"Title":"Tesla Supercharger Taipei - Dazhi Noke","AddressLine1":"No. 200 B2 Lequn 3rd Rd","Town":"Taipei","Postcode":"104","CountryID":219,"Latitude":25.082608,"Longitude":121.557316,"DistanceUnit":0},"OperatorID":23,"DataProviderID":1,"UsageTypeID":4,"StatusTypeID":50,"Connections":[{"ID":569525,"ConnectionTypeID":33,"StatusTypeID":50,"LevelID":3,"PowerKW":250,"CurrentTypeID":30,"Quantity":6}]},{"ID":302909,"UUID":"BDD20E98-E7C1-4AA3-9262-A825EF077313","NumberOfPoints":6,"AddressInfo":{"ID":303296,"Title":"Tesla Supercharger Changhua - Water Recycling Center","AddressLine1":"No. 701,  Zhonghua West Road,","Town":"Changhua City","StateOrProvince":"Changhua County","Postcode":"50090","CountryID":219,"Latitude":24.0632883,"Longitude":120.5212742,"DistanceUnit":0},"OperatorID":23,"DataProviderID":1,"UsageTypeID":4,"StatusTypeID":50,"Connections":[{"ID":569524,"ConnectionTypeID":33,"StatusTypeID":50,"LevelID":3,"PowerKW":250,"CurrentTypeID":30,"Quantity":6}]},{"ID":302907,"UUID":"8F8EB579-A093-4CFA-92BE-1CB1B0871477","NumberOfPoints":2,"AddressInfo":{"ID":303294,"Title":"Tesla Supercharger Pingtung - Kenting Maya House","AddressLine1":"No. 330-6,  Kenting Road, ","Town":"Hengchun","StateOrProvince":"Pingtung County","Postcode":"946","CountryID":219,"Latitude":21.949532,"Longitude":120.790727,"DistanceUnit":0},"OperatorID":23,"DataProviderID":1,"UsageTypeID":4,"StatusTypeID":50,"Connections":[{"ID":569522,"ConnectionTypeID":33,"StatusTypeID":50,"LevelID":3,"PowerKW":115,"CurrentTypeID":30,"Quantity":2}]},{"ID":267503,"UUID":"0F7099C1-46CF-4F7A-93E6-B4B84017896E","NumberOfPoints":1,"UsageCost":"每度 8.8元","AddressInfo":{"ID":267887,"Title":"MR.CHARGER 恰吉先生","AddressLine1":"安美街123號","AddressLine2":"內湖區","Town":"台北市","Postcode":"114","CountryID":219,"Latitude":25.0599869467152,"Longitude":121.59874394106339,"ContactTelephone1":"+886 938 402 305","AccessComments":"直接進出充電車位","RelatedURL":"https://mrcharger.com.tw","DistanceUnit":0},"OperatorID":1,"DataProviderID":1,"UsageTypeID":4,"StatusTypeID":50,"Connections":[{"ID":455768,"ConnectionTypeID":32,"StatusTypeID":50,"LevelID":3,"PowerKW":120,"CurrentTypeID":30,"Quantity":1},{"ID":455769,"ConnectionTypeID":33,"StatusTypeID":50,"LevelID":3,"PowerKW":120,"CurrentTypeID":30,"Quantity":1}]},{"ID":266577,"UUID":"99E6692B-DD0F-400A-A235-BB9D617E2CCD","NumberOfPoints":4,"AddressInfo":{"ID":266961,"Title":"U-POWER花蓮中山站","AddressLine1":"970花蓮縣花蓮市中山路一段11-1號","Town":"Hualien","CountryID":219,"Latitude":23.996573561023517,"Longitude":121.59397160089866,"DistanceUnit":0},"OperatorID":3679,"DataProviderID":1,"UsageTypeID":4,"StatusTypeID":50,"Connections":[{"ID":453782,"ConnectionTypeID":32,"StatusTypeID":50,"LevelID":3,"PowerKW":360,"CurrentTypeID":30,"Quantity":2},{"ID":453783,"ConnectionTypeID":33,"StatusTypeID":50,"LevelID":3,"PowerKW":360,"CurrentTypeID":30,"Quantity":2}]},{"ID":266576,"UUID":"BDA3B30E-5D46-4EC1-8263-7EC9A8BC430C","NumberOfPoints":4,"AddressInfo":{"ID":266960,"Title":"U-POWER台東鐵花站","AddressLine1":"950台東縣台東市新生路169號","Town":"Taitung","CountryID":219,"Latitude":22.75437947639054,"Longitude":121.14568316061283,"DistanceUnit":0},"OperatorID":1,"DataProviderID":1,"UsageTypeID":4,"StatusTypeID":50,"Connections":[{"ID":453780,"ConnectionTypeID":32,"StatusTypeID":50,"LevelID":3,"PowerKW":360,"CurrentTypeID":30,"Quantity":2},{"ID":453781,"ConnectionTypeID":33,"StatusTypeID":50,"LevelID":3,"PowerKW":360,"CurrentTypeID":30,"Quantity":2}]},{"ID":266573,"UUID":"82C8A7FB-3090-4841-8A94-1DD22789777B","NumberOfPoints":4,"AddressInfo":{"ID":266957,"Title":"U-POWER屏東恆春站","AddressLine1":"946屏東縣恆春鎮恆公路206-1號","Town":"Pingtung","CountryID":219,"Latitude":21.997509020588648,"Longitude":120.74229444364892,"DistanceUnit":0},"OperatorID":3679,"DataProviderID":1,"UsageTypeID":4,"StatusTypeID":50,"Connections":[{"ID":453766,"ConnectionTypeID":32,"StatusTypeID":50,"LevelID":3,"PowerKW":360,"CurrentTypeID":30,"Quantity":2},{"ID":453767,"ConnectionTypeID":33,"StatusTypeID":50,"LevelID":3,"PowerKW":360,"CurrentTypeID":30,"Quantity":2}]},{"ID":266572,"UUID":"2DBDB517-3109-4E75-B0AF-93B9EDFFEAE6","NumberOfPoints":8,"AddressInfo":{"ID":266956,"Title":"U-POWER高雄裕誠站","AddressLine1":"813高雄市左營區裕誠路258號","Town":"Kaohsiung","CountryID":219,"Latitude":22.66482695354256,"Longitude":120.30956956824673,"DistanceUnit":0},"OperatorID":3679,"DataProviderID":1,"UsageTypeID":4,"StatusTypeID":50,"Connections":[{"ID":453764,"ConnectionTypeID":32,"StatusTypeID":50,"LevelID":3,"PowerKW":360,"CurrentTypeID":30,"Quantity":4},{"ID":453765,"ConnectionTypeID":33,"StatusTypeID":50,"LevelID":3,"PowerKW":360,"CurrentTypeID":30,"Quantity":4}]},{"ID":266571,"UUID":"484311A1-5338-4064-815E-05D7B63474C3","NumberOfPoints":6,"AddressInfo":{"ID":266955,"Title":"U-POWER台南裕農站","AddressLine1":"701台南市東區裕農路921-1號","Town":"Tainan","CountryID":219,"Latitude":22.990207324842924,"Longitude":120.24469913779528,"DistanceUnit":0},"OperatorID":3679,"DataProviderID":1,"UsageTypeID":4,"StatusTypeID":50,"Connections":[{"ID":453762,"ConnectionTypeID":32,"StatusTypeID":50,"LevelID":3,"PowerKW":360,"CurrentTypeID":30,"Quantity":2},{"ID":453763,"ConnectionTypeID":33,"StatusTypeID":50,"LevelID":3,"PowerKW":360,"CurrentTypeID":30,"Quantity":4}]},{"ID":266570,"UUID":"9C94E4B1-526D-4B24-A76E-C93873C4BCAE","NumberOfPoints":4,"AddressInfo":{"ID":266954,"Title":"U-POWER南投埔里站","AddressLine1":"545南投縣埔里鎮中山路二段143號","Town":"Nantou","CountryID":219,"Latitude":23.968640511126285,"Longitude":120.9718240921475,"DistanceUnit":0},"OperatorID":3679,"DataProviderID":1,"UsageTypeID":4,"StatusTypeID":50,"Connections":[{"ID":453760,"ConnectionTypeID":32,"StatusTypeID":50,"LevelID":3,"PowerKW":360,"CurrentTypeID":30,"Quantity":2},{"ID":453761,"ConnectionTypeID":33,"StatusTypeID":50,"LevelID":3,"PowerKW":360,"CurrentTypeID":30,"Quantity":2}]},{"ID":266569,"UUID":"B3DBF169-67B6-4E0D-A167-38B679919F65","NumberOfPoints":4,"AddressInfo":{"ID":266953,"Title":"U-POWER台中霧峰站","AddressLine1":"413台中市霧峰區中正路595號","Town":"Taichung","CountryID":219,"Latitude":24.055497007824975,"Longitude":120.69689040922552,"DistanceUnit":0},"OperatorID":3679,"DataProviderID":1,"UsageTypeID":4,"StatusTypeID":50,"Connections":[{"ID":453758,"ConnectionTypeID":32,"StatusTypeID":50,"LevelID":3,"PowerKW":360,"CurrentTypeID":30,"Quantity":2},{"ID":453759,"ConnectionTypeID":33,"StatusTypeID":50,"LevelID":3,"PowerKW":360,"CurrentTypeID":30,"Quantity":2}]},{"ID":266568,"UUID":"8EDF9A87-BF69-498F-871A-E1FE0F635053","NumberOfPoints":4,"AddressInfo":{"ID":266952,"Title":"U-POWER台中五權站","AddressLine1":"403台中市西區三民路一段39號","Town":"Taichung","CountryID":219,"Latitude":24.130904408345653,"Longitude":120.66733459476906,"DistanceUnit":0},"OperatorID":3679,"DataProviderID":1,"UsageTypeID":4,"StatusTypeID":50,"Connections":[{"ID":453756,"ConnectionTypeID":32,"StatusTypeID":50,"LevelID":3,"PowerKW":360,"CurrentTypeID":30,"Quantity":2},{"ID":453757,"ConnectionTypeID":33,"StatusTypeID":50,"LevelID":3,"PowerKW":360,"CurrentTypeID":30,"Quantity":2}]},{"ID":266567,"UUID":"0CA9B203-F395-4652-92C3-0087CA0C0B17","NumberOfPoints":4,"AddressInfo":{"ID":266951,"Title":"U-POWER台中安和站","AddressLine1":"407台中市西屯區安和路120之17號","Town":"Taichung","CountryID":219,"Latitude":24.17734945549554,"Longitude":120.62394862380737,"DistanceUnit":0},"OperatorID":3679,"DataProviderID":1,"UsageTypeID":4,"StatusTypeID":50,"Connections":[{"ID":453754,"ConnectionTypeID":32,"StatusTypeID":50,"LevelID":3,"PowerKW":360,"CurrentTypeID":30,"Quantity":2},{"ID":453755,"ConnectionTypeID":33,"StatusTypeID":50,"LevelID":3,"PowerKW":360,"CurrentTypeID":30,"Quantity":2}]},{"ID":266566,"UUID":"A6D5C565-02D7-425E-85CD-ACE528358ACF","NumberOfPoints":4,"AddressInfo":{"ID":266950,"Title":"U-POWER新竹慈祥站","AddressLine1":"300新竹市東區慈祥路97號","Town":"Hsinchu","CountryID":219,"Latitude":24.793898835557467,"Longitude":121.00892213321526,"DistanceUnit":0},"OperatorID":3679,"DataProviderID":1,"UsageTypeID":4,"StatusTypeID":50,"Connections":[{"ID":453752,"ConnectionTypeID":32,"StatusTypeID":50,"LevelID":3,"PowerKW":360,"CurrentTypeID":30,"Quantity":2},{"ID":453753,"ConnectionTypeID":33,"StatusTypeID":50,"LevelID":3,"PowerKW":360,"CurrentTypeID":30,"Quantity":2}]},{"ID":266565,"UUID":"7D4C21FB-7914-40ED-BA18-2B39DB2A84FA","NumberOfPoints":4,"AddressInfo":{"ID":266949,"Title":"U-POWER桃園經國站","AddressLine1":"330桃園市桃園區經國二路101號","Town":"Taoyuan","CountryID":219,"Latitude":25.03057404240774,"Longitude":121.2979439101629,"DistanceUnit":0},"OperatorID":3679,"DataProviderID":1,"UsageTypeID":4,"StatusTypeID":50,"Connections":[{"ID":453750,"ConnectionTypeID":32,"StatusTypeID":50,"LevelID":3,"PowerKW":360,"CurrentTypeID":30,"Quantity":2},{"ID":453751,"ConnectionTypeID":33,"StatusTypeID":50,"LevelID":3,"PowerKW":360,"CurrentTypeID":30,"Quantity":2}]},{"ID":266564,"UUID":"FD2AA960-4D9F-43F6-B22B-B140A83E7984","NumberOfPoints":4,"AddressInfo":{"ID":266948,"Title":"U-POWER新北林口站","AddressLine1":"244新北市林口區文化一路二段8號","Town":"New Taipei City","CountryID":219,"Latitude":25.076486507313405,"Longitude":121.38041289751823,"DistanceUnit":0},"OperatorID":3679,"DataProviderID":1,"UsageTypeID":4,"StatusTypeID":50,"Connections":[{"ID":453748,"ConnectionTypeID":32,"StatusTypeID":50,"LevelID":3,"PowerKW":360,"CurrentTypeID":30,"Quantity":2},{"ID":453749,"ConnectionTypeID":33,"StatusTypeID":50,"LevelID":3,"PowerKW":360,"CurrentTypeID":30,"Quantity":2}]},{"ID":266493,"UUID":"6B92E36E-16A5-4E78-92FD-78E44144C68B","NumberOfPoints":4,"AddressInfo":{"ID":266877,"Title":"U-POWER內湖行忠站","AddressLine1":"114台北市內湖區行忠路69號","Town":"Taipei","CountryID":219,"Latitude":25.066146460971908,"Longitude":121.5785304146932,"DistanceUnit":0},"OperatorID":3679,"DataProviderID":1,"UsageTypeID":4,"StatusTypeID":50,"Connections":[{"ID":453596,"ConnectionTypeID":32,"StatusTypeID":50,"LevelID":3,"PowerKW":360,"CurrentTypeID":30,"Quantity":2},{"ID":453597,"ConnectionTypeID":33,"StatusTypeID":50,"LevelID":3,"PowerKW":360,"CurrentTypeID":30,"Quantity":2}]},{"ID":190153,"UUID":"E76E4D79-977C-406C-B51B-7507A990A6E1","NumberOfPoints":1,"UsageCost":"每度8.8元","AddressInfo":{"ID":190512,"Title":"家樂福 中原店","AddressLine1":"320桃園市中壢區中華路二段501號","Town":"桃園","CountryID":219,"Latitude":24.962445234254744,"Longitude":121.23206739141835,"ContactTelephone1":"080 020 0359","RelatedURL":"http://carrefour.com.tw","DistanceUnit":0},"OperatorID":1,"DataProviderID":1,"UsageTypeID":4,"StatusTypeID":50,"Connections":[{"ID":308153,"ConnectionTypeID":32,"StatusTypeID":50,"LevelID":3,"PowerKW":120,"CurrentTypeID":30,"Quantity":1}]},{"ID":190152,"UUID":"A5898C12-386A-487F-9CAF-FF77E628150D","NumberOfPoints":1,"UsageCost":"每度8.8元","AddressInfo":{"ID":190511,"Title":"家樂福三民店","AddressLine1":"105台北市松山區三民路160號","Town":"台北","CountryID":219,"Latitude":25.061783107897156,"Longitude":121.56373178908507,"ContactTelephone1":"02 2767 0702","RelatedURL":"http://carrefour.com.tw","DistanceUnit":0},"OperatorID":1,"DataProviderID":1,"UsageTypeID":4,"StatusTypeID":50,"Connections":[{"ID":308152,"ConnectionTypeID":32,"StatusTypeID":50,"LevelID":3,"PowerKW":120,"CurrentTypeID":30,"Quantity":1}]},{"ID":190125,"UUID":"BECB7F4B-CC54-4140-A71B-4C7460E06258","NumberOfPoints":1,"UsageCost":"每度8元","AddressInfo":{"ID":190484,"Title":"樹谷園區服務中心停車場","AddressLine1":"Southern Taiwan Science Park","Town":"台南","Postcode":"744","CountryID":219,"Latitude":23.10456408242193,"Longitude":120.2614697548754,"ContactTelephone1":"06 588 9955","RelatedURL":"http://treevalley.org","DistanceUnit":0},"OperatorID":1,"DataProviderID":1,"UsageTypeID":4,"StatusTypeID":50,"Connections":[{"ID":308066,"ConnectionTypeID":32,"StatusTypeID":50,"LevelID":3,"PowerKW":120,"CurrentTypeID":30,"Quantity":1},{"ID":308085,"ConnectionTypeID":2,"StatusTypeID":50,"LevelID":3,"PowerKW":60,"CurrentTypeID":30,"Quantity":1},{"ID":308086,"ConnectionTypeID":1,"StatusTypeID":50,"CurrentTypeID":10,"Quantity":1}]},{"ID":190124,"UUID":"EC015754-DDED-41EF-90E2-9AA6CCFDC8CD","NumberOfPoints":1,"UsageCost":"每度8元","AddressInfo":{"ID":190483,"Title":"錸寶科技","AddressLine1":"303新竹縣湖口鄉光復北路12號","Town":"新竹縣","CountryID":219,"Latitude":24.875406592063214,"Longitude":121.03586582918012,"ContactTelephone1":"03 598 9999","AccessComments":"EV Oasis","RelatedURL":"http://ritdisplay.com","DistanceUnit":0},"DataProviderID":1,"UsageTypeID":4,"StatusTypeID":50,"Connections":[{"ID":308065,"ConnectionTypeID":32,"StatusTypeID":50,"LevelID":3,"PowerKW":120,"CurrentTypeID":30,"Quantity":1},{"ID":308096,"ConnectionTypeID":2,"StatusTypeID":50,"LevelID":3,"PowerKW":60,"CurrentTypeID":30,"Quantity":1},{"ID":308097,"ConnectionTypeID":1,"StatusTypeID":50,"CurrentTypeID":10,"Quantity":1}]},{"ID":190123,"UUID":"20E320FC-058F-4520-AB68-0B1F64E8500A","NumberOfPoints":1,"UsageCost":"每度12元","AddressInfo":{"ID":190482,"Title":"Audi 高雄展示中心 / 奧迪嚴選中古車","AddressLine1":"306, Sinjhuang 1st Road","Town":"高雄","CountryID":219,"Latitude":22.670830916978943,"Longitude":120.30076363029036,"ContactTelephone1":"07 555 5936","DistanceUnit":0},"OperatorID":1,"DataProviderID":1,"UsageTypeID":4,"StatusTypeID":50,"Connections":[{"ID":308064,"ConnectionTypeID":32,"StatusTypeID":50,"LevelID":3,"PowerKW":180,"CurrentTypeID":30,"Quantity":1}]},{"ID":190122,"UUID":"6F1BD423-F95E-49D2-AA59-5DF9B5B2832C","NumberOfPoints":1,"UsageCost":"每度12元","AddressInfo":{"ID":190481,"Title":"Audi 新竹展示中心","AddressLine1":"300新竹市東區中華路一段257之3號","Town":"新竹市","CountryID":219,"Latitude":24.81173693405998,"Longitude":120.9883735171843,"ContactTelephone1":"03 532 6388","RelatedURL":"http://audi.com.tw","DistanceUnit":0},"OperatorID":1,"DataProviderID":1,"UsageTypeID":4,"StatusTypeID":50,"Connections":[{"ID":308062,"ConnectionTypeID":32,"StatusTypeID":50,"LevelID":3,"PowerKW":180,"CurrentTypeID":30,"Quantity":1},{"ID":308063,"ConnectionTypeID":32,"StatusTypeID":50,"LevelID":3,"PowerKW":180,"CurrentTypeID":30,"Quantity":2}]},{"ID":190121,"UUID":"4528149C-61B6-442E-AB63-C63119E35A6B","NumberOfPoints":1,"UsageCost":"每度12元","AddressInfo":{"ID":190480,"Title":"Audi 濱江展示中心","AddressLine1":"10491台北市中山區濱江街209號","Town":"台北市","CountryID":219,"Latitude":25.072780005116087,"Longitude":121.54001226782975,"ContactTelephone1":"02 2516 6158","DistanceUnit":0},"OperatorID":1,"DataProviderID":1,"UsageTypeID":4,"StatusTypeID":50,"Connections":[{"ID":308061,"ConnectionTypeID":32,"StatusTypeID":50,"LevelID":3,"PowerKW":180,"CurrentTypeID":30,"Quantity":1}]},{"ID":190120,"UUID":"F6EE18E3-3F7B-41A7-9D5E-AA850DE6B283","NumberOfPoints":1,"UsageCost":"每度12元","AddressInfo":{"ID":190479,"Title":"Audi 新莊展示中心","AddressLine1":"242新北市新莊區中正路54號","Town":"新北市","CountryID":219,"Latitude":25.040387115197404,"Longitude":121.46189186402489,"ContactTelephone1":"02 2998 8866","RelatedURL":"http://audi.com.tw","DistanceUnit":0},"OperatorID":1,"DataProviderID":1,"UsageTypeID":4,"StatusTypeID":50,"Connections":[{"ID":308060,"ConnectionTypeID":32,"StatusTypeID":50,"LevelID":3,"PowerKW":180,"CurrentTypeID":30,"Quantity":1}]},{"ID":190119,"UUID":"BF07FA07-43FD-4610-9EC2-4BD531DA92E9","NumberOfPoints":1,"UsageCost":"每度12元","AddressInfo":{"ID":190478,"Title":"Audi 內湖展示中心","AddressLine1":"114台北市內湖區新湖三路288號","Town":"台北","CountryID":219,"Latitude":25.066721196847098,"Longitude":121.58253858463956,"ContactTelephone1":"02 2793 9191","DistanceUnit":0},"OperatorID":1,"DataProviderID":1,"UsageTypeID":4,"StatusTypeID":50,"Connections":[{"ID":308059,"ConnectionTypeID":32,"StatusTypeID":50,"LevelID":3,"PowerKW":180,"CurrentTypeID":30,"Quantity":1}]},{"ID":189966,"UUID":"AC772594-2021-4AA0-9648-AF3F856E1CAC","NumberOfPoints":1,"UsageCost":"11元/度","AddressInfo":{"ID":190325,"Title":"南屯統一鑫中潭門市直流樁","AddressLine1":"南投縣魚池鄉通文巷6-28號","Town":"南頭","CountryID":219,"Latitude":23.90506954538391,"Longitude":120.92736108582778,"ContactTelephone1":"0800885150","AccessComments":"華城電能","DistanceUnit":0},"OperatorID":1,"DataProviderID":1,"UsageTypeID":4,"StatusTypeID":50,"Connections":[{"ID":307683,"ConnectionTypeID":32,"StatusTypeID":50,"LevelID":3,"PowerKW":120,"CurrentTypeID":30,"Quantity":1},{"ID":307703,"ConnectionTypeID":2,"StatusTypeID":50,"LevelID":3,"PowerKW":100,"CurrentTypeID":30,"Quantity":1}]},{"ID":189965,"UUID":"44CCBF7C-AEC9-4C12-AA70-F7DD269E1051","NumberOfPoints":1,"AddressInfo":{"ID":190324,"Title":"台灣中油-西螺服務區北上加油站(北極星能源)","AddressLine1":"648雲林縣西螺鎮高速公路加油站2-2號","Town":"雲林","CountryID":219,"Latitude":23.789771909767808,"Longitude":120.47981020187262,"ContactTelephone1":"05 588 2005","AccessComments":"高速公路休息站加油區","RelatedURL":"http://nspco.com.tw","DistanceUnit":0},"OperatorID":1,"DataProviderID":1,"UsageTypeID":4,"StatusTypeID":50,"Connections":[{"ID":307682,"ConnectionTypeID":33,"StatusTypeID":50,"LevelID":3,"PowerKW":200,"CurrentTypeID":30,"Quantity":1}]},{"ID":189964,"UUID":"1B684E3E-E4D9-4B90-BD4F-BF77822D54D8","NumberOfPoints":1,"AddressInfo":{"ID":190323,"Title":"中華賓士台南服務廠","AddressLine1":"710台南市永康區中正南路200號1F","Town":"台南","CountryID":219,"Latitude":23.02488030968935,"Longitude":120.21985909384466,"ContactTelephone1":"710台南市永康區中正南路200號1F","RelatedURL":"http://cmi.mercedes-benz.com.tw","DistanceUnit":0},"OperatorID":1,"DataProviderID":1,"UsageTypeID":4,"StatusTypeID":50,"Connections":[{"ID":307681,"ConnectionTypeID":33,"StatusTypeID":50,"LevelID":3,"PowerKW":120,"CurrentTypeID":30,"Quantity":1}]},{"ID":189963,"UUID":"78095668-C237-4705-863F-EF65A5DA929D","NumberOfPoints":1,"AddressInfo":{"ID":190322,"Title":"德冠賓士 北高雄全方位展示中心暨服務廠","AddressLine1":"813高雄市左營區博愛三路55號","Town":"高雄","CountryID":219,"Latitude":22.6722596353423,"Longitude":120.30394609601183,"ContactTelephone1":"080 082 6158","RelatedURL":"http://sup.mercedes-benz.com.tw","DistanceUnit":0},"OperatorID":1,"DataProviderID":1,"UsageTypeID":4,"StatusTypeID":50,"Connections":[{"ID":307680,"ConnectionTypeID":33,"StatusTypeID":50,"LevelID":3,"PowerKW":120,"CurrentTypeID":30,"Quantity":1}]},{"ID":189962,"UUID":"1531A45E-462C-4CC6-B3C8-583D3CD8741F","NumberOfPoints":1,"AddressInfo":{"ID":190321,"Title":"賓泓賓士台南展示中心","AddressLine1":"702台南市南區中華西路一段63號","Town":"台南","CountryID":219,"Latitude":22.97239838359569,"Longitude":120.18336202828846,"ContactTelephone1":"06 292 5085","RelatedURL":"http://bw.mercedes-benz.com.tw","DistanceUnit":0},"OperatorID":1,"DataProviderID":1,"UsageTypeID":4,"StatusTypeID":50,"Connections":[{"ID":307679,"ConnectionTypeID":33,"StatusTypeID":50,"LevelID":3,"PowerKW":120,"CurrentTypeID":30,"Quantity":1}]},{"ID":189961,"UUID":"06100407-00B8-4189-8CE3-E6B60382D74E","NumberOfPoints":1,"AddressInfo":{"ID":190320,"Title":"中華賓士花蓮服務廠","AddressLine1":"973花蓮縣吉安鄉中原路一段268號1F","Town":"花蓮","CountryID":219,"Latitude":23.98057696068271,"Longitude":121.58545506652194,"ContactTelephone1":"03 853 8181","RelatedURL":"http://cmi.mercedes-benz.com.tw","DistanceUnit":0},"OperatorID":1,"DataProviderID":1,"UsageTypeID":4,"StatusTypeID":50,"Connections":[{"ID":307678,"ConnectionTypeID":33,"StatusTypeID":50,"LevelID":3,"PowerKW":120,"CurrentTypeID":30,"Quantity":1}]},{"ID":189960,"UUID":"8360C1D2-A56A-4112-A477-9B56AB28217E","NumberOfPoints":1,"AddressInfo":{"ID":190319,"Title":"中華賓士高屏服務廠","AddressLine1":"831高雄市大寮區鳳屏一路288號1樓","Town":"高雄","CountryID":219,"Latitude":22.633180283732784,"Longitude":120.3888933961764,"ContactTelephone1":"07 702 6699","RelatedURL":"http://cmi.mercedes-benz.com.tw","DistanceUnit":0},"OperatorID":1,"DataProviderID":1,"UsageTypeID":4,"StatusTypeID":50,"Connections":[{"ID":307677,"ConnectionTypeID":33,"StatusTypeID":50,"LevelID":3,"PowerKW":120,"CurrentTypeID":30,"Quantity":1}]},{"ID":189959,"UUID":"B8C56918-D39D-46C1-8904-5B42C6401790","NumberOfPoints":1,"AddressInfo":{"ID":190318,"Title":"中華賓士河南服務廠","AddressLine1":"407台中市西屯區河南路二段39號1F","Town":"台中","CountryID":219,"Latitude":24.174222811074955,"Longitude":120.65983808990813,"ContactTelephone1":"04 2312 6698","RelatedURL":"http://cmi.mercedes-benz.com.tw","DistanceUnit":0},"OperatorID":1,"DataProviderID":1,"UsageTypeID":4,"StatusTypeID":50,"Connections":[{"ID":307676,"ConnectionTypeID":33,"StatusTypeID":50,"LevelID":3,"PowerKW":120,"CurrentTypeID":30,"Quantity":1}]},{"ID":189956,"UUID":"9CE99565-40E0-414E-AAAB-3B8018E56408","NumberOfPoints":1,"AddressInfo":{"ID":190315,"Title":"中華賓士桃園服務廠","AddressLine1":"33057桃園市桃園區中山路1312號","Town":"桃園","CountryID":219,"Latitude":24.97965619591463,"Longitude":121.27269061806078,"ContactTelephone1":"03 369 9868","RelatedURL":"http://cmi.mercedes-benz.com.tw","DistanceUnit":0},"OperatorID":1,"DataProviderID":1,"UsageTypeID":4,"StatusTypeID":50,"Connections":[{"ID":307669,"ConnectionTypeID":33,"StatusTypeID":50,"LevelID":3,"PowerKW":120,"CurrentTypeID":30,"Quantity":1}]},{"ID":189954,"UUID":"96A82EC1-9EB4-4D7B-AD37-174D6FD325E3","NumberOfPoints":1,"AddressInfo":{"ID":190313,"Title":"中華賓士關渡服務廠","AddressLine1":"112台北市北投區大度路三段168號B2","Town":"台北","CountryID":219,"Latitude":25.123783352297437,"Longitude":121.46846017814369,"ContactTelephone1":"02 2893 6226","RelatedURL":"http://cmi.mercedes-benz.com.tw","DistanceUnit":0},"OperatorID":1,"DataProviderID":1,"UsageTypeID":4,"StatusTypeID":50,"Connections":[{"ID":307667,"ConnectionTypeID":33,"StatusTypeID":50,"LevelID":3,"PowerKW":120,"CurrentTypeID":30,"Quantity":1}]},{"ID":189953,"UUID":"58E7291D-E229-4D2F-95CF-1F62B6D81E03","NumberOfPoints":1,"AddressInfo":{"ID":190312,"Title":"賓航賓士原廠精選中古車","AddressLine1":"235新北市中和區建八路63號","Town":"新北","CountryID":219,"Latitude":24.99947900912737,"Longitude":121.48729892342135,"ContactTelephone1":"02 3234 9488","RelatedURL":"http://mercedes-benz-select.com.tw","DistanceUnit":0},"OperatorID":1,"DataProviderID":1,"UsageTypeID":4,"StatusTypeID":50,"Connections":[{"ID":307666,"ConnectionTypeID":33,"StatusTypeID":50,"LevelID":3,"PowerKW":120,"CurrentTypeID":30,"Quantity":1}]},{"ID":189952,"UUID":"81B3CF22-E456-4D1D-9525-5F9BD007DAB4","NumberOfPoints":1,"AddressInfo":{"ID":190311,"Title":"台隆賓士原廠精選中古車 濱江展示中心","AddressLine1":"10472台北市中山區濱江街277號","Town":"Taipei","CountryID":219,"Latitude":25.072851589786296,"Longitude":121.54304384278907,"DistanceUnit":0},"OperatorID":1,"DataProviderID":1,"UsageTypeID":4,"StatusTypeID":50,"Connections":[{"ID":307665,"ConnectionTypeID":33,"StatusTypeID":50,"LevelID":3,"PowerKW":120,"CurrentTypeID":30,"Quantity":1}]},{"ID":189815,"UUID":"B78002CF-5415-45E1-8A44-AF5DA615DFC0","NumberOfPoints":1,"UsageCost":"每度12元","AddressInfo":{"ID":190174,"Title":"Audi 台中展示中心","AddressLine1":"Wuquan West Road Section 2","Town":"南屯","StateOrProvince":"Taichung City","Postcode":"40841","CountryID":219,"Latitude":24.141275731870465,"Longitude":120.64072895848494,"ContactTelephone1":"04 2383 1188","AccessComments":"請撥打電話由總機服務","RelatedURL":"http://audi.com.tw","DistanceUnit":0},"OperatorID":1,"DataProviderID":1,"UsageTypeID":4,"StatusTypeID":50,"Connections":[{"ID":307128,"ConnectionTypeID":0,"StatusTypeID":50,"LevelID":3,"PowerKW":180,"CurrentTypeID":30,"Quantity":1}]},{"ID":189813,"UUID":"C9EB375E-84B4-4BEF-9A51-8D66A253AFD9","NumberOfPoints":2,"AddressInfo":{"ID":190172,"Title":"中彰賓士直流快充站CCS1","AddressLine1":"益昌六街","Town":"永定厝","StateOrProvince":"Taichung City","Postcode":"408","CountryID":219,"Latitude":24.144282063646017,"Longitude":120.63222318083558,"ContactTelephone1":"04 2312 6698","RelatedURL":"http://cmi.mercedes-benz.com.tw","DistanceUnit":0},"OperatorID":1,"DataProviderID":1,"UsageTypeID":4,"StatusTypeID":50,"Connections":[{"ID":307710,"ConnectionTypeID":0,"StatusTypeID":50,"LevelID":3,"PowerKW":120,"CurrentTypeID":30,"Quantity":1}]},{"ID":128138,"UUID":"BE765764-2AA3-4780-86B8-07E03A4F8DD2","NumberOfPoints":1,"AddressInfo":{"ID":128484,"Title":"埔里書法之家民宿","AddressLine1":"No. 7-2, Shuiqiang Ln., Puli Township, Nantou County 545, Taiwan (R.O.C.)","Town":"Puli Township","StateOrProvince":"Nantou County","Postcode":"54548","CountryID":219,"Latitude":23.9457392587096,"Longitude":120.952827222284,"DistanceUnit":0},"OperatorID":1,"DataProviderID":1,"UsageTypeID":5,"StatusTypeID":30,"Connections":[{"ID":179309,"ConnectionTypeID":30,"LevelID":2,"Amps":32,"Voltage":220,"PowerKW":5,"CurrentTypeID":10}]},{"ID":125180,"UUID":"3A405B85-5D69-4443-8CE5-51F03442CC34","NumberOfPoints":1,"AddressInfo":{"ID":125526,"Title":"HOYA HOT SPRINGS RESORT & SPA","AddressLine1":"16號龍泉路","Town":"臺東縣","StateOrProvince":"臺東縣","Postcode":"963","CountryID":219,"Latitude":22.6924630808866,"Longitude":121.020988296096,"ContactTelephone1":"+886-89-510-510","RelatedURL":"http://www.hoyaresort.com.tw/springs/","DistanceUnit":0},"OperatorID":3346,"DataProviderID":1,"UsageTypeID":1,"StatusTypeID":50,"Connections":[{"ID":175436,"ConnectionTypeID":1,"StatusTypeID":50,"LevelID":2,"Amps":32,"Voltage":220,"PowerKW":7,"CurrentTypeID":10,"Quantity":1}],"MediaItems":[{"ID":18020,"ChargePointID":125180,"ItemURL":"https://media.openchargemap.io/images/TW/OCM125180/OCM-125180.orig.2019041106172271.jpg","ItemThumbnailURL":"https://media.openchargemap.io/images/TW/OCM125180/OCM-125180.thmb.2019041106172271.jpg","Comment":"","IsEnabled":true,"IsVideo":false,"IsFeaturedItem":false,"IsExternalResource":false,"User":{"ID":19389,"Username":"Revol"},"DateCreated":"2019-04-11T06:18:00Z"},{"ID":18019,"ChargePointID":125180,"ItemURL":"https://media.openchargemap.io/images/TW/OCM125180/OCM-125180.orig.2019041106170814.jpg","ItemThumbnailURL":"https://media.openchargemap.io/images/TW/OCM125180/OCM-125180.thmb.2019041106170814.jpg","Comment":"","IsEnabled":true,"IsVideo":false,"IsFeaturedItem":false,"IsExternalResource":false,"User":{"ID":19389,"Username":"Revol"},"DateCreated":"2019-04-11T06:17:00Z"}]},{"ID":125140,"UUID":"FAD9373F-5A1C-4552-9D1D-02D0BCCB01AA","NumberOfPoints":1,"AddressInfo":{"ID":125486,"Title":"HOYA HOT SPRINGS RESORT & SPA","AddressLine1":"16號龍泉路","Town":"臺東縣","StateOrProvince":"臺東縣","Postcode":"963","CountryID":219,"Latitude":22.6930330726933,"Longitude":121.024723935298,"ContactTelephone1":"+886-89-510-510","RelatedURL":"http://www.hoyaresort.com.tw/springs/","DistanceUnit":0},"OperatorID":3346,"DataProviderID":1,"UsageTypeID":1,"StatusTypeID":50,"Connections":[{"ID":175395,"ConnectionTypeID":1,"StatusTypeID":50,"LevelID":2,"Amps":32,"Voltage":220,"PowerKW":7,"CurrentTypeID":10,"Quantity":1}],"MediaItems":[{"ID":18017,"ChargePointID":125140,"ItemURL":"https://media.openchargemap.io/images/TW/OCM125140/OCM-125140.orig.2019041104052976.jpg","ItemThumbnailURL":"https://media.openchargemap.io/images/TW/OCM125140/OCM-125140.thmb.2019041104052976.jpg","Comment":"","IsEnabled":true,"IsVideo":false,"IsFeaturedItem":false,"IsExternalResource":false,"User":{"ID":19389,"Username":"Revol"},"DateCreated":"2019-04-11T04:06:00Z"},{"ID":18018,"ChargePointID":125140,"ItemURL":"https://media.openchargemap.io/images/TW/OCM125140/OCM-125140.orig.2019041104055076.jpg","ItemThumbnailURL":"https://media.openchargemap.io/images/TW/OCM125140/OCM-125140.thmb.2019041104055076.jpg","Comment":"","IsEnabled":true,"IsVideo":false,"IsFeaturedItem":false,"IsExternalResource":false,"User":{"ID":19389,"Username":"Revol"},"DateCreated":"2019-04-11T04:06:00Z"}]},{"ID":125139,"UUID":"E31103B5-85AC-4E5E-A96F-8C6A34C37866","NumberOfPoints":1,"AddressInfo":{"ID":125485,"Title":"Nalu Bend Galaxy Hotel","AddressLine1":"66 Fung Hing Road ","Town":"臺東縣","StateOrProvince":"臺東縣","Postcode":"950","CountryID":219,"Latitude":22.7754588890831,"Longitude":121.101506777123,"ContactTelephone1":"886-089-382666","ContactEmail":"service@naruwan-hotel.com.tw","RelatedURL":"https://www.naruwan-galaxy.com.tw/en/","DistanceUnit":0},"OperatorID":3346,"DataProviderID":1,"UsageTypeID":1,"StatusTypeID":50,"Connections":[{"ID":175394,"ConnectionTypeID":1,"StatusTypeID":50,"LevelID":2,"Amps":32,"Voltage":220,"PowerKW":7,"CurrentTypeID":10,"Quantity":1}],"MediaItems":[{"ID":18013,"ChargePointID":125139,"ItemURL":"https://media.openchargemap.io/images/TW/OCM125139/OCM-125139.orig.2019041103534499.jpg","ItemThumbnailURL":"https://media.openchargemap.io/images/TW/OCM125139/OCM-125139.thmb.2019041103534499.jpg","Comment":"","IsEnabled":true,"IsVideo":false,"IsFeaturedItem":false,"IsExternalResource":false,"User":{"ID":19389,"Username":"Revol"},"DateCreated":"2019-04-11T03:54:00Z"},{"ID":18014,"ChargePointID":125139,"ItemURL":"https://media.openchargemap.io/images/TW/OCM125139/OCM-125139.orig.2019041103535529.jpg","ItemThumbnailURL":"https://media.openchargemap.io/images/TW/OCM125139/OCM-125139.thmb.2019041103535529.jpg","Comment":"","IsEnabled":true,"IsVideo":false,"IsFeaturedItem":false,"IsExternalResource":false,"User":{"ID":19389,"Username":"Revol"},"DateCreated":"2019-04-11T03:54:00Z"}]},{"ID":125138,"UUID":"81FF701D-F8D5-4427-8340-A19B3544804E","NumberOfPoints":1,"AddressInfo":{"ID":125484,"Title":"日暉國際渡假村","AddressLine1":"No. 107","AddressLine2":"Xinxing","Town":"Taitung","Postcode":"958","CountryID":219,"Latitude":23.1064963860529,"Longitude":121.19894891624,"DistanceUnit":0},"OperatorID":3346,"DataProviderID":1,"UsageTypeID":1,"StatusTypeID":50,"Connections":[{"ID":175393,"ConnectionTypeID":1,"StatusTypeID":50,"LevelID":2,"Amps":32,"Voltage":220,"PowerKW":7,"CurrentTypeID":10,"Quantity":1}],"MediaItems":[{"ID":18016,"ChargePointID":125138,"ItemURL":"https://media.openchargemap.io/images/TW/OCM125138/OCM-125138.orig.2019041103542897.jpg","ItemThumbnailURL":"https://media.openchargemap.io/images/TW/OCM125138/OCM-125138.thmb.2019041103542897.jpg","Comment":"","IsEnabled":true,"IsVideo":false,"IsFeaturedItem":false,"IsExternalResource":false,"User":{"ID":20469,"Username":"Calvin Lu"},"DateCreated":"2019-04-11T03:55:00Z"},{"ID":18012,"ChargePointID":125138,"ItemURL":"https://media.openchargemap.io/images/TW/OCM125138/OCM-125138.orig.2019041103532758.jpg","ItemThumbnailURL":"https://media.openchargemap.io/images/TW/OCM125138/OCM-125138.thmb.2019041103532758.jpg","Comment":"","IsEnabled":true,"IsVideo":false,"IsFeaturedItem":false,"IsExternalResource":false,"User":{"ID":20469,"Username":"Calvin Lu"},"DateCreated":"2019-04-11T03:54:00Z"},{"ID":18015,"ChargePointID":125138,"ItemURL":"https://media.openchargemap.io/images/TW/OCM125138/OCM-125138.orig.2019041103540011.jpg","ItemThumbnailURL":"https://media.openchargemap.io/images/TW/OCM125138/OCM-125138.thmb.2019041103540011.jpg","Comment":"","IsEnabled":true,"IsVideo":false,"IsFeaturedItem":false,"IsExternalResource":false,"User":{"ID":20469,"Username":"Calvin Lu"},"DateCreated":"2019-04-11T03:54:00Z"}]},{"ID":125137,"UUID":"F5FBD122-5A55-4C11-9A95-E773312E8392","NumberOfPoints":1,"AddressInfo":{"ID":125483,"Title":"Luming Hot Spring Hotel ","AddressLine1":"中華路一段200號","Town":"臺東縣","StateOrProvince":"臺東縣","Postcode":"955","CountryID":219,"Latitude":22.896178,"Longitude":121.0952656,"ContactTelephone1":"+886-89-550888","ContactEmail":"mkt@lmresort.com.tw","RelatedURL":"http://lmresort.com.tw","DistanceUnit":0},"OperatorID":3346,"DataProviderID":1,"UsageTypeID":1,"StatusTypeID":50,"Connections":[{"ID":175392,"ConnectionTypeID":1,"StatusTypeID":50,"LevelID":2,"Amps":32,"Voltage":220,"PowerKW":7,"CurrentTypeID":10,"Quantity":1}],"MediaItems":[{"ID":18011,"ChargePointID":125137,"ItemURL":"https://media.openchargemap.io/images/TW/OCM125137/OCM-125137.orig.2019041103454837.jpg","ItemThumbnailURL":"https://media.openchargemap.io/images/TW/OCM125137/OCM-125137.thmb.2019041103454837.jpg","Comment":"","IsEnabled":true,"IsVideo":false,"IsFeaturedItem":false,"IsExternalResource":false,"User":{"ID":19389,"Username":"Revol"},"DateCreated":"2019-04-11T03:46:00Z"},{"ID":18010,"ChargePointID":125137,"ItemURL":"https://media.openchargemap.io/images/TW/OCM125137/OCM-125137.orig.2019041103451898.jpg","ItemThumbnailURL":"https://media.openchargemap.io/images/TW/OCM125137/OCM-125137.thmb.2019041103451898.jpg","Comment":"","IsEnabled":true,"IsVideo":false,"IsFeaturedItem":false,"IsExternalResource":false,"User":{"ID":19389,"Username":"Revol"},"DateCreated":"2019-04-11T03:45:00Z"}]},{"ID":125136,"UUID":"1A2D5E1E-2319-4C18-A1C4-FF3FEC883BD7","NumberOfPoints":1,"AddressInfo":{"ID":125482,"Title":"The GAYA Hotel","AddressLine1":"169 Xinsheng Road 950  ","Town":"Taitung City","StateOrProvince":"Taiwan","CountryID":219,"Latitude":22.7540354045526,"Longitude":121.147317057856,"ContactTelephone1":"+886-089-611888  ","ContactEmail":"thegaya@gaya-hotels.com","RelatedURL":"https://www.gaya-hotels.com/THEGAYAHOTEL/en","DistanceUnit":0},"OperatorID":3346,"DataProviderID":1,"UsageTypeID":1,"StatusTypeID":50,"Connections":[{"ID":175391,"ConnectionTypeID":1,"StatusTypeID":50,"LevelID":2,"Amps":32,"Voltage":220,"PowerKW":7,"CurrentTypeID":10,"Quantity":1}],"MediaItems":[{"ID":18008,"ChargePointID":125136,"ItemURL":"https://media.openchargemap.io/images/TW/OCM125136/OCM-125136.orig.2019041103363319.jpg","ItemThumbnailURL":"https://media.openchargemap.io/images/TW/OCM125136/OCM-125136.thmb.2019041103363319.jpg","Comment":"","IsEnabled":true,"IsVideo":false,"IsFeaturedItem":false,"IsExternalResource":false,"User":{"ID":19389,"Username":"Revol"},"DateCreated":"2019-04-11T03:37:00Z"},{"ID":18009,"ChargePointID":125136,"ItemURL":"https://media.openchargemap.io/images/TW/OCM125136/OCM-125136.orig.2019041103370122.jpg","ItemThumbnailURL":"https://media.openchargemap.io/images/TW/OCM125136/OCM-125136.thmb.2019041103370122.jpg","Comment":"","IsEnabled":true,"IsVideo":false,"IsFeaturedItem":false,"IsExternalResource":false,"User":{"ID":19389,"Username":"Revol"},"DateCreated":"2019-04-11T03:37:00Z"}]},{"ID":125135,"UUID":"9F491787-5DA3-48C3-9D44-0ECF4BDDA7C7","NumberOfPoints":5,"AddressInfo":{"ID":125481,"Title":"Taipei Nangang Exhibition Center, Hall 2","AddressLine1":"No. 2, Jingmao 2nd Rd","Town":"Taipei","Postcode":"115","CountryID":219,"Latitude":25.0598213519734,"Longitude":121.615793677439,"DistanceUnit":0},"OperatorID":3346,"DataProviderID":1,"UsageTypeID":1,"StatusTypeID":50,"Connections":[{"ID":175390,"ConnectionTypeID":1,"StatusTypeID":50,"LevelID":2,"Amps":32,"Voltage":220,"PowerKW":7,"CurrentTypeID":10,"Quantity":5}],"MediaItems":[{"ID":18007,"ChargePointID":125135,"ItemURL":"https://media.openchargemap.io/images/TW/OCM125135/OCM-125135.orig.2019041103361669.jpg","ItemThumbnailURL":"https://media.openchargemap.io/images/TW/OCM125135/OCM-125135.thmb.2019041103361669.jpg","Comment":"","IsEnabled":true,"IsVideo":false,"IsFeaturedItem":false,"IsExternalResource":false,"User":{"ID":20469,"Username":"Calvin Lu"},"DateCreated":"2019-04-11T03:36:00Z"}]},{"ID":112845,"UUID":"031590F3-A199-40B2-8C80-32AAA398907B","NumberOfPoints":1,"AddressInfo":{"ID":113191,"Title":"天籟溫泉會館","AddressLine1":"名流路","AddressLine2":"秀峰坪","StateOrProvince":"新北市","Postcode":"20842","CountryID":219,"Latitude":25.2019254204311,"Longitude":121.595476076991,"ContactTelephone1":"+886-2-2408-0000","ContactEmail":"service@tienlai.com.tw","DistanceUnit":0},"OperatorID":1,"DataProviderID":1,"UsageTypeID":1,"StatusTypeID":50,"Connections":[{"ID":158931,"ConnectionTypeID":1,"StatusTypeID":50,"LevelID":2,"Amps":32,"Voltage":220,"PowerKW":7,"CurrentTypeID":10,"Quantity":1}],"MediaItems":[{"ID":17029,"ChargePointID":112845,"ItemURL":"https://media.openchargemap.io/images/TW/OCM112845/OCM-112845.orig.2018112201551947.png","ItemThumbnailURL":"https://media.openchargemap.io/images/TW/OCM112845/OCM-112845.thmb.2018112201551947.png","Comment":"","IsEnabled":true,"IsVideo":false,"IsFeaturedItem":false,"IsExternalResource":false,"User":{"ID":19389,"Username":"Revol"},"DateCreated":"2018-11-22T01:56:00Z"},{"ID":17030,"ChargePointID":112845,"ItemURL":"https://media.openchargemap.io/images/TW/OCM112845/OCM-112845.orig.2018112201553598.png","ItemThumbnailURL":"https://media.openchargemap.io/images/TW/OCM112845/OCM-112845.thmb.2018112201553598.png","Comment":"","IsEnabled":true,"IsVideo":false,"IsFeaturedItem":false,"IsExternalResource":false,"User":{"ID":19389,"Username":"Revol"},"DateCreated":"2018-11-22T01:56:00Z"},{"ID":17031,"ChargePointID":112845,"ItemURL":"https://media.openchargemap.io/images/TW/OCM112845/OCM-112845.orig.2018112201560111.png","ItemThumbnailURL":"https://media.openchargemap.io/images/TW/OCM112845/OCM-112845.thmb.2018112201560111.png","Comment":"","IsEnabled":true,"IsVideo":false,"IsFeaturedItem":false,"IsExternalResource":false,"User":{"ID":19389,"Username":"Revol"},"DateCreated":"2018-11-22T01:56:00Z"},{"ID":17032,"ChargePointID":112845,"ItemURL":"https://media.openchargemap.io/images/TW/OCM112845/OCM-112845.orig.2018112201560932.png","ItemThumbnailURL":"https://media.openchargemap.io/images/TW/OCM112845/OCM-112845.thmb.2018112201560932.png","Comment":"","IsEnabled":true,"IsVideo":false,"IsFeaturedItem":false,"IsExternalResource":false,"User":{"ID":19389,"Username":"Revol"},"DateCreated":"2018-11-22T01:56:00Z"},{"ID":17025,"ChargePointID":112845,"ItemURL":"https://media.openchargemap.io/images/TW/OCM112845/OCM-112845.orig.2018112106273026.jpg","ItemThumbnailURL":"https://media.openchargemap.io/images/TW/OCM112845/OCM-112845.thmb.2018112106273026.jpg","Comment":"","IsEnabled":true,"IsVideo":false,"IsFeaturedItem":false,"IsExternalResource":false,"User":{"ID":19389,"Username":"Revol"},"DateCreated":"2018-11-21T06:28:00Z"},{"ID":17026,"ChargePointID":112845,"ItemURL":"https://media.openchargemap.io/images/TW/OCM112845/OCM-112845.orig.2018112106281879.jpg","ItemThumbnailURL":"https://media.openchargemap.io/images/TW/OCM112845/OCM-112845.thmb.2018112106281879.jpg","Comment":"","IsEnabled":true,"IsVideo":false,"IsFeaturedItem":false,"IsExternalResource":false,"User":{"ID":19389,"Username":"Revol"},"DateCreated":"2018-11-21T06:28:00Z"},{"ID":17024,"ChargePointID":112845,"ItemURL":"https://media.openchargemap.io/images/TW/OCM112845/OCM-112845.orig.2018112106255060.jpg","ItemThumbnailURL":"https://media.openchargemap.io/images/TW/OCM112845/OCM-112845.thmb.2018112106255060.jpg","Comment":"The first customer using EV charger in the Hotel","IsEnabled":true,"IsVideo":false,"IsFeaturedItem":false,"IsExternalResource":false,"User":{"ID":19389,"Username":"Revol"},"DateCreated":"2018-11-21T06:26:00Z"}]},{"ID":93894,"UUID":"3B938D43-121F-4360-BA31-155577380BBC","NumberOfPoints":1,"UsageCost":"Free","AddressInfo":{"ID":94240,"Title":"Silks Place","AddressLine1":"185 Section 1, Yongfu Road 700 No. 185, Section 1, Yongfu Road, West Central District","Town":"Tainan City","Postcode":"Taiwan 700","CountryID":219,"Latitude":22.9876575,"Longitude":120.19933203125,"DistanceUnit":0},"OperatorID":1,"DataProviderID":1,"UsageTypeID":1,"StatusTypeID":50,"Connections":[{"ID":132917,"ConnectionTypeID":1036,"StatusTypeID":0,"LevelID":2,"Amps":32,"Voltage":240,"PowerKW":7,"CurrentTypeID":10,"Quantity":1}],"UserComments":[{"ID":17800,"ChargePointID":93894,"CommentTypeID":10,"UserName":"Simon Hewison","Comment":"From the photo, this looks like a type 1 plug, not a type 2 tethered plug.","DateCreated":"2017-10-12T09:05:46.82Z","User":{"ID":4575,"Username":"Simon Hewison"},"CheckinStatusTypeID":0},{"ID":17797,"ChargePointID":93894,"CommentTypeID":10,"UserName":"Bert van Sas","Rating":3,"DateCreated":"2017-10-11T20:01:34.233Z","User":{"ID":11617,"Username":"Bert van Sas"},"CheckinStatusTypeID":140}],"MediaItems":[{"ID":13493,"ChargePointID":93894,"ItemURL":"https://media.openchargemap.io/images/TW/OCM93894/OCM-93894.orig.2017101120002303.jpeg","ItemThumbnailURL":"https://media.openchargemap.io/images/TW/OCM93894/OCM-93894.thmb.2017101120002303.jpeg","Comment":"","IsEnabled":true,"IsVideo":false,"IsFeaturedItem":false,"IsExternalResource":false,"User":{"ID":11617,"Username":"Bert van Sas"},"DateCreated":"2017-10-11T20:01:00Z"},{"ID":13494,"ChargePointID":93894,"ItemURL":"https://media.openchargemap.io/images/TW/OCM93894/OCM-93894.orig.2017101120004130.jpg","ItemThumbnailURL":"https://media.openchargemap.io/images/TW/OCM93894/OCM-93894.thmb.2017101120004130.jpg","Comment":"","IsEnabled":true,"IsVideo":false,"IsFeaturedItem":false,"IsExternalResource":false,"User":{"ID":11617,"Username":"Bert van Sas"},"DateCreated":"2017-10-11T20:01:00Z"},{"ID":13495,"ChargePointID":93894,"ItemURL":"https://media.openchargemap.io/images/TW/OCM93894/OCM-93894.orig.2017101120010315.jpg","ItemThumbnailURL":"https://media.openchargemap.io/images/TW/OCM93894/OCM-93894.thmb.2017101120010315.jpg","Comment":"","IsEnabled":true,"IsVideo":false,"IsFeaturedItem":false,"IsExternalResource":false,"User":{"ID":11617,"Username":"Bert van Sas"},"DateCreated":"2017-10-11T20:01:00Z"}]}]