[{"ID":289839,"UUID":"27B8A41C-2B96-4D3D-AC2F-41EFD5C28770","NumberOfPoints":1,"AddressInfo":{"ID":290226,"Title":"Pura Energia Building - Superchargers","AddressLine1":"KM124 P R - 2 , K M 1 2 4 . 0","Town":"Aguadilla","StateOrProvince":"PUERTO RICO","Postcode":"00604","CountryID":181,"Latitude":18.439319319271064,"Longitude":-67.1321227370931,"DistanceUnit":0},"OperatorID":23,"DataProviderID":1,"UsageTypeID":1,"StatusTypeID":50,"Connections":[{"ID":511142,"ConnectionTypeID":0,"StatusTypeID":50,"LevelID":3,"PowerKW":72,"CurrentTypeID":30,"Quantity":2}]},{"ID":46681,"UUID":"02460AE1-92D5-471D-837C-6A870FBF26B9","NumberOfPoints":3,"AddressInfo":{"ID":47027,"Title":"Zona Solar","AddressLine1":"Avenida Santa Juanita","Town":"Bayamón","StateOrProvince":"Puerto Rico","Postcode":"956","CountryID":181,"Latitude":18.36865807,"Longitude":-66.16466522,"ContactTelephone1":"888-758-4389 ","RelatedURL":"http://carstations.com/4988","DistanceUnit":0},"OperatorID":5,"DataProviderID":1,"UsageTypeID":2,"StatusTypeID":50,"Connections":[{"ID":57344,"ConnectionTypeID":1,"Reference":"J1772","LevelID":2,"CurrentTypeID":10,"Quantity":13}]},{"ID":44984,"UUID":"745D1A94-77B4-4CE9-A827-1C0C9A62B31C","NumberOfPoints":3,"AddressInfo":{"ID":45330,"Title":"Solar Zone","AddressLine1":"Complejo Deportivo Onofre Carballeira","Town":"Bayamon","StateOrProvince":"Puerto Rico","Postcode":"956","CountryID":181,"Latitude":18.392728,"Longitude":-66.149325,"ContactTelephone1":"888-758-4389 ","RelatedURL":"http://carstations.com/4988","DistanceUnit":0},"OperatorID":5,"DataProviderID":1,"UsageTypeID":6,"StatusTypeID":50,"Connections":[{"ID":55307,"ConnectionTypeID":1,"Reference":"J1772","StatusTypeID":50,"LevelID":2,"Voltage":240,"CurrentTypeID":10,"Quantity":3}]},{"ID":41211,"UUID":"FDE92531-F430-442C-A30B-F090A02C7160","NumberOfPoints":3,"AddressInfo":{"ID":41557,"Title":"BMW Autogermana","AddressLine1":"Calle Acuarela","Town":"Guaynabo","StateOrProvince":"Puerto Rico","CountryID":181,"Latitude":18.369910619859642,"Longitude":-66.10840316627048,"ContactTelephone1":"888-758-4389 ","DistanceUnit":0},"OperatorID":5,"DataProviderID":1,"UsageTypeID":2,"StatusTypeID":0,"Connections":[{"ID":44999,"ConnectionTypeID":1,"Reference":"J1772","StatusTypeID":50,"LevelID":2,"Amps":32,"Voltage":220,"PowerKW":7,"CurrentTypeID":10,"Quantity":1}]},{"ID":8446,"UUID":"B73FF3D5-A029-4B3D-B9AD-0405D8C45FDC","NumberOfPoints":3,"AddressInfo":{"ID":8343,"Title":"Box 1588","AddressLine1":"Box 1588","Town":"Bayamon","StateOrProvince":"Puerto Rico","Postcode":"956","CountryID":181,"Latitude":18.36865807,"Longitude":-66.16466522,"ContactTelephone1":"888-758-4389 ","RelatedURL":"http://carstations.com/4988","DistanceUnit":0},"OperatorID":5,"DataProviderID":15,"UsageTypeID":2,"StatusTypeID":0,"Connections":[{"ID":5873,"ConnectionTypeID":1,"Reference":"J1772","LevelID":2,"Quantity":1},{"ID":6383,"ConnectionTypeID":9,"Reference":"NEMA5","LevelID":1,"Quantity":1}]}]