[{"ID":311697,"UUID":"5457297D-EDD9-4F2B-BB7B-3948C9A85AB0","NumberOfPoints":3,"UsageCost":"120 AMD /kWh","AddressInfo":{"ID":312086,"Title":"Team Energy","AddressLine1":"Hrachya Acharyan Street 1st Deadlock, 6, Yerevan","Town":"Yerevan","StateOrProvince":"Երևան","Postcode":"0040","CountryID":16,"Latitude":40.21748319698028,"Longitude":44.563302325814504,"ContactTelephone1":"+374 10 300 100","RelatedURL":"https://teamenergy.am/en/","DistanceUnit":0},"OperatorID":3870,"DataProviderID":1,"UsageTypeID":4,"StatusTypeID":50,"Connections":[{"ID":600524,"ConnectionTypeID":33,"StatusTypeID":50,"CurrentTypeID":30,"Quantity":1}]},{"ID":285228,"UUID":"AC0CB7A2-62BD-47FF-B440-59F8FA093631","AddressInfo":{"ID":285615,"Title":"9911","AddressLine1":"г. Ереван, Парковка «Малибу»","Town":"Ереван","CountryID":16,"Latitude":40.184223,"Longitude":44.506198,"DistanceUnit":0},"OperatorID":3656,"DataProviderID":31,"StatusTypeID":50,"Connections":[{"ID":499690,"ConnectionTypeID":33,"Reference":"b95dd2f3-435a-45c0-99e5-7a5439f00433","StatusTypeID":50,"LevelID":3,"PowerKW":150,"CurrentTypeID":30,"Quantity":1},{"ID":499691,"ConnectionTypeID":1040,"Reference":"d1db6714-0962-4a5e-9806-5793462286c0","StatusTypeID":50,"LevelID":3,"PowerKW":150,"CurrentTypeID":30,"Quantity":1},{"ID":499692,"ConnectionTypeID":32,"Reference":"47a9387e-f62d-413f-8e00-0035eee80fa5","StatusTypeID":50,"LevelID":3,"PowerKW":150,"CurrentTypeID":30,"Quantity":1}]},{"ID":259643,"UUID":"AD52D159-4208-4CB2-B8FC-B066A431F38F","AddressInfo":{"ID":260027,"Title":"9902","AddressLine1":"Тестовый адрес","Town":"Ереван","CountryID":16,"Latitude":40.177692,"Longitude":44.50765,"DistanceUnit":0},"OperatorID":3656,"DataProviderID":31,"StatusTypeID":0,"Connections":[{"ID":435621,"ConnectionTypeID":25,"Reference":"564a22cd-eba1-453f-9f90-a769e45f29e7","StatusTypeID":0,"CurrentTypeID":20,"Quantity":1}]},{"ID":259642,"UUID":"9D578A00-E5DA-432C-ABA3-FF63CE04556B","AddressInfo":{"ID":260026,"Title":"9901","AddressLine1":"Aratashen winery, дер. Араташен, Комитаса 1/3","Town":"Ереван","CountryID":16,"Latitude":40.134937,"Longitude":44.227299,"DistanceUnit":0},"OperatorID":3656,"DataProviderID":31,"StatusTypeID":50,"Connections":[{"ID":435620,"ConnectionTypeID":25,"StatusTypeID":50,"LevelID":2,"Amps":16,"PowerKW":22,"CurrentTypeID":20,"Quantity":1},{"ID":449668,"ConnectionTypeID":1,"StatusTypeID":50,"LevelID":2,"PowerKW":22,"CurrentTypeID":10,"Quantity":1},{"ID":449669,"ConnectionTypeID":1038,"StatusTypeID":50,"LevelID":2,"PowerKW":22,"CurrentTypeID":20,"Quantity":1}]}]