[{"ID":130968,"UUID":"3AF4B069-57E9-4D83-8208-3CD6B7EBE8B4","NumberOfPoints":1,"AddressInfo":{"ID":131314,"Title":"Familienhotel Gorfion","AddressLine1":"Stubistrasse 8","Town":"Triesenberg / Malbun","Postcode":"9497","CountryID":130,"Latitude":47.101138,"Longitude":9.609026,"ContactTelephone1":"+42 3265 9000","DistanceUnit":0},"OperatorID":23,"DataProviderID":1,"UsageTypeID":4,"StatusTypeID":50,"Connections":[{"ID":183463,"ConnectionTypeID":30,"StatusTypeID":50,"LevelID":1,"PowerKW":2,"CurrentTypeID":20,"Quantity":1}]},{"ID":93452,"UUID":"CBA77C86-9184-4691-945E-A717FF251054","NumberOfPoints":10,"UsageCost":"CHF 0.30/kWh; Andere Tarife für ältere Autos","AddressInfo":{"ID":93798,"Title":"Schaan Supercharger","AddressLine1":"7 Steckergass","Town":"Schaan","Postcode":"9494","CountryID":130,"Latitude":47.165186,"Longitude":9.507766,"DistanceUnit":0},"OperatorID":23,"DataProviderID":1,"UsageTypeID":4,"StatusTypeID":50,"Connections":[{"ID":132329,"ConnectionTypeID":27,"StatusTypeID":50,"LevelID":3,"PowerKW":120,"CurrentTypeID":30,"Quantity":10},{"ID":167554,"ConnectionTypeID":33,"StatusTypeID":50,"LevelID":3,"PowerKW":120,"CurrentTypeID":30,"Quantity":6}],"UserComments":[{"ID":20826,"ChargePointID":93452,"CommentTypeID":10,"UserName":"pap","Comment":"saturday, 18:30 and I‘m the only one charging 😎","Rating":5,"DateCreated":"2019-03-23T17:38:16.883Z","User":{"ID":19988,"Username":"pap"}}],"MediaItems":[{"ID":17833,"ChargePointID":93452,"ItemURL":"https://media.openchargemap.io/images/LI/OCM93452/OCM-93452.orig.2019032317332669.png","ItemThumbnailURL":"https://media.openchargemap.io/images/LI/OCM93452/OCM-93452.thmb.2019032317332669.png","Comment":"","IsEnabled":true,"IsVideo":false,"IsFeaturedItem":false,"IsExternalResource":false,"User":{"ID":19988,"Username":"pap"},"DateCreated":"2019-03-23T17:34:00Z"}]},{"ID":93356,"UUID":"EB2673E3-DA33-4961-A0EC-AA1F3D8F68E7","NumberOfPoints":1,"AddressInfo":{"ID":93702,"Title":"Restaurant Fago","AddressLine1":"St. Luzistrasse 22","Town":"Eschen","Postcode":"9492","CountryID":130,"Latitude":47.211031,"Longitude":9.522703,"ContactTelephone1":"+423 3711 414","DistanceUnit":0},"OperatorID":23,"DataProviderID":1,"UsageTypeID":6,"StatusTypeID":50,"Connections":[{"ID":132233,"ConnectionTypeID":30,"StatusTypeID":50,"LevelID":2,"Amps":32,"Voltage":400,"PowerKW":22,"CurrentTypeID":20,"Quantity":1}]},{"ID":82368,"UUID":"50BDB135-1E0C-45C3-AC5E-05A9088CC186","NumberOfPoints":3,"AddressInfo":{"ID":82714,"Title":"Kommod","AddressLine1":"14 Industriering","Town":"Ruggell","Postcode":"9491","CountryID":130,"Latitude":47.248674,"Longitude":9.528942,"ContactTelephone1":"+423 377 37 77","DistanceUnit":0},"OperatorID":23,"DataProviderID":1,"UsageTypeID":6,"StatusTypeID":50,"Connections":[{"ID":117134,"ConnectionTypeID":30,"StatusTypeID":50,"LevelID":2,"Amps":32,"Voltage":400,"PowerKW":22,"CurrentTypeID":20,"Quantity":3}]},{"ID":74821,"UUID":"3A56C791-03D6-4C00-8CE1-82EA2E4EBC39","NumberOfPoints":2,"UsageCost":"Free","AddressInfo":{"ID":75167,"Title":"Park Hotel Sonnenhof","AddressLine1":"29 Mareestraße","Town":"Vaduz","Postcode":"9490","CountryID":130,"Latitude":47.147118,"Longitude":9.523627,"ContactTelephone1":"+423 239 02 02","DistanceUnit":0},"OperatorID":23,"DataProviderID":1,"UsageTypeID":6,"StatusTypeID":50,"Connections":[{"ID":107942,"ConnectionTypeID":30,"StatusTypeID":50,"LevelID":2,"Amps":32,"Voltage":400,"PowerKW":22,"CurrentTypeID":20,"Quantity":2}]},{"ID":70396,"UUID":"BD34BD13-E51B-41DD-9B89-7D6C838B1328","NumberOfPoints":1,"UsageCost":"Free","AddressInfo":{"ID":70742,"Title":"b_smart Hotel","AddressLine1":"Selemad 12","Town":"Gamprin-Bendern","StateOrProvince":"Liechtenstein","Postcode":"9487","CountryID":130,"Latitude":47.21558589831412,"Longitude":9.505132434960387,"ContactEmail":"bendern@b-smarts.net","AccessComments":"you`ll get more information at the office b_smart hotel","RelatedURL":"http://www.b-smarthotel.net/en/b-smart-hotel.html","DistanceUnit":0},"OperatorID":1,"DataProviderID":1,"UsageTypeID":6,"StatusTypeID":50,"Connections":[{"ID":100639,"ConnectionTypeID":25,"StatusTypeID":50,"LevelID":1,"Amps":0,"Voltage":0,"PowerKW":22,"CurrentTypeID":20,"Quantity":1}]},{"ID":60632,"UUID":"BFC2E5A0-1349-4AC6-9772-87DF4D11CF61","NumberOfPoints":1,"AddressInfo":{"ID":60978,"Title":"Stubistrasse","AddressLine1":"Stubistrasse","Town":"Triesenberg","StateOrProvince":"Wahlkreis Oberland","CountryID":130,"Latitude":47.1014863,"Longitude":9.60962689999997,"DistanceUnit":0},"OperatorID":1,"DataProviderID":1,"UsageTypeID":6,"StatusTypeID":50,"Connections":[]}]