[{"ID":297825,"UUID":"F69023E8-C2B0-4FB1-8B35-47EAC3F87FA0","NumberOfPoints":1,"UsageCost":"Free charging during opening times","AddressInfo":{"ID":298212,"Title":"Ngwenya Glass","AddressLine1":"Ngwenya Industrial estates, Ngwenya / Mbabane MR3 highway,","Town":"Ngwenya","StateOrProvince":"Hhohho","Postcode":"H104","CountryID":215,"Latitude":-26.222399838196083,"Longitude":31.031371715472403,"ContactTelephone1":"+268 24424053 / 24424142","ContactTelephone2":"+268 24424151","AccessComments":"Accessible in parking lot","RelatedURL":"https://ngwenyaglass.co.sz","DistanceUnit":0},"OperatorID":1,"DataProviderID":1,"UsageTypeID":1,"StatusTypeID":50,"Connections":[{"ID":541170,"ConnectionTypeID":1036,"StatusTypeID":50,"LevelID":2,"Amps":16,"Voltage":400,"PowerKW":11,"CurrentTypeID":20,"Quantity":1,"Comments":"5m Type 2 cable attached to charging station"}],"MediaItems":[{"ID":42949,"ChargePointID":297825,"ItemURL":"https://media.openchargemap.io/images/SZ/OCM297825/OCM-297825.orig.2024071919445834.jpg","ItemThumbnailURL":"https://media.openchargemap.io/images/SZ/OCM297825/OCM-297825.thmb.2024071919445834.jpg","Comment":"","IsEnabled":true,"IsVideo":false,"IsFeaturedItem":false,"IsExternalResource":false,"User":{"ID":51913,"Username":"Invertus"},"DateCreated":"2024-07-19T19:45:00Z"}]}]