[{"ID":16219,"UUID":"F1D48193-F37B-4ED0-9E6D-A88246882295","NumberOfPoints":2,"UsageCost":"Free","AddressInfo":{"ID":16564,"Title":"Cedar Court","AddressLine1":"Wildey Business park","AddressLine2":"Wildey","Town":"St.Michael ","CountryID":24,"Latitude":13.093304083536173,"Longitude":-59.58547721433956,"ContactTelephone1":"2309621","DistanceUnit":0},"OperatorID":45,"DataProviderID":1,"UsageTypeID":1,"StatusTypeID":50,"Connections":[{"ID":14650,"ConnectionTypeID":25,"StatusTypeID":50,"LevelID":2,"Amps":32,"Quantity":2},{"ID":14651,"ConnectionTypeID":1,"StatusTypeID":0,"LevelID":2,"Quantity":1}],"UserComments":[{"ID":341,"ChargePointID":16219,"CommentTypeID":100,"UserName":"Megapower","Comment":"This site is now live 4/6/2013 the first EV charging station in Barbados. At this location there is 2 x Type 2 Mode 3 32amp chargers.","Rating":5,"DateCreated":"2013-06-05T00:46:58.313Z","CheckinStatusTypeID":0}],"MediaItems":[{"ID":103,"ChargePointID":16219,"ItemURL":"https://media.openchargemap.io/images/BB/OCM16219/OCM-16219.orig.2013092214505832.jpg","ItemThumbnailURL":"https://media.openchargemap.io/images/BB/OCM16219/OCM-16219.thmb.2013092214505832.jpg","Comment":"","IsEnabled":true,"IsVideo":false,"IsFeaturedItem":false,"IsExternalResource":false,"User":{"ID":1203,"Username":"megapower365"},"DateCreated":"2013-09-22T14:51:00Z"},{"ID":102,"ChargePointID":16219,"ItemURL":"https://media.openchargemap.io/images/BB/OCM16219/OCM-16219.orig.2013092214492923.jpg","ItemThumbnailURL":"https://media.openchargemap.io/images/BB/OCM16219/OCM-16219.thmb.2013092214492923.jpg","Comment":"","IsEnabled":true,"IsVideo":false,"IsFeaturedItem":false,"IsExternalResource":false,"User":{"ID":1203,"Username":"megapower365"},"DateCreated":"2013-09-22T14:50:00Z"}]}]