[{"ID":459383,"UUID":"BDAE2E83-430F-4141-9540-86CEF2AB2705","NumberOfPoints":1,"UsageCost":"1 dollar for 6 kilowatts","AddressInfo":{"ID":459772,"Title":"Fergana ","AddressLine1":"Rishtan","Town":"Fergana","StateOrProvince":"rishtan","Postcode":"151300","CountryID":238,"Latitude":40.35502554325299,"Longitude":71.2915338612903,"ContactTelephone1":"+998941385588","DistanceUnit":0},"OperatorID":1,"DataProviderID":1,"UsageTypeID":4,"StatusTypeID":50,"Connections":[{"ID":772478,"ConnectionTypeID":0,"StatusTypeID":50,"Quantity":1}]}]