[{"ID":298437,"UUID":"6BD4E93A-3DFE-4181-BBE7-6D4B52FE5EEF","NumberOfPoints":1,"UsageCost":"Free for Lopota hotel guests","AddressInfo":{"ID":298824,"Title":"თიანეთი-ახმეტა-ყვარელი-ნინიგორი","AddressLine1":"თიანეთი-ახმეტა-ყვარელი-ნინიგორი","CountryID":86,"Latitude":42.05365985597106,"Longitude":45.52725649779211,"AccessComments":"for Lopota hotel guests","DistanceUnit":0},"OperatorID":1,"DataProviderID":1,"UsageTypeID":4,"StatusTypeID":50,"Connections":[{"ID":545521,"ConnectionTypeID":1036,"StatusTypeID":50,"LevelID":2,"Amps":48,"Voltage":220,"PowerKW":11,"CurrentTypeID":10,"Quantity":3,"Comments":"Porsche chargers"}]},{"ID":266894,"UUID":"D7BAB654-9BFD-4200-ACF7-EF9E2854D105","NumberOfPoints":1,"UsageCost":"0-5 kW: 0.03₾/min, 5-10 kW: 0.06₾/min, 10-15 kW: 0.11₾/min, 15-22 kW: 0.17₾/min","AddressInfo":{"ID":267278,"Title":"Socar Gas Station","AddressLine1":"ვაზიანი-გომბორი-თელავი","Town":"თელავი","Postcode":"2200","CountryID":86,"Latitude":41.925772051620925,"Longitude":45.45264934869431,"DistanceUnit":0},"OperatorID":3631,"DataProviderID":1,"UsageTypeID":4,"StatusTypeID":50,"Connections":[{"ID":454575,"ConnectionTypeID":25,"Reference":"0019","StatusTypeID":50,"LevelID":2,"Amps":32,"Voltage":400,"PowerKW":22,"CurrentTypeID":20,"Quantity":1}]},{"ID":266893,"UUID":"06824723-DA88-4433-B9AB-6A887DD186DA","NumberOfPoints":1,"UsageCost":"0-5 kW: 0.03₾/min, 5-10 kW: 0.06₾/min, 10-15 kW: 0.11₾/min, 15-22 kW: 0.17₾/min","AddressInfo":{"ID":267277,"Title":"Neo Gas Station","AddressLine1":"თბილისის გზათკეცილი","Town":"თელავი","Postcode":"2200","CountryID":86,"Latitude":41.92060356948039,"Longitude":45.50985032045662,"DistanceUnit":0},"OperatorID":3631,"DataProviderID":1,"UsageTypeID":4,"StatusTypeID":50,"Connections":[{"ID":454574,"ConnectionTypeID":25,"Reference":"0049","StatusTypeID":50,"LevelID":2,"Amps":32,"Voltage":400,"PowerKW":22,"CurrentTypeID":20,"Quantity":1}]},{"ID":266892,"UUID":"7D3D29E0-F075-4DBB-A636-62188B337624","NumberOfPoints":1,"UsageCost":"0-5 kW: 0.03₾/min, 5-10 kW: 0.06₾/min, 10-15 kW: 0.11₾/min, 15-22 kW: 0.17₾/min","AddressInfo":{"ID":267276,"Title":"Radisson Collection","AddressLine1":"-","Town":"წინანდალი","Postcode":"2217","CountryID":86,"Latitude":41.89343879464437,"Longitude":45.56548779201631,"DistanceUnit":0},"OperatorID":3631,"DataProviderID":1,"UsageTypeID":4,"StatusTypeID":50,"Connections":[{"ID":454573,"ConnectionTypeID":25,"Reference":"0079","StatusTypeID":50,"LevelID":2,"Amps":32,"Voltage":400,"PowerKW":22,"CurrentTypeID":20,"Quantity":1}]},{"ID":266891,"UUID":"195E628A-6670-4027-8969-EAFA016F9824","NumberOfPoints":1,"UsageCost":"0-5 kW: 0.03₾/min, 5-10 kW: 0.06₾/min, 10-15 kW: 0.11₾/min, 15-22 kW: 0.17₾/min","AddressInfo":{"ID":267275,"Title":"Akhasheni Wine Resort & Spa","AddressLine1":"-","Town":"ახაშენი","Postcode":"1514","CountryID":86,"Latitude":41.78240556089946,"Longitude":45.75691483250327,"DistanceUnit":0},"OperatorID":3631,"DataProviderID":1,"UsageTypeID":4,"StatusTypeID":50,"Connections":[{"ID":454572,"ConnectionTypeID":25,"Reference":"0057","StatusTypeID":50,"LevelID":2,"Amps":32,"Voltage":400,"PowerKW":22,"CurrentTypeID":20,"Quantity":1}]},{"ID":266880,"UUID":"AEE86400-56B6-4AFA-A38A-C73C5CD4A0E1","NumberOfPoints":1,"UsageCost":"0-5 kW: 0.03₾/min, 5-10 kW: 0.06₾/min, 10-15 kW: 0.11₾/min, 15-22 kW: 0.17₾/min","AddressInfo":{"ID":267264,"Title":"Neo Gas Station","AddressLine1":"თბილისი-სენაკი-ლესელიძე","StateOrProvince":"იმერეთი","CountryID":86,"Latitude":42.14900861240764,"Longitude":42.96344974438489,"DistanceUnit":0},"OperatorID":3631,"DataProviderID":1,"UsageTypeID":4,"StatusTypeID":50,"Connections":[{"ID":454554,"ConnectionTypeID":25,"Reference":"0034","StatusTypeID":50,"LevelID":2,"Amps":32,"Voltage":400,"PowerKW":22,"CurrentTypeID":20,"Quantity":1}]},{"ID":266879,"UUID":"96B19213-B1B7-4AD5-AF84-8D257E505E36","NumberOfPoints":1,"UsageCost":"0-5 kW: 0.03₾/min, 5-10 kW: 0.06₾/min, 10-15 kW: 0.11₾/min, 15-22 kW: 0.17₾/min","AddressInfo":{"ID":267263,"Title":"Ambassadori Kachreti Golf Resort","AddressLine1":"თბილისი-ბაკურციხე-ლაგოდეხი","Town":"კაჭრეთი","StateOrProvince":"კახეთი","CountryID":86,"Latitude":41.63315122258493,"Longitude":45.68248603671276,"DistanceUnit":0},"OperatorID":3631,"DataProviderID":1,"UsageTypeID":4,"StatusTypeID":50,"Connections":[{"ID":454553,"ConnectionTypeID":25,"Reference":"0033","StatusTypeID":50,"LevelID":2,"Amps":32,"Voltage":400,"PowerKW":22,"CurrentTypeID":20,"Quantity":1}]},{"ID":266878,"UUID":"70ECA9A5-8EF5-4FC0-836B-428C8FC44FE4","NumberOfPoints":1,"UsageCost":"0-5 kW: 0.03₾/min, 5-10 kW: 0.06₾/min, 10-15 kW: 0.11₾/min, 15-22 kW: 0.17₾/min","AddressInfo":{"ID":267262,"Title":"Rooms Hotel Kazbegi","AddressLine1":"ვახტანგ გორგასლის ქუჩა, 1","AddressLine2":"ყაზბეგის მუნიციპალიტეტი","Town":"სტეფანწმინდა","StateOrProvince":"მცხეთა-მთიანეთი","CountryID":86,"Latitude":42.658692035619026,"Longitude":44.65089807817185,"DistanceUnit":0},"OperatorID":3631,"DataProviderID":1,"UsageTypeID":4,"StatusTypeID":50,"Connections":[{"ID":454552,"ConnectionTypeID":25,"Reference":"0073","StatusTypeID":50,"LevelID":2,"Amps":32,"Voltage":400,"PowerKW":22,"CurrentTypeID":20,"Quantity":1}]},{"ID":266877,"UUID":"D6E083AF-351D-4934-AD40-C23AE0F897F3","NumberOfPoints":1,"UsageCost":"0-20 min - 0.5₾, 20-40 min - 0.35₾, 40-300 min - 0.25₾","AddressInfo":{"ID":267261,"Title":"Wissol Gas Station","AddressLine1":"თბილისი-სენაკი-ლესელიძე","Town":"პატარა გორიჯვარი","StateOrProvince":"შიდა ქართლი","CountryID":86,"Latitude":42.01640656380445,"Longitude":44.064963785941586,"DistanceUnit":0},"OperatorID":3631,"DataProviderID":1,"UsageTypeID":4,"StatusTypeID":50,"Connections":[{"ID":454550,"ConnectionTypeID":33,"Reference":"0065","StatusTypeID":50,"LevelID":3,"Amps":125,"Voltage":500,"PowerKW":50,"CurrentTypeID":30,"Quantity":1},{"ID":454551,"ConnectionTypeID":2,"Reference":"0065","StatusTypeID":50,"LevelID":3,"Amps":125,"Voltage":500,"PowerKW":50,"CurrentTypeID":30,"Quantity":1}],"MediaItems":[{"ID":43191,"ChargePointID":266877,"ItemURL":"https://media.openchargemap.io/images/GE/OCM266877/OCM-266877.orig.2024080814093338.jpg","ItemThumbnailURL":"https://media.openchargemap.io/images/GE/OCM266877/OCM-266877.thmb.2024080814093338.jpg","Comment":"","IsEnabled":true,"IsVideo":false,"IsFeaturedItem":false,"IsExternalResource":false,"User":{"ID":41880,"Username":"empty_child"},"DateCreated":"2024-08-08T14:10:00Z"}]},{"ID":266876,"UUID":"5C21DD92-77C5-41E7-86C5-ECE6D5748050","NumberOfPoints":1,"UsageCost":"0-5 kW: 0.03₾/min, 5-10 kW: 0.06₾/min, 10-15 kW: 0.11₾/min, 15-22 kW: 0.17₾/min","AddressInfo":{"ID":267260,"Title":"Wissol Gas Station","AddressLine1":"თბილისი-სენაკი-ლესელიძე","Town":"პატარა გორიჯვარი","StateOrProvince":"შიდა ქართლი","CountryID":86,"Latitude":42.016338718404995,"Longitude":44.0646774901187,"DistanceUnit":0},"OperatorID":3631,"DataProviderID":1,"UsageTypeID":4,"StatusTypeID":50,"Connections":[{"ID":454549,"ConnectionTypeID":25,"Reference":"0023","StatusTypeID":50,"LevelID":2,"Amps":32,"Voltage":400,"PowerKW":22,"CurrentTypeID":20,"Quantity":1}]},{"ID":266875,"UUID":"E2678CD5-F24C-485F-9DD9-3BDF5BA04100","NumberOfPoints":1,"UsageCost":"0-20 min - 0.5₾, 20-40 min - 0.35₾, 40-300 min - 0.25₾","AddressInfo":{"ID":267259,"Title":"Socar Gas Station","AddressLine1":"თბილისი-სენაკი-ლესელიძე","Town":"გორი","StateOrProvince":"Kareli Municipality, Inner Kartli","Postcode":"4517","CountryID":86,"Latitude":42.01626897759306,"Longitude":44.02647066355382,"DistanceUnit":0},"OperatorID":3631,"DataProviderID":1,"UsageTypeID":4,"StatusTypeID":50,"Connections":[{"ID":454547,"ConnectionTypeID":33,"Reference":"0064","StatusTypeID":50,"LevelID":3,"Amps":125,"Voltage":500,"PowerKW":50,"CurrentTypeID":30,"Quantity":1},{"ID":454548,"ConnectionTypeID":2,"Reference":"0064","StatusTypeID":50,"LevelID":3,"Amps":125,"Voltage":500,"PowerKW":50,"CurrentTypeID":30,"Quantity":1}]},{"ID":266874,"UUID":"E2A94440-492D-4293-BB6A-7A87E7568701","NumberOfPoints":1,"UsageCost":"0-5 kW: 0.03₾/min, 5-10 kW: 0.06₾/min, 10-15 kW: 0.11₾/min, 15-22 kW: 0.17₾/min","AddressInfo":{"ID":267258,"Title":"Socar Gas Station","AddressLine1":"თბილისი-სენაკი-ლესელიძე","Town":"გორი","CountryID":86,"Latitude":42.01608514043727,"Longitude":44.02644683900132,"DistanceUnit":0},"OperatorID":3631,"DataProviderID":1,"UsageTypeID":4,"StatusTypeID":50,"Connections":[{"ID":454546,"ConnectionTypeID":25,"Reference":"0026","StatusTypeID":50,"LevelID":2,"Amps":32,"Voltage":400,"PowerKW":22,"CurrentTypeID":20,"Quantity":1}]},{"ID":266508,"UUID":"E81F0227-EA3D-4715-9713-4F29599B3CCA","NumberOfPoints":1,"UsageCost":"0-5 kW: 0.03₾/min, 5-10 kW: 0.06₾/min, 10-15 kW: 0.11₾/min, 15-22 kW: 0.17₾/min","AddressInfo":{"ID":266892,"Title":"Borjomi Rikoni","AddressLine1":"მესხეთის ქუჩა","Town":"ბორჯომი","StateOrProvince":"სამცხე-ჯავახეთი","Postcode":"1200","CountryID":86,"Latitude":41.83128955830142,"Longitude":43.365599912652215,"DistanceUnit":0},"OperatorID":3631,"DataProviderID":1,"UsageTypeID":6,"StatusTypeID":50,"Connections":[{"ID":453628,"ConnectionTypeID":25,"Reference":"0050","StatusTypeID":50,"LevelID":2,"Amps":32,"Voltage":400,"PowerKW":22,"CurrentTypeID":20,"Quantity":1}]},{"ID":266507,"UUID":"3C60C6EA-99F4-4DDE-96C5-4E7E918D895D","NumberOfPoints":1,"UsageCost":"0-5 kW: 0.03₾/min, 5-10 kW: 0.06₾/min, 10-15 kW: 0.11₾/min, 15-22 kW: 0.17₾/min","AddressInfo":{"ID":266891,"Title":"Socar Gas Station","AddressLine1":"იმერეთის ქუჩა","Town":"ხაშური","StateOrProvince":"შიდა ქართლი","Postcode":"5700","CountryID":86,"Latitude":41.992297116397964,"Longitude":43.58780292872257,"DistanceUnit":0},"OperatorID":3631,"DataProviderID":1,"UsageTypeID":4,"StatusTypeID":50,"Connections":[{"ID":453627,"ConnectionTypeID":25,"Reference":"0077","StatusTypeID":50,"LevelID":2,"Amps":32,"Voltage":400,"PowerKW":22,"CurrentTypeID":20,"Quantity":1}]},{"ID":266506,"UUID":"95E4B834-A138-4116-A873-53CD76C52F8D","NumberOfPoints":1,"UsageCost":"0-20 min - 0.5₾, 20-40 min - 0.35₾, 40-300 min - 0.25₾","AddressInfo":{"ID":266890,"Title":"Socar Gas Station","AddressLine1":"თბილისი-სენაკი-ლესელიძე","StateOrProvince":"იმერეთი","CountryID":86,"Latitude":42.17312100484952,"Longitude":42.93308915349698,"DistanceUnit":0},"OperatorID":3631,"DataProviderID":1,"UsageTypeID":4,"StatusTypeID":50,"Connections":[{"ID":453625,"ConnectionTypeID":2,"Reference":"0063","StatusTypeID":50,"LevelID":3,"Amps":125,"Voltage":400,"PowerKW":50,"CurrentTypeID":30,"Quantity":1},{"ID":453626,"ConnectionTypeID":33,"Reference":"0063","StatusTypeID":50,"LevelID":3,"Amps":125,"Voltage":400,"PowerKW":50,"CurrentTypeID":30,"Quantity":1}]},{"ID":266505,"UUID":"398F2565-1BA1-47FD-8FF1-B6D2D9CF34D1","NumberOfPoints":1,"UsageCost":"0-5 kW: 0.03₾/min, 5-10 kW: 0.06₾/min, 10-15 kW: 0.11₾/min, 15-22 kW: 0.17₾/min","AddressInfo":{"ID":266889,"Title":"Socar Gas Station","AddressLine1":"თბილისი-სენაკი-ლესელიძე","StateOrProvince":"იმერეთი","CountryID":86,"Latitude":42.172988382209496,"Longitude":42.93318356972475,"DistanceUnit":0},"OperatorID":3631,"DataProviderID":1,"UsageTypeID":4,"StatusTypeID":50,"Connections":[{"ID":453624,"ConnectionTypeID":25,"Reference":"0075","StatusTypeID":50,"LevelID":2,"Amps":32,"Voltage":400,"PowerKW":22,"CurrentTypeID":20,"Quantity":1}]},{"ID":266504,"UUID":"5AD9AA3A-4FE3-4E1A-BB8F-5B44F511018A","NumberOfPoints":1,"UsageCost":"0-5 kW: 0.03₾/min, 5-10 kW: 0.06₾/min, 10-15 kW: 0.11₾/min, 15-22 kW: 0.17₾/min","AddressInfo":{"ID":266888,"Title":"Wissol Gas Station","AddressLine1":"თბილისი-სენაკი-ლესელიძე","StateOrProvince":"იმერეთი","CountryID":86,"Latitude":42.14764405516223,"Longitude":42.96533247929142,"DistanceUnit":0},"OperatorID":3631,"DataProviderID":1,"UsageTypeID":4,"StatusTypeID":50,"Connections":[{"ID":453623,"ConnectionTypeID":25,"Reference":"0020","StatusTypeID":50,"LevelID":2,"Amps":32,"Voltage":400,"PowerKW":22,"CurrentTypeID":20,"Quantity":1}]},{"ID":266503,"UUID":"7BD2DBD4-538A-41F9-B1B2-6CFFA3A99AB3","NumberOfPoints":1,"UsageCost":"0-20 min - 0.5₾, 20-40 min - 0.35₾, 40-300 min - 0.25₾","AddressInfo":{"ID":266887,"Title":"Wissol Gas Station","AddressLine1":"თბილისი-სენაკი-ლესელიძე","StateOrProvince":"იმერეთი","CountryID":86,"Latitude":42.14774990753628,"Longitude":42.96547402872227,"DistanceUnit":0},"OperatorID":3631,"DataProviderID":1,"UsageTypeID":4,"StatusTypeID":50,"Connections":[{"ID":453621,"ConnectionTypeID":33,"Reference":"0059","StatusTypeID":50,"LevelID":3,"Amps":125,"Voltage":400,"PowerKW":50,"CurrentTypeID":30,"Quantity":1},{"ID":453622,"ConnectionTypeID":2,"Reference":"0059","StatusTypeID":50,"LevelID":3,"Amps":125,"Voltage":400,"PowerKW":50,"CurrentTypeID":30,"Quantity":1}]},{"ID":266502,"UUID":"9BA76578-7629-4492-88B7-4CEAC7711B30","NumberOfPoints":1,"UsageCost":"0-20 min - 0.5₾, 20-40 min - 0.35₾, 40-300 min - 0.25₾","AddressInfo":{"ID":266886,"Title":"Neo Gas Station","AddressLine1":"თბილისი-სენაკი-ლესელიძე","StateOrProvince":"იმერეთი","CountryID":86,"Latitude":42.1489574163337,"Longitude":42.963491608504796,"DistanceUnit":0},"OperatorID":3631,"DataProviderID":1,"UsageTypeID":4,"StatusTypeID":50,"Connections":[{"ID":453619,"ConnectionTypeID":33,"Reference":"0062","StatusTypeID":50,"LevelID":3,"Amps":125,"Voltage":400,"PowerKW":50,"CurrentTypeID":30,"Quantity":1},{"ID":453620,"ConnectionTypeID":2,"Reference":"0062","StatusTypeID":50,"LevelID":3,"Amps":125,"Voltage":400,"PowerKW":50,"CurrentTypeID":30,"Quantity":1}]},{"ID":266466,"UUID":"463EFD7D-5982-4669-8146-E4126ABC8650","NumberOfPoints":1,"UsageCost":"0-5 kW: 0.03₾/min, 5-10 kW: 0.06₾/min, 10-15 kW: 0.11₾/min, 15-22 kW: 0.17₾/min","AddressInfo":{"ID":266850,"Title":"Socar Gas Station","AddressLine1":"თბილისი-სენაკი-ლესელიძე","AddressLine2":"ფეროს უბანი","StateOrProvince":"იმერეთი","Postcode":"2000","CountryID":86,"Latitude":42.11723937614556,"Longitude":43.01888732323857,"DistanceUnit":0},"OperatorID":3631,"DataProviderID":1,"UsageTypeID":4,"StatusTypeID":50,"Connections":[{"ID":453525,"ConnectionTypeID":25,"Reference":"0054","StatusTypeID":50,"LevelID":2,"Amps":32,"Voltage":400,"PowerKW":22,"CurrentTypeID":20,"Quantity":1}]},{"ID":266465,"UUID":"5548EDEF-9950-4D89-8699-2447C2B507B7","NumberOfPoints":1,"UsageCost":"0-5 kW: 0.03₾/min, 5-10 kW: 0.06₾/min, 10-15 kW: 0.11₾/min, 15-22 kW: 0.17₾/min","AddressInfo":{"ID":266849,"Title":"Socar Gas Station","AddressLine1":"ომარ ფხაკაძის ქუჩა","AddressLine2":"აღმაშენებლის დასახლება","Town":"ქუთაისი","StateOrProvince":"იმერეთი","Postcode":"4602","CountryID":86,"Latitude":42.261330891631786,"Longitude":42.68929943762612,"DistanceUnit":0},"OperatorID":3631,"DataProviderID":1,"UsageTypeID":4,"StatusTypeID":50,"Connections":[{"ID":453524,"ConnectionTypeID":25,"Reference":"0014","StatusTypeID":50,"LevelID":2,"Amps":32,"Voltage":400,"PowerKW":22,"CurrentTypeID":20,"Quantity":1}]},{"ID":266464,"UUID":"51014504-038E-4B9F-B423-34CD66B3E304","NumberOfPoints":1,"UsageCost":"0-5 kW: 0.03₾/min, 5-10 kW: 0.06₾/min, 10-15 kW: 0.11₾/min, 15-22 kW: 0.17₾/min","AddressInfo":{"ID":266848,"Title":"Neo Gas Station","AddressLine1":"გუგუნავას ქუჩა","Town":"ქუთაისი","StateOrProvince":"იმერეთი","Postcode":"4600","CountryID":86,"Latitude":42.25063014145945,"Longitude":42.67698308164685,"DistanceUnit":0},"OperatorID":3631,"DataProviderID":1,"UsageTypeID":4,"StatusTypeID":50,"Connections":[{"ID":453523,"ConnectionTypeID":25,"Reference":"0053","StatusTypeID":50,"LevelID":2,"Amps":32,"Voltage":400,"PowerKW":22,"CurrentTypeID":20,"Quantity":1}]},{"ID":266463,"UUID":"D722C627-01E5-45C3-9A47-C9200E178791","NumberOfPoints":1,"UsageCost":"0-5 kW: 0.03₾/min, 5-10 kW: 0.06₾/min, 10-15 kW: 0.11₾/min, 15-22 kW: 0.17₾/min","AddressInfo":{"ID":266847,"Title":"Neo Gas Station","AddressLine1":"თბილისი-სენაკი-ლესელიძე","Town":"სამტრედია","StateOrProvince":"იმერეთი","Postcode":"3900","CountryID":86,"Latitude":42.146819783523995,"Longitude":42.33645076130165,"DistanceUnit":0},"OperatorID":3631,"DataProviderID":1,"UsageTypeID":4,"StatusTypeID":50,"Connections":[{"ID":453522,"ConnectionTypeID":25,"Reference":"0040","StatusTypeID":50,"LevelID":2,"Amps":32,"Voltage":400,"PowerKW":22,"CurrentTypeID":20,"Quantity":1}]},{"ID":266462,"UUID":"F4D0DA5F-2782-4421-AC77-39BF3539566C","NumberOfPoints":1,"UsageCost":"0-5 kW: 0.03₾/min, 5-10 kW: 0.06₾/min, 10-15 kW: 0.11₾/min, 15-22 kW: 0.17₾/min","AddressInfo":{"ID":266846,"Title":"Abasha City Hall","AddressLine1":"თბილისი-სენაკი-ლესელიძე","Town":"აბაშა","StateOrProvince":"სამეგრელო-ზემო სვანეთი","CountryID":86,"Latitude":42.205391999313264,"Longitude":42.2028313495631,"DistanceUnit":0},"OperatorID":3631,"DataProviderID":1,"UsageTypeID":4,"StatusTypeID":50,"Connections":[{"ID":453521,"ConnectionTypeID":25,"Reference":"0067","StatusTypeID":50,"LevelID":2,"Amps":32,"Voltage":400,"PowerKW":22,"CurrentTypeID":20,"Quantity":1}]},{"ID":266427,"UUID":"4A49CC8A-C12F-4091-8807-42C542938671","NumberOfPoints":1,"UsageCost":"0-5 kW: 0.03₾/min, 5-10 kW: 0.06₾/min, 10-15 kW: 0.11₾/min, 15-22 kW: 0.17₾/min","AddressInfo":{"ID":266811,"Title":"Commercial Center","AddressLine1":"თამარ მეფის ქუჩა","Town":"ჩხოროწყუ","StateOrProvince":"სამეგრელო-ზემო სვანეთი","CountryID":86,"Latitude":42.51906894876831,"Longitude":42.127492484820436,"DistanceUnit":0},"OperatorID":3631,"DataProviderID":1,"UsageTypeID":4,"StatusTypeID":50,"Connections":[{"ID":453428,"ConnectionTypeID":25,"Reference":"0042","StatusTypeID":50,"LevelID":2,"Amps":32,"Voltage":400,"PowerKW":22,"CurrentTypeID":20,"Quantity":1}]},{"ID":266426,"UUID":"A9173AF2-B826-41B1-B3A7-BD3C1F532E52","NumberOfPoints":1,"UsageCost":"0-5 kW: 0.03₾/min, 5-10 kW: 0.06₾/min, 10-15 kW: 0.11₾/min, 15-22 kW: 0.17₾/min","AddressInfo":{"ID":266810,"Title":"Zugdidi Referral Hospital","AddressLine1":"კონსტანტინე გამსახურდიას ქუჩა","AddressLine2":"მაცხოვრისკარის უბანი","Town":"ზუგდიდი","StateOrProvince":"სამეგრელო-ზემო სვანეთი","CountryID":86,"Latitude":42.48999529826068,"Longitude":41.86109260970852,"DistanceUnit":0},"OperatorID":3631,"DataProviderID":1,"UsageTypeID":4,"StatusTypeID":50,"Connections":[{"ID":453427,"ConnectionTypeID":25,"Reference":"0048","StatusTypeID":50,"LevelID":2,"Amps":32,"Voltage":400,"PowerKW":22,"CurrentTypeID":20,"Quantity":1}]},{"ID":266406,"UUID":"355FEB63-B440-4586-97D4-71680765BC40","NumberOfPoints":1,"UsageCost":"0-5 kW: 0.03₾/min, 5-10 kW: 0.06₾/min, 10-15 kW: 0.11₾/min, 15-22 kW: 0.17₾/min","AddressInfo":{"ID":266790,"Title":"Socar Gas Station","AddressLine1":"სამტრედია-ლანჩხუთი-გრიგოლეთი","Town":"დაპნარი","StateOrProvince":"იმერეთი","CountryID":86,"Latitude":42.106609895776074,"Longitude":42.32577954481985,"DistanceUnit":0},"OperatorID":3631,"DataProviderID":1,"UsageTypeID":4,"StatusTypeID":50,"Connections":[{"ID":453340,"ConnectionTypeID":25,"StatusTypeID":50,"LevelID":2,"Amps":32,"Voltage":399,"PowerKW":22,"CurrentTypeID":20,"Quantity":1}]},{"ID":266405,"UUID":"460508F7-6080-4FCF-ABF9-AE310D0B62DB","NumberOfPoints":1,"UsageCost":"0-20 min - 0.5₾, 20-40 min - 0.35₾, 40-300 min - 0.25₾","AddressInfo":{"ID":266789,"Title":"Socar Gas Station","AddressLine1":"სამტრედია-ლანჩხუთი-გრიგოლეთი","Town":"დაპნარი","StateOrProvince":"იმერეთი","CountryID":86,"Latitude":42.10657076049685,"Longitude":42.32566159338623,"DistanceUnit":0},"OperatorID":3631,"DataProviderID":1,"UsageTypeID":4,"StatusTypeID":50,"Connections":[{"ID":453338,"ConnectionTypeID":2,"StatusTypeID":50,"LevelID":3,"Amps":125,"Voltage":400,"PowerKW":50,"CurrentTypeID":30,"Quantity":1},{"ID":453339,"ConnectionTypeID":33,"StatusTypeID":50,"LevelID":3,"Amps":125,"Voltage":400,"PowerKW":50,"CurrentTypeID":30,"Quantity":1}]},{"ID":266404,"UUID":"94AA6534-32B1-48D5-AA87-FCDF2485F976","NumberOfPoints":3,"UsageCost":"0.7₾/kWh","AddressInfo":{"ID":266788,"Title":"Tbilisi Sea Plaza","AddressLine1":"მარშალ ი. პილსუდსკის გამზირი","AddressLine2":"სამგორის რაიონი","Town":"თბილისი","Postcode":"0152","CountryID":86,"Latitude":41.70829469285087,"Longitude":44.85843632610275,"DistanceUnit":0},"OperatorID":3630,"DataProviderID":1,"UsageTypeID":4,"StatusTypeID":50,"Connections":[{"ID":453336,"ConnectionTypeID":25,"StatusTypeID":50,"LevelID":2,"Amps":40,"PowerKW":22.4,"CurrentTypeID":20,"Quantity":1},{"ID":453337,"ConnectionTypeID":1,"StatusTypeID":50,"LevelID":2,"Amps":40,"Voltage":225,"PowerKW":9,"CurrentTypeID":10,"Quantity":1}],"UserComments":[{"ID":28921,"ChargePointID":266404,"CommentTypeID":10,"UserName":"corscheg","DateCreated":"2023-08-25T18:27:47.737Z","User":{"ID":42576,"Username":"corscheg"},"IsActionedByEditor":false}]},{"ID":266391,"UUID":"2B41806C-F454-4082-A78C-10325A730CE4","NumberOfPoints":1,"UsageCost":"0-5 kW: 0.03₾/min, 5-10 kW: 0.06₾/min, 10-15 kW: 0.11₾/min, 15-22 kW: 0.17₾/min","AddressInfo":{"ID":266775,"Title":"Vila Reta","AddressLine1":"სენაკი-ფოთი-სარფი","Town":"გრიგოლეთი","StateOrProvince":"გურია","CountryID":86,"Latitude":42.04141708553044,"Longitude":41.7352411616275,"DistanceUnit":0},"OperatorID":3631,"DataProviderID":1,"UsageTypeID":4,"StatusTypeID":50,"Connections":[{"ID":453314,"ConnectionTypeID":25,"StatusTypeID":50,"LevelID":2,"Amps":30,"Voltage":240,"PowerKW":22,"CurrentTypeID":20,"Quantity":1}]},{"ID":266390,"UUID":"73D18059-1D99-48C1-A6D6-82258303F7F5","NumberOfPoints":1,"UsageCost":"0.7₾/kWh","AddressInfo":{"ID":266774,"Title":"Promete Gas Station","AddressLine1":"ილია ჭავჭავაძის გამზირი","Town":"ქუთაისი","StateOrProvince":"იმერეთი","CountryID":86,"Latitude":42.249477900601136,"Longitude":42.69203175450616,"DistanceUnit":0},"OperatorID":3630,"DataProviderID":1,"UsageTypeID":4,"StatusTypeID":50,"Connections":[{"ID":453312,"ConnectionTypeID":25,"StatusTypeID":50,"LevelID":2,"Amps":32,"Voltage":400,"PowerKW":22,"CurrentTypeID":20,"Quantity":1},{"ID":453313,"ConnectionTypeID":1,"StatusTypeID":50,"LevelID":2,"Amps":40,"Voltage":225,"PowerKW":9,"CurrentTypeID":10,"Quantity":1}]},{"ID":266389,"UUID":"C8A75E43-B337-4EDC-AB81-A088DC8B10B2","NumberOfPoints":1,"UsageCost":"0.7₾/kWh","AddressInfo":{"ID":266773,"Title":"Promete Gas Station","AddressLine1":"დავიტ აღმაშენებელის გამზირი","Town":"ქობულეთი","StateOrProvince":"აჭარა","CountryID":86,"Latitude":41.886968436773685,"Longitude":41.7746285532927,"DistanceUnit":0},"OperatorID":3630,"DataProviderID":1,"UsageTypeID":4,"StatusTypeID":50,"Connections":[{"ID":453310,"ConnectionTypeID":1,"StatusTypeID":50,"LevelID":2,"Amps":40,"Voltage":175,"PowerKW":7,"CurrentTypeID":10,"Quantity":3}]},{"ID":259709,"UUID":"702C2B69-31D0-4C07-973F-76F8EEA3BF15","NumberOfPoints":1,"UsageCost":"0-5 kW: 0.03₾/min, 5-10 kW: 0.06₾/min, 10-15 kW: 0.11₾/min, 15-22 kW: 0.17₾/min","AddressInfo":{"ID":260093,"Title":"Hilton Batumi","AddressLine1":"შოთა რუსთაველის ქუჩა","AddressLine2":"პარკი","Town":"ბათუმი","StateOrProvince":"აჭარის ავტონომიური რესპუბლიკა","Postcode":"6010","CountryID":86,"Latitude":41.64932674650947,"Longitude":41.6261629708963,"AccessComments":"In the underground parking","DistanceUnit":0},"OperatorID":3631,"DataProviderID":1,"UsageTypeID":4,"StatusTypeID":50,"Connections":[{"ID":435743,"ConnectionTypeID":25,"StatusTypeID":50,"LevelID":2,"Amps":32,"Voltage":240,"PowerKW":22,"CurrentTypeID":20,"Quantity":1,"Comments":""}]},{"ID":258164,"UUID":"79D4F0B0-C05A-4D5E-8D1B-A682C1EE0F63","NumberOfPoints":1,"UsageCost":"0-20 min - 0.5 GEL, 20-40 min - 0.35 GEL, 40-300 min - 0.25 GEL","AddressInfo":{"ID":258548,"Title":"Socar Gas Station","AddressLine1":"Odysseas Dimitriadis Street","AddressLine2":"Tamar Settlement","Town":"Batumi","StateOrProvince":"Autonomous Republic of Adjara","Postcode":"6006","CountryID":86,"Latitude":41.649957914388665,"Longitude":41.66698494072995,"DistanceUnit":0},"OperatorID":3631,"DataProviderID":1,"UsageTypeID":4,"StatusTypeID":50,"Connections":[{"ID":431254,"ConnectionTypeID":33,"Reference":"0061","StatusTypeID":50,"LevelID":3,"Amps":125,"Voltage":400,"PowerKW":50,"CurrentTypeID":30,"Quantity":1},{"ID":431255,"ConnectionTypeID":2,"Reference":"0061","StatusTypeID":50,"LevelID":3,"Amps":125,"Voltage":400,"PowerKW":50,"CurrentTypeID":30,"Quantity":1}]},{"ID":257158,"UUID":"9D216388-CF70-4229-A20D-A4AFF00FF790","NumberOfPoints":1,"UsageCost":"0-5 kW: 0.03₾/min, 5-10 kW: 0.06₾/min, 10-15 kW: 0.11₾/min, 15-22 kW: 0.17₾/min","AddressInfo":{"ID":257542,"Title":"Turtle Lake","AddressLine1":"კუს ტბის აღმართი","AddressLine2":"ვაკის რაიონი","Town":"თბილისი","Postcode":"1062","CountryID":86,"Latitude":41.709117278440345,"Longitude":44.741509190990314,"DistanceUnit":0},"OperatorID":3631,"DataProviderID":1,"UsageTypeID":5,"StatusTypeID":50,"Connections":[{"ID":428985,"ConnectionTypeID":25,"Reference":"0002","StatusTypeID":50,"LevelID":2,"Amps":32,"Voltage":660,"PowerKW":22,"CurrentTypeID":20,"Quantity":1}]},{"ID":257157,"UUID":"D3BA392D-D4B0-4670-B053-2E77BB08EF6E","NumberOfPoints":1,"UsageCost":"0-5 kW: 0.03₾/min, 5-10 kW: 0.06₾/min, 10-15 kW: 0.11₾/min, 15-22 kW: 0.17₾/min","AddressInfo":{"ID":257541,"Title":"Bank of Georgia HQ","AddressLine1":"იური გაგარინის ქუჩა","AddressLine2":"საბურთალოს რაიონი","Town":"თბილისი","Postcode":"0160","CountryID":86,"Latitude":41.73616920630636,"Longitude":44.771338319242204,"DistanceUnit":0},"OperatorID":3631,"DataProviderID":1,"UsageTypeID":5,"StatusTypeID":50,"Connections":[{"ID":428984,"ConnectionTypeID":25,"Reference":"0003","StatusTypeID":50,"LevelID":2,"PowerKW":22,"Quantity":1}]},{"ID":257121,"UUID":"C51E5500-1AB4-4839-8CB4-E9A4DAEBEAE9","NumberOfPoints":1,"UsageCost":"0-5 kW: 0.03₾/min, 5-10 kW: 0.06₾/min, 10-15 kW: 0.11₾/min, 15-22 kW: 0.17₾/min","AddressInfo":{"ID":257505,"Title":"East Point Mall","AddressLine1":"კახეთის გზატკეცილი","AddressLine2":"სამგორის რაიონი","Town":"თბილისი","Postcode":"0198","CountryID":86,"Latitude":41.68845711118229,"Longitude":44.89701749797848,"DistanceUnit":0},"OperatorID":3631,"DataProviderID":1,"UsageTypeID":4,"StatusTypeID":50,"Connections":[{"ID":428805,"ConnectionTypeID":25,"Reference":"0007","StatusTypeID":50,"LevelID":2,"Amps":32,"Voltage":240,"PowerKW":22,"CurrentTypeID":20,"Quantity":1}],"UserComments":[{"ID":29007,"ChargePointID":257121,"CommentTypeID":10,"UserName":"corscheg","DateCreated":"2023-09-19T12:58:20.897Z","User":{"ID":42576,"Username":"corscheg"},"IsActionedByEditor":false},{"ID":28966,"ChargePointID":257121,"CommentTypeID":10,"UserName":"corscheg","DateCreated":"2023-09-04T19:23:36.46Z","User":{"ID":42576,"Username":"corscheg"},"IsActionedByEditor":false},{"ID":28923,"ChargePointID":257121,"CommentTypeID":10,"UserName":"corscheg","DateCreated":"2023-08-25T21:58:55.657Z","User":{"ID":42576,"Username":"corscheg"},"IsActionedByEditor":false},{"ID":28920,"ChargePointID":257121,"CommentTypeID":10,"UserName":"corscheg","DateCreated":"2023-08-25T18:27:34.757Z","User":{"ID":42576,"Username":"corscheg"},"IsActionedByEditor":false}]},{"ID":257079,"UUID":"B2C2071C-3A9E-4BDE-8035-69B24C5C6DC8","NumberOfPoints":1,"UsageCost":"0-5 kW: 0.03₾/min, 5-10 kW: 0.06₾/min, 10-15 kW: 0.11₾/min, 15-22 kW: 0.17₾/min","AddressInfo":{"ID":257463,"Title":"Socar Gas Station","AddressLine1":"უცნიბ გმირთა ქუჩა","Town":"თბილისი","CountryID":86,"Latitude":41.73636309154526,"Longitude":44.8390052034008,"DistanceUnit":0},"OperatorID":3631,"DataProviderID":1,"UsageTypeID":4,"StatusTypeID":50,"Connections":[{"ID":428629,"ConnectionTypeID":25,"Reference":"0036","StatusTypeID":50,"LevelID":2,"Amps":32,"Voltage":240,"PowerKW":22,"CurrentTypeID":20,"Quantity":1}]},{"ID":257078,"UUID":"79D3CDC7-1A3B-49D9-92E9-979A2C34FDBE","NumberOfPoints":2,"UsageCost":"0-5 kW: 0.03₾/min, 5-10 kW: 0.06₾/min, 10-15 kW: 0.11₾/min, 15-22 kW: 0.17₾/min","AddressInfo":{"ID":257462,"Title":"Saba Mall","AddressLine1":"თორნიკე ერისთავის ქუჩა","Town":"თბილისი","CountryID":86,"Latitude":41.75146699968434,"Longitude":44.787162132332924,"DistanceUnit":0},"OperatorID":3631,"DataProviderID":1,"UsageTypeID":5,"StatusTypeID":50,"Connections":[{"ID":428627,"ConnectionTypeID":25,"Reference":"0081","StatusTypeID":50,"LevelID":2,"PowerKW":22,"Quantity":1},{"ID":428628,"ConnectionTypeID":25,"Reference":"0082","StatusTypeID":50,"LevelID":2,"PowerKW":22,"Quantity":1}],"UserComments":[{"ID":28925,"ChargePointID":257078,"CommentTypeID":10,"UserName":"corscheg","DateCreated":"2023-08-25T21:59:51.903Z","User":{"ID":42576,"Username":"corscheg"},"IsActionedByEditor":false},{"ID":28924,"ChargePointID":257078,"CommentTypeID":10,"UserName":"corscheg","DateCreated":"2023-08-25T21:59:46.82Z","User":{"ID":42576,"Username":"corscheg"},"IsActionedByEditor":false},{"ID":28922,"ChargePointID":257078,"CommentTypeID":10,"UserName":"corscheg","DateCreated":"2023-08-25T18:29:39.367Z","User":{"ID":42576,"Username":"corscheg"},"IsActionedByEditor":false}]},{"ID":235584,"UUID":"AC7F18C1-D92B-40D7-9E8C-15874D7C0180","NumberOfPoints":2,"AddressInfo":{"ID":235968,"Title":"Le Méridien","AddressLine1":"სულიკო ჟღენტის ქუჩა, 2","Town":"ბათუმი","StateOrProvince":"აჭარის ავტონომიური რესპუბლიკა","Postcode":"6006","CountryID":86,"Latitude":41.65401257449301,"Longitude":41.636820599357094,"DistanceUnit":0},"OperatorID":1,"DataProviderID":1,"UsageTypeID":6,"StatusTypeID":50,"Connections":[{"ID":388642,"ConnectionTypeID":25,"StatusTypeID":30,"Quantity":2}],"MediaItems":[{"ID":36787,"ChargePointID":235584,"ItemURL":"https://media.openchargemap.io/images/GE/OCM235584/OCM-235584.orig.2023022620272370.jpg","ItemThumbnailURL":"https://media.openchargemap.io/images/GE/OCM235584/OCM-235584.thmb.2023022620272370.jpg","Comment":"","IsEnabled":true,"IsVideo":false,"IsFeaturedItem":false,"IsExternalResource":false,"User":{"ID":41880,"Username":"empty_child"},"DateCreated":"2023-02-26T20:27:00Z"}]},{"ID":235583,"UUID":"B780FB49-5CAF-4A42-A5EC-6DD6903905B1","NumberOfPoints":1,"UsageCost":"0-5 kW: 0.03₾/min, 5-10 kW: 0.06₾/min, 10-15 kW: 0.11₾/min, 15-22 kW: 0.17₾/min","AddressInfo":{"ID":235967,"Title":"Radisson Blu Batumi","AddressLine1":"შოთა რუსთაველის ქუჩა, 1","Town":"ბათუმი","StateOrProvince":"აჭარის ავტონომიური რესპუბლიკა","Postcode":"6006","CountryID":86,"Latitude":41.65343530742388,"Longitude":41.638657637868675,"ContactTelephone1":"+995322433473","RelatedURL":"https://e-space.ge/","DistanceUnit":0},"OperatorID":3631,"DataProviderID":1,"UsageTypeID":4,"StatusTypeID":50,"Connections":[{"ID":388641,"ConnectionTypeID":25,"Reference":"0072","StatusTypeID":50,"LevelID":2,"Amps":32,"Voltage":240,"PowerKW":22,"CurrentTypeID":20,"Quantity":1}],"MediaItems":[{"ID":36788,"ChargePointID":235583,"ItemURL":"https://media.openchargemap.io/images/GE/OCM235583/OCM-235583.orig.2023022620274050.jpg","ItemThumbnailURL":"https://media.openchargemap.io/images/GE/OCM235583/OCM-235583.thmb.2023022620274050.jpg","Comment":"","IsEnabled":true,"IsVideo":false,"IsFeaturedItem":false,"IsExternalResource":false,"User":{"ID":41880,"Username":"empty_child"},"DateCreated":"2023-02-26T20:28:00Z"}]},{"ID":235566,"UUID":"7D9FDAB5-5B48-470D-87CC-798FC2975643","NumberOfPoints":2,"UsageCost":"0.7₾/kW","AddressInfo":{"ID":235950,"Title":"EV Georgia (Sky Tower)","AddressLine1":"ჟიული შარტავას გამზირი, 7/33","Town":"ბათუმი","StateOrProvince":"აჭარის ავტონომიური რესპუბლიკა","Postcode":"6000","CountryID":86,"Latitude":41.64013386890386,"Longitude":41.6143438920119,"ContactTelephone1":"+995514070033","RelatedURL":"https://ev-georgia.net","DistanceUnit":0},"OperatorID":3630,"DataProviderID":1,"UsageTypeID":4,"StatusTypeID":100,"Connections":[{"ID":388612,"ConnectionTypeID":1,"StatusTypeID":30,"LevelID":2,"Amps":40,"Voltage":177,"PowerKW":7.21,"CurrentTypeID":10,"Quantity":2},{"ID":388613,"ConnectionTypeID":25,"StatusTypeID":30,"LevelID":2,"Amps":32,"Voltage":400,"PowerKW":22,"CurrentTypeID":20,"Quantity":2}],"MediaItems":[{"ID":36797,"ChargePointID":235566,"ItemURL":"https://media.openchargemap.io/images/GE/OCM235566/OCM-235566.orig.2023022719054502.jpg","ItemThumbnailURL":"https://media.openchargemap.io/images/GE/OCM235566/OCM-235566.thmb.2023022719054502.jpg","Comment":"","IsEnabled":true,"IsVideo":false,"IsFeaturedItem":false,"IsExternalResource":false,"User":{"ID":41880,"Username":"empty_child"},"DateCreated":"2023-02-27T19:06:00Z"}]},{"ID":235565,"UUID":"E650D151-098E-4E2F-95FD-ED72D5A90F08","NumberOfPoints":1,"UsageCost":"0-5 kW: 0.03₾/min, 5-10 kW: 0.06₾/min, 10-15 kW: 0.11₾/min, 15-22 kW: 0.17₾/min","AddressInfo":{"ID":235949,"Title":"Socar Gas Station","AddressLine1":"შერიფ ხიმშიაშვილის ქუჩა, 1ა","Town":"ბათუმი","StateOrProvince":"აჭარის ავტონომიური რესპუბლიკა","Postcode":"6000","CountryID":86,"Latitude":41.64324511277948,"Longitude":41.61756241903947,"ContactTelephone1":"+995322433473","RelatedURL":"https://e-space.ge/","DistanceUnit":0},"OperatorID":3631,"DataProviderID":1,"UsageTypeID":5,"StatusTypeID":50,"Connections":[{"ID":388611,"ConnectionTypeID":25,"Reference":"0015","StatusTypeID":50,"LevelID":2,"Amps":32,"Voltage":400,"PowerKW":22,"CurrentTypeID":20,"Quantity":1}],"MediaItems":[{"ID":36796,"ChargePointID":235565,"ItemURL":"https://media.openchargemap.io/images/GE/OCM235565/OCM-235565.orig.2023022719052060.jpg","ItemThumbnailURL":"https://media.openchargemap.io/images/GE/OCM235565/OCM-235565.thmb.2023022719052060.jpg","Comment":"","IsEnabled":true,"IsVideo":false,"IsFeaturedItem":false,"IsExternalResource":false,"User":{"ID":41880,"Username":"empty_child"},"DateCreated":"2023-02-27T19:05:00Z"}]},{"ID":213030,"UUID":"94714BF4-36D8-4FD3-A689-7C9DEE8D3019","NumberOfPoints":5,"UsageCost":"0.7₾/hr","AddressInfo":{"ID":213410,"Title":"Metro City Mall","AddressLine1":"ლეხ და მარია კაჩინსკების ქუჩა, 1","Town":"ბათუმი","StateOrProvince":"აჭარის ავტონომიური რესპუბლიკა","Postcode":"6000","CountryID":86,"Latitude":41.62828419684459,"Longitude":41.60149083083306,"ContactTelephone1":"+995514070033","RelatedURL":"https://ev-georgia.net","DistanceUnit":0},"OperatorID":3630,"DataProviderID":1,"UsageTypeID":5,"StatusTypeID":50,"Connections":[{"ID":354828,"ConnectionTypeID":1,"StatusTypeID":50,"LevelID":2,"Amps":40,"Voltage":225,"PowerKW":9,"Quantity":5},{"ID":354829,"ConnectionTypeID":25,"StatusTypeID":50,"LevelID":2,"Amps":40,"Voltage":525,"PowerKW":21,"CurrentTypeID":20,"Quantity":5}],"MediaItems":[{"ID":37980,"ChargePointID":213030,"ItemURL":"https://media.openchargemap.io/images/GE/OCM213030/OCM-213030.orig.2023060113401091.jpg","ItemThumbnailURL":"https://media.openchargemap.io/images/GE/OCM213030/OCM-213030.thmb.2023060113401091.jpg","Comment":"","IsEnabled":true,"IsVideo":false,"IsFeaturedItem":false,"IsExternalResource":false,"User":{"ID":41880,"Username":"empty_child"},"DateCreated":"2023-06-01T13:40:00Z"}]},{"ID":208236,"UUID":"6EFFE618-23E6-453D-85EA-A45F1B210904","NumberOfPoints":2,"UsageCost":"0","AddressInfo":{"ID":208616,"Title":"ProCredit Charging Station","AddressLine1":"Demetre Tavdadebuili Street","Town":"Batumi","StateOrProvince":"Autonomous Republic of Adjara","Postcode":"6000","CountryID":86,"Latitude":41.65017725876032,"Longitude":41.63483340972448,"DistanceUnit":0},"OperatorID":3576,"DataProviderID":1,"UsageTypeID":4,"StatusTypeID":50,"Connections":[{"ID":346541,"ConnectionTypeID":25,"StatusTypeID":50,"LevelID":2,"Amps":32,"Voltage":250,"PowerKW":8,"CurrentTypeID":20,"Quantity":2}],"MediaItems":[{"ID":36770,"ChargePointID":208236,"ItemURL":"https://media.openchargemap.io/images/GE/OCM208236/OCM-208236.orig.2023022518164781.jpg","ItemThumbnailURL":"https://media.openchargemap.io/images/GE/OCM208236/OCM-208236.thmb.2023022518164781.jpg","Comment":"","IsEnabled":true,"IsVideo":false,"IsFeaturedItem":false,"IsExternalResource":false,"User":{"ID":41880,"Username":"empty_child"},"DateCreated":"2023-02-25T18:17:00Z"},{"ID":36771,"ChargePointID":208236,"ItemURL":"https://media.openchargemap.io/images/GE/OCM208236/OCM-208236.orig.2023022518171256.jpg","ItemThumbnailURL":"https://media.openchargemap.io/images/GE/OCM208236/OCM-208236.thmb.2023022518171256.jpg","Comment":"","IsEnabled":true,"IsVideo":false,"IsFeaturedItem":false,"IsExternalResource":false,"User":{"ID":41880,"Username":"empty_child"},"DateCreated":"2023-02-25T18:17:00Z"}]},{"ID":135427,"UUID":"C961E4B9-205E-4DAC-979C-69B59FE95301","NumberOfPoints":1,"UsageCost":"0.7₾/kWh","AddressInfo":{"ID":135773,"Title":"Green Park","AddressLine1":"გურიის ქუჩა","AddressLine2":"მალთაყვა","Town":"ფოთი","StateOrProvince":"სამეგრელო-ზემო სვანეთი","Postcode":"4400","CountryID":86,"Latitude":42.108225,"Longitude":41.698106,"DistanceUnit":0},"OperatorID":3630,"DataProviderID":1,"UsageTypeID":4,"StatusTypeID":50,"Connections":[{"ID":189748,"ConnectionTypeID":25,"StatusTypeID":50,"LevelID":2,"Amps":40,"Voltage":525,"PowerKW":21,"CurrentTypeID":20,"Quantity":1},{"ID":429113,"ConnectionTypeID":1,"StatusTypeID":50,"LevelID":2,"Amps":40,"Voltage":199,"PowerKW":8,"Quantity":1}],"MediaItems":[{"ID":20650,"ChargePointID":135427,"ItemURL":"https://media.openchargemap.io/images/GE/OCM135427/OCM-135427.orig.2019122009430842.jpg","ItemThumbnailURL":"https://media.openchargemap.io/images/GE/OCM135427/OCM-135427.thmb.2019122009430842.jpg","Comment":"","IsEnabled":true,"IsVideo":false,"IsFeaturedItem":false,"IsExternalResource":false,"User":{"ID":23311,"Username":"mk.eua1@gmail.com"},"DateCreated":"2019-12-20T09:43:00Z"},{"ID":20651,"ChargePointID":135427,"ItemURL":"https://media.openchargemap.io/images/GE/OCM135427/OCM-135427.orig.2019122009431480.jpg","ItemThumbnailURL":"https://media.openchargemap.io/images/GE/OCM135427/OCM-135427.thmb.2019122009431480.jpg","Comment":"","IsEnabled":true,"IsVideo":false,"IsFeaturedItem":false,"IsExternalResource":false,"User":{"ID":23311,"Username":"mk.eua1@gmail.com"},"DateCreated":"2019-12-20T09:43:00Z"},{"ID":20652,"ChargePointID":135427,"ItemURL":"https://media.openchargemap.io/images/GE/OCM135427/OCM-135427.orig.2019122009432140.jpg","ItemThumbnailURL":"https://media.openchargemap.io/images/GE/OCM135427/OCM-135427.thmb.2019122009432140.jpg","Comment":"","IsEnabled":true,"IsVideo":false,"IsFeaturedItem":false,"IsExternalResource":false,"User":{"ID":23311,"Username":"mk.eua1@gmail.com"},"DateCreated":"2019-12-20T09:43:00Z"}]},{"ID":135426,"UUID":"6FF5C982-3C2D-4873-835B-D608F6273A5E","NumberOfPoints":1,"AddressInfo":{"ID":135772,"Title":"ElectroUA 1417","AddressLine1":"Озургети, Грузия","Town":"Озургети","CountryID":86,"Latitude":41.905144,"Longitude":42.000453,"AccessComments":"Озургети, Грузия, Promete Gaz","DistanceUnit":0},"OperatorID":3362,"DataProviderID":1,"UsageTypeID":4,"StatusTypeID":50,"Connections":[{"ID":189745,"ConnectionTypeID":1,"StatusTypeID":50,"LevelID":2,"Amps":32,"Voltage":230,"PowerKW":6.6,"CurrentTypeID":10},{"ID":189746,"ConnectionTypeID":1,"StatusTypeID":50,"LevelID":2,"Amps":32,"Voltage":230,"PowerKW":6.6,"CurrentTypeID":10},{"ID":189747,"ConnectionTypeID":1,"StatusTypeID":50,"LevelID":2,"Amps":32,"Voltage":230,"PowerKW":6.6,"CurrentTypeID":10}],"MediaItems":[{"ID":20648,"ChargePointID":135426,"ItemURL":"https://media.openchargemap.io/images/GE/OCM135426/OCM-135426.orig.2019122009313158.jpg","ItemThumbnailURL":"https://media.openchargemap.io/images/GE/OCM135426/OCM-135426.thmb.2019122009313158.jpg","Comment":"","IsEnabled":true,"IsVideo":false,"IsFeaturedItem":false,"IsExternalResource":false,"User":{"ID":23311,"Username":"mk.eua1@gmail.com"},"DateCreated":"2019-12-20T09:32:00Z"},{"ID":20649,"ChargePointID":135426,"ItemURL":"https://media.openchargemap.io/images/GE/OCM135426/OCM-135426.orig.2019122009313923.jpg","ItemThumbnailURL":"https://media.openchargemap.io/images/GE/OCM135426/OCM-135426.thmb.2019122009313923.jpg","Comment":"","IsEnabled":true,"IsVideo":false,"IsFeaturedItem":false,"IsExternalResource":false,"User":{"ID":23311,"Username":"mk.eua1@gmail.com"},"DateCreated":"2019-12-20T09:32:00Z"},{"ID":20646,"ChargePointID":135426,"ItemURL":"https://media.openchargemap.io/images/GE/OCM135426/OCM-135426.orig.2019122009311639.jpg","ItemThumbnailURL":"https://media.openchargemap.io/images/GE/OCM135426/OCM-135426.thmb.2019122009311639.jpg","Comment":"","IsEnabled":true,"IsVideo":false,"IsFeaturedItem":false,"IsExternalResource":false,"User":{"ID":23311,"Username":"mk.eua1@gmail.com"},"DateCreated":"2019-12-20T09:31:00Z"},{"ID":20647,"ChargePointID":135426,"ItemURL":"https://media.openchargemap.io/images/GE/OCM135426/OCM-135426.orig.2019122009312547.jpg","ItemThumbnailURL":"https://media.openchargemap.io/images/GE/OCM135426/OCM-135426.thmb.2019122009312547.jpg","Comment":"","IsEnabled":true,"IsVideo":false,"IsFeaturedItem":false,"IsExternalResource":false,"User":{"ID":23311,"Username":"mk.eua1@gmail.com"},"DateCreated":"2019-12-20T09:31:00Z"}]},{"ID":135424,"UUID":"202632C2-D2A2-4D9E-AA12-697597EA8D16","NumberOfPoints":1,"AddressInfo":{"ID":135770,"Title":"ElectroGe 1438","AddressLine1":"ფიროსმანის ქუჩა","StateOrProvince":"აჭარის ავტონომიური რესპუბლიკა","Postcode":"6000","CountryID":86,"Latitude":41.637593,"Longitude":41.613755,"DistanceUnit":0},"OperatorID":3362,"DataProviderID":1,"UsageTypeID":4,"StatusTypeID":100,"Connections":[{"ID":189739,"ConnectionTypeID":1,"StatusTypeID":30,"LevelID":2,"Amps":32,"Voltage":230,"PowerKW":6.6,"CurrentTypeID":10},{"ID":189740,"ConnectionTypeID":1,"StatusTypeID":30,"LevelID":2,"Amps":32,"Voltage":230,"PowerKW":6.6,"CurrentTypeID":10},{"ID":189741,"ConnectionTypeID":1,"StatusTypeID":30,"LevelID":2,"Amps":32,"Voltage":230,"PowerKW":6.6,"CurrentTypeID":10}],"MediaItems":[{"ID":20645,"ChargePointID":135424,"ItemURL":"https://media.openchargemap.io/images/GE/OCM135424/OCM-135424.orig.2019122009233009.jpg","ItemThumbnailURL":"https://media.openchargemap.io/images/GE/OCM135424/OCM-135424.thmb.2019122009233009.jpg","Comment":"","IsEnabled":true,"IsVideo":false,"IsFeaturedItem":false,"IsExternalResource":false,"User":{"ID":23311,"Username":"mk.eua1@gmail.com"},"DateCreated":"2019-12-20T09:24:00Z"},{"ID":20642,"ChargePointID":135424,"ItemURL":"https://media.openchargemap.io/images/GE/OCM135424/OCM-135424.orig.2019122009231222.jpg","ItemThumbnailURL":"https://media.openchargemap.io/images/GE/OCM135424/OCM-135424.thmb.2019122009231222.jpg","Comment":"","IsEnabled":true,"IsVideo":false,"IsFeaturedItem":false,"IsExternalResource":false,"User":{"ID":23311,"Username":"mk.eua1@gmail.com"},"DateCreated":"2019-12-20T09:23:00Z"},{"ID":20643,"ChargePointID":135424,"ItemURL":"https://media.openchargemap.io/images/GE/OCM135424/OCM-135424.orig.2019122009231885.jpg","ItemThumbnailURL":"https://media.openchargemap.io/images/GE/OCM135424/OCM-135424.thmb.2019122009231885.jpg","Comment":"","IsEnabled":true,"IsVideo":false,"IsFeaturedItem":false,"IsExternalResource":false,"User":{"ID":23311,"Username":"mk.eua1@gmail.com"},"DateCreated":"2019-12-20T09:23:00Z"},{"ID":20644,"ChargePointID":135424,"ItemURL":"https://media.openchargemap.io/images/GE/OCM135424/OCM-135424.orig.2019122009232387.jpg","ItemThumbnailURL":"https://media.openchargemap.io/images/GE/OCM135424/OCM-135424.thmb.2019122009232387.jpg","Comment":"","IsEnabled":true,"IsVideo":false,"IsFeaturedItem":false,"IsExternalResource":false,"User":{"ID":23311,"Username":"mk.eua1@gmail.com"},"DateCreated":"2019-12-20T09:23:00Z"}]},{"ID":135423,"UUID":"9A458A4C-7ED1-4128-8960-1D08514AEA4C","NumberOfPoints":3,"AddressInfo":{"ID":135769,"Title":"Keda","AddressLine1":"ბათუმი-ახალციხე","StateOrProvince":"აჭარის ავტონომიური რესპუბლიკა","CountryID":86,"Latitude":41.592943,"Longitude":41.919558,"DistanceUnit":0},"OperatorID":3630,"DataProviderID":1,"UsageTypeID":4,"StatusTypeID":50,"Connections":[{"ID":189738,"ConnectionTypeID":1,"StatusTypeID":50,"LevelID":2,"Amps":40,"Voltage":175,"PowerKW":7,"CurrentTypeID":10,"Quantity":3}],"MediaItems":[{"ID":20638,"ChargePointID":135423,"ItemURL":"https://media.openchargemap.io/images/GE/OCM135423/OCM-135423.orig.2019122009132849.jpg","ItemThumbnailURL":"https://media.openchargemap.io/images/GE/OCM135423/OCM-135423.thmb.2019122009132849.jpg","Comment":"","IsEnabled":true,"IsVideo":false,"IsFeaturedItem":false,"IsExternalResource":false,"User":{"ID":23311,"Username":"mk.eua1@gmail.com"},"DateCreated":"2019-12-20T09:14:00Z"},{"ID":20639,"ChargePointID":135423,"ItemURL":"https://media.openchargemap.io/images/GE/OCM135423/OCM-135423.orig.2019122009133874.jpg","ItemThumbnailURL":"https://media.openchargemap.io/images/GE/OCM135423/OCM-135423.thmb.2019122009133874.jpg","Comment":"","IsEnabled":true,"IsVideo":false,"IsFeaturedItem":false,"IsExternalResource":false,"User":{"ID":23311,"Username":"mk.eua1@gmail.com"},"DateCreated":"2019-12-20T09:14:00Z"},{"ID":20640,"ChargePointID":135423,"ItemURL":"https://media.openchargemap.io/images/GE/OCM135423/OCM-135423.orig.2019122009134385.jpg","ItemThumbnailURL":"https://media.openchargemap.io/images/GE/OCM135423/OCM-135423.thmb.2019122009134385.jpg","Comment":"","IsEnabled":true,"IsVideo":false,"IsFeaturedItem":false,"IsExternalResource":false,"User":{"ID":23311,"Username":"mk.eua1@gmail.com"},"DateCreated":"2019-12-20T09:14:00Z"},{"ID":20641,"ChargePointID":135423,"ItemURL":"https://media.openchargemap.io/images/GE/OCM135423/OCM-135423.orig.2019122009135244.jpg","ItemThumbnailURL":"https://media.openchargemap.io/images/GE/OCM135423/OCM-135423.thmb.2019122009135244.jpg","Comment":"","IsEnabled":true,"IsVideo":false,"IsFeaturedItem":false,"IsExternalResource":false,"User":{"ID":23311,"Username":"mk.eua1@gmail.com"},"DateCreated":"2019-12-20T09:14:00Z"}]},{"ID":135417,"UUID":"05CE82FB-4536-4C3A-BB7B-1669F7902378","NumberOfPoints":3,"UsageCost":"0.7₾/kWh","AddressInfo":{"ID":135763,"Title":"Lukoil Gas Station","AddressLine1":"სენაკი-ფოთი-სარფი","StateOrProvince":"გურია","CountryID":86,"Latitude":42.048464,"Longitude":41.732017,"DistanceUnit":0},"OperatorID":3630,"DataProviderID":1,"UsageTypeID":4,"StatusTypeID":100,"Connections":[{"ID":189722,"ConnectionTypeID":1,"StatusTypeID":30,"LevelID":2,"Amps":40,"Voltage":175,"PowerKW":7,"CurrentTypeID":10,"Quantity":3}],"MediaItems":[{"ID":20633,"ChargePointID":135417,"ItemURL":"https://media.openchargemap.io/images/GE/OCM135417/OCM-135417.orig.2019122008523374.jpg","ItemThumbnailURL":"https://media.openchargemap.io/images/GE/OCM135417/OCM-135417.thmb.2019122008523374.jpg","Comment":"","IsEnabled":true,"IsVideo":false,"IsFeaturedItem":false,"IsExternalResource":false,"User":{"ID":23311,"Username":"mk.eua1@gmail.com"},"DateCreated":"2019-12-20T08:53:00Z"},{"ID":20634,"ChargePointID":135417,"ItemURL":"https://media.openchargemap.io/images/GE/OCM135417/OCM-135417.orig.2019122008524184.jpg","ItemThumbnailURL":"https://media.openchargemap.io/images/GE/OCM135417/OCM-135417.thmb.2019122008524184.jpg","Comment":"","IsEnabled":true,"IsVideo":false,"IsFeaturedItem":false,"IsExternalResource":false,"User":{"ID":23311,"Username":"mk.eua1@gmail.com"},"DateCreated":"2019-12-20T08:53:00Z"},{"ID":20635,"ChargePointID":135417,"ItemURL":"https://media.openchargemap.io/images/GE/OCM135417/OCM-135417.orig.2019122008524846.jpg","ItemThumbnailURL":"https://media.openchargemap.io/images/GE/OCM135417/OCM-135417.thmb.2019122008524846.jpg","Comment":"","IsEnabled":true,"IsVideo":false,"IsFeaturedItem":false,"IsExternalResource":false,"User":{"ID":23311,"Username":"mk.eua1@gmail.com"},"DateCreated":"2019-12-20T08:53:00Z"},{"ID":20636,"ChargePointID":135417,"ItemURL":"https://media.openchargemap.io/images/GE/OCM135417/OCM-135417.orig.2019122008525841.jpg","ItemThumbnailURL":"https://media.openchargemap.io/images/GE/OCM135417/OCM-135417.thmb.2019122008525841.jpg","Comment":"","IsEnabled":true,"IsVideo":false,"IsFeaturedItem":false,"IsExternalResource":false,"User":{"ID":23311,"Username":"mk.eua1@gmail.com"},"DateCreated":"2019-12-20T08:53:00Z"},{"ID":20637,"ChargePointID":135417,"ItemURL":"https://media.openchargemap.io/images/GE/OCM135417/OCM-135417.orig.2019122008530817.jpg","ItemThumbnailURL":"https://media.openchargemap.io/images/GE/OCM135417/OCM-135417.thmb.2019122008530817.jpg","Comment":"","IsEnabled":true,"IsVideo":false,"IsFeaturedItem":false,"IsExternalResource":false,"User":{"ID":23311,"Username":"mk.eua1@gmail.com"},"DateCreated":"2019-12-20T08:53:00Z"}]},{"ID":135416,"UUID":"77889A67-5E01-41B5-A149-A6BAC317BC48","NumberOfPoints":3,"UsageCost":"0.7₾/kWh","AddressInfo":{"ID":135762,"Title":"GEP","AddressLine1":"ფრიდონ ხალვაშის გამზირი","Town":"ბათუმი","StateOrProvince":"აჭარის ავტონომიური რესპუბლიკა","Postcode":"6015","CountryID":86,"Latitude":41.59216300982101,"Longitude":41.64433746215778,"DistanceUnit":0},"OperatorID":3630,"DataProviderID":1,"UsageTypeID":4,"StatusTypeID":50,"Connections":[{"ID":189719,"ConnectionTypeID":1,"StatusTypeID":50,"LevelID":2,"Amps":40,"Voltage":175,"PowerKW":7,"CurrentTypeID":10,"Quantity":3}],"MediaItems":[{"ID":20631,"ChargePointID":135416,"ItemURL":"https://media.openchargemap.io/images/GE/OCM135416/OCM-135416.orig.2019122008423023.jpg","ItemThumbnailURL":"https://media.openchargemap.io/images/GE/OCM135416/OCM-135416.thmb.2019122008423023.jpg","Comment":"","IsEnabled":true,"IsVideo":false,"IsFeaturedItem":false,"IsExternalResource":false,"User":{"ID":23311,"Username":"mk.eua1@gmail.com"},"DateCreated":"2019-12-20T08:43:00Z"},{"ID":20632,"ChargePointID":135416,"ItemURL":"https://media.openchargemap.io/images/GE/OCM135416/OCM-135416.orig.2019122008423780.jpg","ItemThumbnailURL":"https://media.openchargemap.io/images/GE/OCM135416/OCM-135416.thmb.2019122008423780.jpg","Comment":"","IsEnabled":true,"IsVideo":false,"IsFeaturedItem":false,"IsExternalResource":false,"User":{"ID":23311,"Username":"mk.eua1@gmail.com"},"DateCreated":"2019-12-20T08:43:00Z"},{"ID":20630,"ChargePointID":135416,"ItemURL":"https://media.openchargemap.io/images/GE/OCM135416/OCM-135416.orig.2019122008422209.jpg","ItemThumbnailURL":"https://media.openchargemap.io/images/GE/OCM135416/OCM-135416.thmb.2019122008422209.jpg","Comment":"","IsEnabled":true,"IsVideo":false,"IsFeaturedItem":false,"IsExternalResource":false,"User":{"ID":23311,"Username":"mk.eua1@gmail.com"},"DateCreated":"2019-12-20T08:42:00Z"}]}]