[{"ID":460135,"UUID":"8A117F13-EE28-4680-98C7-8556130208D9","NumberOfPoints":2,"UsageCost":"AC-0.51, DC-0.64","AddressInfo":{"ID":460524,"Title":"EKO Skarinou","AddressLine1":"Agiou Louka Street 7","Town":"Skarinou","Postcode":"7731","CountryID":63,"Latitude":34.81530069624999,"Longitude":33.360844546488806,"RelatedURL":"https://www.eko.com.cy/pratiria/proionta-2/eko-charge-go/","DistanceUnit":0},"OperatorID":38,"DataProviderID":1,"UsageTypeID":1,"StatusTypeID":50,"Connections":[{"ID":774133,"ConnectionTypeID":25,"StatusTypeID":50,"LevelID":2,"Amps":32,"Voltage":400,"PowerKW":22,"CurrentTypeID":20,"Quantity":1},{"ID":774134,"ConnectionTypeID":33,"StatusTypeID":50,"LevelID":3,"PowerKW":50,"CurrentTypeID":30,"Quantity":1},{"ID":774135,"ConnectionTypeID":2,"StatusTypeID":50,"LevelID":3,"PowerKW":50,"CurrentTypeID":30,"Quantity":1}]},{"ID":460133,"UUID":"9D1B60C4-EE6C-4C17-AE6E-F3ECE2AC4E6F","NumberOfPoints":2,"UsageCost":"AC-0.51, DC-0.64","AddressInfo":{"ID":460522,"Title":"EKO","AddressLine1":"Καλαμών 21, Κύπρος","Town":"Nicosia","StateOrProvince":"Στρόβολος","Postcode":" 2032","CountryID":63,"Latitude":35.124265261853125,"Longitude":33.37230490511706,"RelatedURL":"https://www.eko.com.cy/pratiria/proionta-2/eko-charge-go/","DistanceUnit":0},"OperatorID":38,"DataProviderID":1,"UsageTypeID":1,"StatusTypeID":50,"Connections":[{"ID":774129,"ConnectionTypeID":25,"StatusTypeID":50,"LevelID":2,"Amps":32,"Voltage":400,"PowerKW":22,"CurrentTypeID":20,"Quantity":1},{"ID":774130,"ConnectionTypeID":33,"StatusTypeID":50,"LevelID":3,"PowerKW":50,"CurrentTypeID":30,"Quantity":1},{"ID":774131,"ConnectionTypeID":2,"StatusTypeID":50,"LevelID":3,"PowerKW":50,"CurrentTypeID":30,"Quantity":1}]},{"ID":309424,"UUID":"E7FEE179-ABE7-4F01-820C-D8E02C610AF7","NumberOfPoints":2,"UsageCost":"free","AddressInfo":{"ID":309813,"Title":"lidl","AddressLine1":"Φίλιππου Παπακυπριανού 81, Λατσιά 2236, Κύπρος","Town":"Nicosia","StateOrProvince":"Latsia","Postcode":"2236","CountryID":63,"Latitude":35.11013913275596,"Longitude":33.378377106006155,"DistanceUnit":0},"OperatorID":38,"DataProviderID":1,"UsageTypeID":1,"StatusTypeID":50,"Connections":[{"ID":594417,"ConnectionTypeID":25,"StatusTypeID":50,"LevelID":2,"Amps":32,"Voltage":400,"PowerKW":22,"CurrentTypeID":20,"Quantity":1},{"ID":594418,"ConnectionTypeID":33,"StatusTypeID":50,"LevelID":3,"PowerKW":50,"CurrentTypeID":30,"Quantity":1},{"ID":594419,"ConnectionTypeID":2,"StatusTypeID":50,"LevelID":3,"PowerKW":50,"CurrentTypeID":30,"Quantity":1}]},{"ID":302475,"UUID":"47D85338-B802-49FF-B311-A77E100B57C4","NumberOfPoints":2,"AddressInfo":{"ID":302862,"Title":"Kinira PCharge","AddressLine1":"Kinira","StateOrProvince":"Κύπρος","Postcode":"8300","CountryID":63,"Latitude":34.77388697008854,"Longitude":32.45927097169249,"DistanceUnit":0},"OperatorID":3773,"DataProviderID":1,"UsageTypeID":4,"StatusTypeID":50,"Connections":[{"ID":567973,"ConnectionTypeID":0,"StatusTypeID":50,"LevelID":2,"PowerKW":50,"Quantity":1}]},{"ID":300668,"UUID":"22863899-E8C0-448D-9CA6-B59E9D70A8E0","NumberOfPoints":2,"UsageCost":"0.49","AddressInfo":{"ID":301055,"Title":"Omodos Council","AddressLine1":"E601","StateOrProvince":"Κύπρος","Postcode":"4760","CountryID":63,"Latitude":34.84718860050465,"Longitude":32.80648342941777,"RelatedURL":"https://www.pcharge.com.cy/en/home","DistanceUnit":0},"OperatorID":3773,"DataProviderID":1,"UsageTypeID":4,"StatusTypeID":50,"Connections":[{"ID":559751,"ConnectionTypeID":25,"StatusTypeID":50,"LevelID":2,"Amps":32,"Voltage":400,"PowerKW":22,"CurrentTypeID":20,"Quantity":1},{"ID":559752,"ConnectionTypeID":25,"StatusTypeID":50,"LevelID":2,"Amps":32,"Voltage":400,"PowerKW":22,"CurrentTypeID":20,"Quantity":1}]},{"ID":300667,"UUID":"03FB9DC2-87ED-4105-B0DE-0B989D9F0E06","NumberOfPoints":2,"AddressInfo":{"ID":301054,"Title":"IKEA Nicosia","AddressLine1":"Βεργίνας 1, Στρόβολος","Town":"Strovolos","StateOrProvince":"Κύπρος","Postcode":"2030","CountryID":63,"Latitude":35.13027797753091,"Longitude":33.372885431320356,"RelatedURL":"https://www.pcharge.com.cy/en/home","DistanceUnit":0},"OperatorID":3773,"DataProviderID":1,"UsageTypeID":4,"StatusTypeID":50,"Connections":[{"ID":559749,"ConnectionTypeID":25,"StatusTypeID":50,"LevelID":2,"Amps":32,"Voltage":400,"PowerKW":22,"CurrentTypeID":20,"Quantity":1},{"ID":559750,"ConnectionTypeID":25,"StatusTypeID":50,"LevelID":2,"Amps":32,"Voltage":400,"PowerKW":22,"CurrentTypeID":20,"Quantity":1}]},{"ID":300666,"UUID":"7C6EFBF4-60B9-4BCE-978B-94C75D59CACF","NumberOfPoints":2,"UsageCost":"0.49","AddressInfo":{"ID":301053,"Title":"Mall of Cyprus","AddressLine1":"Βεργίνας 3, Στρόβολος, Κύπρος","Town":"Strovolos","StateOrProvince":"Κύπρος","Postcode":"2030","CountryID":63,"Latitude":35.130703407216885,"Longitude":33.37194480170797,"RelatedURL":"https://www.pcharge.com.cy/en/home","DistanceUnit":0},"OperatorID":3773,"DataProviderID":1,"UsageTypeID":1,"StatusTypeID":50,"Connections":[{"ID":559748,"ConnectionTypeID":25,"StatusTypeID":50,"LevelID":2,"Amps":32,"Voltage":400,"PowerKW":22,"CurrentTypeID":20,"Quantity":2}]},{"ID":297610,"UUID":"4237C5BC-8502-4139-9BD7-CEEDD010DCC1","NumberOfPoints":2,"UsageCost":"0.49","AddressInfo":{"ID":297997,"Title":"papantomiou Supermarket","AddressLine1":"Archagelou Michail","AddressLine2":"Engomi","Town":"Strovolos","StateOrProvince":"Κύπρος","Postcode":"2057","CountryID":63,"Latitude":35.154853424733616,"Longitude":33.330061926632425,"RelatedURL":"https://play.google.com/store/apps/details?id=com.petrolina.pcharge","DistanceUnit":0},"OperatorID":1,"DataProviderID":1,"UsageTypeID":1,"StatusTypeID":50,"Connections":[{"ID":539724,"ConnectionTypeID":25,"StatusTypeID":50,"LevelID":2,"Amps":32,"Voltage":400,"PowerKW":22,"CurrentTypeID":20,"Quantity":2}]},{"ID":297090,"UUID":"6661D5C8-194C-4BB0-AC4A-A032C7791C2A","NumberOfPoints":2,"AddressInfo":{"ID":297477,"Title":"Λεωφόρος Στροβόλου","AddressLine1":"Στροβόλου 11","Town":"Strovolos","StateOrProvince":"Κύπρος","Postcode":"2018","CountryID":63,"Latitude":35.14957670593101,"Longitude":33.34700466487061,"DistanceUnit":0},"OperatorID":3773,"DataProviderID":1,"UsageTypeID":4,"StatusTypeID":50,"Connections":[{"ID":534302,"ConnectionTypeID":25,"Reference":"CY*PHL*E000034","StatusTypeID":50,"LevelID":2,"Amps":32,"Voltage":400,"PowerKW":22,"CurrentTypeID":20,"Quantity":1},{"ID":534303,"ConnectionTypeID":25,"Reference":"CY*PHL*E000035","StatusTypeID":50,"LevelID":2,"Amps":32,"Voltage":400,"PowerKW":22,"CurrentTypeID":20,"Quantity":1}]},{"ID":297089,"UUID":"D126E2C1-52BC-4C9C-ADAB-28B9F7539E47","NumberOfPoints":2,"AddressInfo":{"ID":297476,"Title":"Episkopeio, 2642","AddressLine1":"F907","Town":"Episkopeio","Postcode":"2642","CountryID":63,"Latitude":35.04182705500892,"Longitude":33.23676479530599,"DistanceUnit":0},"OperatorID":3773,"DataProviderID":1,"UsageTypeID":4,"StatusTypeID":50,"Connections":[{"ID":534300,"ConnectionTypeID":25,"Reference":"CY*PHL*E000036","StatusTypeID":50,"LevelID":2,"Amps":32,"Voltage":400,"PowerKW":22,"CurrentTypeID":20,"Quantity":1},{"ID":534301,"ConnectionTypeID":25,"Reference":"CY*PHL*E000037","StatusTypeID":50,"LevelID":2,"Amps":32,"Voltage":400,"PowerKW":22,"CurrentTypeID":20,"Quantity":1}]},{"ID":296275,"UUID":"A6F5D012-5A43-467D-BD87-A43E95E405FE","NumberOfPoints":2,"UsageCost":"0,5","AddressInfo":{"ID":296662,"Title":"Δημαρχίο Αθηαίνου","AddressLine1":"Z. Koullourou","Town":"Dimos Athienou","StateOrProvince":"Κύπρος","Postcode":"7600","CountryID":63,"Latitude":35.06467479185818,"Longitude":33.538685638963216,"DistanceUnit":0},"OperatorID":1,"DataProviderID":1,"UsageTypeID":1,"StatusTypeID":50,"Connections":[{"ID":529276,"ConnectionTypeID":25,"StatusTypeID":50,"LevelID":2,"PowerKW":22,"CurrentTypeID":20,"Quantity":0}]},{"ID":290992,"UUID":"2D8BA626-1D9C-480A-A256-F827A0C42694","NumberOfPoints":2,"UsageCost":"0.476","AddressInfo":{"ID":291379,"Title":"Christiana Venue","AddressLine1":"Alampra","Town":"Nicosia","StateOrProvince":"Κύπρος","Postcode":"2572","CountryID":63,"Latitude":34.99127079343501,"Longitude":33.41350163027232,"DistanceUnit":0},"OperatorID":1,"DataProviderID":1,"UsageTypeID":1,"StatusTypeID":50,"Connections":[{"ID":514506,"ConnectionTypeID":25,"StatusTypeID":50,"LevelID":2,"PowerKW":22,"CurrentTypeID":20,"Quantity":2}]},{"ID":290901,"UUID":"F02F5708-F087-4476-B10F-208550AB1ED4","NumberOfPoints":2,"UsageCost":"0.476","AddressInfo":{"ID":291288,"Title":"Play4kidz","AddressLine1":"Lemesou Avenue","Town":"Strovolos","StateOrProvince":"Κύπρος","Postcode":"2221","CountryID":63,"Latitude":35.122847178775686,"Longitude":33.37704533303349,"RelatedURL":"https://play.google.com/store/apps/details?id=com.joltie.way&pcampaignid=web_share","DistanceUnit":0},"OperatorID":1,"DataProviderID":1,"UsageTypeID":1,"StatusTypeID":50,"Connections":[{"ID":514024,"ConnectionTypeID":25,"StatusTypeID":50,"LevelID":2,"Amps":32,"Voltage":400,"PowerKW":22,"CurrentTypeID":20,"Quantity":2}]},{"ID":290886,"UUID":"38E4618E-5207-4B49-8B63-9D670C232682","NumberOfPoints":2,"UsageCost":"0.476","AddressInfo":{"ID":291273,"Title":"Lemon Park","AddressLine1":"Βασίλη Μιχαηλίδη","Town":"Latsia","StateOrProvince":"Κύπρος","Postcode":"2237","CountryID":63,"Latitude":35.10815651064044,"Longitude":33.36526509616567,"RelatedURL":"https://play.google.com/store/apps/details?id=com.joltie.way&pcampaignid=web_share","DistanceUnit":0},"OperatorID":1,"DataProviderID":1,"UsageTypeID":1,"StatusTypeID":50,"Connections":[{"ID":514000,"ConnectionTypeID":25,"StatusTypeID":50,"LevelID":2,"Amps":32,"Voltage":400,"PowerKW":22,"CurrentTypeID":20,"Quantity":2}]},{"ID":290885,"UUID":"702EBF7A-638A-48FD-B296-EC05148669C1","NumberOfPoints":2,"UsageCost":"0.476","AddressInfo":{"ID":291272,"Title":"Smart Discount Shop Κοκκινοτριμιθιά","AddressLine1":"Grigori Afxentiou","Town":"Κοκκινοτριμιθιά","StateOrProvince":"Κύπρος","Postcode":"2660","CountryID":63,"Latitude":35.148473126385596,"Longitude":33.21774483360207,"RelatedURL":"https://play.google.com/store/apps/details?id=com.joltie.way&pcampaignid=web_share","DistanceUnit":0},"OperatorID":1,"DataProviderID":1,"UsageTypeID":1,"StatusTypeID":50,"Connections":[{"ID":513999,"ConnectionTypeID":25,"StatusTypeID":50,"LevelID":2,"Amps":32,"Voltage":400,"PowerKW":22,"Quantity":2}]},{"ID":290868,"UUID":"0BBF855A-CF5C-430D-8FE9-09380C347729","NumberOfPoints":2,"UsageCost":"0.476","AddressInfo":{"ID":291255,"Title":"Παραδοσιακό - Paradosiako","AddressLine1":"28th October Avenue","AddressLine2":"Παρισσινός","StateOrProvince":"Κύπρος","Postcode":"2414","CountryID":63,"Latitude":35.16238456079883,"Longitude":33.317481129350995,"RelatedURL":"https://play.google.com/store/apps/details?id=com.joltie.way&pcampaignid=web_share","DistanceUnit":0},"OperatorID":1,"DataProviderID":1,"UsageTypeID":1,"StatusTypeID":50,"Connections":[{"ID":513982,"ConnectionTypeID":25,"StatusTypeID":50,"LevelID":2,"Amps":32,"Voltage":400,"PowerKW":22,"CurrentTypeID":20,"Quantity":0}]},{"ID":290867,"UUID":"5ACE1E65-455F-4E15-8C30-1497869BDE5C","NumberOfPoints":2,"UsageCost":"0.476","AddressInfo":{"ID":291254,"Title":"K-Cineplex Makedonitissa","AddressLine1":"Makedonitissis","Town":"Strovolos","StateOrProvince":"Κύπρος","Postcode":"2057","CountryID":63,"Latitude":35.14670851640385,"Longitude":33.326336986672004,"RelatedURL":"https://play.google.com/store/apps/details?id=com.joltie.way&pcampaignid=web_share","DistanceUnit":0},"OperatorID":1,"DataProviderID":1,"UsageTypeID":1,"StatusTypeID":50,"Connections":[{"ID":513981,"ConnectionTypeID":25,"StatusTypeID":50,"LevelID":2,"Amps":32,"Voltage":400,"PowerKW":22,"CurrentTypeID":20,"Quantity":2}]},{"ID":290866,"UUID":"A3D97B43-476F-4136-94AF-90A80FBDB100","NumberOfPoints":1,"UsageCost":"0.476","AddressInfo":{"ID":291253,"Title":"SPPMedia Group","AddressLine1":"Λυκαβηττού","AddressLine2":"Engomi","Town":"Lakatameia","StateOrProvince":"Κύπρος","Postcode":"2401","CountryID":63,"Latitude":35.14478016857858,"Longitude":33.31048137609696,"RelatedURL":"https://play.google.com/store/apps/details?id=com.joltie.way&pcampaignid=web_share","DistanceUnit":0},"OperatorID":1,"DataProviderID":1,"UsageTypeID":1,"StatusTypeID":50,"Connections":[{"ID":513980,"ConnectionTypeID":25,"StatusTypeID":50,"LevelID":2,"Amps":32,"Voltage":400,"PowerKW":22,"CurrentTypeID":20,"Quantity":1}]},{"ID":290863,"UUID":"62B9015B-DA53-4A42-A257-DE2A39801B09","NumberOfPoints":1,"UsageCost":"0.476","AddressInfo":{"ID":291250,"Title":"Care Medical","AddressLine1":"Λεωφόρος Στροβόλου","Town":"Strovolos","StateOrProvince":"Κύπρος","Postcode":"2324","CountryID":63,"Latitude":35.123511007070576,"Longitude":33.32094481699812,"RelatedURL":"https://play.google.com/store/apps/details?id=com.joltie.way&pcampaignid=web_share","DistanceUnit":0},"OperatorID":1,"DataProviderID":1,"UsageTypeID":1,"StatusTypeID":50,"Connections":[{"ID":513977,"ConnectionTypeID":25,"StatusTypeID":50,"LevelID":2,"Amps":32,"Voltage":400,"PowerKW":22,"CurrentTypeID":20,"Quantity":1}]},{"ID":289129,"UUID":"EAE5593A-5A6F-483C-A358-4D2D5677235E","NumberOfPoints":1,"UsageCost":"0.476","AddressInfo":{"ID":289516,"Title":"Pavilion (left)","AddressLine1":"Λεωφόρος Σπύρου Κυπριανού","Town":"Lakatameia","StateOrProvince":"Κύπρος","Postcode":"2324","CountryID":63,"Latitude":35.12816307160273,"Longitude":33.321705369305164,"RelatedURL":"https://play.google.com/store/apps/details?id=com.joltie.way&pcampaignid=web_share","DistanceUnit":0},"OperatorID":1,"DataProviderID":1,"UsageTypeID":1,"StatusTypeID":50,"Connections":[{"ID":507476,"ConnectionTypeID":25,"StatusTypeID":50,"LevelID":2,"Amps":32,"Voltage":400,"PowerKW":22,"CurrentTypeID":20,"Quantity":1}]},{"ID":289128,"UUID":"2E553039-DDCD-4839-8EA6-FF08A6D307EB","NumberOfPoints":1,"UsageCost":".476","AddressInfo":{"ID":289515,"Title":"Pavilion (Right)","AddressLine1":"Λεωφόρος Σπύρου Κυπριανού","Town":"Lakatameia","StateOrProvince":"Κύπρος","Postcode":"2324","CountryID":63,"Latitude":35.12774340752627,"Longitude":33.320383277671795,"RelatedURL":"https://play.google.com/store/apps/details?id=com.joltie.way&pcampaignid=web_share","DistanceUnit":0},"OperatorID":1,"DataProviderID":1,"UsageTypeID":1,"StatusTypeID":50,"Connections":[{"ID":507475,"ConnectionTypeID":25,"StatusTypeID":50,"LevelID":2,"PowerKW":22,"CurrentTypeID":20,"Quantity":1}]},{"ID":279597,"UUID":"1FE30A75-0E97-4353-B4A7-3762EB525D1C","NumberOfPoints":2,"UsageCost":"0.35","AddressInfo":{"ID":279984,"Title":"EAC eCharge - PAPHOS CENTRAL PARKING AREA","AddressLine1":"Mpoumpoulinas 17","Town":"Paphos","StateOrProvince":"Κύπρος","Postcode":"8010","CountryID":63,"Latitude":34.77835107779839,"Longitude":32.4225701115854,"RelatedURL":"https://myeac.etrel.com/#/portal/locations","DistanceUnit":0},"OperatorID":3294,"DataProviderID":1,"UsageTypeID":4,"StatusTypeID":50,"Connections":[{"ID":486050,"ConnectionTypeID":25,"StatusTypeID":50,"LevelID":2,"PowerKW":22,"CurrentTypeID":20,"Quantity":2}]},{"ID":279493,"UUID":"CD62CD70-8115-4A94-A2AE-1A92D6E87BCE","NumberOfPoints":2,"UsageCost":"0","AddressInfo":{"ID":279880,"Title":"Dali Municipality","AddressLine1":"Αρχιεπισκόπου Μακαρίου ΄Γ ","Town":"Δάλι","StateOrProvince":"Κύπρος","Postcode":"2540","CountryID":63,"Latitude":35.02455247643343,"Longitude":33.42061006781083,"DistanceUnit":0},"OperatorID":1,"DataProviderID":1,"UsageTypeID":1,"StatusTypeID":50,"Connections":[{"ID":485268,"ConnectionTypeID":25,"StatusTypeID":50,"LevelID":2,"Amps":32,"Voltage":400,"PowerKW":11,"CurrentTypeID":20,"Quantity":2}]},{"ID":279462,"UUID":"07F3F054-773E-443A-92B5-43B78D43BECB","NumberOfPoints":2,"UsageCost":"-","AddressInfo":{"ID":279849,"Title":"Miteras Terezas","AddressLine1":"Miteras Terezas","StateOrProvince":"Κύπρος","Postcode":"2571","CountryID":63,"Latitude":35.06516361484417,"Longitude":33.3875347373903,"DistanceUnit":0},"OperatorID":1,"DataProviderID":1,"UsageTypeID":1,"StatusTypeID":50,"Connections":[{"ID":485120,"ConnectionTypeID":25,"StatusTypeID":50,"LevelID":2,"Amps":32,"Voltage":400,"PowerKW":22,"CurrentTypeID":20,"Quantity":2}]},{"ID":279212,"UUID":"9106E7BF-1BE1-457D-AA54-C45F4F07B645","NumberOfPoints":1,"UsageCost":"-","AddressInfo":{"ID":279599,"Title":"HPC pCharge - Petrolina GSZ","AddressLine1":"WJG2+4R5, Λάρνακα 6043, Κύπρος","Town":"Larnaca","Postcode":"6043","CountryID":63,"Latitude":34.92502601307635,"Longitude":33.60182723493517,"DistanceUnit":0},"OperatorID":3773,"DataProviderID":1,"UsageTypeID":6,"StatusTypeID":50,"Connections":[{"ID":484135,"ConnectionTypeID":33,"StatusTypeID":50,"LevelID":3,"Amps":16,"Voltage":400,"PowerKW":150,"CurrentTypeID":30,"Quantity":1},{"ID":560435,"ConnectionTypeID":2,"StatusTypeID":50,"LevelID":3,"PowerKW":100,"CurrentTypeID":30,"Quantity":1}]},{"ID":271369,"UUID":"1E051A70-349C-4913-AB56-5100E01415E1","NumberOfPoints":4,"UsageCost":"0.48","AddressInfo":{"ID":271753,"Title":"Minthis Resort","AddressLine1":"Minthis Street","Town":"paphos","Postcode":"8540","CountryID":63,"Latitude":34.83857023481187,"Longitude":32.474797655972566,"DistanceUnit":0},"OperatorID":3479,"DataProviderID":1,"UsageTypeID":1,"StatusTypeID":50,"Connections":[{"ID":461816,"ConnectionTypeID":25,"StatusTypeID":50,"LevelID":2,"Amps":32,"PowerKW":22,"CurrentTypeID":20,"Quantity":1},{"ID":461820,"ConnectionTypeID":25,"StatusTypeID":50,"LevelID":2,"PowerKW":7,"CurrentTypeID":20,"Quantity":3}]},{"ID":271366,"UUID":"F42FF2E6-2A8F-41FD-A343-173D967F39A2","NumberOfPoints":1,"UsageCost":"0.50","AddressInfo":{"ID":271750,"Title":"Queen's Bay Hotel","AddressLine1":"Pente Litharkon","Town":"Paphos","Postcode":"8574","CountryID":63,"Latitude":34.82755120341177,"Longitude":32.38949938794349,"DistanceUnit":0},"OperatorID":3479,"DataProviderID":1,"UsageTypeID":1,"StatusTypeID":50,"Connections":[{"ID":461813,"ConnectionTypeID":25,"StatusTypeID":50,"LevelID":2,"Amps":32,"PowerKW":22,"CurrentTypeID":20,"Quantity":1}]},{"ID":264415,"UUID":"E1EA23F6-5AFA-4563-8036-F7FB870720E2","NumberOfPoints":2,"UsageCost":"0.35","AddressInfo":{"ID":264799,"Title":"NICOSIA GENERAL HOSPITAL","AddressLine1":"Lemesou Avenue","Town":"Strovolos","StateOrProvince":"Κύπρος","Postcode":"2029","CountryID":63,"Latitude":35.12761196888138,"Longitude":33.37489155721744,"RelatedURL":"https://myeac.etrel.com/#/portal/locations","DistanceUnit":0},"OperatorID":3294,"DataProviderID":1,"UsageTypeID":4,"StatusTypeID":50,"Connections":[{"ID":448345,"ConnectionTypeID":25,"StatusTypeID":50,"LevelID":2,"Amps":32,"Voltage":400,"PowerKW":22,"CurrentTypeID":20,"Quantity":2}]},{"ID":260754,"UUID":"D0B6E5AA-CC86-4E2B-AE9D-035A9B317B2C","NumberOfPoints":3,"UsageCost":"Free","AddressInfo":{"ID":261138,"Title":"Digeni Akrita 1, Limassol, Cyprus","AddressLine1":"Ev Power - FunCorp","Town":"Limassol","CountryID":63,"Latitude":34.679770390126265,"Longitude":33.05251082787163,"RelatedURL":"https://www.evpower.com.cy/","DistanceUnit":0},"OperatorID":1,"DataProviderID":1,"UsageTypeID":1,"StatusTypeID":50,"Connections":[{"ID":438957,"ConnectionTypeID":25,"StatusTypeID":50,"LevelID":2,"Amps":32,"Voltage":400,"PowerKW":22,"Quantity":3}]},{"ID":260753,"UUID":"69AD8074-163D-4500-B8FA-CA21ABFA546B","NumberOfPoints":1,"UsageCost":"0.35","AddressInfo":{"ID":261137,"Title":"Petrolina - Promachon Eleftherias","AddressLine1":"Promachon Eleftherias, Agios Athanasios, Cyprus","Town":"Limassol","CountryID":63,"Latitude":34.69022092157715,"Longitude":33.07318995496371,"RelatedURL":"https://evloader.com/el/stations-map","DistanceUnit":0},"OperatorID":1,"DataProviderID":1,"UsageTypeID":4,"StatusTypeID":50,"Connections":[{"ID":438954,"ConnectionTypeID":25,"StatusTypeID":50,"LevelID":2,"Amps":32,"Voltage":400,"PowerKW":22,"CurrentTypeID":20,"Quantity":1}]},{"ID":260386,"UUID":"C240845A-864E-48AE-9E2E-8DB68977B2D8","NumberOfPoints":2,"UsageCost":"Free","AddressInfo":{"ID":260770,"Title":"Europe square","AddressLine1":"Europe square","Town":"Larnaca","StateOrProvince":"Κύπρος","Postcode":"6300","CountryID":63,"Latitude":34.917963885388644,"Longitude":33.63844023615229,"DistanceUnit":0},"OperatorID":1,"DataProviderID":1,"UsageTypeID":1,"StatusTypeID":50,"Connections":[{"ID":438050,"ConnectionTypeID":25,"StatusTypeID":50,"LevelID":2,"Amps":32,"Voltage":400,"PowerKW":22,"CurrentTypeID":20,"Quantity":2}]},{"ID":259306,"UUID":"E666FC3E-6C32-4097-B0C0-B8A58B000209","NumberOfPoints":2,"UsageCost":"0.42","AddressInfo":{"ID":259690,"Title":"Neon Mall of Paphos","AddressLine1":"Dimokratias Avenue","Town":"Paphos","Postcode":"8028","CountryID":63,"Latitude":34.77536372044975,"Longitude":32.44357649435892,"RelatedURL":"http://Spirii Go App","DistanceUnit":0},"OperatorID":1,"DataProviderID":1,"UsageTypeID":4,"StatusTypeID":50,"Connections":[{"ID":434949,"ConnectionTypeID":25,"StatusTypeID":50,"LevelID":2,"PowerKW":22,"CurrentTypeID":20,"Quantity":2}]},{"ID":258965,"UUID":"F1D058C3-98A8-462B-A5ED-9399C58BA7E4","NumberOfPoints":1,"UsageCost":"0.4","AddressInfo":{"ID":259349,"Title":"GESOLAR Cyprus ","AddressLine1":"B1","Town":"Latsia","StateOrProvince":"Κύπρος","Postcode":"2235","CountryID":63,"Latitude":35.09429704937243,"Longitude":33.37990531498667,"DistanceUnit":0},"OperatorID":1,"DataProviderID":1,"UsageTypeID":1,"StatusTypeID":50,"Connections":[{"ID":433922,"ConnectionTypeID":25,"StatusTypeID":50,"LevelID":2,"Amps":32,"Voltage":400,"PowerKW":22,"CurrentTypeID":20,"Quantity":2}]},{"ID":257108,"UUID":"F553AC89-E888-4AC4-B6DA-DE0D40BA237E","NumberOfPoints":1,"UsageCost":"free","AddressInfo":{"ID":257492,"Title":"ePharmaCY","AddressLine1":" Αγιας Φυλάξεως 36A","Town":"Λεμεσός","Postcode":"3025","CountryID":63,"Latitude":34.68030270780355,"Longitude":33.03999433199101,"RelatedURL":"https://www.evpower.com.cy/","DistanceUnit":0},"OperatorID":1,"DataProviderID":1,"UsageTypeID":6,"StatusTypeID":50,"Connections":[{"ID":428767,"ConnectionTypeID":25,"StatusTypeID":50,"LevelID":2,"Amps":32,"Voltage":400,"PowerKW":22,"CurrentTypeID":20,"Quantity":1}]},{"ID":257107,"UUID":"180DBE70-D0F1-42D7-930E-73776424ED32","NumberOfPoints":2,"UsageCost":"0.45","AddressInfo":{"ID":257491,"Title":"BMW/MINI Limassol - Showroom & Workshop (Pilakoutas Group)","AddressLine1":"Pafou 101","Town":"Kato Polemidia","Postcode":"4152","CountryID":63,"Latitude":34.67570891250466,"Longitude":33.00724515671942,"RelatedURL":"https://www.evpower.com.cy/","DistanceUnit":0},"OperatorID":1,"DataProviderID":1,"UsageTypeID":6,"StatusTypeID":50,"Connections":[{"ID":428765,"ConnectionTypeID":33,"StatusTypeID":50,"LevelID":3,"Voltage":400,"PowerKW":150,"CurrentTypeID":30,"Quantity":2},{"ID":428766,"ConnectionTypeID":25,"StatusTypeID":50,"LevelID":2,"Amps":32,"Voltage":400,"PowerKW":22,"CurrentTypeID":20,"Quantity":1}]},{"ID":257106,"UUID":"828C8227-B9FA-4E29-9AEB-FA9B261092F7","NumberOfPoints":1,"UsageCost":"0.44","AddressInfo":{"ID":257490,"Title":"abio power","AddressLine1":"Larnakos Ave","Town":"Λευκωσία","Postcode":"2101","CountryID":63,"Latitude":35.15762404422105,"Longitude":33.39295788536674,"RelatedURL":"https://www.evpower.com.cy/","DistanceUnit":0},"OperatorID":1,"DataProviderID":1,"UsageTypeID":6,"StatusTypeID":50,"Connections":[{"ID":428764,"ConnectionTypeID":25,"StatusTypeID":50,"LevelID":2,"Amps":32,"Voltage":400,"PowerKW":22,"CurrentTypeID":20,"Quantity":1}]},{"ID":238135,"UUID":"6AE01120-AAB6-4ABA-B212-CF265FC6DDA0","NumberOfPoints":1,"UsageCost":"free","AddressInfo":{"ID":238519,"Title":"BMWi EV Station - Amara Hotel","AddressLine1":"Leoforos Amathountos","Town":"","Postcode":"4533","CountryID":63,"Latitude":34.71406581454751,"Longitude":33.155271303468226,"DistanceUnit":0},"OperatorID":1,"DataProviderID":1,"UsageTypeID":6,"StatusTypeID":50,"Connections":[{"ID":391713,"ConnectionTypeID":25,"StatusTypeID":50,"LevelID":2,"Amps":16,"Voltage":400,"PowerKW":11,"CurrentTypeID":20,"Quantity":1}]},{"ID":213443,"UUID":"EBE822E0-5E3F-40DF-B6E9-9DD0F8B34E8C","NumberOfPoints":1,"UsageCost":"0,45","AddressInfo":{"ID":213823,"Title":"Olympic Residence Towers, Limassol","AddressLine1":"Olympic Residence, B1 353Κύπρος","Town":"Λεμεσός","Postcode":"3107","CountryID":63,"Latitude":34.68666352955199,"Longitude":33.063832407561904,"RelatedURL":"https://evloader.com/el/stations-map/olympic-residence-towers-limassol-b1","DistanceUnit":0},"OperatorID":1,"DataProviderID":1,"UsageTypeID":6,"StatusTypeID":50,"Connections":[{"ID":355514,"ConnectionTypeID":25,"StatusTypeID":50,"LevelID":2,"Amps":32,"Voltage":400,"PowerKW":22,"CurrentTypeID":20,"Quantity":1}]},{"ID":213081,"UUID":"749FD8DF-B21E-4936-8C66-711DFF12E79D","NumberOfPoints":2,"UsageCost":"Free","AddressInfo":{"ID":213461,"Title":"e-point Stasandrou","AddressLine1":"Stasandrou","Postcode":"1065","CountryID":63,"Latitude":35.16726829478364,"Longitude":33.362616158332685,"DistanceUnit":0},"OperatorID":1,"DataProviderID":1,"UsageTypeID":1,"StatusTypeID":50,"Connections":[{"ID":354931,"ConnectionTypeID":25,"StatusTypeID":50,"LevelID":2,"PowerKW":11,"Quantity":1},{"ID":354932,"ConnectionTypeID":25,"StatusTypeID":50,"LevelID":2,"PowerKW":11,"Quantity":1}]},{"ID":213080,"UUID":"DBDF871A-24DE-4CA7-98C1-08BCAA7CE2E1","NumberOfPoints":2,"UsageCost":"Free","AddressInfo":{"ID":213460,"Title":"e-point Zenas Kanther","AddressLine1":"Zenas Kanther","Postcode":"1066","CountryID":63,"Latitude":35.16802490760708,"Longitude":33.358412482587596,"DistanceUnit":0},"OperatorID":1,"DataProviderID":1,"UsageTypeID":1,"StatusTypeID":50,"Connections":[{"ID":354929,"ConnectionTypeID":25,"StatusTypeID":50,"LevelID":2,"PowerKW":11,"Quantity":1},{"ID":354930,"ConnectionTypeID":25,"StatusTypeID":50,"LevelID":2,"PowerKW":11,"Quantity":1}]},{"ID":212403,"UUID":"AA769970-2AE3-4CF6-8D52-2EDFE6E8E07D","NumberOfPoints":2,"UsageCost":"free","AddressInfo":{"ID":212783,"Title":"Unicars - Nicosia Workshop","AddressLine1":"144 Yiannou Kranidioti Ave.","Town":"Latsia","Postcode":"2235","CountryID":63,"Latitude":35.09226133812099,"Longitude":33.37892072302702,"DistanceUnit":0},"OperatorID":1,"DataProviderID":1,"UsageTypeID":6,"StatusTypeID":50,"Connections":[{"ID":353587,"ConnectionTypeID":25,"StatusTypeID":50,"LevelID":2,"Amps":32,"Voltage":400,"PowerKW":22,"CurrentTypeID":20,"Quantity":2}]},{"ID":212387,"UUID":"77EB6A3D-F805-4635-8BDE-812F055CCCFB","NumberOfPoints":1,"UsageCost":"","AddressInfo":{"ID":212767,"Title":"Cap St Georges Hotel & Resort","AddressLine1":"Agios Georgios Avenue","Town":"Πέγεια","Postcode":"8560","CountryID":63,"Latitude":34.893577034028965,"Longitude":32.32488333457479,"DistanceUnit":0},"OperatorID":1,"DataProviderID":1,"UsageTypeID":6,"StatusTypeID":50,"Connections":[{"ID":353545,"ConnectionTypeID":25,"StatusTypeID":50,"LevelID":2,"Amps":32,"Voltage":400,"PowerKW":22,"CurrentTypeID":20,"Quantity":1}]},{"ID":212385,"UUID":"D4BD663F-3D90-4C56-8D85-0E6A75A33A9D","NumberOfPoints":3,"AddressInfo":{"ID":212765,"Title":"UNICARS EV station - Anassa Hotel","AddressLine1":"40, Leof. Akamantos","Town":"Neo Chorio","Postcode":"8852","CountryID":63,"Latitude":35.04300914133283,"Longitude":32.371057664605814,"DistanceUnit":0},"OperatorID":1,"DataProviderID":1,"UsageTypeID":6,"StatusTypeID":50,"Connections":[{"ID":353543,"ConnectionTypeID":25,"StatusTypeID":50,"LevelID":2,"Amps":32,"Voltage":400,"PowerKW":22,"CurrentTypeID":20,"Quantity":3}]},{"ID":212382,"UUID":"72389209-95DC-4CE9-B325-3EFD63CD7ADE","NumberOfPoints":2,"UsageCost":"0.35","AddressInfo":{"ID":212762,"Title":"EAC eCharge - Latsia Town Hall","AddressLine1":"Giannou Kranidioti Avenue","Town":"Latsia","Postcode":"2235","CountryID":63,"Latitude":35.10692650976502,"Longitude":33.378159927624864,"RelatedURL":"https://myeac.etrel.com/#/portal/locations","DistanceUnit":0},"OperatorID":3294,"DataProviderID":1,"UsageTypeID":4,"StatusTypeID":50,"Connections":[{"ID":353540,"ConnectionTypeID":25,"StatusTypeID":50,"LevelID":2,"Amps":32,"Voltage":400,"PowerKW":22,"CurrentTypeID":20,"Quantity":2}]},{"ID":212380,"UUID":"CC1C0105-572E-4235-8DC2-588CFA63CB1E","NumberOfPoints":4,"AddressInfo":{"ID":212760,"Title":"Porsche Nicosia","AddressLine1":"Megaron 15","Town":"Strovolos","Postcode":"2033","CountryID":63,"Latitude":35.123513105869236,"Longitude":33.36367948576964,"DistanceUnit":0},"OperatorID":1,"DataProviderID":1,"UsageTypeID":6,"StatusTypeID":50,"Connections":[{"ID":353538,"ConnectionTypeID":33,"StatusTypeID":50,"LevelID":3,"Voltage":400,"PowerKW":150,"CurrentTypeID":30,"Quantity":4}]},{"ID":211293,"UUID":"7DE28A1B-9D54-416B-8592-84DA81B7EC63","NumberOfPoints":2,"AddressInfo":{"ID":211673,"Title":"Unicars Sales Hub","AddressLine1":"9 Megaron Str.","Town":"Strovolos","StateOrProvince":"Νότια Κύπρος","Postcode":"2032","CountryID":63,"Latitude":35.12414990736714,"Longitude":33.36388115831005,"DistanceUnit":0},"OperatorID":1,"DataProviderID":1,"UsageTypeID":6,"StatusTypeID":50,"Connections":[{"ID":352357,"ConnectionTypeID":33,"StatusTypeID":50,"LevelID":3,"Voltage":400,"PowerKW":50,"CurrentTypeID":30,"Quantity":1},{"ID":353583,"ConnectionTypeID":25,"StatusTypeID":50,"LevelID":2,"Amps":32,"Voltage":400,"PowerKW":22,"CurrentTypeID":20,"Quantity":1}]},{"ID":211133,"UUID":"7E4517A3-0320-4E54-917F-DBBFF77068EE","NumberOfPoints":1,"UsageCost":"0.3","AddressInfo":{"ID":211513,"Title":"Best Western Plus Larco Hotel","AddressLine1":"Pontou Street","StateOrProvince":"Νότια Κύπρος","Postcode":"6301","CountryID":63,"Latitude":34.90151283989698,"Longitude":33.63481583737416,"DistanceUnit":0},"OperatorID":1,"DataProviderID":1,"UsageTypeID":6,"StatusTypeID":50,"Connections":[{"ID":351973,"ConnectionTypeID":25,"StatusTypeID":50,"LevelID":2,"Amps":32,"Voltage":400,"PowerKW":22,"CurrentTypeID":20,"Quantity":1}]},{"ID":211132,"UUID":"2D3327FB-0974-45A3-900B-6F31B25F6ED4","NumberOfPoints":1,"UsageCost":"free","AddressInfo":{"ID":211512,"Title":"Porsche Destination - Radisson Blu Hotel","AddressLine1":"Atlantidon","StateOrProvince":"Νότια Κύπρος","Postcode":"6018","CountryID":63,"Latitude":34.93161218794107,"Longitude":33.63697283071747,"DistanceUnit":0},"OperatorID":1,"DataProviderID":1,"UsageTypeID":6,"StatusTypeID":50,"Connections":[{"ID":351972,"ConnectionTypeID":25,"StatusTypeID":50,"LevelID":2,"Amps":32,"Voltage":400,"PowerKW":22,"CurrentTypeID":20,"Quantity":1}]},{"ID":211131,"UUID":"3F6EDDD4-E2C0-4D44-94B8-E740E1B434E4","NumberOfPoints":2,"UsageCost":"0.35","AddressInfo":{"ID":211511,"Title":"EAC eCharge - EAC Larnaca Offices","AddressLine1":"Pavlou Liaside","StateOrProvince":"Νότια Κύπρος","Postcode":"6042","CountryID":63,"Latitude":34.9228672976501,"Longitude":33.611815215680735,"DistanceUnit":0},"OperatorID":3294,"DataProviderID":1,"UsageTypeID":4,"StatusTypeID":50,"Connections":[{"ID":351971,"ConnectionTypeID":25,"StatusTypeID":50,"LevelID":2,"Amps":32,"Voltage":400,"PowerKW":22,"CurrentTypeID":20,"Quantity":2}]},{"ID":211130,"UUID":"0881D0DE-744D-4255-B656-5AF60F709397","NumberOfPoints":2,"UsageCost":"0.35","AddressInfo":{"ID":211510,"Title":"Aradippou Municipality","AddressLine1":"Stadiou Avenue","Town":"Αραδίππου","StateOrProvince":"Νότια Κύπρος","Postcode":"7103","CountryID":63,"Latitude":34.9486523945734,"Longitude":33.58670929932714,"DistanceUnit":0},"OperatorID":3294,"DataProviderID":1,"UsageTypeID":4,"StatusTypeID":50,"Connections":[{"ID":351970,"ConnectionTypeID":25,"StatusTypeID":50,"LevelID":2,"Amps":32,"Voltage":400,"PowerKW":22,"CurrentTypeID":20,"Quantity":2}]},{"ID":211129,"UUID":"50958784-CFF0-4CBE-A14C-9CE177E89CB0","NumberOfPoints":2,"UsageCost":"free","AddressInfo":{"ID":211509,"Title":"Lidl - Aradippou","AddressLine1":"Agiou Antoniou","Town":"Αραδίππου","StateOrProvince":"Νότια Κύπρος","Postcode":"7102","CountryID":63,"Latitude":34.9368718701367,"Longitude":33.591280179030605,"DistanceUnit":0},"OperatorID":38,"DataProviderID":1,"UsageTypeID":6,"StatusTypeID":50,"Connections":[{"ID":351967,"ConnectionTypeID":25,"StatusTypeID":50,"LevelID":2,"Amps":32,"Voltage":240,"PowerKW":22,"CurrentTypeID":20,"Quantity":1},{"ID":351968,"ConnectionTypeID":33,"StatusTypeID":50,"LevelID":3,"PowerKW":20,"CurrentTypeID":30,"Quantity":1},{"ID":351969,"ConnectionTypeID":2,"StatusTypeID":50,"LevelID":3,"PowerKW":20,"CurrentTypeID":30,"Quantity":1}]},{"ID":211126,"UUID":"C6CB91B6-CCD2-49D8-8F86-F8AA63B85C3D","NumberOfPoints":2,"UsageCost":"0.45","AddressInfo":{"ID":211506,"Title":"BMW Service","AddressLine1":"Meteoron 14","Town":"Strovolos","Postcode":"2032","CountryID":63,"Latitude":35.12469726531246,"Longitude":33.36426929653305,"RelatedURL":"https://www.evpower.com.cy/","DistanceUnit":0},"OperatorID":1,"DataProviderID":1,"UsageTypeID":6,"StatusTypeID":50,"Connections":[{"ID":351962,"ConnectionTypeID":33,"StatusTypeID":50,"LevelID":3,"Voltage":400,"PowerKW":150,"CurrentTypeID":30,"Quantity":2},{"ID":353582,"ConnectionTypeID":25,"StatusTypeID":50,"LevelID":2,"Amps":32,"Voltage":400,"PowerKW":22,"CurrentTypeID":20,"Quantity":1}]},{"ID":211061,"UUID":"CCE4D427-9DF8-4F71-8A66-8F2F047EE7AF","NumberOfPoints":2,"UsageCost":"0.45","AddressInfo":{"ID":211441,"Title":"Kings Avenue Mall","AddressLine1":"Apostolou Pavlou","StateOrProvince":"Νότια Κύπρος","Postcode":"8046","CountryID":63,"Latitude":34.7648853313666,"Longitude":32.413295460941185,"DistanceUnit":0},"OperatorID":3479,"DataProviderID":1,"UsageTypeID":1,"StatusTypeID":50,"Connections":[{"ID":351832,"ConnectionTypeID":25,"StatusTypeID":50,"LevelID":2,"Amps":32,"PowerKW":22,"CurrentTypeID":20,"Quantity":2}]},{"ID":210848,"UUID":"61905ABC-5977-459A-BC61-DC0F054DA121","NumberOfPoints":2,"UsageCost":"free","AddressInfo":{"ID":211228,"Title":"Lidl","AddressLine1":"Tseriou Avenue","StateOrProvince":"Νότια Κύπρος","Postcode":"2380","CountryID":63,"Latitude":35.1256957609167,"Longitude":33.33722813805491,"DistanceUnit":0},"OperatorID":38,"DataProviderID":1,"UsageTypeID":6,"StatusTypeID":50,"Connections":[{"ID":351398,"ConnectionTypeID":33,"StatusTypeID":50,"LevelID":3,"PowerKW":50,"CurrentTypeID":30,"Quantity":1},{"ID":351399,"ConnectionTypeID":2,"StatusTypeID":50,"LevelID":3,"PowerKW":50,"CurrentTypeID":30,"Quantity":1}]},{"ID":202907,"UUID":"03DBF9C1-7206-469C-8F14-9B48091C13B5","NumberOfPoints":1,"UsageCost":"free","AddressInfo":{"ID":203274,"Title":"Λεωφ. Αγρού","AddressLine1":"Λεωφ. Αγρού","Town":"Agros","StateOrProvince":"Cyprus","CountryID":63,"Latitude":34.91755177454898,"Longitude":33.0180678605484,"DistanceUnit":0},"OperatorID":1,"DataProviderID":1,"UsageTypeID":1,"StatusTypeID":50,"Connections":[{"ID":339220,"ConnectionTypeID":25,"StatusTypeID":50,"LevelID":2,"Amps":32,"PowerKW":22,"CurrentTypeID":20,"Quantity":2}]},{"ID":195453,"UUID":"7E42F9D3-4617-4302-AC75-3A8C4678F3E3","NumberOfPoints":2,"UsageCost":"free","AddressInfo":{"ID":195812,"Title":"Ypsonas Town Hall","AddressLine1":"Archiepiskopou Makariou III 83","Town":"Ypsonas","StateOrProvince":"Cyprus","Postcode":"4182","CountryID":63,"Latitude":34.69075060102722,"Longitude":32.95523573341097,"ContactTelephone1":"1800","RelatedURL":"https://myeac.etrel.com/#/portal/locations","DistanceUnit":0},"OperatorID":3294,"DataProviderID":1,"UsageTypeID":4,"StatusTypeID":50,"Connections":[{"ID":325499,"ConnectionTypeID":25,"StatusTypeID":50,"LevelID":2,"Amps":32,"Voltage":400,"PowerKW":22,"CurrentTypeID":20,"Quantity":2}]},{"ID":195452,"UUID":"564EA7EB-EA43-4892-8EBA-BA1B8EA46F30","NumberOfPoints":2,"UsageCost":"free","AddressInfo":{"ID":195811,"Title":"Ypsilanti","AddressLine1":"Ypsilanti","Town":"Limassol","StateOrProvince":"Cyprus","Postcode":"4182","CountryID":63,"Latitude":34.699187615489635,"Longitude":32.967589496543496,"RelatedURL":"https://myeac.etrel.com/#/portal/locations","DistanceUnit":0},"OperatorID":3294,"DataProviderID":1,"UsageTypeID":4,"StatusTypeID":50,"Connections":[{"ID":325498,"ConnectionTypeID":25,"StatusTypeID":50,"LevelID":2,"Amps":32,"PowerKW":22,"CurrentTypeID":20,"Quantity":2}]},{"ID":195423,"UUID":"A0E3811F-9430-4F0D-B6F6-92F29EFF0CEA","NumberOfPoints":1,"AddressInfo":{"ID":195782,"Title":"Municipal Multistory Parking","AddressLine1":"Municipal Multistory Parking","Town":"Limassol","StateOrProvince":"Cyprus","Postcode":"3040","CountryID":63,"Latitude":34.67652625385955,"Longitude":33.04669879552853,"DistanceUnit":0},"OperatorID":3294,"DataProviderID":1,"UsageTypeID":4,"StatusTypeID":50,"Connections":[{"ID":325441,"ConnectionTypeID":25,"StatusTypeID":50,"LevelID":2,"Amps":32,"Voltage":400,"PowerKW":22,"CurrentTypeID":20,"Quantity":2}]},{"ID":195421,"UUID":"2C5ED15F-B357-40E7-8AE9-116E5DA9DDA4","NumberOfPoints":1,"AddressInfo":{"ID":195780,"Title":"Lidl Agios Georgios","AddressLine1":"Agios Georgios","Town":"Limassol","StateOrProvince":"Cyprus","Postcode":"3101 Limassol","CountryID":63,"Latitude":34.690049462708615,"Longitude":33.07175746483995,"DistanceUnit":0},"OperatorID":38,"DataProviderID":1,"UsageTypeID":6,"StatusTypeID":50,"Connections":[{"ID":325436,"ConnectionTypeID":25,"StatusTypeID":50,"LevelID":2,"Amps":32,"Voltage":240,"PowerKW":22,"CurrentTypeID":20,"Quantity":1},{"ID":325437,"ConnectionTypeID":33,"StatusTypeID":50,"LevelID":3,"PowerKW":20,"CurrentTypeID":30,"Quantity":1},{"ID":325438,"ConnectionTypeID":2,"StatusTypeID":50,"LevelID":3,"PowerKW":20,"CurrentTypeID":30,"Quantity":1}]},{"ID":195420,"UUID":"35A7CE76-057A-410D-9F05-BAC2D958D130","NumberOfPoints":1,"AddressInfo":{"ID":195779,"Title":"Spyrou Araouzou","AddressLine1":"Spyrou Araouzou","Town":"Limassol","StateOrProvince":"Cyprus","Postcode":"3036","CountryID":63,"Latitude":34.67341176762494,"Longitude":33.045648222438786,"DistanceUnit":0},"OperatorID":3294,"DataProviderID":1,"UsageTypeID":4,"StatusTypeID":50,"Connections":[{"ID":325435,"ConnectionTypeID":25,"StatusTypeID":50,"LevelID":2,"Amps":32,"PowerKW":22,"CurrentTypeID":20,"Quantity":2}]},{"ID":195419,"UUID":"C5D96AD7-CD7C-4DA5-8BB5-80A343E78DF2","NumberOfPoints":1,"UsageCost":"free","AddressInfo":{"ID":195778,"Title":"Municipal parking","AddressLine1":"Municipal parking","Town":"Limassol","StateOrProvince":"Cyprus","Postcode":"4003","CountryID":63,"Latitude":34.699198399944024,"Longitude":33.0451809153343,"DistanceUnit":0},"OperatorID":3294,"DataProviderID":1,"UsageTypeID":4,"StatusTypeID":50,"Connections":[{"ID":325434,"ConnectionTypeID":25,"StatusTypeID":50,"LevelID":2,"Amps":32,"Voltage":240,"PowerKW":22,"CurrentTypeID":20,"Quantity":2}],"UserComments":[{"ID":26320,"ChargePointID":195419,"CommentTypeID":10,"UserName":"kolombos","Comment":"","Rating":5,"DateCreated":"2022-09-17T14:47:04.997Z","User":{"ID":25494,"Username":"kolombos"},"CheckinStatusTypeID":10,"IsActionedByEditor":false},{"ID":26198,"ChargePointID":195419,"CommentTypeID":10,"UserName":"kolombos","Comment":"","DateCreated":"2022-08-23T14:46:09.17Z","User":{"ID":25494,"Username":"kolombos"},"CheckinStatusTypeID":10,"IsActionedByEditor":false}],"MediaItems":[{"ID":33677,"ChargePointID":195419,"ItemURL":"https://media.openchargemap.io/images/CY/OCM195419/OCM-195419.orig.2022091714464459.jpg","ItemThumbnailURL":"https://media.openchargemap.io/images/CY/OCM195419/OCM-195419.thmb.2022091714464459.jpg","Comment":"","IsEnabled":true,"IsVideo":false,"IsFeaturedItem":false,"IsExternalResource":false,"User":{"ID":25494,"Username":"kolombos"},"DateCreated":"2022-09-17T14:47:00Z"},{"ID":33068,"ChargePointID":195419,"ItemURL":"https://media.openchargemap.io/images/CY/OCM195419/OCM-195419.orig.2022082315133188.jpg","ItemThumbnailURL":"https://media.openchargemap.io/images/CY/OCM195419/OCM-195419.thmb.2022082315133188.jpg","Comment":"","IsEnabled":true,"IsVideo":false,"IsFeaturedItem":false,"IsExternalResource":false,"User":{"ID":25494,"Username":"kolombos"},"DateCreated":"2022-08-23T15:14:00Z"},{"ID":33065,"ChargePointID":195419,"ItemURL":"https://media.openchargemap.io/images/CY/OCM195419/OCM-195419.orig.2022082315104917.jpg","ItemThumbnailURL":"https://media.openchargemap.io/images/CY/OCM195419/OCM-195419.thmb.2022082315104917.jpg","Comment":"","IsEnabled":true,"IsVideo":false,"IsFeaturedItem":false,"IsExternalResource":false,"User":{"ID":25494,"Username":"kolombos"},"DateCreated":"2022-08-23T15:11:00Z"}]},{"ID":195418,"UUID":"AA9A84D2-2975-405E-921C-E03D14E85221","NumberOfPoints":2,"UsageCost":"0.35","AddressInfo":{"ID":195777,"Title":"Port Junction","AddressLine1":"Port Junction","Town":"Limassol","StateOrProvince":"Cyprus","Postcode":"3045","CountryID":63,"Latitude":34.65492752282255,"Longitude":33.02287958043496,"DistanceUnit":0},"OperatorID":3294,"DataProviderID":1,"UsageTypeID":4,"StatusTypeID":50,"Connections":[{"ID":325433,"ConnectionTypeID":25,"StatusTypeID":50,"LevelID":2,"PowerKW":22,"CurrentTypeID":20,"Quantity":2}]},{"ID":194125,"UUID":"70A0545B-838A-4B27-96B7-1B3BFB292CBE","NumberOfPoints":1,"UsageCost":"Free","AddressInfo":{"ID":194484,"Title":"Four Season Hotel","AddressLine1":"Limassol Coastal Road Cycling lane","Town":"Limassol","StateOrProvince":"Cyprus","Postcode":"4527","CountryID":63,"Latitude":34.70950033236811,"Longitude":33.12786680540205,"DistanceUnit":0},"OperatorID":1,"DataProviderID":1,"UsageTypeID":6,"StatusTypeID":50,"Connections":[{"ID":316198,"ConnectionTypeID":25,"StatusTypeID":50,"LevelID":2,"PowerKW":11,"CurrentTypeID":20,"Quantity":1},{"ID":326509,"ConnectionTypeID":25,"StatusTypeID":50,"LevelID":2,"PowerKW":11,"Quantity":1},{"ID":326510,"ConnectionTypeID":25,"StatusTypeID":50,"LevelID":2,"PowerKW":11,"Quantity":1},{"ID":326511,"ConnectionTypeID":25,"StatusTypeID":50,"LevelID":2,"PowerKW":11,"Quantity":1}]},{"ID":194124,"UUID":"238C7DD1-D120-4055-97C9-AA3F72053DA0","NumberOfPoints":1,"AddressInfo":{"ID":194483,"Title":"St. Raphael Hotel","AddressLine1":"Le Meridien","Town":"Amathussa","StateOrProvince":"Cyprus","Postcode":"4529","CountryID":63,"Latitude":34.71352030897964,"Longitude":33.16727427216745,"DistanceUnit":0},"OperatorID":1,"DataProviderID":1,"UsageTypeID":4,"StatusTypeID":50,"Connections":[{"ID":316197,"ConnectionTypeID":25,"StatusTypeID":50,"LevelID":2,"PowerKW":22,"CurrentTypeID":20,"Quantity":2}]},{"ID":194123,"UUID":"E357FF92-4480-4628-BFDD-6BD294F53468","NumberOfPoints":1,"AddressInfo":{"ID":194482,"Title":"Magalosn Alexander Street","AddressLine1":"Magalosn Alexander Street","Town":"Amathussa","StateOrProvince":"Cyprus","Postcode":"4529","CountryID":63,"Latitude":34.71288429789573,"Longitude":33.17378338449976,"DistanceUnit":0},"OperatorID":1,"DataProviderID":1,"UsageTypeID":4,"StatusTypeID":50,"Connections":[{"ID":316196,"ConnectionTypeID":25,"StatusTypeID":50,"LevelID":2,"PowerKW":22,"CurrentTypeID":20,"Quantity":2}]},{"ID":193860,"UUID":"8744CBDF-1252-45FB-BCAB-6C5FCC4943AF","NumberOfPoints":1,"AddressInfo":{"ID":194219,"Title":"Kallipoleos","AddressLine1":"Kallipoleos","Town":"Nicosia","StateOrProvince":"Cyprus","Postcode":"1070","CountryID":63,"Latitude":35.15930469966615,"Longitude":33.375617349790105,"DistanceUnit":0},"OperatorID":1,"DataProviderID":1,"UsageTypeID":4,"StatusTypeID":50,"Connections":[{"ID":315641,"ConnectionTypeID":25,"StatusTypeID":50,"LevelID":2,"PowerKW":22,"CurrentTypeID":20,"Quantity":2}]},{"ID":193545,"UUID":"B627295C-766A-4746-A469-A1B6384D2CC3","NumberOfPoints":1,"UsageCost":"free","AddressInfo":{"ID":193904,"Title":"Amathus Beach Hotel","AddressLine1":"Amathus Beach Hotel","Town":"Limassol","StateOrProvince":"Cyprus","Postcode":"4527","CountryID":63,"Latitude":34.70929083697317,"Longitude":33.132520366598555,"RelatedURL":"https://evloader.com/el/stations-map/amathus-residences-evmotion-331315-347091","DistanceUnit":0},"OperatorID":3294,"DataProviderID":1,"UsageTypeID":4,"StatusTypeID":50,"Connections":[{"ID":314961,"ConnectionTypeID":25,"StatusTypeID":50,"LevelID":2,"Amps":32,"PowerKW":22,"CurrentTypeID":20,"Quantity":1}]},{"ID":193544,"UUID":"D6024E7F-3276-4437-B0E1-541AD54D1386","NumberOfPoints":1,"UsageCost":"€0.07/kWh","AddressInfo":{"ID":193903,"Title":"Nestor","AddressLine1":"Nestor","Town":"Ayia Napa","StateOrProvince":"Cyprus","Postcode":"","CountryID":63,"Latitude":34.98517289181903,"Longitude":34.002187439613635,"RelatedURL":"https://evloader.com/el/stations-map/nestor-hotel-evmotion-Ayia","DistanceUnit":0},"OperatorID":3294,"DataProviderID":1,"UsageTypeID":4,"StatusTypeID":50,"Connections":[{"ID":314960,"ConnectionTypeID":25,"StatusTypeID":50,"LevelID":2,"Amps":32,"Voltage":400,"PowerKW":22,"CurrentTypeID":20,"Quantity":2}]},{"ID":192545,"UUID":"923951A2-CECC-4E7F-8B56-A092056FF49B","NumberOfPoints":2,"UsageCost":"free","AddressInfo":{"ID":192904,"Title":"Nicosia Mall","AddressLine1":"Hwy. Nicosia-Troodos","Town":"Nicosia","StateOrProvince":"Cyprus","Postcode":"2320","CountryID":63,"Latitude":35.135230994602495,"Longitude":33.28089495366328,"RelatedURL":"https://www.evpower.com.cy/","DistanceUnit":0},"OperatorID":1,"DataProviderID":1,"UsageTypeID":1,"StatusTypeID":50,"Connections":[{"ID":312868,"ConnectionTypeID":25,"StatusTypeID":50,"LevelID":2,"Amps":32,"PowerKW":22,"CurrentTypeID":20,"Quantity":2}],"MediaItems":[{"ID":33549,"ChargePointID":192545,"ItemURL":"https://media.openchargemap.io/images/CY/OCM192545/OCM-192545.orig.2022090406152113.jpg","ItemThumbnailURL":"https://media.openchargemap.io/images/CY/OCM192545/OCM-192545.thmb.2022090406152113.jpg","Comment":"","IsEnabled":true,"IsVideo":false,"IsFeaturedItem":false,"IsExternalResource":false,"User":{"ID":40232,"Username":"Antonakis"},"DateCreated":"2022-09-04T06:15:00Z"}]},{"ID":192544,"UUID":"339B0B3B-A450-42DF-997C-7147508D38DE","NumberOfPoints":2,"UsageCost":"free","AddressInfo":{"ID":192903,"Title":"Leroy Merlin","AddressLine1":"Leroy Merlin","Town":"Strovolos","StateOrProvince":"Cyprus","Postcode":"2025","CountryID":63,"Latitude":35.12307054206332,"Longitude":33.37269370681145,"RelatedURL":"https://www.evpower.com.cy/","DistanceUnit":0},"OperatorID":1,"DataProviderID":1,"UsageTypeID":6,"StatusTypeID":50,"Connections":[{"ID":312867,"ConnectionTypeID":25,"StatusTypeID":50,"LevelID":2,"Amps":32,"PowerKW":22,"CurrentTypeID":20,"Quantity":2}]},{"ID":191941,"UUID":"9B4F7354-F2D2-4407-896D-3BE6C045540C","NumberOfPoints":2,"UsageCost":"free","AddressInfo":{"ID":192300,"Title":"LiDL - Agias Filaxeos","AddressLine1":"Agias Filaxeos","StateOrProvince":"Νότια Κύπρος","Postcode":"3082","CountryID":63,"Latitude":34.70027637249433,"Longitude":33.03160278910423,"DistanceUnit":0},"OperatorID":38,"DataProviderID":1,"UsageTypeID":1,"StatusTypeID":50,"Connections":[{"ID":311773,"ConnectionTypeID":25,"StatusTypeID":50,"LevelID":2,"Amps":32,"Voltage":400,"PowerKW":22,"CurrentTypeID":20,"Quantity":1},{"ID":311774,"ConnectionTypeID":33,"StatusTypeID":50,"LevelID":3,"PowerKW":50,"CurrentTypeID":30,"Quantity":1},{"ID":311775,"ConnectionTypeID":2,"StatusTypeID":50,"LevelID":3,"PowerKW":50,"CurrentTypeID":30,"Quantity":1}]},{"ID":191940,"UUID":"48D2897E-6968-4B44-A810-EC0E71A2E77A","NumberOfPoints":2,"UsageCost":"","AddressInfo":{"ID":192299,"Title":"Olympos Street","AddressLine1":"Olympos Street","Town":"Platres","StateOrProvince":"Cyprus","Postcode":"4800","CountryID":63,"Latitude":34.892206213559376,"Longitude":32.86744793570173,"AccessComments":"24/7","DistanceUnit":0},"OperatorID":3294,"DataProviderID":1,"UsageTypeID":4,"StatusTypeID":50,"Connections":[{"ID":311772,"ConnectionTypeID":25,"StatusTypeID":50,"LevelID":2,"Amps":32,"PowerKW":22,"CurrentTypeID":20,"Quantity":2}]},{"ID":191881,"UUID":"AE75C4C2-24B6-44D9-8C5F-58662CBBC304","NumberOfPoints":2,"AddressInfo":{"ID":192240,"Title":"E103","AddressLine1":"E103","Town":"Pera Chorio","Postcode":"2572","CountryID":63,"Latitude":35.0028654840884,"Longitude":33.39357274206213,"AccessComments":"24/7","RelatedURL":"https://www.eac.com.cy/En/CustomerService/eCharge/Pages/default.aspx","DistanceUnit":0},"OperatorID":3294,"DataProviderID":1,"UsageTypeID":4,"StatusTypeID":50,"Connections":[{"ID":311652,"ConnectionTypeID":25,"StatusTypeID":50,"LevelID":2,"Amps":32,"Voltage":400,"PowerKW":22,"CurrentTypeID":20,"Quantity":1},{"ID":311653,"ConnectionTypeID":33,"StatusTypeID":50,"LevelID":3,"PowerKW":50,"CurrentTypeID":30,"Quantity":1},{"ID":311654,"ConnectionTypeID":2,"StatusTypeID":50,"LevelID":3,"PowerKW":50,"CurrentTypeID":30,"Quantity":1}]},{"ID":191879,"UUID":"5C85DB42-A48A-4C48-9273-39B319372BA3","NumberOfPoints":2,"AddressInfo":{"ID":192238,"Title":"Alfa Mega","AddressLine1":"Alfa Mega","Town":"Skarinou","StateOrProvince":"Cyprus","CountryID":63,"Latitude":34.81790454160898,"Longitude":33.36095230885053,"AccessComments":"24/7","RelatedURL":"https://www.eac.com.cy/En/CustomerService/eCharge/Pages/default.aspx","DistanceUnit":0},"OperatorID":3294,"DataProviderID":1,"UsageTypeID":4,"StatusTypeID":50,"Connections":[{"ID":311648,"ConnectionTypeID":25,"StatusTypeID":50,"LevelID":2,"Amps":32,"Voltage":400,"PowerKW":22,"CurrentTypeID":20,"Quantity":1},{"ID":311649,"ConnectionTypeID":33,"StatusTypeID":50,"LevelID":3,"PowerKW":50,"CurrentTypeID":30,"Quantity":1},{"ID":311650,"ConnectionTypeID":2,"StatusTypeID":50,"LevelID":3,"PowerKW":50,"CurrentTypeID":30,"Quantity":1}]},{"ID":154494,"UUID":"181B6534-AA49-4378-9CA3-1FD7CCA8B03F","NumberOfPoints":1,"AddressInfo":{"ID":154847,"Title":"Ermou","AddressLine1":"Ermou","Town":"Larnaca","Postcode":"6022","CountryID":63,"Latitude":34.9129065684764,"Longitude":33.635962825388674,"DistanceUnit":0},"OperatorID":3294,"DataProviderID":1,"UsageTypeID":4,"StatusTypeID":50,"Connections":[{"ID":217289,"ConnectionTypeID":25,"StatusTypeID":50,"LevelID":2,"Amps":32,"PowerKW":22,"CurrentTypeID":20,"Quantity":2}]},{"ID":154493,"UUID":"5AE65D9E-FA05-422A-B041-5F35EF4972AF","NumberOfPoints":1,"AddressInfo":{"ID":154846,"Title":"Piyiale Pasa","AddressLine1":"Piyiale Pasa","Town":"Larnaca","Postcode":"6301","CountryID":63,"Latitude":34.89738751286468,"Longitude":33.6382632729634,"DistanceUnit":0},"OperatorID":3294,"DataProviderID":1,"UsageTypeID":4,"StatusTypeID":50,"Connections":[{"ID":217288,"ConnectionTypeID":25,"StatusTypeID":50,"LevelID":2,"Amps":32,"PowerKW":22,"CurrentTypeID":20,"Quantity":2}]},{"ID":154492,"UUID":"16AB4637-DA08-43E6-ABE2-0C148C69020C","NumberOfPoints":1,"AddressInfo":{"ID":154845,"Title":"Municipal Open air Theatre","AddressLine1":"Municipal Open air Theatre","Town":"Paralimni","Postcode":"5309","CountryID":63,"Latitude":35.04002934347346,"Longitude":33.983784413503145,"DistanceUnit":0},"OperatorID":3294,"DataProviderID":1,"UsageTypeID":4,"StatusTypeID":50,"Connections":[{"ID":217287,"ConnectionTypeID":25,"StatusTypeID":50,"LevelID":2,"Amps":32,"PowerKW":22,"CurrentTypeID":20,"Quantity":2}]},{"ID":154491,"UUID":"4A723D03-CFC8-442F-AE99-95098D58A65C","NumberOfPoints":1,"UsageCost":"€0.22","AddressInfo":{"ID":154844,"Title":"EAC Charge Point","AddressLine1":"228X+PM Protaras, Cyprus","Town":"Protaras","Postcode":"37087","CountryID":63,"Latitude":35.01680508550206,"Longitude":34.049169879443184,"DistanceUnit":0},"OperatorID":3294,"DataProviderID":1,"UsageTypeID":4,"StatusTypeID":50,"Connections":[{"ID":217286,"ConnectionTypeID":25,"StatusTypeID":50,"LevelID":2,"Amps":32,"Voltage":400,"PowerKW":21,"CurrentTypeID":20,"Quantity":2}],"UserComments":[{"ID":26318,"ChargePointID":154491,"CommentTypeID":10,"UserName":"kolombos","Comment":"","Rating":5,"DateCreated":"2022-09-17T08:27:31.233Z","User":{"ID":25494,"Username":"kolombos"},"CheckinStatusTypeID":10,"IsActionedByEditor":false}],"MediaItems":[{"ID":33670,"ChargePointID":154491,"ItemURL":"https://media.openchargemap.io/images/CY/OCM154491/OCM-154491.orig.2022091708284311.jpg","ItemThumbnailURL":"https://media.openchargemap.io/images/CY/OCM154491/OCM-154491.thmb.2022091708284311.jpg","Comment":"","IsEnabled":true,"IsVideo":false,"IsFeaturedItem":false,"IsExternalResource":false,"User":{"ID":25494,"Username":"kolombos"},"DateCreated":"2022-09-17T08:29:00Z"},{"ID":21597,"ChargePointID":154491,"ItemURL":"https://media.openchargemap.io/images/CY/OCM154491/OCM-154491.orig.2020031604592309.jpeg","ItemThumbnailURL":"https://media.openchargemap.io/images/CY/OCM154491/OCM-154491.thmb.2020031604592309.jpeg","Comment":"","IsEnabled":true,"IsVideo":false,"IsFeaturedItem":false,"IsExternalResource":false,"User":{"ID":25494,"Username":"kolombos"},"DateCreated":"2020-03-16T04:59:00Z"}]},{"ID":154490,"UUID":"A1C4A757-62C4-4F39-ADC0-D5D260FCE5FA","NumberOfPoints":1,"UsageCost":"","AddressInfo":{"ID":154843,"Title":"Ag. Athanasios Municipal Parking","AddressLine1":"Charalambou Fteroudi","Town":"Limassol","Postcode":"4004","CountryID":63,"Latitude":34.708760353727456,"Longitude":33.050346112593274,"DistanceUnit":0},"OperatorID":3294,"DataProviderID":1,"UsageTypeID":4,"StatusTypeID":50,"Connections":[{"ID":217284,"ConnectionTypeID":25,"StatusTypeID":50,"LevelID":2,"Amps":32,"PowerKW":22,"CurrentTypeID":20,"Quantity":2}],"UserComments":[{"ID":26194,"ChargePointID":154490,"CommentTypeID":10,"UserName":"kolombos","DateCreated":"2022-08-22T04:48:38.423Z","User":{"ID":25494,"Username":"kolombos"},"CheckinStatusTypeID":10,"IsActionedByEditor":false}],"MediaItems":[{"ID":32997,"ChargePointID":154490,"ItemURL":"https://media.openchargemap.io/images/CY/OCM154490/OCM-154490.orig.2022082117204822.jpg","ItemThumbnailURL":"https://media.openchargemap.io/images/CY/OCM154490/OCM-154490.thmb.2022082117204822.jpg","Comment":"","IsEnabled":true,"IsVideo":false,"IsFeaturedItem":false,"IsExternalResource":false,"User":{"ID":25494,"Username":"kolombos"},"DateCreated":"2022-08-21T17:21:00Z"}]},{"ID":106903,"UUID":"EF31E7E3-5757-4352-A79C-0DAD1C5B6597","NumberOfPoints":2,"UsageCost":"Aprox €0.37 per kWh (Jan 2023)","AddressInfo":{"ID":107249,"Title":"Chester's Restaurant Parking Area","AddressLine1":"Leoforos Amathountos, 194","Town":"Limassol","StateOrProvince":"Limassol","Postcode":"4520","CountryID":63,"Latitude":34.714701329071,"Longitude":33.1631672412864,"AccessComments":"500 metres off A1 motorway at E109 junction East of Limassol town centre and opposite St Rafael Hotel on coast","DistanceUnit":0},"OperatorID":3294,"DataProviderID":1,"UsageTypeID":4,"StatusTypeID":50,"Connections":[{"ID":150698,"ConnectionTypeID":25,"StatusTypeID":50,"LevelID":2,"Amps":32,"Voltage":230,"PowerKW":7.6,"CurrentTypeID":10,"Quantity":2}]},{"ID":99690,"UUID":"85260F65-4310-4DF3-B4A4-5F5FC935D303","NumberOfPoints":2,"UsageCost":"Approx €0.16/kWh (Jan 2018)","AddressInfo":{"ID":100036,"Title":"Paphos Airport (PFO) Car Park","AddressLine1":"Paphos Airport","Town":"Achelia","StateOrProvince":"Paphos","Postcode":"8507","CountryID":63,"Latitude":34.7114238974426,"Longitude":32.4891347058182,"AccessComments":"Situated within Airport public Parking 75mtrs from main terminal entrance.","DistanceUnit":0},"OperatorID":3294,"DataProviderID":1,"UsageTypeID":4,"StatusTypeID":50,"Connections":[{"ID":140835,"ConnectionTypeID":25,"StatusTypeID":50,"LevelID":2,"Amps":32,"Voltage":230,"PowerKW":7,"CurrentTypeID":10,"Quantity":2}],"UserComments":[{"ID":19256,"ChargePointID":99690,"CommentTypeID":10,"UserName":"Chui","Comment":"Sometimes ICE cars parked in Bays, but if Municipal Authorities informed traffic warden will get them removed.","Rating":4,"DateCreated":"2018-03-05T10:17:21.04Z","User":{"ID":16930,"Username":"Chui"},"CheckinStatusTypeID":10}]},{"ID":97262,"UUID":"23DFD086-547E-46D4-86AD-B9984FEAE0B0","NumberOfPoints":2,"AddressInfo":{"ID":97608,"Title":"Opposite EAC Head Office in Car Park Entrance","AddressLine1":"Eleutheriou Venizelou Avenue","Town":"Paphos","StateOrProvince":"Paphos","Postcode":"8027","CountryID":63,"Latitude":34.7838074299568,"Longitude":32.4437100493602,"AccessComments":" Just before car park barrier 400mtrs from roundabout at end of A6 Motorway","DistanceUnit":0},"OperatorID":3294,"DataProviderID":1,"UsageTypeID":4,"StatusTypeID":50,"Connections":[{"ID":138124,"ConnectionTypeID":25,"StatusTypeID":50,"LevelID":2,"Amps":32,"PowerKW":22,"CurrentTypeID":10,"Quantity":2}],"UserComments":[{"ID":19259,"ChargePointID":97262,"CommentTypeID":10,"UserName":"Chui","Comment":"EAC electric car/s use this point to charge so 1/both bays may be occupied.","Rating":4,"DateCreated":"2018-03-05T10:31:08.777Z","User":{"ID":16930,"Username":"Chui"},"CheckinStatusTypeID":10}]},{"ID":97245,"UUID":"38B1F7BD-698C-4E71-81EB-679A9E400E29","NumberOfPoints":2,"UsageCost":"Approx €0.16/kWh (Jan 2018)","AddressInfo":{"ID":97591,"Title":"Car Park by CTA Office Polis","AddressLine1":"Vasileiou Stasiokou Street","Town":"Polis","StateOrProvince":"Paphos","Postcode":"8840","CountryID":63,"Latitude":35.0336922132855,"Longitude":32.425163938604,"AccessComments":"24/7","DistanceUnit":0},"OperatorID":3294,"DataProviderID":1,"UsageTypeID":4,"StatusTypeID":50,"Connections":[{"ID":138097,"ConnectionTypeID":25,"StatusTypeID":50,"LevelID":2,"Amps":32,"PowerKW":22,"CurrentTypeID":20,"Quantity":2}],"UserComments":[{"ID":19257,"ChargePointID":97245,"CommentTypeID":10,"UserName":"Chui","Comment":"Sometimes ICE cars parked n Bays but if Municipal Authorities informed traffic warden will come a get them moved.","Rating":4,"DateCreated":"2018-03-05T10:22:54.71Z","User":{"ID":16930,"Username":"Chui"},"CheckinStatusTypeID":10}]},{"ID":93019,"UUID":"99D064B7-64BB-4245-943E-8E21DFA4313A","NumberOfPoints":2,"AddressInfo":{"ID":93365,"Title":"Enaerios Municipal Parking","AddressLine1":"Makariou III","AddressLine2":"Mesa Geitonia","Town":"Limassol","CountryID":63,"Latitude":34.685294,"Longitude":33.059097,"RelatedURL":"https://www.eac.com.cy/En/CustomerService/eCharge/Pages/default.aspx","DistanceUnit":0},"OperatorID":3294,"DataProviderID":1,"UsageTypeID":4,"StatusTypeID":50,"Connections":[{"ID":131753,"ConnectionTypeID":25,"StatusTypeID":50,"LevelID":2,"Amps":32,"Voltage":400,"PowerKW":22,"CurrentTypeID":20,"Quantity":2}]},{"ID":93018,"UUID":"870CB1B0-7FBF-4560-ADBD-D19A5C585F10","NumberOfPoints":2,"UsageCost":"Free. Parking fees apply.","AddressInfo":{"ID":93364,"Title":"Larnaca Airport","AddressLine1":"Airport Loop","AddressLine2":"Dromolaxia","Town":"Larnaca","Postcode":"7020","CountryID":63,"Latitude":34.872129,"Longitude":33.606875,"RelatedURL":"https://www.eac.com.cy/En/CustomerService/eCharge/Pages/default.aspx","DistanceUnit":0},"OperatorID":3294,"DataProviderID":1,"UsageTypeID":4,"StatusTypeID":50,"Connections":[{"ID":131752,"ConnectionTypeID":25,"StatusTypeID":50,"LevelID":2,"Amps":32,"Voltage":400,"PowerKW":22,"CurrentTypeID":20,"Quantity":2}],"UserComments":[{"ID":19258,"ChargePointID":93018,"CommentTypeID":10,"UserName":"Chui","Comment":"Visited Charging Station.   All appeared in order, but did not need to charge.   Public pay car park has to be entered to use the facility, but very convenient close to terminal entrance.","Rating":4,"DateCreated":"2018-03-05T10:27:24.99Z","User":{"ID":16930,"Username":"Chui"},"CheckinStatusTypeID":140}]},{"ID":92914,"UUID":"DDFC58C0-0E4F-49CE-8059-40F3345B15F8","NumberOfPoints":2,"UsageCost":"0.35","AddressInfo":{"ID":93260,"Title":"EAC Area Offices Lefkosia","AddressLine1":"Anavyssou","Town":"Nicosia","StateOrProvince":"Nicosia","CountryID":63,"Latitude":35.138515,"Longitude":33.373596099999986,"RelatedURL":"https://myeac.etrel.com/#/portal/locations","DistanceUnit":0},"OperatorID":3294,"DataProviderID":1,"UsageTypeID":4,"StatusTypeID":50,"Connections":[{"ID":131625,"ConnectionTypeID":25,"StatusTypeID":50,"LevelID":2,"Amps":32,"Voltage":400,"PowerKW":22,"CurrentTypeID":20,"Quantity":2}],"UserComments":[{"ID":29052,"ChargePointID":92914,"CommentTypeID":10,"UserName":"Nikos Adamidis","Comment":"","Rating":5,"DateCreated":"2023-10-05T08:39:31.667Z","User":{"ID":36990,"Username":"Nikos Adamidis"},"CheckinStatusTypeID":10,"IsActionedByEditor":false}]},{"ID":92913,"UUID":"42720E39-42B3-435E-B755-BCFDF1660DD2","NumberOfPoints":2,"AddressInfo":{"ID":93259,"Title":"Keryneias  / Mpoumpoulinas Junction","AddressLine1":"Keryneias Av.","AddressLine2":"Aglandjia","Town":"Nicosia","StateOrProvince":"Nicosia","CountryID":63,"Latitude":35.14856915827663,"Longitude":33.38959691719662,"RelatedURL":"https://www.eac.com.cy/En/CustomerService/eCharge/Pages/default.aspx","DistanceUnit":0},"OperatorID":3294,"DataProviderID":1,"UsageTypeID":4,"StatusTypeID":50,"Connections":[{"ID":131624,"ConnectionTypeID":25,"StatusTypeID":50,"LevelID":2,"Amps":32,"Voltage":400,"PowerKW":22,"CurrentTypeID":20,"Quantity":2}]},{"ID":92912,"UUID":"EC398D11-37AF-4B78-8333-C6396FD5B717","NumberOfPoints":2,"UsageCost":"0.35","AddressInfo":{"ID":93258,"Title":"LEFKOTHEOU-PAPAKYRIAKOU JUNCTION","AddressLine1":"Lefkotheou Avenue","AddressLine2":"Μακεδονίτισσα","StateOrProvince":"Κύπρος","Postcode":"2401","CountryID":63,"Latitude":35.1480472299349,"Longitude":33.31531329212592,"DistanceUnit":0},"OperatorID":3294,"DataProviderID":1,"UsageTypeID":1,"StatusTypeID":50,"Connections":[{"ID":131623,"ConnectionTypeID":25,"StatusTypeID":50,"LevelID":2,"Amps":32,"Voltage":400,"PowerKW":22,"CurrentTypeID":20,"Quantity":2}]},{"ID":92911,"UUID":"BC396FC8-2E44-462D-B6B1-457C306B448A","NumberOfPoints":2,"AddressInfo":{"ID":93257,"Title":"Strovolos Municipality Parking","AddressLine1":"Ayiou Dimitriou","Town":"Nicosia","StateOrProvince":"Nicosia","CountryID":63,"Latitude":35.1494244,"Longitude":33.3590038,"RelatedURL":"https://www.eac.com.cy/En/CustomerService/eCharge/Pages/default.aspx","DistanceUnit":0},"OperatorID":3294,"DataProviderID":1,"UsageTypeID":4,"StatusTypeID":50,"Connections":[{"ID":131622,"ConnectionTypeID":25,"StatusTypeID":50,"LevelID":2,"Amps":32,"Voltage":400,"PowerKW":22,"CurrentTypeID":20,"Quantity":2}]},{"ID":92910,"UUID":"F9DF1CF7-CABA-466B-9365-494E5D3E8216","NumberOfPoints":2,"AddressInfo":{"ID":93256,"Title":"University of Cyprus Campus (North Entrance Parking Area) 1","AddressLine1":"Larnakos","Town":"Aglantzia","StateOrProvince":"Cyprus","Postcode":"2025","CountryID":63,"Latitude":35.14632737583531,"Longitude":33.41505354480958,"DistanceUnit":0},"OperatorID":3294,"DataProviderID":1,"UsageTypeID":4,"StatusTypeID":50,"Connections":[{"ID":131621,"ConnectionTypeID":25,"StatusTypeID":50,"LevelID":2,"Amps":32,"Voltage":400,"PowerKW":22,"CurrentTypeID":20,"Quantity":2}]},{"ID":92909,"UUID":"E3BB11D2-BDD7-45A3-8B8E-64EB6DE16B74","NumberOfPoints":2,"UsageCost":"0.35","AddressInfo":{"ID":93255,"Title":"EAC eCharge - Nicosia City Center EAC Offices","AddressLine1":"Foti Pitta","Town":"Nicosia","StateOrProvince":"Νότια Κύπρος","Postcode":"1065","CountryID":63,"Latitude":35.16452033601655,"Longitude":33.3621061163376,"DistanceUnit":0},"OperatorID":3294,"DataProviderID":1,"UsageTypeID":4,"StatusTypeID":50,"Connections":[{"ID":131620,"ConnectionTypeID":25,"StatusTypeID":50,"LevelID":2,"Amps":32,"Voltage":400,"PowerKW":22,"CurrentTypeID":20,"Quantity":2}]}]