[{"ID":176219,"UUID":"05541E11-8405-4EB3-96D6-7098E2576B83","NumberOfPoints":1,"AddressInfo":{"ID":176578,"Title":"UN House Namibia","AddressLine1":"Stein Street 44","Town":"Windhoek","StateOrProvince":"Khomas Region","Postcode":"0000","CountryID":156,"Latitude":-22.574848337903887,"Longitude":17.100468751180642,"DistanceUnit":0},"OperatorID":214,"DataProviderID":1,"UsageTypeID":6,"StatusTypeID":50,"Connections":[{"ID":273854,"ConnectionTypeID":25,"StatusTypeID":50,"LevelID":2,"Amps":16,"Voltage":230,"PowerKW":11,"CurrentTypeID":20,"Quantity":1}]}]