[{"ID":303054,"UUID":"8EA092C1-602B-43D9-AC07-AED2B1E1FDF7","NumberOfPoints":8,"AddressInfo":{"ID":303441,"Title":"Tesla Supercharger Sharjah","AddressLine1":"City Centre Sharjah","Town":"Sharjah","StateOrProvince":"Sharjah Emirate","CountryID":235,"Latitude":25.325776,"Longitude":55.394672,"DistanceUnit":0},"OperatorID":23,"DataProviderID":1,"UsageTypeID":4,"StatusTypeID":50,"Connections":[{"ID":569799,"ConnectionTypeID":33,"StatusTypeID":50,"LevelID":3,"PowerKW":250,"CurrentTypeID":30,"Quantity":8}]},{"ID":303053,"UUID":"A327DB97-C3EC-4560-B7A1-C2F12E215021","NumberOfPoints":8,"AddressInfo":{"ID":303440,"Title":"Tesla Supercharger Ras Al Khaimah","AddressLine1":"Al Naeem Mall","Town":"Ras Al Khaimah","CountryID":235,"Latitude":25.791492,"Longitude":55.966309,"DistanceUnit":0},"OperatorID":23,"DataProviderID":1,"UsageTypeID":4,"StatusTypeID":50,"Connections":[{"ID":569798,"ConnectionTypeID":33,"StatusTypeID":50,"LevelID":3,"PowerKW":250,"CurrentTypeID":30,"Quantity":8}]},{"ID":303052,"UUID":"910C2BE9-AACA-4300-A15D-2FABC08335B8","NumberOfPoints":8,"AddressInfo":{"ID":303439,"Title":"Tesla Supercharger Fujairah","AddressLine1":"Century Mall","Town":"Fujairah City","StateOrProvince":"Fujairah Emirate","CountryID":235,"Latitude":25.1567685,"Longitude":56.3491074,"DistanceUnit":0},"OperatorID":23,"DataProviderID":1,"UsageTypeID":4,"StatusTypeID":50,"Connections":[{"ID":569797,"ConnectionTypeID":33,"StatusTypeID":50,"LevelID":3,"PowerKW":250,"CurrentTypeID":30,"Quantity":8}]},{"ID":303051,"UUID":"FB911077-4C59-4037-8AF0-2C0BD97279D4","NumberOfPoints":16,"AddressInfo":{"ID":303438,"Title":"Tesla Supercharger Dubai","AddressLine1":"Dubai Urban","Town":"Dubai","CountryID":235,"Latitude":25.199541,"Longitude":55.283352,"DistanceUnit":0},"OperatorID":23,"DataProviderID":1,"UsageTypeID":4,"StatusTypeID":50,"Connections":[{"ID":569796,"ConnectionTypeID":33,"StatusTypeID":50,"LevelID":3,"PowerKW":250,"CurrentTypeID":30,"Quantity":16}]},{"ID":303050,"UUID":"5F622BA5-A69B-4017-8206-B526F297D537","NumberOfPoints":8,"AddressInfo":{"ID":303437,"Title":"Tesla Supercharger Dubai","AddressLine1":"Mall of the Emirates","AddressLine2":"Al Barsha","Town":"Dubai","CountryID":235,"Latitude":25.116742,"Longitude":55.202845,"DistanceUnit":0},"OperatorID":23,"DataProviderID":1,"UsageTypeID":4,"StatusTypeID":50,"Connections":[{"ID":569795,"ConnectionTypeID":33,"StatusTypeID":50,"LevelID":3,"PowerKW":250,"CurrentTypeID":30,"Quantity":8}]},{"ID":303049,"UUID":"C8B9B17F-313E-421B-84D9-43586BF58D17","NumberOfPoints":12,"AddressInfo":{"ID":303436,"Title":"Tesla Supercharger Dubai","AddressLine1":"V Hotel Dubai, Curio Collection by Hilton","AddressLine2":"Business Bay","Town":"Dubai","CountryID":235,"Latitude":25.1845221,"Longitude":55.2542576,"DistanceUnit":0},"OperatorID":23,"DataProviderID":1,"UsageTypeID":4,"StatusTypeID":50,"Connections":[{"ID":569794,"ConnectionTypeID":33,"StatusTypeID":50,"LevelID":3,"PowerKW":250,"CurrentTypeID":30,"Quantity":12}]},{"ID":303048,"UUID":"7322F6BE-BCB7-41A3-A4D6-22655A613036","NumberOfPoints":4,"AddressInfo":{"ID":303435,"Title":"Tesla Supercharger Dubai Hills Mall – Storm Coaster","AddressLine1":"Dubai Hills Mall","AddressLine2":"Umm Suqeim Street","Town":"Dubai","CountryID":235,"Latitude":25.1011944,"Longitude":55.2415,"DistanceUnit":0},"OperatorID":23,"DataProviderID":1,"UsageTypeID":4,"StatusTypeID":50,"Connections":[{"ID":569793,"ConnectionTypeID":33,"StatusTypeID":50,"LevelID":3,"PowerKW":250,"CurrentTypeID":30,"Quantity":4}]},{"ID":303047,"UUID":"A962A614-F597-4ADB-9ABB-BE7B120928BC","NumberOfPoints":4,"AddressInfo":{"ID":303434,"Title":"Tesla Supercharger Dubai Hills Mall - Grand Atrium","AddressLine1":"Dubai Hills Mall","CountryID":235,"Latitude":25.1011466,"Longitude":55.2401616,"DistanceUnit":0},"OperatorID":23,"DataProviderID":1,"UsageTypeID":4,"StatusTypeID":50,"Connections":[{"ID":569792,"ConnectionTypeID":33,"StatusTypeID":50,"LevelID":3,"PowerKW":250,"CurrentTypeID":30,"Quantity":4}]},{"ID":303046,"UUID":"8B6DB04D-6CF3-4E72-8D01-A6DF3D3C21F8","NumberOfPoints":8,"AddressInfo":{"ID":303433,"Title":"Tesla Supercharger Dubai - Wadi Al Safa","AddressLine1":"Al Habtoor Polo Resort","AddressLine2":"Wadi Al Safa 5","Town":"Dubai","CountryID":235,"Latitude":25.0795177,"Longitude":55.3664628,"DistanceUnit":0},"OperatorID":23,"DataProviderID":1,"UsageTypeID":4,"StatusTypeID":50,"Connections":[{"ID":569791,"ConnectionTypeID":33,"StatusTypeID":50,"LevelID":3,"PowerKW":250,"CurrentTypeID":30,"Quantity":8}]},{"ID":303045,"UUID":"7CA9F931-9CB4-4C9E-973B-8FE0D4916D6F","NumberOfPoints":3,"AddressInfo":{"ID":303432,"Title":"Tesla Supercharger Al Ain","AddressLine1":"Al Ain - Stadium","Town":"Al Ain","StateOrProvince":"Abu Dhabi Emirate","CountryID":235,"Latitude":24.246249,"Longitude":55.716056,"DistanceUnit":0},"OperatorID":23,"DataProviderID":1,"UsageTypeID":4,"StatusTypeID":50,"Connections":[{"ID":569790,"ConnectionTypeID":33,"StatusTypeID":50,"LevelID":3,"PowerKW":250,"CurrentTypeID":30,"Quantity":3}]},{"ID":303044,"UUID":"431AD2B5-9307-4670-B031-7B5958FE669B","NumberOfPoints":4,"AddressInfo":{"ID":303431,"Title":"Tesla Supercharger Al Ain","AddressLine1":"Al Ain - Hotel","Town":"Al Ain","StateOrProvince":"Abu Dhabi Emirate","CountryID":235,"Latitude":24.243903,"Longitude":55.715883,"DistanceUnit":0},"OperatorID":23,"DataProviderID":1,"UsageTypeID":4,"StatusTypeID":50,"Connections":[{"ID":569789,"ConnectionTypeID":33,"StatusTypeID":50,"LevelID":3,"PowerKW":150,"CurrentTypeID":30,"Quantity":4}]},{"ID":303043,"UUID":"51D5BBBC-029D-44E1-8737-3282C89000DE","NumberOfPoints":8,"AddressInfo":{"ID":303430,"Title":"Tesla Supercharger Ajman","AddressLine1":"City Centre Ajman","Town":"Ajman","StateOrProvince":"Ajman Emirate","CountryID":235,"Latitude":25.397859,"Longitude":55.479186,"DistanceUnit":0},"OperatorID":23,"DataProviderID":1,"UsageTypeID":4,"StatusTypeID":50,"Connections":[{"ID":569788,"ConnectionTypeID":33,"StatusTypeID":50,"LevelID":3,"PowerKW":250,"CurrentTypeID":30,"Quantity":8}]},{"ID":303042,"UUID":"F1A14A6F-B720-4916-8E45-CBE2BDEC7D4A","NumberOfPoints":4,"AddressInfo":{"ID":303429,"Title":"Tesla Supercharger Abu Dhabi","AddressLine1":"Yas Mall Main Entrance","Town":"Abu Dhabi","StateOrProvince":"Abu Dhabi Emirate","CountryID":235,"Latitude":24.49042,"Longitude":54.61004,"DistanceUnit":0},"OperatorID":23,"DataProviderID":1,"UsageTypeID":4,"StatusTypeID":50,"Connections":[{"ID":569787,"ConnectionTypeID":33,"StatusTypeID":50,"LevelID":3,"PowerKW":250,"CurrentTypeID":30,"Quantity":4}]},{"ID":303041,"UUID":"53B749A9-E10E-4537-9677-3B54DF478AD1","NumberOfPoints":8,"AddressInfo":{"ID":303428,"Title":"Tesla Supercharger Abu Dhabi","AddressLine1":"Yas Mall Hypermarket Lower Ground","Town":"Abu Dhabi","StateOrProvince":"Abu Dhabi Emirate","CountryID":235,"Latitude":24.48978,"Longitude":54.61183,"DistanceUnit":0},"OperatorID":23,"DataProviderID":1,"UsageTypeID":4,"StatusTypeID":50,"Connections":[{"ID":569786,"ConnectionTypeID":33,"StatusTypeID":50,"LevelID":3,"PowerKW":250,"CurrentTypeID":30,"Quantity":8}]},{"ID":303040,"UUID":"7D674943-8262-4FD1-AB9B-74FA7247B3E7","NumberOfPoints":8,"AddressInfo":{"ID":303427,"Title":"Tesla Supercharger Al Mirfa","AddressLine1":"AL MARFA HOTEL","Town":"Al Marfa","StateOrProvince":"Abu Dhabi Emirate","CountryID":235,"Latitude":24.100811,"Longitude":53.478877,"DistanceUnit":0},"OperatorID":23,"DataProviderID":1,"UsageTypeID":4,"StatusTypeID":50,"Connections":[{"ID":569785,"ConnectionTypeID":33,"StatusTypeID":50,"LevelID":3,"PowerKW":250,"CurrentTypeID":30,"Quantity":8}]},{"ID":274398,"UUID":"13C119F9-030B-4CAD-B5EC-9E7832B2B94A","NumberOfPoints":1,"AddressInfo":{"ID":274782,"Title":"Al Yash Street","AddressLine1":"Al Yash Street","Town":"Al Dhafrah Region","StateOrProvince":"Al Dhafrah Region","CountryID":235,"Latitude":24.06220367577066,"Longitude":52.624910059494596,"DistanceUnit":0},"OperatorID":1,"DataProviderID":1,"UsageTypeID":4,"StatusTypeID":50,"Connections":[{"ID":475654,"ConnectionTypeID":33,"StatusTypeID":50,"LevelID":3,"PowerKW":50,"CurrentTypeID":30,"Quantity":2}]},{"ID":274059,"UUID":"9769D086-16AB-486A-91BD-58A518B1F151","NumberOfPoints":4,"UsageCost":"29 fils per kWh","AddressInfo":{"ID":274443,"Title":"EV Green Charger (DEWA) - City Center Me’aisem","AddressLine1":"City Centre Me’aisem","Town":"Me’aisem","StateOrProvince":"Dubai","CountryID":235,"Latitude":25.040493135635145,"Longitude":55.19561613755761,"DistanceUnit":0},"OperatorID":3263,"DataProviderID":1,"UsageTypeID":4,"StatusTypeID":50,"Connections":[{"ID":474583,"ConnectionTypeID":25,"StatusTypeID":50,"LevelID":2,"Amps":32,"Voltage":400,"PowerKW":22,"CurrentTypeID":20,"Quantity":4}]},{"ID":171639,"UUID":"365E4B55-8D3D-4DB8-9C5E-5DC1BADA08A4","NumberOfPoints":8,"UsageCost":"0.00/kWh; other tariffs for older cars","AddressInfo":{"ID":171998,"Title":"Jebel Ali - Southbound Supercharger","AddressLine1":"Sheikh Zayed Road","Town":"Dubai","CountryID":235,"Latitude":24.914774,"Longitude":54.961261,"DistanceUnit":0},"OperatorID":23,"DataProviderID":1,"UsageTypeID":4,"StatusTypeID":50,"Connections":[{"ID":262462,"ConnectionTypeID":27,"StatusTypeID":50,"LevelID":3,"PowerKW":120,"CurrentTypeID":30,"Quantity":8}]},{"ID":149637,"UUID":"B2B93FDA-76FB-41DB-94F8-62789B501086","NumberOfPoints":2,"AddressInfo":{"ID":149990,"Title":"Four Seasons Hotel Abu Dhabi At Al Maryah Island","AddressLine1":"Hamdan Bin Mohammed Street Abu Dhabi","Town":"Abu Dhabi","CountryID":235,"Latitude":24.502955,"Longitude":54.38798,"ContactTelephone1":"+971 2 333 2222","DistanceUnit":0},"OperatorID":23,"DataProviderID":1,"UsageTypeID":4,"StatusTypeID":50,"Connections":[{"ID":207755,"ConnectionTypeID":30,"StatusTypeID":50,"LevelID":2,"PowerKW":11,"CurrentTypeID":20,"Quantity":2}]},{"ID":134193,"UUID":"F8C7FE20-B332-436F-8530-98AD69770764","NumberOfPoints":2,"AddressInfo":{"ID":134539,"Title":"The Springs Souk","AddressLine1":"Al Thanaya Fourth","Town":"Dubai","CountryID":235,"Latitude":25.065938,"Longitude":55.192202,"ContactTelephone1":"+971 4438 4664","DistanceUnit":0},"OperatorID":23,"DataProviderID":1,"UsageTypeID":4,"StatusTypeID":50,"Connections":[{"ID":187765,"ConnectionTypeID":30,"StatusTypeID":50,"LevelID":2,"PowerKW":11,"CurrentTypeID":20,"Quantity":2}]},{"ID":131033,"UUID":"2CC0A5B3-EF44-4AF1-9350-43A89875CAAB","NumberOfPoints":2,"AddressInfo":{"ID":131379,"Title":"The Dubai Mall Fashion Parking","AddressLine1":"Fashion Parking Dubai Mall","Town":"Dubai","CountryID":235,"Latitude":25.198724,"Longitude":55.276619,"ContactTelephone1":"+971 4 567 2030","DistanceUnit":0},"OperatorID":23,"DataProviderID":1,"UsageTypeID":4,"StatusTypeID":50,"Connections":[{"ID":183528,"ConnectionTypeID":30,"StatusTypeID":50,"LevelID":2,"PowerKW":13,"CurrentTypeID":20,"Quantity":2}]},{"ID":129917,"UUID":"5446137A-4233-488F-9631-9F42A271E3E7","NumberOfPoints":1,"AddressInfo":{"ID":130263,"Title":"Qasr Al Watan","AddressLine1":"Qasr Al Watan Al Ras Al Akhdar","Town":"Abu Dhabi","Postcode":"128717","CountryID":235,"Latitude":24.456804,"Longitude":54.312922,"ContactTelephone1":"+971 60 054 4442","DistanceUnit":0},"OperatorID":23,"DataProviderID":1,"UsageTypeID":4,"StatusTypeID":50,"Connections":[{"ID":181907,"ConnectionTypeID":30,"StatusTypeID":50,"LevelID":2,"PowerKW":22,"CurrentTypeID":20,"Quantity":1}]},{"ID":129186,"UUID":"7440BD6C-C7E1-4CBA-9EA4-9E769CC73FFF","NumberOfPoints":1,"AddressInfo":{"ID":129532,"Title":"Steigenberger Hotel Business Bay","AddressLine1":"Al Abraj Street","Town":"Business Bay","Postcode":"413311","CountryID":235,"Latitude":25.187123,"Longitude":55.271864,"ContactTelephone1":"+971 4 369 0000","DistanceUnit":0},"OperatorID":23,"DataProviderID":1,"UsageTypeID":4,"StatusTypeID":50,"Connections":[{"ID":180834,"ConnectionTypeID":30,"StatusTypeID":50,"LevelID":2,"PowerKW":22,"CurrentTypeID":20,"Quantity":1}]},{"ID":129156,"UUID":"DF912AFA-7026-4538-A149-75B0BA9460B2","NumberOfPoints":2,"AddressInfo":{"ID":129502,"Title":"Dusitd2 Kenz Hotel","AddressLine1":"Barsha Heights","Town":"Dubai","CountryID":235,"Latitude":25.099102,"Longitude":55.173266,"ContactTelephone1":"+971 4 567 2222","DistanceUnit":0},"OperatorID":23,"DataProviderID":1,"UsageTypeID":4,"StatusTypeID":50,"Connections":[{"ID":180804,"ConnectionTypeID":30,"StatusTypeID":50,"LevelID":2,"PowerKW":22,"CurrentTypeID":20,"Quantity":2}]},{"ID":129141,"UUID":"745B66F4-27CC-4006-9588-EE354D956297","NumberOfPoints":2,"AddressInfo":{"ID":129487,"Title":"Caesars Palace Bluewaters Dubai","AddressLine1":"Bluewaters Island","Town":"Dubai","CountryID":235,"Latitude":25.08077,"Longitude":55.120719,"ContactTelephone1":"+971 (4) 556 6666","DistanceUnit":0},"OperatorID":23,"DataProviderID":1,"UsageTypeID":4,"StatusTypeID":50,"Connections":[{"ID":180789,"ConnectionTypeID":30,"StatusTypeID":50,"LevelID":2,"PowerKW":22,"CurrentTypeID":20,"Quantity":2}]},{"ID":129139,"UUID":"DD5E5C5D-E225-43E9-ADD1-094BDC9347E5","NumberOfPoints":2,"AddressInfo":{"ID":129485,"Title":"Caesars Resort Bluewaters Dubai","AddressLine1":"Bluewaters Island","Town":"Dubai","CountryID":235,"Latitude":25.082309,"Longitude":55.122059,"ContactTelephone1":"+971 (4) 556 6666","DistanceUnit":0},"OperatorID":23,"DataProviderID":1,"UsageTypeID":4,"StatusTypeID":50,"Connections":[{"ID":180787,"ConnectionTypeID":30,"StatusTypeID":50,"LevelID":2,"PowerKW":22,"CurrentTypeID":20,"Quantity":2}]},{"ID":118099,"UUID":"A930617A-A3A8-4A59-9D1D-568330F8D812","NumberOfPoints":2,"AddressInfo":{"ID":118445,"Title":"Radisson Blu Hotel, Abu Dhabi Yas Island","AddressLine1":"Abu Dhabi Yas Island Yas Plaza","Town":"Abu Dhabi","Postcode":"93725","CountryID":235,"Latitude":24.467452,"Longitude":54.598002,"ContactTelephone1":" +971 2 656 2000","DistanceUnit":0},"OperatorID":23,"DataProviderID":1,"UsageTypeID":4,"StatusTypeID":50,"Connections":[{"ID":167118,"ConnectionTypeID":30,"StatusTypeID":50,"LevelID":2,"Amps":16,"Voltage":400,"PowerKW":11,"CurrentTypeID":20,"Quantity":2}]},{"ID":118053,"UUID":"14BD6B71-4AE1-424B-9142-48E2417DFD59","NumberOfPoints":2,"AddressInfo":{"ID":118399,"Title":"Ras Al Khaimah Courts Department","AddressLine1":"Juma Sheikh Zayed Mosque Stdafan Alkhour","Town":"Ras Al Khaimah","Postcode":"N/A","CountryID":235,"Latitude":25.776389,"Longitude":55.935417,"ContactTelephone1":"+971 7 207 0111","DistanceUnit":0},"OperatorID":23,"DataProviderID":1,"UsageTypeID":4,"StatusTypeID":50,"Connections":[{"ID":167072,"ConnectionTypeID":30,"StatusTypeID":50,"LevelID":2,"Amps":16,"Voltage":400,"PowerKW":11,"CurrentTypeID":20,"Quantity":2}]},{"ID":117972,"UUID":"E3B50F0B-45B4-4CA6-AD73-C4451A29B46E","NumberOfPoints":1,"AddressInfo":{"ID":118318,"Title":"Two Seasons Hotel & Apartments","AddressLine1":"Dubai Internet Citysheikh Zayed Road","Town":"Dubai","Postcode":"502222","CountryID":235,"Latitude":25.103176,"Longitude":55.172063,"ContactTelephone1":" +971 4 399 6666","DistanceUnit":0},"OperatorID":23,"DataProviderID":1,"UsageTypeID":4,"StatusTypeID":50,"Connections":[{"ID":166991,"ConnectionTypeID":30,"StatusTypeID":50,"LevelID":2,"Amps":32,"Voltage":400,"PowerKW":22,"CurrentTypeID":20,"Quantity":1}]},{"ID":114669,"UUID":"CC0C13BB-7FA9-488A-BAC0-0571476C418D","NumberOfPoints":1,"AddressInfo":{"ID":115015,"Title":"Emirates NBD Al Awir","AddressLine1":"Emirates NBD Al Awir","Postcode":"N/A","CountryID":235,"Latitude":25.157252,"Longitude":55.518447,"ContactTelephone1":"+971600540000","DistanceUnit":0},"OperatorID":23,"DataProviderID":1,"UsageTypeID":4,"StatusTypeID":50,"Connections":[{"ID":161389,"ConnectionTypeID":30,"StatusTypeID":50,"LevelID":2,"Amps":16,"Voltage":400,"PowerKW":11,"CurrentTypeID":20,"Quantity":1}]},{"ID":114170,"UUID":"C6241BE8-EF20-41F6-A202-F0B4664D9B87","NumberOfPoints":2,"AddressInfo":{"ID":114516,"Title":"Al Ain Square","AddressLine1":"Al Towaya","Town":"Al Ain","CountryID":235,"Latitude":24.246242,"Longitude":55.716037,"ContactTelephone1":"+971 3 713 3820","DistanceUnit":0},"OperatorID":23,"DataProviderID":1,"UsageTypeID":4,"StatusTypeID":50,"Connections":[{"ID":160740,"ConnectionTypeID":30,"StatusTypeID":50,"LevelID":2,"Amps":32,"Voltage":400,"PowerKW":22,"CurrentTypeID":20,"Quantity":2}]},{"ID":114159,"UUID":"89EB7C57-6E94-482B-9339-07591ABE4637","NumberOfPoints":1,"AddressInfo":{"ID":114505,"Title":"Mövenpick Hotel & Apartments Bur Dubai","AddressLine1":"19th Street Oud Metha","Town":"Dubai","Postcode":"32733","CountryID":235,"Latitude":25.234148,"Longitude":55.311636,"ContactTelephone1":" +971 4 336 6000","DistanceUnit":0},"OperatorID":23,"DataProviderID":1,"UsageTypeID":4,"StatusTypeID":50,"Connections":[{"ID":160729,"ConnectionTypeID":30,"StatusTypeID":50,"LevelID":2,"Amps":16,"Voltage":400,"PowerKW":11,"CurrentTypeID":20,"Quantity":1}]},{"ID":114145,"UUID":"DC29A4C3-5A45-4E6D-8567-9A2DF7E75D74","NumberOfPoints":1,"AddressInfo":{"ID":114491,"Title":"Marriott Hotel Al Forsan","AddressLine1":"12th Street","Town":"Abu Dhabi","CountryID":235,"Latitude":24.407461,"Longitude":54.548202,"ContactTelephone1":" +971 2 201 4081","DistanceUnit":0},"OperatorID":23,"DataProviderID":1,"UsageTypeID":6,"StatusTypeID":50,"Connections":[{"ID":160715,"ConnectionTypeID":30,"StatusTypeID":50,"LevelID":2,"PowerKW":13,"CurrentTypeID":20,"Quantity":1}]},{"ID":114083,"UUID":"77C9EA78-62C6-448E-8DB9-DA34E93C4FAF","NumberOfPoints":2,"AddressInfo":{"ID":114429,"Title":"Hyatt Regency Dubai Creek Heights","AddressLine1":"Dubai Healthcare Centre","Town":"Dubai","CountryID":235,"Latitude":25.234156,"Longitude":55.323959,"ContactTelephone1":" +971 4 553 1234","DistanceUnit":0},"OperatorID":23,"DataProviderID":1,"UsageTypeID":4,"StatusTypeID":50,"Connections":[{"ID":160653,"ConnectionTypeID":30,"StatusTypeID":50,"LevelID":2,"PowerKW":10,"CurrentTypeID":10,"Quantity":2}]},{"ID":114075,"UUID":"91FA3097-1E41-4C60-BEF2-77D232383B39","NumberOfPoints":1,"AddressInfo":{"ID":114421,"Title":"Radisson Blu Hotel, Dubai Media City","AddressLine1":"Al Falak Street","Town":"Dubai","Postcode":"PO Box 211723","CountryID":235,"Latitude":25.094245,"Longitude":55.155992,"ContactTelephone1":" +971 4 366 9111","DistanceUnit":0},"OperatorID":23,"DataProviderID":1,"UsageTypeID":4,"StatusTypeID":50,"Connections":[{"ID":160645,"ConnectionTypeID":30,"StatusTypeID":50,"LevelID":2,"PowerKW":10,"CurrentTypeID":10,"Quantity":1}]},{"ID":114022,"UUID":"3D4D0292-ED3D-4F7B-8D2E-65896F9B65B6","NumberOfPoints":2,"AddressInfo":{"ID":114368,"Title":"Al Bait Sharjah","AddressLine1":"Heart of Sharjah","Town":"Al Mareija Sharjah","Postcode":"62727","CountryID":235,"Latitude":25.359221,"Longitude":55.383206,"ContactTelephone1":" +971 6 502 5555","DistanceUnit":0},"OperatorID":23,"DataProviderID":1,"UsageTypeID":4,"StatusTypeID":50,"Connections":[{"ID":160592,"ConnectionTypeID":30,"StatusTypeID":50,"LevelID":2,"Amps":32,"Voltage":400,"PowerKW":22,"CurrentTypeID":20,"Quantity":2}]},{"ID":113964,"UUID":"5AFF0013-B108-41A8-A36E-CA54A1538468","NumberOfPoints":1,"AddressInfo":{"ID":114310,"Title":"Aloft Me'aisem","AddressLine1":"Dubai Production City","Town":"Dubai","CountryID":235,"Latitude":24.470286,"Longitude":54.370118,"ContactTelephone1":" +971 4 248 7777","DistanceUnit":0},"OperatorID":23,"DataProviderID":1,"UsageTypeID":4,"StatusTypeID":50,"Connections":[{"ID":160534,"ConnectionTypeID":30,"StatusTypeID":50,"LevelID":2,"PowerKW":13,"CurrentTypeID":20,"Quantity":1}]},{"ID":113935,"UUID":"2DF12178-7217-41E1-8AE1-ECE6A6B29688","NumberOfPoints":1,"AddressInfo":{"ID":114281,"Title":"Sheraton Sharjah Beach Resort & Spa","AddressLine1":"Al Muntazah Street","Town":"Sharjah","Postcode":"79797","CountryID":235,"Latitude":25.396145,"Longitude":55.422924,"ContactTelephone1":" +971 6 563 0000","DistanceUnit":0},"OperatorID":23,"DataProviderID":1,"UsageTypeID":6,"StatusTypeID":50,"Connections":[{"ID":160505,"ConnectionTypeID":30,"StatusTypeID":50,"LevelID":2,"Amps":16,"Voltage":400,"PowerKW":11,"CurrentTypeID":20,"Quantity":1}]},{"ID":113839,"UUID":"75EE243B-1202-4148-8F9F-F76E01E959E6","NumberOfPoints":2,"AddressInfo":{"ID":114185,"Title":"Emaar Square","AddressLine1":"Downtown Dubai","Town":"Dubai","CountryID":235,"Latitude":25.200945,"Longitude":55.272379,"ContactTelephone1":" +971 4 366 1688","DistanceUnit":0},"OperatorID":23,"DataProviderID":1,"UsageTypeID":4,"StatusTypeID":50,"Connections":[{"ID":160409,"ConnectionTypeID":30,"StatusTypeID":50,"LevelID":2,"Amps":16,"Voltage":400,"PowerKW":11,"CurrentTypeID":20,"Quantity":2}]},{"ID":113826,"UUID":"CFE545D2-F736-4282-AB80-972D69F0681D","NumberOfPoints":2,"AddressInfo":{"ID":114172,"Title":"Bulgari Resort & Residences Dubai","AddressLine1":"Bulgari Resort & Residences Dubai","Town":"Dubai","CountryID":235,"Latitude":25.210348,"Longitude":55.236351,"ContactTelephone1":" +971 4 777 5555","DistanceUnit":0},"OperatorID":23,"DataProviderID":1,"UsageTypeID":4,"StatusTypeID":50,"Connections":[{"ID":160396,"ConnectionTypeID":30,"StatusTypeID":50,"LevelID":2,"Amps":32,"Voltage":400,"PowerKW":22,"CurrentTypeID":20,"Quantity":2}]},{"ID":113792,"UUID":"9AE4EC75-7568-4041-86C4-E182176FFCA3","NumberOfPoints":1,"AddressInfo":{"ID":114138,"Title":"City Centre Deira","AddressLine1":"8th St","Town":"Dubai","CountryID":235,"Latitude":25.251927,"Longitude":55.332803,"ContactTelephone1":" +971 4 295 1010","DistanceUnit":0},"OperatorID":23,"DataProviderID":1,"UsageTypeID":4,"StatusTypeID":50,"Connections":[{"ID":160362,"ConnectionTypeID":30,"StatusTypeID":50,"LevelID":2,"Amps":32,"Voltage":400,"PowerKW":22,"CurrentTypeID":20,"Quantity":1}]},{"ID":113779,"UUID":"91EF1CCF-26C7-4A6E-8FF9-069EB1C51928","NumberOfPoints":2,"AddressInfo":{"ID":114125,"Title":"Jumeirah Saadiyat Island Resort","AddressLine1":"Saadiyat Island Resort","Town":"Abu Dhabi","StateOrProvince":"Abu Dhabi","CountryID":235,"Latitude":24.56045,"Longitude":54.452702,"ContactTelephone1":" +971 2 811 4444","DistanceUnit":0},"OperatorID":23,"DataProviderID":1,"UsageTypeID":6,"StatusTypeID":50,"Connections":[{"ID":160349,"ConnectionTypeID":30,"StatusTypeID":50,"LevelID":2,"Amps":32,"Voltage":400,"PowerKW":22,"CurrentTypeID":20,"Quantity":2}]},{"ID":113776,"UUID":"DD44EDE4-AE27-478B-A5CF-5D48CF47F183","NumberOfPoints":2,"AddressInfo":{"ID":114122,"Title":"The Retreat Palm Dubai Mgallery By Sofitel","AddressLine1":"East Crescent","Town":"The Palm Jumeirah","StateOrProvince":"Dubai","CountryID":235,"Latitude":25.139261,"Longitude":55.142744,"ContactTelephone1":"+971 4 524 7777","DistanceUnit":0},"OperatorID":23,"DataProviderID":1,"UsageTypeID":4,"StatusTypeID":50,"Connections":[{"ID":160346,"ConnectionTypeID":30,"StatusTypeID":50,"LevelID":2,"PowerKW":13,"CurrentTypeID":20,"Quantity":2}]},{"ID":109324,"UUID":"E6E00381-4B3B-4410-9F43-FBCA71C401CB","NumberOfPoints":4,"AddressInfo":{"ID":109670,"Title":"Rove Dubai Marina","AddressLine1":"Marsa Street Dubai Marina","Town":"Dubai","CountryID":235,"Latitude":25.069468,"Longitude":55.128023,"ContactTelephone1":"+971 4 241 9400","DistanceUnit":0},"OperatorID":23,"DataProviderID":1,"UsageTypeID":4,"StatusTypeID":50,"Connections":[{"ID":154442,"ConnectionTypeID":30,"StatusTypeID":50,"LevelID":2,"Amps":16,"Voltage":400,"PowerKW":11,"CurrentTypeID":20,"Quantity":4}]},{"ID":109305,"UUID":"5E71E0B0-13E9-4C91-B6E1-72B078ADBDF2","NumberOfPoints":1,"AddressInfo":{"ID":109651,"Title":"Sheraton Dubai Creek Hotel & Towers","AddressLine1":"Baniyas Street","Town":"Dubai Creek","StateOrProvince":"Dubai","CountryID":235,"Latitude":25.26158,"Longitude":55.31397,"ContactTelephone1":" +971 4 228 1111","DistanceUnit":0},"OperatorID":23,"DataProviderID":1,"UsageTypeID":4,"StatusTypeID":50,"Connections":[{"ID":154423,"ConnectionTypeID":30,"StatusTypeID":50,"LevelID":2,"Amps":16,"Voltage":400,"PowerKW":11,"CurrentTypeID":20,"Quantity":1}]},{"ID":109301,"UUID":"78C4CCAB-7CEF-4263-A048-213F03581E08","NumberOfPoints":2,"AddressInfo":{"ID":109647,"Title":"The Address Boulevard","AddressLine1":"The Address Boulevard","Town":"Downtown","StateOrProvince":"Dubai","Postcode":"99440","CountryID":235,"Latitude":25.200881,"Longitude":55.276203,"ContactTelephone1":"+971 4 561 8888","DistanceUnit":0},"OperatorID":23,"DataProviderID":1,"UsageTypeID":4,"StatusTypeID":50,"Connections":[{"ID":154419,"ConnectionTypeID":30,"StatusTypeID":50,"LevelID":2,"Amps":16,"Voltage":400,"PowerKW":11,"CurrentTypeID":20,"Quantity":2}]},{"ID":109100,"UUID":"3629BBC5-043B-4771-ABDF-581EED0F6F2A","NumberOfPoints":2,"AddressInfo":{"ID":109446,"Title":"One&only Royal Mirage Dubai","AddressLine1":"West Crescent","Town":"Dubai","Postcode":"114843","CountryID":235,"Latitude":25.099428,"Longitude":55.133462,"ContactTelephone1":"+971 4 440 1010","DistanceUnit":0},"OperatorID":23,"DataProviderID":1,"UsageTypeID":7,"StatusTypeID":50,"Connections":[{"ID":154218,"ConnectionTypeID":30,"StatusTypeID":50,"LevelID":2,"Amps":16,"Voltage":400,"PowerKW":11,"CurrentTypeID":20,"Quantity":2}]},{"ID":109034,"UUID":"819BD594-87F2-45D1-87F4-6F81CD7CFCDA","NumberOfPoints":1,"AddressInfo":{"ID":109380,"Title":"Marina Mall, Abu Dhabi","AddressLine1":"Al Kasir","Town":"Abu Dhabi","CountryID":235,"Latitude":24.474472,"Longitude":54.323035,"ContactTelephone1":"+971 800 6623","DistanceUnit":0},"OperatorID":23,"DataProviderID":1,"UsageTypeID":4,"StatusTypeID":50,"Connections":[{"ID":154152,"ConnectionTypeID":30,"StatusTypeID":50,"LevelID":2,"PowerKW":13,"CurrentTypeID":20,"Quantity":1}]},{"ID":108997,"UUID":"62E0B25C-2355-4173-82A0-FE23D3E7AD2D","NumberOfPoints":1,"AddressInfo":{"ID":109343,"Title":"Emirates NBD Nad Al Sheba","AddressLine1":"Emirates NBD Nad Al Sheba","CountryID":235,"Latitude":25.171479,"Longitude":55.322363,"ContactTelephone1":" +971 4 316 0210","DistanceUnit":0},"OperatorID":23,"DataProviderID":1,"UsageTypeID":4,"StatusTypeID":50,"Connections":[{"ID":154115,"ConnectionTypeID":30,"StatusTypeID":50,"LevelID":2,"Amps":16,"Voltage":400,"PowerKW":11,"CurrentTypeID":20,"Quantity":1}]},{"ID":108972,"UUID":"9E3E84FE-088D-4D08-A518-B1101762EFDB","NumberOfPoints":2,"AddressInfo":{"ID":109318,"Title":"Dubai Marina Mall","AddressLine1":"Sheikh Zayed RD","Town":"Dubai","CountryID":235,"Latitude":25.07642,"Longitude":55.140558,"ContactTelephone1":"+971 4 436 1020","DistanceUnit":0},"OperatorID":23,"DataProviderID":1,"UsageTypeID":4,"StatusTypeID":50,"Connections":[{"ID":154090,"ConnectionTypeID":30,"StatusTypeID":50,"LevelID":2,"Amps":32,"Voltage":400,"PowerKW":22,"CurrentTypeID":20,"Quantity":2}]},{"ID":108960,"UUID":"F655BEF6-D320-4FE2-BE75-F3F1E721FB28","NumberOfPoints":6,"AddressInfo":{"ID":109306,"Title":"Warner Bros. World Abu Dhabi","AddressLine1":"Warner Bros. World Abu Dhabi","Town":"Abu Dhabi","CountryID":235,"Latitude":24.491042,"Longitude":54.599406,"ContactTelephone1":"+971 60 051 1115","DistanceUnit":0},"OperatorID":23,"DataProviderID":1,"UsageTypeID":4,"StatusTypeID":50,"Connections":[{"ID":154077,"ConnectionTypeID":30,"StatusTypeID":50,"LevelID":2,"PowerKW":13,"CurrentTypeID":20,"Quantity":6}]},{"ID":108909,"UUID":"AD19277A-569E-445B-AB4A-49519F500F2F","NumberOfPoints":2,"AddressInfo":{"ID":109255,"Title":"American University Sharjah","AddressLine1":"University City","Town":"Sha","StateOrProvince":"Sharjah","CountryID":235,"Latitude":25.310493,"Longitude":55.487488,"ContactTelephone1":" +971 6 515 5555","DistanceUnit":0},"OperatorID":23,"DataProviderID":1,"UsageTypeID":4,"StatusTypeID":50,"Connections":[{"ID":154026,"ConnectionTypeID":30,"StatusTypeID":50,"LevelID":2,"Amps":16,"Voltage":400,"PowerKW":11,"CurrentTypeID":20,"Quantity":2}]},{"ID":108894,"UUID":"186DCEA7-A3BC-4BB6-ABA4-A03B0FCEB265","NumberOfPoints":1,"AddressInfo":{"ID":109240,"Title":"Viceroy Palm Jumeirah Dubai","AddressLine1":"1 Palm Jumeirah","Town":"Dubai","StateOrProvince":"Dubai","CountryID":235,"Latitude":25.104057,"Longitude":55.14847,"ContactTelephone1":" +971 4 455 9999","DistanceUnit":0},"OperatorID":23,"DataProviderID":1,"UsageTypeID":4,"StatusTypeID":50,"Connections":[{"ID":154011,"ConnectionTypeID":30,"StatusTypeID":50,"LevelID":2,"Amps":32,"Voltage":400,"PowerKW":22,"CurrentTypeID":20,"Quantity":1}]},{"ID":108877,"UUID":"32059C8D-B5DE-4B20-8BDC-2CDA118AE33A","NumberOfPoints":1,"AddressInfo":{"ID":109223,"Title":"Fujairah Chamber of Commerce & Industry","AddressLine1":"Fujairah Chamber of Commerce & Industry","CountryID":235,"Latitude":25.119928,"Longitude":56.329778,"ContactTelephone1":" +971 9 223 0000","DistanceUnit":0},"OperatorID":23,"DataProviderID":1,"UsageTypeID":4,"StatusTypeID":50,"Connections":[{"ID":153994,"ConnectionTypeID":30,"StatusTypeID":50,"LevelID":2,"Amps":16,"Voltage":400,"PowerKW":11,"CurrentTypeID":20,"Quantity":1}]},{"ID":108850,"UUID":"C835CB7F-C92D-4D49-81C5-0CFD144ADE4A","NumberOfPoints":3,"AddressInfo":{"ID":109196,"Title":"Le Meridien Al Aqah Beach Resort","AddressLine1":"Dibba Road","Town":"Fujairah","Postcode":"3070","CountryID":235,"Latitude":25.507158,"Longitude":56.362748,"ContactTelephone1":" +971 9 204 4097","DistanceUnit":0},"OperatorID":23,"DataProviderID":1,"UsageTypeID":4,"StatusTypeID":50,"Connections":[{"ID":153967,"ConnectionTypeID":30,"StatusTypeID":50,"LevelID":2,"Amps":16,"Voltage":400,"PowerKW":11,"CurrentTypeID":20,"Quantity":3}]},{"ID":108789,"UUID":"7A7909D0-8027-4003-9105-08FA1CCB9EF2","NumberOfPoints":1,"AddressInfo":{"ID":109135,"Title":"Emirates NBD Meydan","AddressLine1":"Emirates NBD Meydan","Town":"Dubai","CountryID":235,"Latitude":25.159723,"Longitude":55.325037,"ContactTelephone1":" +971 4 387 4148","DistanceUnit":0},"OperatorID":23,"DataProviderID":1,"UsageTypeID":4,"StatusTypeID":50,"Connections":[{"ID":153904,"ConnectionTypeID":30,"StatusTypeID":50,"LevelID":2,"Amps":16,"Voltage":400,"PowerKW":11,"CurrentTypeID":20,"Quantity":1}]},{"ID":105415,"UUID":"84E6AD75-8AA0-4909-8D7A-9813C370F30C","NumberOfPoints":2,"AddressInfo":{"ID":105761,"Title":"Yas Viceroy","AddressLine1":"Yas Marina Circuit","Town":"Abu Dhabi","CountryID":235,"Latitude":24.467432,"Longitude":54.604825,"ContactTelephone1":"+971 2 656 0000","DistanceUnit":0},"OperatorID":23,"DataProviderID":1,"UsageTypeID":4,"StatusTypeID":50,"Connections":[{"ID":148579,"ConnectionTypeID":30,"StatusTypeID":50,"LevelID":2,"Amps":32,"Voltage":230,"PowerKW":7,"CurrentTypeID":10,"Quantity":2}]},{"ID":105410,"UUID":"6CB5322D-378B-45E2-A1FC-ADD6FEA0B072","NumberOfPoints":3,"AddressInfo":{"ID":105756,"Title":"Etihad Towers","AddressLine1":"Corniche West Street","Town":"Abu Dhabi","CountryID":235,"Latitude":25.21803,"Longitude":55.282725,"ContactTelephone1":"+971 2 811 5666","DistanceUnit":0},"OperatorID":23,"DataProviderID":1,"UsageTypeID":4,"StatusTypeID":50,"Connections":[{"ID":148574,"ConnectionTypeID":30,"StatusTypeID":50,"LevelID":2,"Amps":32,"Voltage":400,"PowerKW":22,"CurrentTypeID":20,"Quantity":3}]},{"ID":105374,"UUID":"40B2A209-65B6-4F86-AEC6-1B3048C467C4","NumberOfPoints":1,"AddressInfo":{"ID":105720,"Title":"Le Meridien Dubai Hotel & Conference Centre","AddressLine1":"Airport Road","Town":"Dub","StateOrProvince":"Dubai","CountryID":235,"Latitude":25.248907,"Longitude":55.347345,"ContactTelephone1":"+971 4 217 0000","DistanceUnit":0},"OperatorID":23,"DataProviderID":1,"UsageTypeID":7,"StatusTypeID":50,"Connections":[{"ID":148538,"ConnectionTypeID":30,"StatusTypeID":50,"LevelID":2,"Amps":32,"Voltage":400,"PowerKW":22,"CurrentTypeID":20,"Quantity":1}]},{"ID":105354,"UUID":"8A5C3B32-7419-42F1-B041-6B1B41E0EC60","NumberOfPoints":2,"AddressInfo":{"ID":105700,"Title":"Dubai Festival City Mall","AddressLine1":"Dubai Festival City","Town":"Dubai","CountryID":235,"Latitude":25.222191,"Longitude":55.3522,"ContactTelephone1":"+971 800 332","DistanceUnit":0},"OperatorID":23,"DataProviderID":1,"UsageTypeID":4,"StatusTypeID":50,"Connections":[{"ID":148518,"ConnectionTypeID":30,"StatusTypeID":50,"LevelID":2,"Amps":32,"Voltage":400,"PowerKW":22,"CurrentTypeID":20,"Quantity":2}]},{"ID":104933,"UUID":"96F76220-AA25-4057-BDDD-FF5D01B8D549","NumberOfPoints":2,"AddressInfo":{"ID":105279,"Title":"Saadiyat Rotana Resort and Villas","AddressLine1":"Saadiyat Rotana Resort and Villas","Town":"Abu Dhabi","CountryID":235,"Latitude":24.542785,"Longitude":54.429987,"ContactTelephone1":"+971 2 697 0000","DistanceUnit":0},"OperatorID":23,"DataProviderID":1,"UsageTypeID":4,"StatusTypeID":50,"Connections":[{"ID":148006,"ConnectionTypeID":30,"StatusTypeID":50,"LevelID":2,"Amps":32,"Voltage":400,"PowerKW":22,"CurrentTypeID":20,"Quantity":2}]},{"ID":104927,"UUID":"B952CE1E-D941-474F-909C-0A6312993599","NumberOfPoints":1,"AddressInfo":{"ID":105273,"Title":"La Ville Hotel & Suites City Walk","AddressLine1":"Al Multaqa Street","Town":"Dub","StateOrProvince":"Dubai","CountryID":235,"Latitude":25.208731,"Longitude":55.260344,"ContactTelephone1":"+971 4 403 3111","DistanceUnit":0},"OperatorID":23,"DataProviderID":1,"UsageTypeID":4,"StatusTypeID":50,"Connections":[{"ID":148000,"ConnectionTypeID":30,"StatusTypeID":50,"LevelID":2,"Amps":32,"Voltage":230,"PowerKW":13,"CurrentTypeID":20,"Quantity":1}]},{"ID":104444,"UUID":"4A61327A-8974-4C01-A2B4-B9B1D306F26E","NumberOfPoints":1,"AddressInfo":{"ID":104790,"Title":"One & Only Royal Mirage Hotel","AddressLine1":"Al Sufouh RD","Town":"Dubai","Postcode":"Dubai","CountryID":235,"Latitude":25.097763,"Longitude":55.152912,"ContactTelephone1":"+971 4 399 9999","DistanceUnit":0},"OperatorID":23,"DataProviderID":1,"UsageTypeID":4,"StatusTypeID":50,"Connections":[{"ID":147439,"ConnectionTypeID":30,"StatusTypeID":50,"LevelID":2,"Amps":32,"Voltage":230,"PowerKW":13,"CurrentTypeID":20,"Quantity":1}]},{"ID":104423,"UUID":"DAB72F3F-B086-4CE8-B929-7F88F619E931","NumberOfPoints":2,"AddressInfo":{"ID":104769,"Title":"Emirates Speciality Hospital Dubai Health Care City","AddressLine1":"Emirates Specialty Hospital","Town":"Dubai","CountryID":235,"Latitude":25.232387,"Longitude":55.317741,"ContactTelephone1":"+971 4 248 4500","DistanceUnit":0},"OperatorID":23,"DataProviderID":1,"UsageTypeID":4,"StatusTypeID":50,"Connections":[{"ID":147418,"ConnectionTypeID":30,"StatusTypeID":50,"LevelID":2,"Amps":32,"Voltage":400,"PowerKW":22,"CurrentTypeID":20,"Quantity":2}]},{"ID":104415,"UUID":"4C5B04A6-CB2E-4736-87BD-C960DEE2A0F0","NumberOfPoints":1,"AddressInfo":{"ID":104761,"Title":"The Westin Abu Dhabi Golf Resort & Spa","AddressLine1":"Sas Al Nakhl","Town":"Abu Dhabi","CountryID":235,"Latitude":24.419564,"Longitude":54.528638,"ContactTelephone1":"+971 2 616 9999","DistanceUnit":0},"OperatorID":23,"DataProviderID":1,"UsageTypeID":4,"StatusTypeID":50,"Connections":[{"ID":147410,"ConnectionTypeID":30,"StatusTypeID":50,"LevelID":2,"Amps":32,"Voltage":230,"PowerKW":13,"CurrentTypeID":20,"Quantity":1}]},{"ID":104276,"UUID":"5546DC67-BFBE-4C24-82A7-848B877EDC4D","NumberOfPoints":2,"AddressInfo":{"ID":104622,"Title":"The Oberoi Dubai","AddressLine1":"Al A'amal St","Town":"Dubai","CountryID":235,"Latitude":25.185874,"Longitude":55.26321,"ContactTelephone1":"+971 4 444 1444","DistanceUnit":0},"OperatorID":23,"DataProviderID":1,"UsageTypeID":4,"StatusTypeID":50,"Connections":[{"ID":147238,"ConnectionTypeID":30,"StatusTypeID":50,"LevelID":2,"Amps":32,"Voltage":400,"PowerKW":22,"CurrentTypeID":20,"Quantity":2}]},{"ID":104254,"UUID":"57354EDD-F09A-4F83-867F-4E683B49C949","NumberOfPoints":1,"AddressInfo":{"ID":104600,"Title":"Radisson Blu Hotel, Dubai Deira Creek","AddressLine1":"Radisson Blu Hotel","Town":"Deira","Postcode":"Dubai","CountryID":235,"Latitude":25.264943,"Longitude":55.311093,"ContactTelephone1":"+971 4 222 7171","DistanceUnit":0},"OperatorID":23,"DataProviderID":1,"UsageTypeID":7,"StatusTypeID":50,"Connections":[{"ID":147216,"ConnectionTypeID":30,"StatusTypeID":50,"LevelID":2,"Amps":32,"Voltage":400,"PowerKW":22,"CurrentTypeID":20,"Quantity":1}]},{"ID":103707,"UUID":"6D2EB7A7-7F7D-4199-A662-45B788C80589","NumberOfPoints":1,"AddressInfo":{"ID":104053,"Title":"Crowne Plaza Dubai Deira","AddressLine1":"Salah Al Din St","Town":"Dubai","CountryID":235,"Latitude":25.270783,"Longitude":55.327072,"ContactTelephone1":"+971 4 262 5555","DistanceUnit":0},"OperatorID":23,"DataProviderID":1,"UsageTypeID":4,"StatusTypeID":50,"Connections":[{"ID":146377,"ConnectionTypeID":30,"StatusTypeID":50,"LevelID":2,"Amps":32,"Voltage":230,"PowerKW":13,"CurrentTypeID":20,"Quantity":1}]},{"ID":103702,"UUID":"9FF2B048-1A6E-459F-84AA-879C04B4685F","NumberOfPoints":2,"AddressInfo":{"ID":104048,"Title":"Capital Mall","AddressLine1":"Capital Mall","Town":"Abu Dhabi","CountryID":235,"Latitude":24.375424,"Longitude":54.530577,"ContactTelephone1":"+971 2 419 9011","DistanceUnit":0},"OperatorID":23,"DataProviderID":1,"UsageTypeID":4,"StatusTypeID":50,"Connections":[{"ID":146372,"ConnectionTypeID":30,"StatusTypeID":50,"LevelID":2,"Amps":32,"Voltage":230,"PowerKW":13,"CurrentTypeID":20,"Quantity":2}]},{"ID":103570,"UUID":"3400C919-7378-4B91-8928-C1716547684F","NumberOfPoints":2,"AddressInfo":{"ID":103916,"Title":"Dusit Thani Abu Dhabi","AddressLine1":"Sultan Bin Zayed the First Street","Town":"Abu Dhabi","CountryID":235,"Latitude":24.455082,"Longitude":54.394675,"ContactTelephone1":"+971 2 698 8888","DistanceUnit":0},"OperatorID":23,"DataProviderID":1,"UsageTypeID":4,"StatusTypeID":50,"Connections":[{"ID":146237,"ConnectionTypeID":30,"StatusTypeID":50,"LevelID":2,"Amps":32,"Voltage":230,"PowerKW":13,"CurrentTypeID":20,"Quantity":2}]},{"ID":103546,"UUID":"A981DF67-A515-4DD9-AC29-2ACEFF25BDD8","NumberOfPoints":1,"AddressInfo":{"ID":103892,"Title":"Sofitel the Palm","AddressLine1":"East Crescent","Town":"Palm Jumeirah","Postcode":"55558","CountryID":235,"Latitude":25.140205,"Longitude":55.133563,"ContactTelephone1":"+971 4 455 6677","DistanceUnit":0},"OperatorID":23,"DataProviderID":1,"UsageTypeID":4,"StatusTypeID":50,"Connections":[{"ID":146213,"ConnectionTypeID":30,"StatusTypeID":50,"LevelID":2,"Amps":32,"Voltage":230,"PowerKW":13,"CurrentTypeID":20,"Quantity":1}]},{"ID":102040,"UUID":"1FB1519A-2AF6-47B0-8C7C-D34DCD7247DC","NumberOfPoints":3,"AddressInfo":{"ID":102386,"Title":"Air Force Officers Club & Hotel","AddressLine1":"Khor Al Maqta'a","Town":"Abu Dhabi","CountryID":235,"Latitude":24.40121,"Longitude":54.474611,"ContactTelephone1":"+971 2 497 5306","DistanceUnit":0},"OperatorID":23,"DataProviderID":1,"UsageTypeID":4,"StatusTypeID":50,"Connections":[{"ID":144023,"ConnectionTypeID":30,"StatusTypeID":50,"LevelID":2,"Amps":32,"Voltage":230,"PowerKW":13,"CurrentTypeID":20,"Quantity":3}]},{"ID":101979,"UUID":"75D4A746-285A-46B2-A69C-AA45B5A70E9D","NumberOfPoints":2,"AddressInfo":{"ID":102325,"Title":"Al Zorah Developement - Marina 1","AddressLine1":"Al Zorah Marina 1","Town":"Ajman","CountryID":235,"Latitude":25.429678,"Longitude":55.466185,"ContactTelephone1":"+971 6 701 4758","DistanceUnit":0},"OperatorID":23,"DataProviderID":1,"UsageTypeID":4,"StatusTypeID":50,"Connections":[{"ID":143962,"ConnectionTypeID":30,"StatusTypeID":50,"LevelID":2,"Amps":32,"Voltage":230,"PowerKW":13,"CurrentTypeID":20,"Quantity":2}]},{"ID":101941,"UUID":"5C069B49-C795-4A16-8D77-F88E8DD54EA7","NumberOfPoints":2,"AddressInfo":{"ID":102287,"Title":"Dukes Dubai","AddressLine1":"The Palm Jumeirah","Town":"Dubai","CountryID":235,"Latitude":25.112116,"Longitude":55.138098,"ContactTelephone1":"+971 4 455 11 11","DistanceUnit":0},"OperatorID":23,"DataProviderID":1,"UsageTypeID":7,"StatusTypeID":50,"Connections":[{"ID":143924,"ConnectionTypeID":30,"StatusTypeID":50,"LevelID":2,"Amps":32,"Voltage":230,"PowerKW":13,"CurrentTypeID":20,"Quantity":2}]},{"ID":101546,"UUID":"839CA435-F690-4829-984E-17B531A5A7B0","NumberOfPoints":2,"AddressInfo":{"ID":101892,"Title":"Qasr Al Sarab Desert Resort By Anantara","AddressLine1":"1 Qasr Al Sarab Road","Town":"Abu Dhabi","Postcode":"131277","CountryID":235,"Latitude":22.900221,"Longitude":54.336387,"ContactTelephone1":"+971 2 895 8700","DistanceUnit":0},"OperatorID":23,"DataProviderID":1,"UsageTypeID":4,"StatusTypeID":50,"Connections":[{"ID":143355,"ConnectionTypeID":30,"StatusTypeID":50,"LevelID":2,"Amps":32,"Voltage":400,"PowerKW":22,"CurrentTypeID":20,"Quantity":2}]},{"ID":101519,"UUID":"542096CB-B23F-4B0C-98CF-44A077B15C76","NumberOfPoints":1,"AddressInfo":{"ID":101865,"Title":"Fairmont Ajman","AddressLine1":"Sheikh Humaid Bin Rashid Al Nuaimi Street","Town":"Al Nakheel","StateOrProvince":"Ajman","CountryID":235,"Latitude":25.417764,"Longitude":55.439418,"ContactTelephone1":"+971 6 701 5757","DistanceUnit":0},"OperatorID":23,"DataProviderID":1,"UsageTypeID":4,"StatusTypeID":50,"Connections":[{"ID":143328,"ConnectionTypeID":30,"StatusTypeID":50,"LevelID":2,"Amps":32,"Voltage":230,"PowerKW":13,"CurrentTypeID":20,"Quantity":1}]},{"ID":101117,"UUID":"E0ACB7A4-931C-43D8-918D-3E512F187C40","NumberOfPoints":2,"AddressInfo":{"ID":101463,"Title":"Deerfields Mall","AddressLine1":"Abu Dhabi-Dubai RD","Town":"AbuDhabi","StateOrProvince":"Al Bahia.","Postcode":"60300","CountryID":235,"Latitude":24.52316,"Longitude":54.670636,"ContactTelephone1":"+971 2 501 0826","DistanceUnit":0},"OperatorID":23,"DataProviderID":1,"UsageTypeID":4,"StatusTypeID":50,"Connections":[{"ID":142745,"ConnectionTypeID":30,"StatusTypeID":50,"LevelID":2,"Amps":32,"Voltage":400,"PowerKW":22,"CurrentTypeID":20,"Quantity":2}]},{"ID":101093,"UUID":"D452FC6E-7DF5-400A-B7B9-8EFB5F70E414","NumberOfPoints":1,"AddressInfo":{"ID":101439,"Title":"The Sustainable City","AddressLine1":"The Sustainable City","Town":"nr Emirates Road","StateOrProvince":"Dubai","CountryID":235,"Latitude":25.026894,"Longitude":55.273119,"ContactTelephone1":"+971 4 347 5955","DistanceUnit":0},"OperatorID":23,"DataProviderID":1,"UsageTypeID":4,"StatusTypeID":50,"Connections":[{"ID":142721,"ConnectionTypeID":30,"StatusTypeID":50,"LevelID":2,"Amps":32,"Voltage":230,"PowerKW":7,"CurrentTypeID":10,"Quantity":1}]},{"ID":100832,"UUID":"A307F909-B3EE-44ED-8CC2-AD7E1F16226E","NumberOfPoints":2,"AddressInfo":{"ID":101178,"Title":"Al Maha A Luxury Collection Desert Resort","AddressLine1":"Dubai Desert Conservation Reserve Al Ain Road","Town":"Dubai","Postcode":"11887","CountryID":235,"Latitude":24.823327,"Longitude":55.662537,"ContactTelephone1":"+971 4 832 9900","DistanceUnit":0},"OperatorID":23,"DataProviderID":1,"UsageTypeID":4,"StatusTypeID":50,"Connections":[{"ID":142412,"ConnectionTypeID":30,"StatusTypeID":50,"LevelID":2,"Amps":32,"Voltage":400,"PowerKW":22,"CurrentTypeID":20,"Quantity":2}]},{"ID":100801,"UUID":"84BB07AD-2A67-4757-BAE6-84A59DA0FDFA","NumberOfPoints":1,"AddressInfo":{"ID":101147,"Title":"Fairmont Dubai","AddressLine1":"Sheikh Zayed Road","Town":"Dubai","Postcode":"P.O. Box 97555","CountryID":235,"Latitude":25.226433,"Longitude":55.284261,"ContactTelephone1":"+ 971 4 332 5555 ","DistanceUnit":0},"OperatorID":23,"DataProviderID":1,"UsageTypeID":4,"StatusTypeID":50,"Connections":[{"ID":142381,"ConnectionTypeID":30,"StatusTypeID":50,"LevelID":2,"Amps":32,"Voltage":400,"PowerKW":22,"CurrentTypeID":20,"Quantity":1}]},{"ID":100010,"UUID":"BD4A5B99-DE32-42CB-9EF6-B2DA3B0D7FAC","NumberOfPoints":2,"AddressInfo":{"ID":100356,"Title":"Sahara Center","AddressLine1":"Sahara Center Al Nahda St. Near Ramada Sharjah","Town":"Sharjah","CountryID":235,"Latitude":25.297431,"Longitude":55.372297,"ContactTelephone1":"+971 6 531 3666","DistanceUnit":0},"OperatorID":23,"DataProviderID":1,"UsageTypeID":4,"StatusTypeID":50,"Connections":[{"ID":141262,"ConnectionTypeID":1036,"StatusTypeID":50,"LevelID":2,"Amps":16,"Voltage":400,"PowerKW":11,"CurrentTypeID":20,"Quantity":2}]},{"ID":99992,"UUID":"B666578A-2965-48D7-ABAF-B820869DDF0A","NumberOfPoints":2,"AddressInfo":{"ID":100338,"Title":"Element Me'aisem","AddressLine1":"Dubai Production City","Town":"Dubai","CountryID":235,"Latitude":24.470286,"Longitude":54.370118,"ContactTelephone1":"+971 4 248 7777","DistanceUnit":0},"OperatorID":23,"DataProviderID":1,"UsageTypeID":4,"StatusTypeID":50,"Connections":[{"ID":141244,"ConnectionTypeID":1036,"StatusTypeID":50,"LevelID":2,"PowerKW":5,"CurrentTypeID":10,"Quantity":2}]},{"ID":99969,"UUID":"FEF3D818-3993-469C-B0F5-1D3A1151D9DE","NumberOfPoints":2,"AddressInfo":{"ID":100315,"Title":"Media One Hotel","AddressLine1":"Dubai Media City Plot No.1 Al Falak Street","Town":"Dubai","CountryID":235,"Latitude":25.089776,"Longitude":55.152204,"ContactTelephone1":"+971 4 427 1000","DistanceUnit":0},"OperatorID":23,"DataProviderID":1,"UsageTypeID":4,"StatusTypeID":50,"Connections":[{"ID":141221,"ConnectionTypeID":1036,"StatusTypeID":50,"LevelID":2,"PowerKW":13,"CurrentTypeID":20,"Quantity":2}]},{"ID":99946,"UUID":"32946CF3-BC94-487A-A3C4-AC854C7C8E0C","NumberOfPoints":1,"AddressInfo":{"ID":100292,"Title":"Ferarri World Abu Dhabi","AddressLine1":"Ferarri World Abu Dhabi","Town":"Abu Dhabi","CountryID":235,"Latitude":24.483815,"Longitude":54.607139,"ContactTelephone1":"+971 2 496 8000","DistanceUnit":0},"OperatorID":23,"DataProviderID":1,"UsageTypeID":4,"StatusTypeID":50,"Connections":[{"ID":141198,"ConnectionTypeID":1036,"StatusTypeID":50,"LevelID":2,"Amps":32,"Voltage":400,"PowerKW":22,"CurrentTypeID":20,"Quantity":1}]},{"ID":99860,"UUID":"C35D1C22-DEC4-43BF-B86F-71965476D4F3","NumberOfPoints":2,"AddressInfo":{"ID":100206,"Title":"The Westin Mina Seyahi","AddressLine1":"Dubai Marina","Town":"Dubai","Postcode":"213084","CountryID":235,"Latitude":25.092852,"Longitude":55.148992,"ContactTelephone1":"+971 4 399 4141","DistanceUnit":0},"OperatorID":23,"DataProviderID":1,"UsageTypeID":4,"StatusTypeID":50,"Connections":[{"ID":141077,"ConnectionTypeID":1036,"StatusTypeID":50,"LevelID":2,"Amps":32,"Voltage":400,"PowerKW":22,"CurrentTypeID":20,"Quantity":2}]},{"ID":99851,"UUID":"D800F4C0-DF4F-4E3B-8CD1-D9D7E6CEFA5D","NumberOfPoints":2,"AddressInfo":{"ID":100197,"Title":"Shangri-la Hotel Dubai","AddressLine1":"Sheikh Zayed RD","Town":"Dubai","CountryID":235,"Latitude":25.208462,"Longitude":55.271898,"ContactTelephone1":"+971 4 343 8888","DistanceUnit":0},"OperatorID":23,"DataProviderID":1,"UsageTypeID":4,"StatusTypeID":50,"Connections":[{"ID":141068,"ConnectionTypeID":30,"StatusTypeID":50,"LevelID":2,"Amps":32,"Voltage":400,"PowerKW":22,"CurrentTypeID":20,"Quantity":2}]},{"ID":99823,"UUID":"9C4B5ED1-11B6-4DD2-8E35-6DE33BD46A48","NumberOfPoints":1,"AddressInfo":{"ID":100169,"Title":"Fairmont Fujairah Beach Resort","AddressLine1":"Fairmont Fujairah Beach Resort","Town":"Fujairah","CountryID":235,"Latitude":25.586017,"Longitude":56.35579,"ContactTelephone1":"+971 9 204 1111","DistanceUnit":0},"OperatorID":23,"DataProviderID":1,"UsageTypeID":4,"StatusTypeID":50,"Connections":[{"ID":141040,"ConnectionTypeID":1036,"StatusTypeID":50,"LevelID":2,"Amps":32,"Voltage":400,"PowerKW":22,"CurrentTypeID":20,"Quantity":1}]},{"ID":99683,"UUID":"6F096BF5-BC51-47DD-A7EA-E94E9156F5BF","NumberOfPoints":1,"AddressInfo":{"ID":100029,"Title":"Grand Hyatt Dubai","AddressLine1":"Sheikh Rashid Road","Town":"Dubai","Postcode":"P.O.Box 7978","CountryID":235,"Latitude":25.228448,"Longitude":55.327276,"ContactTelephone1":"+971 4 317 1234","DistanceUnit":0},"OperatorID":23,"DataProviderID":1,"UsageTypeID":4,"StatusTypeID":50,"Connections":[{"ID":140828,"ConnectionTypeID":1036,"StatusTypeID":50,"LevelID":2,"Amps":32,"Voltage":230,"PowerKW":7,"CurrentTypeID":10,"Quantity":1}]},{"ID":99636,"UUID":"8C25E2C4-3C9A-4A7D-907C-2D6E838416E6","NumberOfPoints":1,"AddressInfo":{"ID":99982,"Title":"Fairmont the Palm","AddressLine1":"Palm Jumeirah","Town":"Dubai","CountryID":235,"Latitude":25.110685,"Longitude":55.140811,"ContactTelephone1":"+971 4 457 3388 ","DistanceUnit":0},"OperatorID":23,"DataProviderID":1,"UsageTypeID":4,"StatusTypeID":50,"Connections":[{"ID":140781,"ConnectionTypeID":1036,"StatusTypeID":50,"LevelID":2,"Amps":16,"Voltage":400,"PowerKW":11,"CurrentTypeID":20,"Quantity":1}]},{"ID":97681,"UUID":"070EB26B-908B-4E25-B56B-352A7FEE1F5E","NumberOfPoints":4,"UsageCost":"0.00/kWh; other tariffs for older cars","AddressInfo":{"ID":98027,"Title":"Hatta Supercharger","AddressLine1":"102 Sharjah Kalba Road","Town":"Dubai","CountryID":235,"Latitude":24.819503,"Longitude":56.134411,"DistanceUnit":0},"OperatorID":23,"DataProviderID":1,"UsageTypeID":4,"StatusTypeID":50,"Connections":[{"ID":138589,"ConnectionTypeID":27,"StatusTypeID":50,"LevelID":3,"PowerKW":120,"CurrentTypeID":30,"Quantity":4}]},{"ID":95270,"UUID":"D6B9C6A1-71B2-4F3A-8088-8F2CF6FA36B6","NumberOfPoints":1,"AddressInfo":{"ID":95616,"Title":"Radisson Blu Residence Dubai Marina","AddressLine1":"P.o.box.no.73029 Radisson Blu Residence Dubai Marina","Town":"Dubai Marina","Postcode":"73029","CountryID":235,"Latitude":25.078449,"Longitude":55.143129,"ContactTelephone1":"+97144355000","DistanceUnit":0},"OperatorID":23,"DataProviderID":1,"UsageTypeID":4,"StatusTypeID":50,"Connections":[{"ID":134938,"ConnectionTypeID":1036,"StatusTypeID":50,"LevelID":2,"Amps":32,"Voltage":400,"PowerKW":22,"CurrentTypeID":20,"Quantity":1}]},{"ID":95249,"UUID":"FC6F0152-EEB8-4FF7-97C3-674FA1927589","NumberOfPoints":1,"AddressInfo":{"ID":95595,"Title":"Atlantis the Palm","AddressLine1":"The Palm Jumeirah","Town":"Dubai","Postcode":"21222","CountryID":235,"Latitude":25.130404,"Longitude":55.117193,"ContactTelephone1":"+971 4 426 2000","DistanceUnit":0},"OperatorID":23,"DataProviderID":1,"UsageTypeID":7,"StatusTypeID":50,"Connections":[{"ID":134917,"ConnectionTypeID":1036,"StatusTypeID":50,"LevelID":2,"Amps":32,"Voltage":400,"PowerKW":22,"CurrentTypeID":20,"Quantity":1}]},{"ID":95225,"UUID":"DD482307-E373-4601-B0ED-A3275BE37E21","NumberOfPoints":1,"AddressInfo":{"ID":95571,"Title":"Kempinski Residences and Hotel Apartments","AddressLine1":"Kempinski Residences & Hotel Apartments","Town":"Dubai","Postcode":"PO Box 2149941","CountryID":235,"Latitude":25.112869,"Longitude":55.10933,"ContactTelephone1":"+97 144442000","DistanceUnit":0},"OperatorID":23,"DataProviderID":1,"UsageTypeID":4,"StatusTypeID":50,"Connections":[{"ID":134893,"ConnectionTypeID":1036,"StatusTypeID":50,"LevelID":2,"Amps":32,"Voltage":400,"PowerKW":22,"CurrentTypeID":20,"Quantity":1}]},{"ID":91053,"UUID":"173E9F51-197C-42B5-BA9F-2B1F2B740837","NumberOfPoints":1,"AddressInfo":{"ID":91399,"Title":"St Regis Saadiyat Island Resort","AddressLine1":"Saadiyat Island","Town":"Abu Dhabi","CountryID":235,"Latitude":24.538398,"Longitude":54.42481,"ContactTelephone1":"+971 2 498 8888","DistanceUnit":0},"OperatorID":23,"DataProviderID":1,"UsageTypeID":4,"StatusTypeID":50,"Connections":[{"ID":129108,"ConnectionTypeID":30,"StatusTypeID":50,"LevelID":2,"Amps":32,"Voltage":400,"PowerKW":22,"CurrentTypeID":20,"Quantity":1}]},{"ID":91050,"UUID":"BFE919E4-7D6A-4651-B939-AC2F6E98D3F4","NumberOfPoints":2,"AddressInfo":{"ID":91396,"Title":"The Ritz-Carlton, Dubai International Financial Cent","AddressLine1":"Gate Village","Town":"DIFC","StateOrProvince":"Dubai","CountryID":235,"Latitude":25.212414,"Longitude":55.279513,"ContactTelephone1":"+971 4 372 2222","DistanceUnit":0},"OperatorID":23,"DataProviderID":1,"UsageTypeID":4,"StatusTypeID":50,"Connections":[{"ID":129105,"ConnectionTypeID":1036,"StatusTypeID":50,"LevelID":2,"Amps":32,"Voltage":400,"PowerKW":22,"CurrentTypeID":20,"Quantity":2}]},{"ID":91040,"UUID":"62E99CD3-B936-4E21-AB3E-B51699336559","NumberOfPoints":3,"AddressInfo":{"ID":91386,"Title":"Dubai Mall","AddressLine1":"Financial Centre Road","Town":"Downtown Dubai","StateOrProvince":"Dubai","CountryID":235,"Latitude":25.197622,"Longitude":55.278624,"ContactTelephone1":"800 382 246 255","DistanceUnit":0},"OperatorID":23,"DataProviderID":1,"UsageTypeID":4,"StatusTypeID":50,"Connections":[{"ID":129095,"ConnectionTypeID":30,"StatusTypeID":50,"LevelID":2,"Amps":32,"Voltage":400,"PowerKW":22,"CurrentTypeID":20,"Quantity":2}]},{"ID":91033,"UUID":"7821E606-41B9-4AC9-AE93-38BB3ED0FA09","NumberOfPoints":2,"AddressInfo":{"ID":91379,"Title":"The Address Dubai Marina","AddressLine1":"Dubai Marina","Town":"Dubai","CountryID":235,"Latitude":25.077092,"Longitude":55.140933,"ContactTelephone1":"+971 4 436 7777","DistanceUnit":0},"OperatorID":23,"DataProviderID":1,"UsageTypeID":4,"StatusTypeID":50,"Connections":[{"ID":129088,"ConnectionTypeID":1036,"StatusTypeID":50,"LevelID":2,"PowerKW":14,"CurrentTypeID":20,"Quantity":2}]},{"ID":91032,"UUID":"D2831B19-6E2B-49CB-B0F9-968BAB071AB6","NumberOfPoints":2,"AddressInfo":{"ID":91378,"Title":"Anantara the Palm","AddressLine1":"Crescent Road","Town":"The Palm Jumeirah","StateOrProvince":"Dubai","CountryID":235,"Latitude":25.129437,"Longitude":55.153146,"ContactTelephone1":"+971 4 567 8888","DistanceUnit":0},"OperatorID":23,"DataProviderID":1,"UsageTypeID":4,"StatusTypeID":50,"Connections":[{"ID":129087,"ConnectionTypeID":1036,"StatusTypeID":50,"LevelID":2,"Amps":32,"Voltage":400,"PowerKW":22,"CurrentTypeID":20,"Quantity":2}]},{"ID":91031,"UUID":"5A8CF873-DEE0-49A8-A53B-3A7CA76BA71E","NumberOfPoints":1,"AddressInfo":{"ID":91377,"Title":"Rove Downtown Dubai","AddressLine1":"312 Al Sa'ada Street","Town":"Dubai","CountryID":235,"Latitude":25.202618,"Longitude":55.279699,"ContactTelephone1":"+971 4 561 9999","DistanceUnit":0},"OperatorID":23,"DataProviderID":1,"UsageTypeID":4,"StatusTypeID":50,"Connections":[{"ID":129086,"ConnectionTypeID":1036,"StatusTypeID":50,"LevelID":2,"PowerKW":14,"CurrentTypeID":20,"Quantity":1}]},{"ID":91030,"UUID":"174820ED-BD5E-4753-8EFD-0E3435CFBACE","NumberOfPoints":1,"AddressInfo":{"ID":91376,"Title":"Four Seasons Hotel Dubai","AddressLine1":"Jumeirah Road","Town":"Dubai","CountryID":235,"Latitude":25.202368,"Longitude":55.23999,"ContactTelephone1":"+971 42 707 777","DistanceUnit":0},"OperatorID":23,"DataProviderID":1,"UsageTypeID":4,"StatusTypeID":50,"Connections":[{"ID":129085,"ConnectionTypeID":1036,"StatusTypeID":50,"LevelID":2,"PowerKW":14,"CurrentTypeID":20,"Quantity":1}]},{"ID":91025,"UUID":"150ABB13-4057-4A48-8D71-64939E1D2EE9","NumberOfPoints":2,"AddressInfo":{"ID":91371,"Title":"Armani Hotel Dubai","AddressLine1":"Burj Khalifa","Town":"Downtown Dubai","StateOrProvince":"Dubai","CountryID":235,"Latitude":25.197108,"Longitude":55.274047,"ContactTelephone1":"+971 4 888 3888","DistanceUnit":0},"OperatorID":23,"DataProviderID":1,"UsageTypeID":4,"StatusTypeID":50,"Connections":[{"ID":129080,"ConnectionTypeID":1036,"StatusTypeID":50,"LevelID":2,"PowerKW":14,"CurrentTypeID":20,"Quantity":2}]},{"ID":91020,"UUID":"FD0C965E-48AF-48AD-BB80-EAD72BA63B21","NumberOfPoints":1,"AddressInfo":{"ID":91366,"Title":"Bab Al Shams Desert Resort & Spa","AddressLine1":"Al Qudra Road","Town":"Dubai","CountryID":235,"Latitude":24.816281,"Longitude":55.230425,"ContactTelephone1":"+971 4 809 6100","DistanceUnit":0},"OperatorID":23,"DataProviderID":1,"UsageTypeID":4,"StatusTypeID":50,"Connections":[{"ID":129075,"ConnectionTypeID":1036,"StatusTypeID":50,"LevelID":2,"Amps":32,"Voltage":230,"PowerKW":7,"CurrentTypeID":10,"Quantity":1}]},{"ID":91019,"UUID":"C808ADFE-AC88-4442-B9D6-53E438C32A3A","NumberOfPoints":3,"AddressInfo":{"ID":91365,"Title":"Ritz-Carlton Dubai","AddressLine1":"Jumeirah Beach Residence","Town":"Dubai","CountryID":235,"Latitude":25.082721,"Longitude":55.137538,"ContactTelephone1":"+971 4 301 7777","DistanceUnit":0},"OperatorID":23,"DataProviderID":1,"UsageTypeID":4,"StatusTypeID":50,"Connections":[{"ID":129074,"ConnectionTypeID":1036,"StatusTypeID":50,"LevelID":2,"Amps":32,"Voltage":400,"PowerKW":22,"CurrentTypeID":20,"Quantity":3}]},{"ID":91016,"UUID":"5009E5AB-1B17-4E1A-9284-4D1F429A01BD","NumberOfPoints":2,"AddressInfo":{"ID":91362,"Title":"Rosewood Abu Dhabi","AddressLine1":"Rosewood Abu Dhabi","Town":"Al Maryah Island","StateOrProvince":"Abu Dhabi","CountryID":235,"Latitude":24.499582,"Longitude":54.38786,"ContactTelephone1":"+971 2 813 5550","DistanceUnit":0},"OperatorID":23,"DataProviderID":1,"UsageTypeID":7,"StatusTypeID":50,"Connections":[{"ID":129071,"ConnectionTypeID":30,"StatusTypeID":50,"LevelID":2,"Amps":32,"Voltage":400,"PowerKW":22,"CurrentTypeID":20,"Quantity":2}]},{"ID":91015,"UUID":"15E5D94F-86E5-4F4B-B34D-7FC0F63CDAF0","NumberOfPoints":9,"AddressInfo":{"ID":91361,"Title":"Mall of the Emirates","AddressLine1":"Al Barsha Road","Town":"Dubai","CountryID":235,"Latitude":25.118105,"Longitude":55.200566,"ContactTelephone1":"+971 4 409 9000","DistanceUnit":0},"OperatorID":23,"DataProviderID":1,"UsageTypeID":4,"StatusTypeID":50,"Connections":[{"ID":129070,"ConnectionTypeID":1036,"StatusTypeID":50,"LevelID":2,"Amps":32,"Voltage":400,"PowerKW":22,"CurrentTypeID":20,"Quantity":9}]},{"ID":90996,"UUID":"824AE6F3-FD1C-454F-8B48-03C5818A8AC3","NumberOfPoints":1,"AddressInfo":{"ID":91342,"Title":"Burj Al Arab","AddressLine1":"Jumeirah Beach Road","Town":"Dubai","CountryID":235,"Latitude":25.141272,"Longitude":55.185165,"ContactTelephone1":"+971 4 301 7777","DistanceUnit":0},"OperatorID":23,"DataProviderID":1,"UsageTypeID":4,"StatusTypeID":50,"Connections":[{"ID":129051,"ConnectionTypeID":1036,"StatusTypeID":50,"LevelID":2,"Amps":32,"Voltage":400,"PowerKW":22,"CurrentTypeID":20,"Quantity":1}]},{"ID":90989,"UUID":"2F71E444-AA5C-4900-9476-3D17E12E4286","NumberOfPoints":2,"AddressInfo":{"ID":91335,"Title":"Al Wadi Desert Resort","AddressLine1":"Al Mazraa","Town":"Wadi Khadija","StateOrProvince":"Ras al Khaimah","CountryID":235,"Latitude":25.584384,"Longitude":55.834832,"ContactTelephone1":"+971 7 206 7777","DistanceUnit":0},"OperatorID":23,"DataProviderID":1,"UsageTypeID":4,"StatusTypeID":50,"Connections":[{"ID":129044,"ConnectionTypeID":1036,"StatusTypeID":50,"LevelID":2,"Amps":32,"Voltage":400,"PowerKW":22,"CurrentTypeID":20,"Quantity":2}]},{"ID":90986,"UUID":"E4DE430F-BF04-416B-8DB6-D724010C7624","NumberOfPoints":1,"AddressInfo":{"ID":91332,"Title":"Emirates Towers","AddressLine1":"Sheikh Zayed Road","Town":"Dubai","CountryID":235,"Latitude":25.217545,"Longitude":55.282854,"ContactTelephone1":"+971 4 330 0000","DistanceUnit":0},"OperatorID":23,"DataProviderID":1,"UsageTypeID":4,"StatusTypeID":50,"Connections":[{"ID":129041,"ConnectionTypeID":1036,"StatusTypeID":50,"LevelID":2,"Amps":32,"Voltage":400,"PowerKW":22,"CurrentTypeID":20,"Quantity":1}]},{"ID":90985,"UUID":"53C3A369-8FB9-424C-929E-4EDBB1E98DF7","NumberOfPoints":1,"AddressInfo":{"ID":91331,"Title":"The Address Montgomerie Dubai","AddressLine1":"Emirates Hills","Town":"Dubai","CountryID":235,"Latitude":25.067374,"Longitude":55.164217,"ContactTelephone1":"+971 4 390 5600","DistanceUnit":0},"OperatorID":23,"DataProviderID":1,"UsageTypeID":4,"StatusTypeID":50,"Connections":[{"ID":129040,"ConnectionTypeID":1036,"StatusTypeID":50,"LevelID":2,"PowerKW":14,"CurrentTypeID":20,"Quantity":1}]},{"ID":90983,"UUID":"6CD309AD-D06E-4A19-A3A3-7F510B7521B3","NumberOfPoints":1,"AddressInfo":{"ID":91329,"Title":"Alserkal Avenue","AddressLine1":"Alserkal Avenue","Town":"Dubai","CountryID":235,"Latitude":25.141413,"Longitude":55.225272,"ContactTelephone1":"+971 50 556 9797","DistanceUnit":0},"OperatorID":23,"DataProviderID":1,"UsageTypeID":4,"StatusTypeID":50,"Connections":[{"ID":129038,"ConnectionTypeID":1036,"StatusTypeID":50,"LevelID":2,"Amps":32,"Voltage":230,"PowerKW":7,"CurrentTypeID":10,"Quantity":1}]},{"ID":90979,"UUID":"7EA17715-9C43-46A5-8252-6D49E11B1FE1","NumberOfPoints":3,"AddressInfo":{"ID":91325,"Title":"Jumeirah At Etihad Towers","AddressLine1":"Jumeirah At Etihad Towers","Town":"Abu Dhabi","CountryID":235,"Latitude":24.458802,"Longitude":54.321697,"ContactTelephone1":"+971 2 811 5555","DistanceUnit":0},"OperatorID":23,"DataProviderID":1,"UsageTypeID":4,"StatusTypeID":50,"Connections":[{"ID":129034,"ConnectionTypeID":30,"StatusTypeID":50,"LevelID":2,"Amps":32,"Voltage":400,"PowerKW":22,"CurrentTypeID":20,"Quantity":1}]},{"ID":90972,"UUID":"72553DB0-6FF9-4C6C-8057-798659383F14","NumberOfPoints":2,"AddressInfo":{"ID":91318,"Title":"Mövenpick Ibn Battuta Gate Hotel Dubai","AddressLine1":"Sheikh Zayed Road","Town":"Adjacent to Ibn Battuta Shopping Mall","StateOrProvince":"Dubai","CountryID":235,"Latitude":25.041777,"Longitude":55.115497,"ContactTelephone1":"+971 4 444 0000","DistanceUnit":0},"OperatorID":23,"DataProviderID":1,"UsageTypeID":4,"StatusTypeID":50,"Connections":[{"ID":129027,"ConnectionTypeID":1036,"StatusTypeID":50,"LevelID":2,"Amps":32,"Voltage":400,"PowerKW":22,"CurrentTypeID":20,"Quantity":2}]},{"ID":90970,"UUID":"F9FD4DAA-DCC1-4592-9E5F-34BF0088D917","NumberOfPoints":10,"AddressInfo":{"ID":91316,"Title":"Yas Mall","AddressLine1":"Yas West","Town":"Abu Dhabi","CountryID":235,"Latitude":24.488446,"Longitude":54.608821,"ContactTelephone1":"+971 24 146 401","DistanceUnit":0},"OperatorID":23,"DataProviderID":1,"UsageTypeID":4,"StatusTypeID":50,"Connections":[{"ID":129025,"ConnectionTypeID":30,"StatusTypeID":50,"LevelID":2,"Amps":32,"Voltage":400,"PowerKW":22,"CurrentTypeID":20,"Quantity":4}]},{"ID":90966,"UUID":"0735DCE1-7650-42F3-BBC6-999A8240A1B8","NumberOfPoints":1,"AddressInfo":{"ID":91312,"Title":"Jumeirah Mina A'salam","AddressLine1":"Jumeirah Mina A'salam","Town":"Jumeirah Beach Road","StateOrProvince":"Dubai","CountryID":235,"Latitude":25.135215,"Longitude":55.186059,"ContactTelephone1":"+971 4 366 8888","DistanceUnit":0},"OperatorID":23,"DataProviderID":1,"UsageTypeID":4,"StatusTypeID":50,"Connections":[{"ID":129021,"ConnectionTypeID":1036,"StatusTypeID":50,"LevelID":2,"Amps":32,"Voltage":400,"PowerKW":22,"CurrentTypeID":20,"Quantity":1}]},{"ID":90963,"UUID":"0D6F5D19-8811-4677-A443-3209A5B16940","NumberOfPoints":2,"AddressInfo":{"ID":91309,"Title":"Ritz-Carlton Abu Dhabi","AddressLine1":"Al Maqta","Town":"Abu Dhabi","CountryID":235,"Latitude":24.411599,"Longitude":54.48456,"ContactTelephone1":"+971 2 818 8888","DistanceUnit":0},"OperatorID":23,"DataProviderID":1,"UsageTypeID":4,"StatusTypeID":50,"Connections":[{"ID":129018,"ConnectionTypeID":1036,"StatusTypeID":50,"LevelID":2,"PowerKW":14,"CurrentTypeID":20,"Quantity":2}]},{"ID":90962,"UUID":"821802FA-1DEF-48BB-8177-8917849A7B88","NumberOfPoints":2,"AddressInfo":{"ID":91308,"Title":"Intercontinental Dubai Marina","AddressLine1":"Bay Central","Town":"Dubai Marina","StateOrProvince":"Dubai","CountryID":235,"Latitude":25.078947,"Longitude":55.137947,"ContactTelephone1":"+971 4 446 6777","DistanceUnit":0},"OperatorID":23,"DataProviderID":1,"UsageTypeID":4,"StatusTypeID":50,"Connections":[{"ID":129017,"ConnectionTypeID":1036,"StatusTypeID":50,"LevelID":2,"Amps":32,"Voltage":400,"PowerKW":22,"CurrentTypeID":20,"Quantity":2}]},{"ID":90958,"UUID":"9161DFD2-7DD6-476F-8BC2-AE23E855F02F","NumberOfPoints":1,"AddressInfo":{"ID":91304,"Title":"Jumeirah Al Qasr","AddressLine1":"Jumeirah Al Qasr","Town":"Jumeirah Beach Road","StateOrProvince":"Dubai","CountryID":235,"Latitude":25.131788,"Longitude":55.184377,"ContactTelephone1":"+971 4 366 8888","DistanceUnit":0},"OperatorID":23,"DataProviderID":1,"UsageTypeID":4,"StatusTypeID":50,"Connections":[{"ID":129013,"ConnectionTypeID":1036,"StatusTypeID":50,"LevelID":2,"Amps":32,"Voltage":400,"PowerKW":22,"CurrentTypeID":20,"Quantity":1}]},{"ID":90948,"UUID":"522F21E3-1A3A-4095-81E0-3A2FAC715AAE","NumberOfPoints":1,"AddressInfo":{"ID":91294,"Title":"Jumeirah Zabeel Saray","AddressLine1":"Crescent Road","Town":"The Palm Jumeirah","StateOrProvince":"Dubai","CountryID":235,"Latitude":25.098489,"Longitude":55.123596,"ContactTelephone1":"+971 4 453 0000","DistanceUnit":0},"OperatorID":23,"DataProviderID":1,"UsageTypeID":4,"StatusTypeID":50,"Connections":[{"ID":129003,"ConnectionTypeID":1036,"StatusTypeID":50,"LevelID":2,"PowerKW":9,"CurrentTypeID":10,"Quantity":1}]},{"ID":90940,"UUID":"659DFACB-A7AD-4849-A003-4D96857686CB","NumberOfPoints":1,"AddressInfo":{"ID":91286,"Title":"Jumeirah Beach Hotel","AddressLine1":"Jumeirah Beach Hotel","Town":"Jumeirah Beach Road","StateOrProvince":"Dubai","CountryID":235,"Latitude":25.141584,"Longitude":55.191192,"ContactTelephone1":"+971 4 348 0000","DistanceUnit":0},"OperatorID":23,"DataProviderID":1,"UsageTypeID":4,"StatusTypeID":50,"Connections":[{"ID":128995,"ConnectionTypeID":1036,"StatusTypeID":50,"LevelID":2,"PowerKW":17,"CurrentTypeID":20,"Quantity":1}]},{"ID":90937,"UUID":"F9FF0394-49E2-4B88-A808-5E0177F2D005","NumberOfPoints":2,"AddressInfo":{"ID":91283,"Title":"Jumeirah Al Naseem","AddressLine1":"Jumeirah Al Naseem","Town":"Jumeirah Beach Road","StateOrProvince":"Dubai","CountryID":235,"Latitude":25.137201,"Longitude":55.187005,"ContactTelephone1":"+971 4 366 8888","DistanceUnit":0},"OperatorID":23,"DataProviderID":1,"UsageTypeID":4,"StatusTypeID":50,"Connections":[{"ID":128992,"ConnectionTypeID":1036,"StatusTypeID":50,"LevelID":2,"Amps":32,"Voltage":400,"PowerKW":22,"CurrentTypeID":20,"Quantity":2}]},{"ID":90929,"UUID":"7A043F60-0028-476D-B113-F1D0C0CCF7BE","NumberOfPoints":2,"AddressInfo":{"ID":91275,"Title":"The Meydan Hotel","AddressLine1":"Meydan Racecourse","Town":"Al Meydan Road","StateOrProvince":"Dubai","CountryID":235,"Latitude":25.155647,"Longitude":55.300311,"ContactTelephone1":"+971 4 381 3333 ","DistanceUnit":0},"OperatorID":23,"DataProviderID":1,"UsageTypeID":4,"StatusTypeID":50,"Connections":[{"ID":128984,"ConnectionTypeID":1036,"StatusTypeID":50,"LevelID":2,"Amps":32,"Voltage":400,"PowerKW":22,"CurrentTypeID":20,"Quantity":2}]},{"ID":90926,"UUID":"5C3BB61E-E710-436C-BD67-0146BDBE1F11","NumberOfPoints":2,"AddressInfo":{"ID":91272,"Title":"Mövenpick Hotel Jumeirah Beach","AddressLine1":"The Walk","Town":"Jumeirah Beach Residence","StateOrProvince":"Dubai","CountryID":235,"Latitude":25.080202,"Longitude":55.136961,"ContactTelephone1":"+971 4 449 8888","DistanceUnit":0},"OperatorID":23,"DataProviderID":1,"UsageTypeID":4,"StatusTypeID":50,"Connections":[{"ID":128981,"ConnectionTypeID":1036,"StatusTypeID":50,"LevelID":2,"Amps":32,"Voltage":400,"PowerKW":22,"CurrentTypeID":20,"Quantity":2}]},{"ID":90924,"UUID":"F5BA27AD-873A-4FB7-8B65-CD5B592669A9","NumberOfPoints":2,"AddressInfo":{"ID":91270,"Title":"Four Seasons Hotel Abu Dhabi At Al Maryah Island","AddressLine1":"Hamdan Bin Mohammed Street","Town":"Abu Dhabi","CountryID":235,"Latitude":24.502955,"Longitude":54.38798,"ContactTelephone1":"+971 2 333 2222","DistanceUnit":0},"OperatorID":23,"DataProviderID":1,"UsageTypeID":4,"StatusTypeID":50,"Connections":[{"ID":128979,"ConnectionTypeID":1036,"StatusTypeID":50,"LevelID":2,"Amps":32,"Voltage":400,"PowerKW":22,"CurrentTypeID":20,"Quantity":2}]},{"ID":84243,"UUID":"6C165663-FE3B-492A-8554-E10074206C09","NumberOfPoints":4,"UsageCost":"0.00/kWh; other tariffs for older cars","AddressInfo":{"ID":84589,"Title":"Jebel Ali Supercharger","AddressLine1":"Sheikh Zayed Road","Town":"Dubai","CountryID":235,"Latitude":24.910732,"Longitude":54.962517,"DistanceUnit":0},"OperatorID":23,"DataProviderID":1,"UsageTypeID":4,"StatusTypeID":50,"Connections":[{"ID":119644,"ConnectionTypeID":27,"StatusTypeID":50,"LevelID":3,"PowerKW":120,"CurrentTypeID":30,"Quantity":4}]},{"ID":84067,"UUID":"BFD9CE77-93D0-4692-8F24-16B473ACED32","NumberOfPoints":8,"UsageCost":"0.00/kWh; other tariffs for older cars","AddressInfo":{"ID":84413,"Title":"Masdar City Supercharger","AddressLine1":"Masdar City","Town":"Abu Dhabi","CountryID":235,"Latitude":24.429485,"Longitude":54.62062,"DistanceUnit":0},"OperatorID":23,"DataProviderID":1,"UsageTypeID":4,"StatusTypeID":50,"Connections":[{"ID":119468,"ConnectionTypeID":33,"StatusTypeID":50,"LevelID":3,"PowerKW":250,"CurrentTypeID":30,"Quantity":8}]},{"ID":80469,"UUID":"E22BC371-3B63-4F6B-B1DB-76FADC0B045B","NumberOfPoints":4,"UsageCost":"AED 0.29/kWh","AddressInfo":{"ID":80815,"Title":"DEWA Mohammed Bin Rashid al Maktoum Solar Park","AddressLine1":"Majalis Road","Town":"Dubai","StateOrProvince":"Dubai","CountryID":235,"Latitude":24.767633,"Longitude":55.369024,"DistanceUnit":0},"OperatorID":3263,"DataProviderID":1,"UsageTypeID":4,"StatusTypeID":50,"Connections":[{"ID":115164,"ConnectionTypeID":2,"StatusTypeID":50,"LevelID":3,"PowerKW":50,"CurrentTypeID":30,"Quantity":1},{"ID":115165,"ConnectionTypeID":1036,"StatusTypeID":50,"LevelID":3,"PowerKW":43,"CurrentTypeID":20,"Quantity":1},{"ID":115166,"ConnectionTypeID":33,"StatusTypeID":50,"LevelID":3,"PowerKW":50,"CurrentTypeID":30,"Quantity":1},{"ID":115167,"ConnectionTypeID":25,"StatusTypeID":50,"LevelID":2,"CurrentTypeID":10,"Quantity":3}]},{"ID":80449,"UUID":"6A88970F-FCD0-4B30-9E23-6A7BE5E879A4","NumberOfPoints":1,"UsageCost":"AED 0.29/kWh","AddressInfo":{"ID":80795,"Title":"ENOC filling station","AddressLine1":"Sheikh Mohammed bin Zayed Road","Town":"Dubai","StateOrProvince":"Dubai","CountryID":235,"Latitude":24.86904,"Longitude":55.026459,"DistanceUnit":0},"OperatorID":3263,"DataProviderID":1,"UsageTypeID":4,"StatusTypeID":50,"Connections":[{"ID":115142,"ConnectionTypeID":2,"StatusTypeID":50,"LevelID":3,"PowerKW":50,"CurrentTypeID":30,"Quantity":1},{"ID":115143,"ConnectionTypeID":1036,"StatusTypeID":50,"LevelID":3,"PowerKW":43,"CurrentTypeID":20,"Quantity":1},{"ID":115144,"ConnectionTypeID":33,"StatusTypeID":50,"LevelID":3,"PowerKW":50,"CurrentTypeID":30,"Quantity":1}]},{"ID":80428,"UUID":"9F6FE97F-0C8C-4EF3-BC31-ACA623450145","NumberOfPoints":1,"UsageCost":"AED 0.29/kWh","AddressInfo":{"ID":80774,"Title":"EPPCO filling station","AddressLine1":"Sheikh Zayed Road","Town":"Dubai","StateOrProvince":"Dubai","Postcode":"263076","CountryID":235,"Latitude":24.926508149334204,"Longitude":55.006200706082154,"DistanceUnit":0},"OperatorID":3263,"DataProviderID":1,"UsageTypeID":4,"StatusTypeID":50,"Connections":[{"ID":115119,"ConnectionTypeID":2,"StatusTypeID":50,"LevelID":3,"PowerKW":50,"CurrentTypeID":30,"Quantity":1},{"ID":115120,"ConnectionTypeID":1036,"StatusTypeID":50,"LevelID":3,"PowerKW":43,"CurrentTypeID":20,"Quantity":1},{"ID":115121,"ConnectionTypeID":33,"StatusTypeID":50,"LevelID":3,"PowerKW":50,"CurrentTypeID":30,"Quantity":1}]},{"ID":80364,"UUID":"6CF06AA4-DB7C-4C0F-9AC3-99954C286FA8","NumberOfPoints":2,"UsageCost":"AED 0.29/kWh","AddressInfo":{"ID":80710,"Title":"The Beach underground car park","AddressLine1":"Al Mamsha Street","AddressLine2":"Dubai Marina","Town":"Dubai","StateOrProvince":"Dubai","Postcode":"473828","CountryID":235,"Latitude":25.0767,"Longitude":55.131847,"AccessComments":"Car park open 10:00-00:00","DistanceUnit":0},"OperatorID":3263,"DataProviderID":1,"UsageTypeID":4,"StatusTypeID":50,"Connections":[{"ID":115041,"ConnectionTypeID":25,"StatusTypeID":50,"LevelID":2,"CurrentTypeID":10,"Quantity":2}]},{"ID":79437,"UUID":"A8AD1C38-A221-445E-B8B6-57176647784A","NumberOfPoints":4,"UsageCost":"AED 0.29/kWh","AddressInfo":{"ID":79783,"Title":"Dubai Electricity and Water Authority Umm Ramoul Customer Services Center","AddressLine1":"Nad Al Hamar Road","Town":"Dubai","StateOrProvince":"Dubai","Postcode":"25494","CountryID":235,"Latitude":25.2255556,"Longitude":55.3761111,"DistanceUnit":0},"OperatorID":3263,"DataProviderID":1,"UsageTypeID":4,"StatusTypeID":50,"Connections":[{"ID":114076,"ConnectionTypeID":25,"StatusTypeID":50,"LevelID":2,"CurrentTypeID":10,"Quantity":4}]},{"ID":79436,"UUID":"F00BDA89-1ABE-4EAC-9D5F-1B15404DF0FB","NumberOfPoints":3,"AddressInfo":{"ID":79782,"Title":"Dubai Municipality Umm Ramool","AddressLine1":"Marrakech Road","AddressLine2":"Al Rigga","Town":"Dubai","StateOrProvince":"Dubai","Postcode":"8845","CountryID":235,"Latitude":25.2374558,"Longitude":55.3630547,"AccessComments":"Saturday to Friday From 7:30 AM to 12:00 AM","DistanceUnit":0},"OperatorID":3263,"DataProviderID":1,"UsageTypeID":5,"StatusTypeID":50,"Connections":[{"ID":114075,"ConnectionTypeID":0,"StatusTypeID":50}]},{"ID":52245,"UUID":"A340A9B9-0406-484F-9D8D-C19072237755","NumberOfPoints":3,"AddressInfo":{"ID":52591,"Title":"Dubai Silicon Oasis Headquarters","AddressLine1":"Dubai Silicon Oasis","Town":"Dubai","StateOrProvince":"Dubai","CountryID":235,"Latitude":25.1240240918556,"Longitude":55.3813285354127,"DistanceUnit":0},"OperatorID":3263,"DataProviderID":1,"UsageTypeID":5,"StatusTypeID":50,"Connections":[{"ID":64881,"ConnectionTypeID":0,"StatusTypeID":50}]}]