[{"ID":311862,"UUID":"7844DC89-310C-4C15-9247-BF6CA411351C","NumberOfPoints":1,"AddressInfo":{"ID":312251,"Title":"Buvlja Pijaca","AddressLine1":"E73","Town":"Doboj","CountryID":33,"Latitude":44.7332635658681,"Longitude":18.096592082413736,"DistanceUnit":0},"OperatorID":3479,"DataProviderID":1,"UsageTypeID":4,"StatusTypeID":50,"Connections":[{"ID":600818,"ConnectionTypeID":33,"StatusTypeID":50,"LevelID":3,"PowerKW":160,"CurrentTypeID":30,"Quantity":2}]},{"ID":307461,"UUID":"5B06065E-0FEB-439E-88B2-C12FB04914F9","NumberOfPoints":1,"AddressInfo":{"ID":307850,"Title":"Ina Lepenica Istok ","AddressLine1":"Mokrine b.b.","Town":"Sarajevo","CountryID":33,"Latitude":43.84188320076481,"Longitude":18.1252166270572,"RelatedURL":"http://ina.ba","DistanceUnit":0},"OperatorID":3534,"DataProviderID":1,"UsageTypeID":1,"StatusTypeID":50,"Connections":[{"ID":586505,"ConnectionTypeID":33,"StatusTypeID":50,"LevelID":3,"PowerKW":50,"CurrentTypeID":30,"Quantity":1},{"ID":586506,"ConnectionTypeID":2,"StatusTypeID":50,"LevelID":3,"PowerKW":50,"CurrentTypeID":30,"Quantity":1},{"ID":586507,"ConnectionTypeID":25,"StatusTypeID":50,"LevelID":2,"Amps":32,"Voltage":400,"PowerKW":22,"CurrentTypeID":20,"Quantity":1}]},{"ID":300088,"UUID":"62FCCAEC-0FC9-4684-93B9-F31A512023F0","NumberOfPoints":1,"UsageCost":"free","AddressInfo":{"ID":300475,"Title":"Delta Planet","AddressLine1":"Bulevar srpske vojske 8","StateOrProvince":"Република Српска / Republika Srpska","Postcode":"78000","CountryID":33,"Latitude":44.77949027472036,"Longitude":17.207408672551907,"DistanceUnit":0},"OperatorID":3585,"DataProviderID":1,"UsageTypeID":4,"StatusTypeID":50,"Connections":[{"ID":556432,"ConnectionTypeID":33,"StatusTypeID":50,"LevelID":2,"PowerKW":60,"Quantity":2},{"ID":558756,"ConnectionTypeID":25,"StatusTypeID":50,"LevelID":2,"PowerKW":11,"CurrentTypeID":20,"Quantity":1},{"ID":558757,"ConnectionTypeID":25,"StatusTypeID":50,"LevelID":2,"PowerKW":11,"CurrentTypeID":20,"Quantity":1},{"ID":558758,"ConnectionTypeID":25,"StatusTypeID":50,"LevelID":2,"PowerKW":11,"CurrentTypeID":20,"Quantity":1},{"ID":558759,"ConnectionTypeID":25,"StatusTypeID":50,"LevelID":2,"PowerKW":11,"CurrentTypeID":20,"Quantity":1},{"ID":558760,"ConnectionTypeID":25,"StatusTypeID":50,"LevelID":2,"PowerKW":11,"CurrentTypeID":20,"Quantity":1},{"ID":558761,"ConnectionTypeID":25,"StatusTypeID":50,"LevelID":2,"PowerKW":11,"CurrentTypeID":20,"Quantity":1}]},{"ID":299267,"UUID":"A51AA828-EC1D-4D68-A25A-77BBAD65B9B2","NumberOfPoints":2,"UsageCost":"0","AddressInfo":{"ID":299654,"Title":"IUT (Internacionalni Univerzitet Travnik)","AddressLine1":"Aleja Konzula","Town":"Travnik","Postcode":"72270","CountryID":33,"Latitude":44.227196263724636,"Longitude":17.646604092378766,"DistanceUnit":0},"OperatorID":3523,"DataProviderID":1,"UsageTypeID":1,"StatusTypeID":50,"Connections":[{"ID":550121,"ConnectionTypeID":1036,"LevelID":2,"PowerKW":22,"Quantity":2}]},{"ID":274672,"UUID":"43BF54CA-B4BE-4C3C-BA8B-FD7F9FF6E179","NumberOfPoints":1,"UsageCost":"10 Mark per hour","AddressInfo":{"ID":275056,"Title":"Bosanska","AddressLine1":"Bosanska","Town":"Bugojno","StateOrProvince":"Federacija Bosne i Hercegovine","Postcode":"70230","CountryID":33,"Latitude":44.05617433524753,"Longitude":17.446909468633976,"AccessComments":"Ask at the Information Counter for a RFID card to charge.","DistanceUnit":0},"OperatorID":1,"DataProviderID":1,"UsageTypeID":4,"StatusTypeID":50,"Connections":[{"ID":476502,"ConnectionTypeID":25,"StatusTypeID":50,"LevelID":2,"Amps":16,"Voltage":400,"PowerKW":11,"CurrentTypeID":20,"Quantity":1}]},{"ID":265916,"UUID":"B67983EE-973F-48ED-BF2A-ACDC4D8B49D6","NumberOfPoints":1,"AddressInfo":{"ID":266300,"Title":"Džemala Bijedića","AddressLine1":"Džemala Bijedića","AddressLine2":"Alipašin most","StateOrProvince":"Federacija Bosne i Hercegovine","Postcode":"71160","CountryID":33,"Latitude":43.84799503438285,"Longitude":18.349006458857247,"DistanceUnit":0},"OperatorID":1,"DataProviderID":1,"UsageTypeID":4,"StatusTypeID":50,"Connections":[{"ID":452413,"ConnectionTypeID":1036,"StatusTypeID":50,"Quantity":1}]},{"ID":265915,"UUID":"EF9705D7-46D8-434D-A065-75B251AA1FF5","NumberOfPoints":2,"AddressInfo":{"ID":266299,"Title":"Halilovići","AddressLine1":"Halilovići","AddressLine2":"Alipašin most","StateOrProvince":"Federacija Bosne i Hercegovine","Postcode":"71161","CountryID":33,"Latitude":43.84716503596326,"Longitude":18.337411182750202,"DistanceUnit":0},"OperatorID":1,"DataProviderID":1,"UsageTypeID":4,"StatusTypeID":50,"Connections":[{"ID":452412,"ConnectionTypeID":25,"StatusTypeID":50,"Quantity":1}]},{"ID":210072,"UUID":"B5C5BC77-DD66-4327-A161-1DD239325C3E","NumberOfPoints":2,"UsageCost":"30 BAM / charge","AddressInfo":{"ID":210452,"Title":"Hotel Novitas Livno","AddressLine1":"Industrijska zona - jug, Livno, Bosnia and Herzegovina","Town":"Livno","Postcode":"80209","CountryID":33,"Latitude":43.821808595399176,"Longitude":16.99628785211894,"ContactTelephone1":"+38734205410","RelatedURL":"https://hotel-bm-livno.business.site/","DistanceUnit":0},"OperatorID":45,"DataProviderID":1,"UsageTypeID":6,"StatusTypeID":50,"Connections":[{"ID":349723,"ConnectionTypeID":1036,"StatusTypeID":50,"LevelID":2,"Amps":32,"Voltage":400,"PowerKW":22,"CurrentTypeID":20,"Quantity":2}]},{"ID":193494,"UUID":"EEA0116C-9305-4B4F-8CB7-9B8149F1D0DD","NumberOfPoints":2,"UsageCost":"free, 1KM/hour parking. See machine 0700-2100 mo-fr/ 0700-1500 sa","AddressInfo":{"ID":193853,"Title":"Gradska vijećnica / Mostar Town Hall","AddressLine1":"Gradska vijećnica","Town":"Mostar","StateOrProvince":"Entity Federation of Bosnia and Herzegovina","Postcode":"88000","CountryID":33,"Latitude":43.34203060885312,"Longitude":17.80754367097279,"DistanceUnit":0},"OperatorID":1,"DataProviderID":1,"UsageTypeID":1,"StatusTypeID":50,"Connections":[{"ID":314855,"ConnectionTypeID":25,"StatusTypeID":50,"LevelID":2,"Amps":32,"Voltage":400,"PowerKW":22,"CurrentTypeID":20,"Quantity":2}]},{"ID":191468,"UUID":"52040ACB-B7A8-4CD7-A289-F10ABF3CEEE6","NumberOfPoints":1,"UsageCost":"Free","AddressInfo":{"ID":191827,"Title":"Hotel President","AddressLine1":"Tasovčići bb","Town":"Tasovčići","StateOrProvince":"Entity Federation of Bosnia and Herzegovina","Postcode":"88300","CountryID":33,"Latitude":43.10722389018983,"Longitude":17.71573586949239,"RelatedURL":"https://hotel-president.ba/","DistanceUnit":0},"OperatorID":3311,"DataProviderID":1,"UsageTypeID":1,"StatusTypeID":50,"Connections":[{"ID":310918,"ConnectionTypeID":25,"StatusTypeID":50,"LevelID":2,"Amps":32,"Voltage":400,"PowerKW":22,"CurrentTypeID":20,"Quantity":2}],"UserComments":[{"ID":25408,"ChargePointID":191468,"CommentTypeID":10,"UserName":"DavorP","Comment":"","Rating":5,"DateCreated":"2022-02-18T16:26:03.42Z","User":{"ID":22474,"Username":"DavorP"},"CheckinStatusTypeID":10,"IsActionedByEditor":false}],"MediaItems":[{"ID":30720,"ChargePointID":191468,"ItemURL":"https://media.openchargemap.io/images/BA/OCM191468/OCM-191468.orig.2022021107592775.jpg","ItemThumbnailURL":"https://media.openchargemap.io/images/BA/OCM191468/OCM-191468.thmb.2022021107592775.jpg","Comment":"","IsEnabled":true,"IsVideo":false,"IsFeaturedItem":false,"IsExternalResource":false,"User":{"ID":22474,"Username":"DavorP"},"DateCreated":"2022-02-11T08:00:00Z"}]},{"ID":188706,"UUID":"CF257204-1D6B-47DF-BB5A-2E3266DFFDDD","NumberOfPoints":1,"AddressInfo":{"ID":189065,"Title":"Blanca Resort&Spa","AddressLine1":"Blanca Resort&Spa","Town":"Galica","StateOrProvince":"Entity Federation of Bosnia and Herzegovina","Postcode":"72283","CountryID":33,"Latitude":44.31189256767328,"Longitude":17.57310353116327,"DistanceUnit":0},"OperatorID":45,"DataProviderID":1,"UsageTypeID":6,"StatusTypeID":50,"Connections":[{"ID":304874,"ConnectionTypeID":1036,"StatusTypeID":50,"Quantity":2}],"MediaItems":[{"ID":28967,"ChargePointID":188706,"ItemURL":"https://media.openchargemap.io/images/BA/OCM188706/OCM-188706.orig.2021081210333431.jpg","ItemThumbnailURL":"https://media.openchargemap.io/images/BA/OCM188706/OCM-188706.thmb.2021081210333431.jpg","Comment":"","IsEnabled":true,"IsVideo":false,"IsFeaturedItem":false,"IsExternalResource":false,"User":{"ID":18249,"Username":"cicko"},"DateCreated":"2021-08-12T10:34:00Z"},{"ID":28968,"ChargePointID":188706,"ItemURL":"https://media.openchargemap.io/images/BA/OCM188706/OCM-188706.orig.2021081210335511.jpg","ItemThumbnailURL":"https://media.openchargemap.io/images/BA/OCM188706/OCM-188706.thmb.2021081210335511.jpg","Comment":"","IsEnabled":true,"IsVideo":false,"IsFeaturedItem":false,"IsExternalResource":false,"User":{"ID":18249,"Username":"cicko"},"DateCreated":"2021-08-12T10:34:00Z"},{"ID":28969,"ChargePointID":188706,"ItemURL":"https://media.openchargemap.io/images/BA/OCM188706/OCM-188706.orig.2021081210341278.jpg","ItemThumbnailURL":"https://media.openchargemap.io/images/BA/OCM188706/OCM-188706.thmb.2021081210341278.jpg","Comment":"","IsEnabled":true,"IsVideo":false,"IsFeaturedItem":false,"IsExternalResource":false,"User":{"ID":18249,"Username":"cicko"},"DateCreated":"2021-08-12T10:34:00Z"}]},{"ID":188633,"UUID":"472FD61B-6899-4AA2-9BB4-E2FA78EA68A7","NumberOfPoints":1,"AddressInfo":{"ID":188992,"Title":"Elektroprivreda Zenica","AddressLine1":"Elektroprivreda Zenica","Town":"Zenica","StateOrProvince":"Entity Federation of Bosnia and Herzegovina","Postcode":"72000","CountryID":33,"Latitude":44.200593206366904,"Longitude":17.906390697824463,"AccessComments":"If you don't have a card, the security guard will provide one. ","DistanceUnit":0},"OperatorID":23,"DataProviderID":1,"UsageTypeID":4,"StatusTypeID":50,"Connections":[{"ID":304712,"ConnectionTypeID":25,"StatusTypeID":50,"LevelID":2,"PowerKW":22,"Quantity":2}]},{"ID":188622,"UUID":"D450F809-38AE-48E9-A8C2-446FA048121C","NumberOfPoints":1,"UsageCost":"Free","AddressInfo":{"ID":188981,"Title":"Ina, Unikomerc","AddressLine1":"","Town":"Donje Ledenice","StateOrProvince":"Entity Federation of Bosnia and Herzegovina","Postcode":"76250","CountryID":33,"Latitude":44.90886675102675,"Longitude":18.430515416945127,"DistanceUnit":0},"OperatorID":23,"DataProviderID":1,"UsageTypeID":7,"StatusTypeID":50,"Connections":[{"ID":304680,"ConnectionTypeID":25,"StatusTypeID":50,"LevelID":2,"PowerKW":11,"Quantity":1}],"MediaItems":[{"ID":28925,"ChargePointID":188622,"ItemURL":"https://media.openchargemap.io/images/BA/OCM188622/OCM-188622.orig.2021080719091958.jpg","ItemThumbnailURL":"https://media.openchargemap.io/images/BA/OCM188622/OCM-188622.thmb.2021080719091958.jpg","Comment":"","IsEnabled":true,"IsVideo":false,"IsFeaturedItem":false,"IsExternalResource":false,"User":{"ID":18249,"Username":"cicko"},"DateCreated":"2021-08-07T19:09:00Z"}]},{"ID":188514,"UUID":"0C4FF959-949B-4A96-B950-F8254F0CB79E","NumberOfPoints":2,"AddressInfo":{"ID":188873,"Title":"Ibis Sarajevo ","AddressLine1":"Petrol","Town":"Sarajevo ","StateOrProvince":"Entity Federation of Bosnia and Herzegovina","Postcode":"71160","CountryID":33,"Latitude":43.8479295010676,"Longitude":18.34926247555211,"DistanceUnit":0},"OperatorID":23,"DataProviderID":1,"UsageTypeID":4,"StatusTypeID":50,"Connections":[{"ID":304465,"ConnectionTypeID":1036,"StatusTypeID":50,"LevelID":2,"PowerKW":22,"Quantity":1}]},{"ID":188513,"UUID":"E4D50CFA-553D-493E-A707-BACA63B97FC1","NumberOfPoints":1,"AddressInfo":{"ID":188872,"Title":"Sarajevo International Airport ","AddressLine1":"Airport","Town":"","StateOrProvince":"Entity Federation of Bosnia and Herzegovina","Postcode":"71210 ","CountryID":33,"Latitude":43.826893859697805,"Longitude":18.33696191031345,"DistanceUnit":0},"OperatorID":142,"DataProviderID":1,"UsageTypeID":4,"StatusTypeID":50,"Connections":[{"ID":304464,"ConnectionTypeID":25,"StatusTypeID":50,"Quantity":1}]},{"ID":188369,"UUID":"6395DF47-E004-4AFA-9CEC-426AE625E2B7","NumberOfPoints":1,"AddressInfo":{"ID":188728,"Title":"HM Petrol","AddressLine1":"Konzum","Town":"Pritoka","StateOrProvince":"Entity Federation of Bosnia and Herzegovina","Postcode":"77215","CountryID":33,"Latitude":44.79635417305363,"Longitude":15.91872235718688,"DistanceUnit":0},"OperatorID":142,"DataProviderID":1,"UsageTypeID":4,"StatusTypeID":50,"Connections":[{"ID":304133,"ConnectionTypeID":25,"StatusTypeID":50,"Quantity":1}]},{"ID":185566,"UUID":"643C53A0-8031-452F-8153-3B35481AF066","NumberOfPoints":1,"AddressInfo":{"ID":185925,"Title":"Elektroprivreda BiH ","AddressLine1":"Krupska ulica","Town":"Bihać","StateOrProvince":"Entity Federation of Bosnia and Herzegovina","Postcode":"77000","CountryID":33,"Latitude":44.81870837204883,"Longitude":15.869574591771197,"DistanceUnit":0},"OperatorID":142,"DataProviderID":1,"UsageTypeID":7,"StatusTypeID":50,"Connections":[{"ID":295189,"ConnectionTypeID":1036,"StatusTypeID":50,"LevelID":2,"PowerKW":22,"Quantity":2}]},{"ID":176336,"UUID":"A1B044AF-2D32-4832-9875-E96122B7A545","NumberOfPoints":1,"AddressInfo":{"ID":176695,"Title":"Motel Lav","AddressLine1":"","Town":"Dabrac","StateOrProvince":"Republika Srpska","Postcode":"","CountryID":33,"Latitude":44.49450203082665,"Longitude":17.15133571733145,"DistanceUnit":0},"OperatorID":142,"DataProviderID":1,"UsageTypeID":7,"StatusTypeID":50,"Connections":[{"ID":274097,"ConnectionTypeID":25,"StatusTypeID":50,"Quantity":1}]},{"ID":176318,"UUID":"61D80941-0955-496B-ABF7-5CC8CE03F980","NumberOfPoints":1,"AddressInfo":{"ID":176677,"Title":"Hotel Balkana","AddressLine1":"Hotel Balkana","Town":"Rogolji","StateOrProvince":"Republika Srpska","Postcode":"70620","CountryID":33,"Latitude":44.415728746547245,"Longitude":17.047759957346102,"DistanceUnit":0},"OperatorID":1,"DataProviderID":1,"UsageTypeID":1,"StatusTypeID":50,"Connections":[{"ID":274055,"ConnectionTypeID":1036,"StatusTypeID":50,"LevelID":2,"PowerKW":11,"Quantity":1}]},{"ID":176208,"UUID":"07BDC795-F73E-49A5-96CD-F62AF450AA0F","NumberOfPoints":1,"AddressInfo":{"ID":176567,"Title":"KSC Vogosca","AddressLine1":"Jošanička","Town":"Vogošća","StateOrProvince":"Entity Federation of Bosnia and Herzegovina","Postcode":"71320","CountryID":33,"Latitude":43.90030185808686,"Longitude":18.34382863888527,"DistanceUnit":0},"OperatorID":1,"DataProviderID":1,"UsageTypeID":1,"StatusTypeID":50,"Connections":[{"ID":273836,"ConnectionTypeID":25,"StatusTypeID":50,"Quantity":1}]},{"ID":176207,"UUID":"4D073D7E-D801-4486-B6BF-127C518978C3","NumberOfPoints":1,"UsageCost":"Free","AddressInfo":{"ID":176566,"Title":"Porsche VW Sarajevo","AddressLine1":"Bulevar Meše Selimovića 16","Town":"Sarajevo","StateOrProvince":"Entity Federation of Bosnia and Herzegovina","Postcode":"71000","CountryID":33,"Latitude":43.846625996332904,"Longitude":18.346206199184962,"AccessComments":"You need a HAGER card for charging. You can get it either at the security (00:00‒24:00) or at the info counter (09:00‒17:00).  If you have any questions, ask for Dino (electric vehicle manager, 09:00‒17:00).","DistanceUnit":0},"OperatorID":1,"DataProviderID":1,"UsageTypeID":1,"StatusTypeID":50,"Connections":[{"ID":273834,"ConnectionTypeID":25,"StatusTypeID":50,"LevelID":2,"Amps":32,"Voltage":400,"PowerKW":22,"CurrentTypeID":20,"Quantity":2},{"ID":273835,"ConnectionTypeID":28,"StatusTypeID":50,"LevelID":2,"Amps":16,"Voltage":230,"PowerKW":3.7,"CurrentTypeID":10,"Quantity":2},{"ID":485648,"ConnectionTypeID":33,"StatusTypeID":50,"LevelID":3,"PowerKW":150,"CurrentTypeID":30,"Quantity":1}]},{"ID":176204,"UUID":"B0FA213B-E86F-47FD-A6F4-78AD1DD973AB","NumberOfPoints":2,"AddressInfo":{"ID":176563,"Title":"Energopetrol","AddressLine1":"Zmaja od Bosne","Town":"Sarajevo","StateOrProvince":"Entity Federation of Bosnia and Herzegovina","Postcode":"71000","CountryID":33,"Latitude":43.849584764329336,"Longitude":18.371784389994446,"DistanceUnit":0},"OperatorID":142,"DataProviderID":1,"UsageTypeID":1,"StatusTypeID":50,"Connections":[{"ID":273830,"ConnectionTypeID":1036,"StatusTypeID":50,"Quantity":1},{"ID":273831,"ConnectionTypeID":28,"StatusTypeID":50,"Quantity":1}]},{"ID":176203,"UUID":"5EE29FC8-5572-4AC6-BE68-A86AFC91C24C","NumberOfPoints":1,"AddressInfo":{"ID":176562,"Title":"Javni Parking (free)","AddressLine1":"Spasovdanska 9","Town":"","StateOrProvince":"Republika Srpska","Postcode":"71124","CountryID":33,"Latitude":43.82208924096062,"Longitude":18.363486935374794,"DistanceUnit":0},"OperatorID":1,"DataProviderID":1,"UsageTypeID":1,"StatusTypeID":50,"Connections":[{"ID":273829,"ConnectionTypeID":25,"StatusTypeID":50,"Quantity":1}]},{"ID":176196,"UUID":"79FDFD12-17D2-4242-B67F-9244698AFF6E","NumberOfPoints":2,"UsageCost":"Free","AddressInfo":{"ID":176555,"Title":"EP BiH","AddressLine1":"Šumeće","Town":"Ilovača","StateOrProvince":"Entity Federation of Bosnia and Herzegovina","Postcode":"72270","CountryID":33,"Latitude":44.22926230834565,"Longitude":17.672837772187904,"DistanceUnit":0},"OperatorID":45,"DataProviderID":1,"UsageTypeID":7,"StatusTypeID":50,"Connections":[{"ID":273821,"ConnectionTypeID":25,"StatusTypeID":50,"LevelID":2,"PowerKW":22,"Quantity":2}]},{"ID":176195,"UUID":"795D6F6B-4E35-4F81-916E-36E64CF8BCB9","NumberOfPoints":1,"AddressInfo":{"ID":176554,"Title":"Tropic","AddressLine1":"Srednjoškolska","Town":"Banja Luka","StateOrProvince":"Republika Srpska","Postcode":"78000","CountryID":33,"Latitude":44.79074815522088,"Longitude":17.20440628344761,"DistanceUnit":0},"OperatorID":142,"DataProviderID":1,"UsageTypeID":1,"StatusTypeID":50,"Connections":[{"ID":273820,"ConnectionTypeID":25,"StatusTypeID":50,"Quantity":2}]},{"ID":149705,"UUID":"20D1871A-9C82-4DBD-AB3E-6FD25B334984","NumberOfPoints":1,"UsageCost":"Free","AddressInfo":{"ID":150058,"Title":"Bingo City Center","AddressLine1":"Mitra Trifunovića Uče","Town":"Tuzla","StateOrProvince":"Grad Tuzla","Postcode":"75000","CountryID":33,"Latitude":44.53783165474195,"Longitude":18.662126055555973,"AccessComments":"Bingo Shopping Center garage","DistanceUnit":0},"OperatorID":1,"DataProviderID":1,"UsageTypeID":1,"StatusTypeID":50,"Connections":[{"ID":207838,"ConnectionTypeID":1036,"StatusTypeID":50,"LevelID":2,"PowerKW":15},{"ID":207839,"ConnectionTypeID":2,"StatusTypeID":50,"LevelID":2,"PowerKW":15},{"ID":207840,"ConnectionTypeID":33,"StatusTypeID":50,"LevelID":2,"PowerKW":15}],"MediaItems":[{"ID":21434,"ChargePointID":149705,"ItemURL":"https://media.openchargemap.io/images/BA/OCM149705/OCM-149705.orig.2020030309115132.jpg","ItemThumbnailURL":"https://media.openchargemap.io/images/BA/OCM149705/OCM-149705.thmb.2020030309115132.jpg","Comment":"","IsEnabled":true,"IsVideo":false,"IsFeaturedItem":false,"IsExternalResource":false,"User":{"ID":22474,"Username":"DavorP"},"DateCreated":"2020-03-03T09:12:00Z"}]},{"ID":149703,"UUID":"CF7F2612-887D-4893-8083-41B41F62814B","NumberOfPoints":3,"AddressInfo":{"ID":150056,"Title":"Nestro Gas Station","AddressLine1":"Dr Mladena Stojanovića","AddressLine2":"Rosulje","Town":"Banja Luka","StateOrProvince":"Grad Banja Luka","CountryID":33,"Latitude":44.784522708601145,"Longitude":17.204039677451874,"AccessComments":"2 free type 2 chargers right next to the Nestro gas station. Follow the signs \"electric vehicle charge point\". The third charger is demolished. ","DistanceUnit":0},"OperatorID":45,"DataProviderID":1,"UsageTypeID":1,"StatusTypeID":50,"Connections":[{"ID":207837,"ConnectionTypeID":25,"StatusTypeID":50,"LevelID":2,"Amps":32,"Voltage":400,"PowerKW":22,"CurrentTypeID":20,"Quantity":2}],"UserComments":[{"ID":22785,"ChargePointID":149703,"CommentTypeID":10,"UserName":"DavorP","Comment":"","Rating":5,"DateCreated":"2020-06-14T17:01:23.537Z","User":{"ID":22474,"Username":"DavorP"},"CheckinStatusTypeID":10,"IsActionedByEditor":false}],"MediaItems":[{"ID":21433,"ChargePointID":149703,"ItemURL":"https://media.openchargemap.io/images/BA/OCM149703/OCM-149703.orig.2020030307214707.jpg","ItemThumbnailURL":"https://media.openchargemap.io/images/BA/OCM149703/OCM-149703.thmb.2020030307214707.jpg","Comment":"","IsEnabled":true,"IsVideo":false,"IsFeaturedItem":false,"IsExternalResource":false,"User":{"ID":22474,"Username":"DavorP"},"DateCreated":"2020-03-03T07:22:00Z"}]},{"ID":149577,"UUID":"CBDC1C10-FEB2-4935-921C-02C030F32B9B","NumberOfPoints":1,"AddressInfo":{"ID":149930,"Title":"MRM Mostar","AddressLine1":"Avijatičarski most","AddressLine2":"Tatar","Town":"Mostar","StateOrProvince":"City of Mostar","Postcode":"88104","CountryID":33,"Latitude":43.30642305789473,"Longitude":17.8219603065686,"AccessComments":"0800-1300 Saturday\r\n0800-1600 Workday\r\nSunday closed.","DistanceUnit":0},"OperatorID":45,"DataProviderID":1,"UsageTypeID":1,"StatusTypeID":50,"Connections":[{"ID":207687,"ConnectionTypeID":33,"StatusTypeID":50,"LevelID":3,"PowerKW":50,"CurrentTypeID":30,"Quantity":1},{"ID":207688,"ConnectionTypeID":2,"StatusTypeID":50,"LevelID":3,"PowerKW":50,"CurrentTypeID":30,"Quantity":1},{"ID":207895,"ConnectionTypeID":1036,"StatusTypeID":50,"LevelID":3,"Amps":63,"Voltage":400,"PowerKW":43,"CurrentTypeID":20,"Quantity":1}]},{"ID":149576,"UUID":"64AD9297-E3E8-4099-8D1F-51DF2AC6399C","NumberOfPoints":1,"AddressInfo":{"ID":149929,"Title":"MRM Ljubuški","AddressLine1":"M 120;R-424","AddressLine2":"Mahala Pirići","Town":"Jurjevica","StateOrProvince":"Grad Ljubuški","Postcode":"88320","CountryID":33,"Latitude":43.199628858087266,"Longitude":17.584830911477752,"AccessComments":"https://www.plugshare.com/location/237654","DistanceUnit":0},"OperatorID":1,"DataProviderID":1,"UsageTypeID":1,"StatusTypeID":50,"Connections":[{"ID":207685,"ConnectionTypeID":33,"StatusTypeID":50,"LevelID":3,"PowerKW":50,"CurrentTypeID":30,"Quantity":1},{"ID":207686,"ConnectionTypeID":2,"StatusTypeID":50,"LevelID":3,"PowerKW":50,"CurrentTypeID":30,"Quantity":1},{"ID":207772,"ConnectionTypeID":1036,"StatusTypeID":50,"LevelID":3,"Amps":63,"Voltage":400,"PowerKW":43,"CurrentTypeID":20,"Quantity":1}],"UserComments":[{"ID":23828,"ChargePointID":149576,"CommentTypeID":10,"UserName":"DavorP","Comment":"36 kW","Rating":5,"DateCreated":"2021-01-29T13:28:43.04Z","User":{"ID":22474,"Username":"DavorP"},"CheckinStatusTypeID":10,"IsActionedByEditor":false}],"MediaItems":[{"ID":26321,"ChargePointID":149576,"ItemURL":"https://media.openchargemap.io/images/BA/OCM149576/OCM-149576.orig.2021012913291441.jpg","ItemThumbnailURL":"https://media.openchargemap.io/images/BA/OCM149576/OCM-149576.thmb.2021012913291441.jpg","Comment":"","IsEnabled":true,"IsVideo":false,"IsFeaturedItem":false,"IsExternalResource":false,"User":{"ID":22474,"Username":"DavorP"},"DateCreated":"2021-01-29T13:29:00Z"}]},{"ID":135275,"UUID":"B9B02C50-6783-42DB-AA80-1D88B9D655C7","NumberOfPoints":1,"AddressInfo":{"ID":135621,"Title":"Municipality Laktaši","AddressLine1":"Karađorđeva 58","Town":"Laktaši Municipality","StateOrProvince":"Laktaši Municipality","Postcode":"78250","CountryID":33,"Latitude":44.90748559318362,"Longitude":17.302551977362214,"AccessComments":"22 kW, RFID available at municipality Laktaši","DistanceUnit":0},"OperatorID":1,"DataProviderID":1,"UsageTypeID":1,"StatusTypeID":50,"Connections":[{"ID":189521,"ConnectionTypeID":25,"StatusTypeID":50,"LevelID":2,"Amps":32,"Voltage":400,"PowerKW":22,"CurrentTypeID":20,"Quantity":1}]},{"ID":135236,"UUID":"58AB3AA7-6992-4783-908F-CA276EA6EDFF","NumberOfPoints":1,"AddressInfo":{"ID":135582,"Title":"Zeka comerc","AddressLine1":"E73 bb","Town":"Zenica","StateOrProvince":"City of Zenica","Postcode":"72000","CountryID":33,"Latitude":44.20927791688089,"Longitude":17.9179932278214,"AccessComments":"Zeka-comerc ","DistanceUnit":0},"OperatorID":1,"DataProviderID":1,"UsageTypeID":1,"StatusTypeID":50,"Connections":[{"ID":189451,"ConnectionTypeID":25,"StatusTypeID":50,"LevelID":2,"Amps":32,"Voltage":400,"PowerKW":22,"CurrentTypeID":20,"Quantity":1},{"ID":189452,"ConnectionTypeID":28,"StatusTypeID":50,"LevelID":2,"Amps":16,"Voltage":230,"PowerKW":3.7,"CurrentTypeID":10,"Quantity":1}],"UserComments":[{"ID":22258,"ChargePointID":135236,"CommentTypeID":10,"UserName":"DavorP","Comment":"","Rating":5,"DateCreated":"2020-03-08T09:15:03.363Z","User":{"ID":22474,"Username":"DavorP"},"CheckinStatusTypeID":10,"IsActionedByEditor":false}],"MediaItems":[{"ID":20551,"ChargePointID":135236,"ItemURL":"https://media.openchargemap.io/images/BA/OCM135236/OCM-135236.orig.2019121122014717.jpeg","ItemThumbnailURL":"https://media.openchargemap.io/images/BA/OCM135236/OCM-135236.thmb.2019121122014717.jpeg","Comment":"","IsEnabled":true,"IsVideo":false,"IsFeaturedItem":false,"IsExternalResource":false,"User":{"ID":22474,"Username":"DavorP"},"DateCreated":"2019-12-11T22:02:00Z"}]},{"ID":130320,"UUID":"76A8E9A7-0EF1-4C46-BD3A-6C86FEBA89D7","NumberOfPoints":1,"AddressInfo":{"ID":130666,"Title":"SPARK Business park","AddressLine1":"Bleiburških žrtava bb","Town":"Mostar","StateOrProvince":"HNZ","Postcode":"88000","CountryID":33,"Latitude":43.3528873747691,"Longitude":17.7937573667764,"ContactTelephone1":"+38736348234","ContactEmail":"info@spark.ba","RelatedURL":"https://spark.ba","DistanceUnit":0},"OperatorID":45,"DataProviderID":1,"UsageTypeID":1,"StatusTypeID":50,"Connections":[{"ID":182474,"ConnectionTypeID":25,"StatusTypeID":50,"LevelID":2,"Amps":16,"Voltage":400,"PowerKW":11,"CurrentTypeID":20,"Quantity":1}]},{"ID":129667,"UUID":"050BCEA2-AD76-4ECB-BF14-C9DF4EE89AD9","NumberOfPoints":1,"UsageCost":"Free","AddressInfo":{"ID":130013,"Title":"Vojvode Stepe Stepanovica","AddressLine1":"Vojvode Stepe Stepanovica","AddressLine2":"Hrupjela","Town":"Stadt Trebinje (Trebing)","StateOrProvince":"Stadt Trebinje (Trebing)","Postcode":"89000","CountryID":33,"Latitude":42.7066832,"Longitude":18.3420926,"AccessComments":"RFID Card Not available at Info desk AS described in the Station: you must Go through the \"staff only\" door directly left after the Main entrance. 1st Floor you find 2 Offices where you get the RFID Chip. No cost - also charging is free. You get the Chip on working days between 7am to 6 pm and can keep IT over night.","DistanceUnit":0},"OperatorID":1,"DataProviderID":1,"UsageTypeID":1,"StatusTypeID":50,"Connections":[{"ID":181473,"ConnectionTypeID":25,"StatusTypeID":100,"LevelID":2,"Amps":22,"Voltage":380,"PowerKW":22,"CurrentTypeID":20,"Quantity":1}]},{"ID":106473,"UUID":"06109E15-5017-41ED-8DDA-381B6A7AF11E","NumberOfPoints":2,"AddressInfo":{"ID":106819,"Title":"Tarcin Forest Resort & Spa - Mgallery By Sofitel","AddressLine1":"Vilovacka BB","Town":"Tarcin Sarajevo","StateOrProvince":"Tarcin Sarajevo","Postcode":"71244","CountryID":33,"Latitude":43.788297,"Longitude":18.104997,"ContactTelephone1":"+387 33 947 100","DistanceUnit":0},"OperatorID":23,"DataProviderID":1,"UsageTypeID":4,"StatusTypeID":50,"Connections":[{"ID":149850,"ConnectionTypeID":30,"StatusTypeID":50,"LevelID":2,"Amps":32,"Voltage":400,"PowerKW":22,"CurrentTypeID":20,"Quantity":2}]},{"ID":104192,"UUID":"C3CF65DA-50BC-484B-B579-B60730E0667F","NumberOfPoints":3,"UsageCost":"Free","AddressInfo":{"ID":104538,"Title":"Paskulina ciglana (parking)","AddressLine1":"Vidovdanska","Town":"Banja Luka","StateOrProvince":"RS","Postcode":"78000","CountryID":33,"Latitude":44.774984203879,"Longitude":17.1912854074096,"DistanceUnit":0},"OperatorID":1,"DataProviderID":1,"UsageTypeID":1,"StatusTypeID":50,"Connections":[{"ID":208104,"ConnectionTypeID":25,"StatusTypeID":50,"LevelID":2,"PowerKW":22,"CurrentTypeID":10,"Quantity":3}],"UserComments":[{"ID":22784,"ChargePointID":104192,"CommentTypeID":10,"UserName":"DavorP","Comment":"","Rating":5,"DateCreated":"2020-06-14T16:59:27.153Z","User":{"ID":22474,"Username":"DavorP"},"CheckinStatusTypeID":10,"IsActionedByEditor":false}],"MediaItems":[{"ID":22695,"ChargePointID":104192,"ItemURL":"https://media.openchargemap.io/images/BA/OCM104192/OCM-104192.orig.2020061417004757.jpg","ItemThumbnailURL":"https://media.openchargemap.io/images/BA/OCM104192/OCM-104192.thmb.2020061417004757.jpg","Comment":"","IsEnabled":true,"IsVideo":false,"IsFeaturedItem":false,"IsExternalResource":false,"User":{"ID":22474,"Username":"DavorP"},"DateCreated":"2020-06-14T17:01:00Z"}]},{"ID":97290,"UUID":"AE99320F-501C-4392-9B50-CBB0FD8C1257","NumberOfPoints":2,"AddressInfo":{"ID":97636,"Title":"NIPEX Volkswagen service","AddressLine1":"Ljepunice bb","Town":"Tuzla","Postcode":"75000","CountryID":33,"Latitude":44.5584551,"Longitude":18.5722445,"DistanceUnit":0},"OperatorID":45,"DataProviderID":1,"UsageTypeID":6,"StatusTypeID":50,"Connections":[{"ID":138166,"ConnectionTypeID":25,"StatusTypeID":50,"LevelID":2,"Amps":50,"Voltage":400,"PowerKW":34,"CurrentTypeID":20,"Quantity":2}]},{"ID":96448,"UUID":"3E8C669C-D33B-4881-A8DF-81980D71B8DD","NumberOfPoints":1,"AddressInfo":{"ID":96794,"Title":"Hotel Termag Jahorina","AddressLine1":"Olimpijska 4","AddressLine2":"Olimpijska 4","Town":"Jahorina","StateOrProvince":"Pale municipality","Postcode":"71423","CountryID":33,"Latitude":43.7353859568588,"Longitude":18.568011332788,"ContactTelephone1":"+387 57 270 422","ContactTelephone2":"+387 57 272 100","ContactEmail":"info@termaghotel.com","AccessComments":"Hotel Termag Jahorina","RelatedURL":"https://www.termaghotel.com","DistanceUnit":0},"OperatorID":1,"DataProviderID":1,"UsageTypeID":5,"StatusTypeID":50,"Connections":[{"ID":136706,"ConnectionTypeID":17,"StatusTypeID":50,"LevelID":2,"PowerKW":22,"CurrentTypeID":20,"Quantity":1}]},{"ID":96447,"UUID":"E3DD967D-BCC9-416A-9C87-55521B06724D","NumberOfPoints":1,"AddressInfo":{"ID":96793,"Title":"Hotel Termag Jahorina","AddressLine1":"Olimpijska 4","AddressLine2":"Olimpijska 4","Town":"Jahorina","StateOrProvince":"Pale municipality","Postcode":"71423","CountryID":33,"Latitude":43.7353859568588,"Longitude":18.568011332788,"ContactTelephone1":"+387 57 270 422","ContactTelephone2":"+387 57 272 100","ContactEmail":"info@termaghotel.com","AccessComments":"Hotel Termag Jahorina","RelatedURL":"https://www.termaghotel.com","DistanceUnit":0},"DataProviderID":1,"UsageTypeID":5,"StatusTypeID":50,"Connections":[{"ID":136705,"ConnectionTypeID":25,"StatusTypeID":50,"LevelID":2,"PowerKW":22,"CurrentTypeID":20,"Quantity":1}],"MediaItems":[{"ID":13843,"ChargePointID":96447,"ItemURL":"https://media.openchargemap.io/images/BA/OCM96447/OCM-96447.orig.2017122811490190.jpg","ItemThumbnailURL":"https://media.openchargemap.io/images/BA/OCM96447/OCM-96447.thmb.2017122811490190.jpg","Comment":"","IsEnabled":true,"IsVideo":false,"IsFeaturedItem":false,"IsExternalResource":false,"User":{"ID":16809,"Username":"termag "},"DateCreated":"2017-12-28T11:49:00Z"}]},{"ID":90198,"UUID":"FA68069C-99E7-4AA8-95F5-AAEC116BCA3E","NumberOfPoints":1,"AddressInfo":{"ID":90544,"Title":"Hotel Tesla","AddressLine1":"25 5. Kozarske Brigade","Town":"Banja Luka","Postcode":"78000","CountryID":33,"Latitude":44.785192,"Longitude":17.202986,"ContactTelephone1":"+387 51 928 915","DistanceUnit":0},"OperatorID":23,"DataProviderID":1,"UsageTypeID":4,"StatusTypeID":50,"Connections":[{"ID":127851,"ConnectionTypeID":30,"StatusTypeID":50,"LevelID":2,"Amps":32,"Voltage":400,"PowerKW":22,"CurrentTypeID":20,"Quantity":1}]},{"ID":83907,"UUID":"211FBF28-30FB-49BC-9E2F-F01D3141C472","NumberOfPoints":1,"UsageCost":"Free. Parking fees apply €1.50/hour or €12.50/day","AddressInfo":{"ID":84253,"Title":"Residence Inn Marriott Sarajevo","AddressLine1":"Skenderija 43","AddressLine2":"Skenderija","Town":"Sarajevo","Postcode":"7100","CountryID":33,"Latitude":43.855771,"Longitude":18.42126,"ContactTelephone1":"+387 33563600","RelatedURL":"http://www.marriott.co.uk/hotels/travel/sjjri-residence-inn-sarajevo/","DistanceUnit":0},"OperatorID":45,"DataProviderID":1,"UsageTypeID":1,"StatusTypeID":50,"Connections":[{"ID":119092,"ConnectionTypeID":25,"StatusTypeID":50,"LevelID":2,"Quantity":1}]}]