[{"ID":301207,"UUID":"9A51A9C4-D71C-4A2A-BE11-206780CAB3BB","NumberOfPoints":10,"UsageCost":"0,24€/kWh","AddressInfo":{"ID":301594,"Title":"Parquing Costa Rodona ","AddressLine1":"Port d'Envalira","Town":"Encamp","Postcode":"AD200","CountryID":10,"Latitude":42.537212919743524,"Longitude":1.7270136132708558,"DistanceUnit":0},"OperatorID":3401,"DataProviderID":1,"UsageTypeID":4,"StatusTypeID":50,"Connections":[{"ID":562481,"ConnectionTypeID":1036,"StatusTypeID":50,"LevelID":2,"PowerKW":22,"CurrentTypeID":20,"Quantity":10}]},{"ID":301206,"UUID":"C6E69BBD-10E0-4997-8EDE-12333CDBFF14","NumberOfPoints":1,"UsageCost":"5€/hour","AddressInfo":{"ID":301593,"Title":"Hotel Naudi","AddressLine1":"CG-2","Postcode":"AD100","CountryID":10,"Latitude":42.5768113279465,"Longitude":1.6660613166370695,"DistanceUnit":0},"OperatorID":3401,"DataProviderID":1,"UsageTypeID":6,"StatusTypeID":50,"Connections":[{"ID":562480,"ConnectionTypeID":25,"StatusTypeID":50,"LevelID":2,"PowerKW":11,"CurrentTypeID":20,"Quantity":1}]},{"ID":301205,"UUID":"215D34DE-58D0-4E18-8C9E-2CA39F8A0472","NumberOfPoints":1,"UsageCost":"","AddressInfo":{"ID":301592,"Title":"Hotel Piolets Soldeu Centre","AddressLine1":"CG-2","Postcode":"AD100","CountryID":10,"Latitude":42.576465894788385,"Longitude":1.6673174531499626,"DistanceUnit":0},"OperatorID":45,"DataProviderID":1,"UsageTypeID":6,"StatusTypeID":50,"Connections":[{"ID":562479,"ConnectionTypeID":25,"StatusTypeID":50,"LevelID":2,"PowerKW":22,"CurrentTypeID":20,"Quantity":1}]},{"ID":301204,"UUID":"BDD027FB-A33E-43B5-884D-00C32C77B8CD","NumberOfPoints":3,"UsageCost":"","AddressInfo":{"ID":301591,"Title":"Hotel Serras","AddressLine1":"CG-2","Postcode":"AD100","CountryID":10,"Latitude":42.57945780579669,"Longitude":1.6592147950149183,"DistanceUnit":0},"OperatorID":45,"DataProviderID":1,"UsageTypeID":6,"StatusTypeID":50,"Connections":[{"ID":562478,"ConnectionTypeID":25,"StatusTypeID":50,"LevelID":2,"PowerKW":11,"CurrentTypeID":20,"Quantity":3}]},{"ID":301203,"UUID":"61907092-3087-4B1E-A256-99A4DEB36B4E","NumberOfPoints":2,"UsageCost":"","AddressInfo":{"ID":301590,"Title":" HOTEL LLOP GRIS","AddressLine1":"CG-2","Postcode":"AD100","CountryID":10,"Latitude":42.57806992272154,"Longitude":1.648819923212045,"DistanceUnit":0},"OperatorID":45,"DataProviderID":1,"UsageTypeID":6,"StatusTypeID":50,"Connections":[{"ID":562477,"ConnectionTypeID":25,"StatusTypeID":50,"LevelID":2,"PowerKW":22,"CurrentTypeID":20,"Quantity":2}]},{"ID":301202,"UUID":"4FE5A087-A3A6-4F09-A207-7D5FEFFEA2B5","NumberOfPoints":3,"UsageCost":"","AddressInfo":{"ID":301589,"Title":"Aparcament font del ferro","AddressLine1":"Carretera del Plans de Ransol","Postcode":"AD100","CountryID":10,"Latitude":42.5825702753701,"Longitude":1.6368544152778952,"DistanceUnit":0},"OperatorID":45,"DataProviderID":1,"UsageTypeID":1,"StatusTypeID":50,"Connections":[{"ID":562475,"ConnectionTypeID":1036,"StatusTypeID":50,"LevelID":2,"PowerKW":11,"CurrentTypeID":20,"Quantity":3}]},{"ID":301201,"UUID":"BC2B248E-E53C-46E8-B4DF-49BFFD7F86C0","NumberOfPoints":1,"UsageCost":"","AddressInfo":{"ID":301588,"Title":"Hotel l'Ermita","AddressLine1":"CS-230","Postcode":"AD100","CountryID":10,"Latitude":42.55403069526815,"Longitude":1.5898631544554007,"DistanceUnit":0},"OperatorID":45,"DataProviderID":1,"UsageTypeID":6,"StatusTypeID":50,"Connections":[{"ID":562474,"ConnectionTypeID":25,"StatusTypeID":50,"LevelID":2,"PowerKW":11,"CurrentTypeID":20,"Quantity":1}]},{"ID":301200,"UUID":"DA389496-D53B-4BCB-BF53-3AC2999AC2F6","NumberOfPoints":1,"UsageCost":"","AddressInfo":{"ID":301587,"Title":"Restaurante Hotel Les Pardines","AddressLine1":"CS-221","Town":"Encamp","Postcode":"AD200","CountryID":10,"Latitude":42.5308529076018,"Longitude":1.6004908354296958,"DistanceUnit":0},"OperatorID":45,"DataProviderID":1,"UsageTypeID":6,"StatusTypeID":50,"Connections":[{"ID":562473,"ConnectionTypeID":25,"StatusTypeID":50,"LevelID":2,"PowerKW":11,"CurrentTypeID":20,"Quantity":1}]},{"ID":301199,"UUID":"DEC19A7F-5E07-48F7-A5B2-BB02E3FC131F","NumberOfPoints":1,"UsageCost":"","AddressInfo":{"ID":301586,"Title":"La Solana Apartaments & Spa","AddressLine1":"Carretera dels Cortals d'Encamp","Town":"Encamp","Postcode":"AD200","CountryID":10,"Latitude":42.53402693816048,"Longitude":1.588138862291089,"DistanceUnit":0},"OperatorID":45,"DataProviderID":1,"UsageTypeID":6,"StatusTypeID":50,"Connections":[{"ID":562472,"ConnectionTypeID":25,"StatusTypeID":50,"LevelID":2,"PowerKW":7.4,"CurrentTypeID":10,"Quantity":1}]},{"ID":301198,"UUID":"5B310F44-41CA-43D7-ABEF-B45853B09DE3","NumberOfPoints":6,"UsageCost":"free","AddressInfo":{"ID":301585,"Title":"Estacio Ordino Arcalis Planells ","AddressLine1":"Carretera General 3","Postcode":"AD300","CountryID":10,"Latitude":42.629214520011374,"Longitude":1.498093661612188,"DistanceUnit":0},"OperatorID":1,"DataProviderID":1,"UsageTypeID":6,"StatusTypeID":50,"Connections":[{"ID":562471,"ConnectionTypeID":25,"StatusTypeID":50,"LevelID":2,"PowerKW":7.4,"CurrentTypeID":10,"Quantity":6}]},{"ID":301197,"UUID":"4F13EF68-7388-44FA-8AEB-CF76A0310AD3","NumberOfPoints":1,"UsageCost":"","AddressInfo":{"ID":301584,"Title":"Hotel Ordino","AddressLine1":"Carrer de Mossèn Cinto Verdaguer","Town":"Ordino","Postcode":"AD300","CountryID":10,"Latitude":42.5556997159504,"Longitude":1.533427575705332,"DistanceUnit":0},"OperatorID":45,"DataProviderID":1,"UsageTypeID":6,"StatusTypeID":50,"Connections":[{"ID":562470,"ConnectionTypeID":13,"StatusTypeID":50,"LevelID":2,"PowerKW":3.3,"CurrentTypeID":10,"Quantity":1}]},{"ID":301196,"UUID":"423B0190-F2BF-4251-98BB-1508E63632E6","NumberOfPoints":1,"UsageCost":"","AddressInfo":{"ID":301583,"Title":"Hotel Princesa Parc","AddressLine1":"Passatge Veïnal","Town":"La Massana","Postcode":"AD400","CountryID":10,"Latitude":42.57391749177194,"Longitude":1.4822241977125827,"DistanceUnit":0},"OperatorID":45,"DataProviderID":1,"UsageTypeID":6,"StatusTypeID":50,"Connections":[{"ID":562468,"ConnectionTypeID":30,"StatusTypeID":50,"LevelID":2,"PowerKW":11,"CurrentTypeID":20,"Quantity":1},{"ID":562469,"ConnectionTypeID":33,"StatusTypeID":50,"LevelID":2,"PowerKW":11,"CurrentTypeID":20,"Quantity":1}]},{"ID":301195,"UUID":"166EBF09-29CA-4DF3-99E4-87788BC5A361","NumberOfPoints":4,"UsageCost":"","AddressInfo":{"ID":301582,"Title":"Parking la Borda del avi","AddressLine1":"Avinguda del Ravell","Town":"La Massana","Postcode":"AD400","CountryID":10,"Latitude":42.551184963014975,"Longitude":1.5104816283769082,"DistanceUnit":0},"OperatorID":45,"DataProviderID":1,"UsageTypeID":1,"StatusTypeID":50,"Connections":[{"ID":562466,"ConnectionTypeID":35,"StatusTypeID":50,"LevelID":2,"PowerKW":11,"CurrentTypeID":10,"Quantity":2},{"ID":562467,"ConnectionTypeID":13,"StatusTypeID":50,"LevelID":2,"PowerKW":3.3,"CurrentTypeID":10,"Quantity":2}]},{"ID":301194,"UUID":"105FD235-7AC1-4D24-B086-42E2B6DF2B69","NumberOfPoints":1,"UsageCost":"","AddressInfo":{"ID":301581,"Title":"Apartaments Giberga","AddressLine1":"Carretera de l'Aldosa","Town":"La Massana","Postcode":"AD400","CountryID":10,"Latitude":42.546619592129474,"Longitude":1.5248251121406327,"DistanceUnit":0},"OperatorID":45,"DataProviderID":1,"UsageTypeID":6,"StatusTypeID":50,"Connections":[{"ID":562464,"ConnectionTypeID":25,"StatusTypeID":50,"LevelID":2,"PowerKW":7.4,"CurrentTypeID":10,"Quantity":1},{"ID":562465,"ConnectionTypeID":13,"StatusTypeID":50,"LevelID":2,"PowerKW":3.3,"CurrentTypeID":10,"Quantity":1}]},{"ID":301193,"UUID":"9389289E-42F1-4FAE-A581-506E4F49A40F","NumberOfPoints":4,"UsageCost":"0,25€/kWh","AddressInfo":{"ID":301580,"Title":"AnyósPark The Mountain & Wellness Resort","AddressLine1":"Carretera Sant Cristofol","Town":"La Massana","Postcode":"AD400","CountryID":10,"Latitude":42.53179195176088,"Longitude":1.5240559912472236,"DistanceUnit":0},"OperatorID":45,"DataProviderID":1,"UsageTypeID":6,"StatusTypeID":50,"Connections":[{"ID":562463,"ConnectionTypeID":25,"StatusTypeID":50,"LevelID":2,"PowerKW":7.4,"CurrentTypeID":10,"Quantity":4}]},{"ID":301192,"UUID":"D11C520F-1F07-4186-A9B1-A0F28B04D03F","NumberOfPoints":1,"UsageCost":"","AddressInfo":{"ID":301579,"Title":"Hotel Silken Insitu Eurotel","AddressLine1":"Avinguda Fiter i Rossell","Town":"les Escaldes","Postcode":"AD700","CountryID":10,"Latitude":42.51369675771488,"Longitude":1.5331245974954584,"DistanceUnit":0},"OperatorID":45,"DataProviderID":1,"UsageTypeID":6,"StatusTypeID":50,"Connections":[{"ID":562461,"ConnectionTypeID":25,"StatusTypeID":50,"LevelID":2,"PowerKW":11,"CurrentTypeID":20,"Quantity":1},{"ID":562462,"ConnectionTypeID":13,"StatusTypeID":50,"LevelID":2,"PowerKW":3.3,"CurrentTypeID":10,"Quantity":1}]},{"ID":301191,"UUID":"3999C06D-CD49-4D24-A72D-C4D0AAD742E3","NumberOfPoints":2,"UsageCost":"","AddressInfo":{"ID":301578,"Title":"Hotel Panorama","AddressLine1":"Carrer de l'obac","Town":"les Escaldes","Postcode":"AD700","CountryID":10,"Latitude":42.507949280846674,"Longitude":1.540878820703938,"DistanceUnit":0},"OperatorID":45,"DataProviderID":1,"UsageTypeID":6,"StatusTypeID":50,"Connections":[{"ID":562459,"ConnectionTypeID":25,"StatusTypeID":50,"LevelID":2,"PowerKW":11,"CurrentTypeID":20,"Quantity":1},{"ID":562460,"ConnectionTypeID":13,"StatusTypeID":50,"LevelID":2,"PowerKW":3.3,"CurrentTypeID":10,"Quantity":1}]},{"ID":301190,"UUID":"F135E011-376B-4CFA-8723-A1A5AC7C9C03","NumberOfPoints":2,"UsageCost":"","AddressInfo":{"ID":301577,"Title":"Hotel Metropolis","AddressLine1":"Carrer Batlle Tomàs","Town":"les Escaldes","Postcode":"AD700","CountryID":10,"Latitude":42.51016280554748,"Longitude":1.540747502344857,"DistanceUnit":0},"OperatorID":45,"DataProviderID":1,"UsageTypeID":6,"StatusTypeID":50,"Connections":[{"ID":562458,"ConnectionTypeID":25,"StatusTypeID":50,"LevelID":2,"PowerKW":11,"CurrentTypeID":20,"Quantity":2}]},{"ID":301189,"UUID":"05A224D9-D3F0-4E20-B042-0574E999C97B","NumberOfPoints":2,"UsageCost":"","AddressInfo":{"ID":301576,"Title":"Hotel Golden Tulip","AddressLine1":"Carrer del Prat Gran","Town":"les Escaldes","Postcode":"AD700","CountryID":10,"Latitude":42.509203512277395,"Longitude":1.5403131540863342,"DistanceUnit":0},"OperatorID":45,"DataProviderID":1,"UsageTypeID":6,"StatusTypeID":50,"Connections":[{"ID":562457,"ConnectionTypeID":25,"StatusTypeID":50,"LevelID":2,"PowerKW":11,"CurrentTypeID":20,"Quantity":2}]},{"ID":301188,"UUID":"606FEAAA-5979-4CEB-99AD-78A7B8A15BA0","NumberOfPoints":4,"UsageCost":"parking fee","AddressInfo":{"ID":301575,"Title":"Empark Escaldes Centre","AddressLine1":"les Escaldes","Town":"les Escaldes","Postcode":"AD700","CountryID":10,"Latitude":42.509640537927254,"Longitude":1.5386201953704983,"DistanceUnit":0},"OperatorID":3559,"DataProviderID":1,"UsageTypeID":4,"StatusTypeID":50,"Connections":[{"ID":562456,"ConnectionTypeID":25,"StatusTypeID":50,"LevelID":2,"PowerKW":22,"CurrentTypeID":20,"Quantity":4}]},{"ID":301187,"UUID":"12A9BDA3-B726-4CAB-8213-0D594A50084A","NumberOfPoints":2,"UsageCost":"0,47€/hour","AddressInfo":{"ID":301574,"Title":"Hotel Starc","AddressLine1":"Hotel Starc","Town":"Andorra la Vella","Postcode":"AD500","CountryID":10,"Latitude":42.50801272083976,"Longitude":1.5329274294875006,"DistanceUnit":0},"OperatorID":3401,"DataProviderID":1,"UsageTypeID":6,"StatusTypeID":50,"Connections":[{"ID":562455,"ConnectionTypeID":25,"StatusTypeID":50,"LevelID":2,"Amps":32,"Voltage":400,"PowerKW":22,"CurrentTypeID":20,"Quantity":2}]},{"ID":301186,"UUID":"2DF2152F-6E3C-4E6E-936C-04A460230D08","NumberOfPoints":1,"UsageCost":"","AddressInfo":{"ID":301573,"Title":"Hotel Màgic Andorra","AddressLine1":"Avinguda Doctor Mitjavila","Town":"Andorra la Vella","Postcode":"AD500","CountryID":10,"Latitude":42.50930609783978,"Longitude":1.529973969610694,"DistanceUnit":0},"OperatorID":45,"DataProviderID":1,"UsageTypeID":6,"StatusTypeID":50,"Connections":[{"ID":562454,"ConnectionTypeID":25,"StatusTypeID":50,"LevelID":2,"PowerKW":11,"CurrentTypeID":20,"Quantity":1}]},{"ID":301185,"UUID":"F1A69EBD-B977-4A2F-A7C0-39E8FCA68852","NumberOfPoints":2,"UsageCost":"16,80€/hour","AddressInfo":{"ID":301572,"Title":"Avinguda Meritxell","AddressLine1":"Avinguda Meritxell","Town":"Andorra la Vella","Postcode":"AD500","CountryID":10,"Latitude":42.50847467881587,"Longitude":1.5249484310969024,"DistanceUnit":0},"OperatorID":3401,"DataProviderID":1,"UsageTypeID":4,"StatusTypeID":50,"Connections":[{"ID":562452,"ConnectionTypeID":33,"StatusTypeID":50,"LevelID":3,"PowerKW":60,"CurrentTypeID":30,"Quantity":2},{"ID":562453,"ConnectionTypeID":2,"StatusTypeID":50,"LevelID":3,"PowerKW":60,"CurrentTypeID":30,"Quantity":2}]},{"ID":301184,"UUID":"008F00FB-E49B-4EFB-9BC7-45170E7CE69D","NumberOfPoints":1,"UsageCost":"0,47€/kWh","AddressInfo":{"ID":301571,"Title":"Hotel Cervol","AddressLine1":"Avinguda de Santa Coloma","Town":"Andorra la Vella","Postcode":"AD500","CountryID":10,"Latitude":42.50300653980946,"Longitude":1.5132001262470567,"DistanceUnit":0},"OperatorID":3401,"DataProviderID":1,"UsageTypeID":4,"StatusTypeID":50,"Connections":[{"ID":562451,"ConnectionTypeID":25,"StatusTypeID":50,"LevelID":2,"Amps":32,"Voltage":400,"PowerKW":22,"CurrentTypeID":20,"Quantity":1}]},{"ID":301183,"UUID":"9A65A537-9AFB-4778-B586-41011A205329","NumberOfPoints":2,"UsageCost":"4.95€/hour","AddressInfo":{"ID":301570,"Title":"Carrer Prat Salit","AddressLine1":"Carrer Prat Salit","Postcode":"AD500","CountryID":10,"Latitude":42.49553398493367,"Longitude":1.5054499443129146,"DistanceUnit":0},"OperatorID":3401,"DataProviderID":1,"UsageTypeID":4,"StatusTypeID":50,"Connections":[{"ID":562450,"ConnectionTypeID":25,"StatusTypeID":50,"LevelID":2,"Amps":32,"Voltage":400,"PowerKW":22,"CurrentTypeID":20,"Quantity":2}]},{"ID":301181,"UUID":"39D23708-1E08-4E70-9C9B-8824ACFD9727","NumberOfPoints":1,"UsageCost":"","AddressInfo":{"ID":301568,"Title":"Hotel Coma Bella","AddressLine1":"Carretera Secundaria de la Rabassa","Postcode":"AD600","CountryID":10,"Latitude":42.44647712444234,"Longitude":1.4944543128832777,"DistanceUnit":0},"OperatorID":45,"DataProviderID":1,"UsageTypeID":6,"StatusTypeID":50,"Connections":[{"ID":562447,"ConnectionTypeID":25,"StatusTypeID":50,"LevelID":2,"PowerKW":11,"CurrentTypeID":20,"Quantity":1}]},{"ID":301180,"UUID":"FB6A1F66-7815-4F70-8B1C-FB4E96DF30E6","NumberOfPoints":4,"UsageCost":"","AddressInfo":{"ID":301567,"Title":"Naturland Cota 1600","AddressLine1":"Carretera Secundaria de la Rabassa","Postcode":"AD600","CountryID":10,"Latitude":42.44192037644365,"Longitude":1.50057988918158,"DistanceUnit":0},"OperatorID":45,"DataProviderID":1,"UsageTypeID":1,"StatusTypeID":50,"Connections":[{"ID":562446,"ConnectionTypeID":25,"StatusTypeID":50,"LevelID":2,"PowerKW":11,"CurrentTypeID":20,"Quantity":4}]},{"ID":301179,"UUID":"05BF781C-54F4-4FEF-8ACF-2670E68D5A36","NumberOfPoints":1,"UsageCost":"","AddressInfo":{"ID":301566,"Title":"Supermercat Punt de Trobada","AddressLine1":"Carrer de la Geneta","Postcode":"AD600","CountryID":10,"Latitude":42.43913484259909,"Longitude":1.4919167509214049,"DistanceUnit":0},"OperatorID":45,"DataProviderID":1,"UsageTypeID":1,"StatusTypeID":50,"Connections":[{"ID":562445,"ConnectionTypeID":25,"StatusTypeID":50,"LevelID":2,"PowerKW":11,"CurrentTypeID":20,"Quantity":1}]},{"ID":301178,"UUID":"6BBA1169-801E-465F-9F4B-06037F8982B3","NumberOfPoints":4,"UsageCost":"","AddressInfo":{"ID":301565,"Title":"C.C. River","AddressLine1":"CG-1","Postcode":"AD600","CountryID":10,"Latitude":42.45370993562585,"Longitude":1.4867622364346857,"DistanceUnit":0},"OperatorID":45,"DataProviderID":1,"UsageTypeID":1,"StatusTypeID":50,"Connections":[{"ID":562443,"ConnectionTypeID":25,"StatusTypeID":50,"LevelID":2,"Amps":32,"Voltage":230,"PowerKW":7.4,"CurrentTypeID":10,"Quantity":4},{"ID":562444,"ConnectionTypeID":13,"StatusTypeID":50,"LevelID":2,"Amps":16,"Voltage":230,"PowerKW":3.7,"CurrentTypeID":10,"Quantity":4}]},{"ID":299667,"UUID":"3ED2E6DE-6B43-4401-8A66-E27310B7508E","NumberOfPoints":2,"UsageCost":"free","AddressInfo":{"ID":300054,"Title":"Saltoki Andorra","AddressLine1":"Carrer del Barrers","Postcode":"AD500","CountryID":10,"Latitude":42.49670164313258,"Longitude":1.4990281459037647,"DistanceUnit":0},"OperatorID":45,"DataProviderID":1,"UsageTypeID":6,"StatusTypeID":50,"Connections":[{"ID":552641,"ConnectionTypeID":25,"StatusTypeID":50,"LevelID":2,"PowerKW":22,"CurrentTypeID":20,"Quantity":2}]},{"ID":295902,"UUID":"863C1FDC-68E1-41CD-B80D-B37BBA817612","NumberOfPoints":10,"UsageCost":"0.20€/kWh","AddressInfo":{"ID":296289,"Title":"Parking Cubill Grau Roig","AddressLine1":"CS-280","Town":"Encamp","Postcode":"AD200","CountryID":10,"Latitude":42.531765850187526,"Longitude":1.696522097332263,"RelatedURL":"http://www.greencharging.org","DistanceUnit":0},"OperatorID":1,"DataProviderID":1,"UsageTypeID":4,"StatusTypeID":50,"Connections":[{"ID":527666,"ConnectionTypeID":1036,"Reference":"www.greencharging.org","StatusTypeID":50,"LevelID":2,"Amps":32,"Voltage":230,"PowerKW":7.4,"CurrentTypeID":10,"Quantity":10,"Comments":"Parking Cubill"}],"MediaItems":[{"ID":41581,"ChargePointID":295902,"ItemURL":"https://media.openchargemap.io/images/AD/OCM295902/OCM-295902.orig.2024022523302991.jpg","ItemThumbnailURL":"https://media.openchargemap.io/images/AD/OCM295902/OCM-295902.thmb.2024022523302991.jpg","Comment":"","IsEnabled":true,"IsVideo":false,"IsFeaturedItem":false,"IsExternalResource":false,"User":{"ID":46079,"Username":"inigoml"},"DateCreated":"2024-02-25T23:31:00Z"}]},{"ID":295900,"UUID":"C8FD23CB-FB69-4B0E-8F50-8F4727D0C018","NumberOfPoints":16,"UsageCost":"0.20€ kWh AC, 0.35€ kWh DC","AddressInfo":{"ID":296287,"Title":"Parking VIP Grau Roig ","AddressLine1":"CS-280","Town":"Encamp","Postcode":"AD200","CountryID":10,"Latitude":42.53267091572371,"Longitude":1.7000211590271874,"RelatedURL":"http://www.greencharging.org","DistanceUnit":0},"OperatorID":3377,"DataProviderID":1,"UsageTypeID":4,"StatusTypeID":50,"Connections":[{"ID":527660,"ConnectionTypeID":1036,"Reference":"GreenCharging ","StatusTypeID":50,"LevelID":2,"Amps":32,"Voltage":230,"PowerKW":7.4,"CurrentTypeID":10,"Quantity":10},{"ID":527661,"ConnectionTypeID":1036,"StatusTypeID":50,"LevelID":2,"Amps":32,"Voltage":230,"PowerKW":22,"CurrentTypeID":20,"Quantity":10},{"ID":527662,"ConnectionTypeID":33,"Reference":"GreenCharging ","StatusTypeID":50,"LevelID":3,"PowerKW":55,"CurrentTypeID":30,"Quantity":2},{"ID":527663,"ConnectionTypeID":33,"Reference":"GreenCharging ","StatusTypeID":50,"LevelID":3,"PowerKW":59,"CurrentTypeID":30,"Quantity":1},{"ID":527664,"ConnectionTypeID":2,"Reference":"GreenCharging ","StatusTypeID":50,"LevelID":3,"PowerKW":59,"CurrentTypeID":30,"Quantity":1,"Comments":"Shared with CCS2"}],"UserComments":[{"ID":29547,"ChargePointID":295900,"CommentTypeID":10,"UserName":"inigoml","Comment":"Charged at 11kW. Good price. Good service. Parking free for EVs. There are two stalls for card payments. You can also use GreenCharging app. ","Rating":5,"DateCreated":"2024-02-25T23:22:34.537Z","User":{"ID":46079,"Username":"inigoml"},"CheckinStatusTypeID":10,"IsActionedByEditor":false}],"MediaItems":[{"ID":41580,"ChargePointID":295900,"ItemURL":"https://media.openchargemap.io/images/AD/OCM295900/OCM-295900.orig.2024022523205360.jpg","ItemThumbnailURL":"https://media.openchargemap.io/images/AD/OCM295900/OCM-295900.thmb.2024022523205360.jpg","Comment":"EV parking lot","IsEnabled":true,"IsVideo":false,"IsFeaturedItem":false,"IsExternalResource":false,"User":{"ID":46079,"Username":"inigoml"},"DateCreated":"2024-02-25T23:21:00Z"}]},{"ID":281157,"UUID":"CFA2D76B-9447-4BFE-B4C9-02C6E8C2FAB6","NumberOfPoints":2,"UsageCost":"6,28€/hour","AddressInfo":{"ID":281544,"Title":"121 PARC FLUVIAL","AddressLine1":"121 PARC FLUVIAL","Postcode":"AD500","CountryID":10,"Latitude":42.49883487988399,"Longitude":1.5086445691439963,"DistanceUnit":0},"OperatorID":3401,"DataProviderID":1,"UsageTypeID":4,"StatusTypeID":50,"Connections":[{"ID":488973,"ConnectionTypeID":25,"StatusTypeID":50,"LevelID":2,"PowerKW":22,"CurrentTypeID":20,"Quantity":2}]},{"ID":281156,"UUID":"7EB37F13-3262-4CA7-B938-2E5BE8C812F5","NumberOfPoints":3,"UsageCost":"free","AddressInfo":{"ID":281543,"Title":"225 Aparcament Andorra 2000","AddressLine1":"Avinguda de Tarragona","Town":"Andorra la Vella","Postcode":"AD500","CountryID":10,"Latitude":42.50534529202224,"Longitude":1.5305888732946187,"DistanceUnit":0},"OperatorID":3401,"DataProviderID":1,"UsageTypeID":4,"StatusTypeID":50,"Connections":[{"ID":488972,"ConnectionTypeID":25,"StatusTypeID":50,"LevelID":2,"PowerKW":6,"CurrentTypeID":10,"Quantity":3}]},{"ID":281155,"UUID":"DC18DBD4-8CB4-48D0-966D-C7D991E02AEC","NumberOfPoints":1,"UsageCost":"free","AddressInfo":{"ID":281542,"Title":"202 APARCAMENT MCAUTO","AddressLine1":"Avinguda de Tarragona","Town":"Andorra la Vella","Postcode":"AD500","CountryID":10,"Latitude":42.50500495129654,"Longitude":1.5281725389601206,"DistanceUnit":0},"OperatorID":3401,"DataProviderID":1,"UsageTypeID":4,"StatusTypeID":50,"Connections":[{"ID":488971,"ConnectionTypeID":25,"StatusTypeID":50,"LevelID":2,"PowerKW":22,"CurrentTypeID":20,"Quantity":1}]},{"ID":281154,"UUID":"C773E4C9-53CB-4172-BDB3-5F6B4015331B","NumberOfPoints":2,"UsageCost":"11,20€/hour","AddressInfo":{"ID":281541,"Title":"117 Andorra Carrer de la Unio","AddressLine1":"Avinguda del Fener","Town":"les Escaldes","Postcode":"AD700","CountryID":10,"Latitude":42.50737475682115,"Longitude":1.5344810293645423,"DistanceUnit":0},"OperatorID":3401,"DataProviderID":1,"UsageTypeID":4,"StatusTypeID":50,"Connections":[{"ID":488968,"ConnectionTypeID":1036,"StatusTypeID":50,"LevelID":2,"PowerKW":22,"CurrentTypeID":20,"Quantity":2},{"ID":488969,"ConnectionTypeID":33,"StatusTypeID":50,"LevelID":3,"PowerKW":50,"CurrentTypeID":30,"Quantity":1},{"ID":488970,"ConnectionTypeID":2,"StatusTypeID":50,"LevelID":3,"PowerKW":50,"CurrentTypeID":30,"Quantity":1}]},{"ID":281153,"UUID":"BE69170A-2FC4-4162-AC9D-D28846E09500","NumberOfPoints":2,"UsageCost":"11,20€/hour","AddressInfo":{"ID":281540,"Title":"118 Andorra Prada Casadet QC 50","AddressLine1":"Carrer Prada Casadet","Town":"Andorra la Vella","Postcode":"AD500","CountryID":10,"Latitude":42.50609149103241,"Longitude":1.5228172040099253,"DistanceUnit":0},"OperatorID":3401,"DataProviderID":1,"UsageTypeID":4,"StatusTypeID":50,"Connections":[{"ID":488965,"ConnectionTypeID":1036,"StatusTypeID":50,"LevelID":2,"PowerKW":22,"CurrentTypeID":20,"Quantity":2},{"ID":488966,"ConnectionTypeID":33,"StatusTypeID":50,"LevelID":3,"PowerKW":50,"CurrentTypeID":30,"Quantity":1},{"ID":488967,"ConnectionTypeID":2,"StatusTypeID":50,"LevelID":3,"PowerKW":50,"CurrentTypeID":30,"Quantity":1}]},{"ID":281152,"UUID":"3812DA43-736D-4666-8ADC-9C79757E1D6B","NumberOfPoints":2,"UsageCost":"5,60€/hour","AddressInfo":{"ID":281539,"Title":"107 Andorra Aparcament Pyrenees P22","AddressLine1":"Avinguda Meritxell","Town":"Andorra la Vella","Postcode":"AD500","CountryID":10,"Latitude":42.508629407811355,"Longitude":1.5237558710055055,"DistanceUnit":0},"OperatorID":3401,"DataProviderID":1,"UsageTypeID":4,"StatusTypeID":50,"Connections":[{"ID":488964,"ConnectionTypeID":25,"StatusTypeID":50,"LevelID":2,"PowerKW":22,"CurrentTypeID":20,"Quantity":2}]},{"ID":281151,"UUID":"61E6F667-381A-47E5-8B5D-CC3C820540A7","NumberOfPoints":2,"UsageCost":"5,60€/hour","AddressInfo":{"ID":281538,"Title":"104 Andorra Carrer Pompeu Fabra P22","AddressLine1":"Carrer Pompeu Fabra","Town":"Andorra la Vella","Postcode":"AD500","CountryID":10,"Latitude":42.50739035252843,"Longitude":1.52651319484562,"DistanceUnit":0},"OperatorID":3401,"DataProviderID":1,"UsageTypeID":4,"StatusTypeID":50,"Connections":[{"ID":488963,"ConnectionTypeID":25,"StatusTypeID":50,"LevelID":2,"PowerKW":22,"CurrentTypeID":20,"Quantity":2}]},{"ID":281150,"UUID":"FA545722-A6F4-4742-8370-B4671DC53B38","NumberOfPoints":2,"UsageCost":"5,60€/hour","AddressInfo":{"ID":281537,"Title":"101 Andorra Aparcament Valira P22","AddressLine1":"Avinguda Consell d'Europa","Town":"Andorra la Vella","Postcode":"AD500","CountryID":10,"Latitude":42.509338021057175,"Longitude":1.5337836152326645,"DistanceUnit":0},"OperatorID":3401,"DataProviderID":1,"UsageTypeID":4,"StatusTypeID":50,"Connections":[{"ID":488962,"ConnectionTypeID":25,"StatusTypeID":50,"LevelID":2,"PowerKW":22,"CurrentTypeID":20,"Quantity":2}]},{"ID":281149,"UUID":"98289EC9-1236-4588-8753-C8D584885130","NumberOfPoints":2,"UsageCost":"5,60€/hour","AddressInfo":{"ID":281536,"Title":"111 Escaldes Aparcament Veedors P22","AddressLine1":"Carrer dels Veedors","Town":"les Escaldes","Postcode":"AD700","CountryID":10,"Latitude":42.50999452256315,"Longitude":1.5354564227199035,"DistanceUnit":0},"OperatorID":3401,"DataProviderID":1,"UsageTypeID":4,"StatusTypeID":50,"Connections":[{"ID":488961,"ConnectionTypeID":25,"StatusTypeID":50,"LevelID":2,"PowerKW":22,"CurrentTypeID":20,"Quantity":2}]},{"ID":281148,"UUID":"1D9E4862-2C26-4F9A-AFEF-C56B70BF1077","NumberOfPoints":2,"UsageCost":"5,60€/hour","AddressInfo":{"ID":281535,"Title":"114 Escaldes Prat Gran P22","AddressLine1":"Carrer Prat Gran","Town":"les Escaldes","Postcode":"AD700","CountryID":10,"Latitude":42.509591498420036,"Longitude":1.5391213526648357,"DistanceUnit":0},"OperatorID":3401,"DataProviderID":1,"UsageTypeID":4,"StatusTypeID":50,"Connections":[{"ID":488960,"ConnectionTypeID":25,"StatusTypeID":50,"LevelID":2,"PowerKW":22,"CurrentTypeID":20,"Quantity":2}]},{"ID":281147,"UUID":"7EABD7B8-D8D5-4498-AC4C-63E4CF8ADD61","NumberOfPoints":2,"UsageCost":"5,60€/hour","AddressInfo":{"ID":281534,"Title":"112 Escaldes Rotonda Engolasters P22","AddressLine1":"Avinguda del Pont de la Tosca","Town":"les Escaldes","Postcode":"AD700","CountryID":10,"Latitude":42.51209826801494,"Longitude":1.5500902807060868,"DistanceUnit":0},"OperatorID":3401,"DataProviderID":1,"UsageTypeID":4,"StatusTypeID":50,"Connections":[{"ID":488959,"ConnectionTypeID":25,"StatusTypeID":50,"LevelID":2,"PowerKW":22,"CurrentTypeID":20,"Quantity":2}]},{"ID":281146,"UUID":"928EB320-0EC6-43AA-812E-C87B4429C0F4","NumberOfPoints":2,"UsageCost":"5,60€/hour","AddressInfo":{"ID":281533,"Title":"103 Encamp FEDA P22","AddressLine1":"CG-2","Town":"Encamp","Postcode":"AD700","CountryID":10,"Latitude":42.514835753809336,"Longitude":1.5532016623718619,"DistanceUnit":0},"OperatorID":3401,"DataProviderID":1,"UsageTypeID":4,"StatusTypeID":50,"Connections":[{"ID":488958,"ConnectionTypeID":25,"StatusTypeID":50,"LevelID":2,"PowerKW":22,"CurrentTypeID":20,"Quantity":2}]},{"ID":281145,"UUID":"5FC43D27-BB15-4786-95C8-948EEAC8152C","NumberOfPoints":2,"UsageCost":"5,60€/hour","AddressInfo":{"ID":281532,"Title":"127 Aparcament de la Vena","AddressLine1":"Carrer de la Vena","Town":"Encamp","Postcode":"AD200","CountryID":10,"Latitude":42.531779035454264,"Longitude":1.5757583245596436,"DistanceUnit":0},"OperatorID":3401,"DataProviderID":1,"UsageTypeID":4,"StatusTypeID":50,"Connections":[{"ID":488957,"ConnectionTypeID":25,"StatusTypeID":50,"LevelID":2,"PowerKW":6,"CurrentTypeID":10,"Quantity":2}]},{"ID":281144,"UUID":"CBF05FDC-9E65-426D-858C-C1494247D1C9","NumberOfPoints":2,"UsageCost":"5,60€/hour","AddressInfo":{"ID":281531,"Title":"108 Encamp Prat de Baró P22","AddressLine1":"Avinguda de Joan Martí","Town":"Encamp","Postcode":"AD200","CountryID":10,"Latitude":42.533503220015575,"Longitude":1.5805010191759266,"DistanceUnit":0},"OperatorID":3401,"DataProviderID":1,"UsageTypeID":4,"StatusTypeID":50,"Connections":[{"ID":488956,"ConnectionTypeID":25,"StatusTypeID":50,"LevelID":2,"PowerKW":22,"CurrentTypeID":20,"Quantity":2}]},{"ID":281143,"UUID":"05A0B278-F2A2-4B2A-A85F-AA0FF659F11A","NumberOfPoints":2,"UsageCost":"5,60€/hour","AddressInfo":{"ID":281530,"Title":"109 Encamp Els Arinsols P22","AddressLine1":"Camí Ral","Town":"Encamp","Postcode":"AD200","CountryID":10,"Latitude":42.53664410633826,"Longitude":1.5838149178913454,"DistanceUnit":0},"OperatorID":3401,"DataProviderID":1,"UsageTypeID":4,"StatusTypeID":50,"Connections":[{"ID":488955,"ConnectionTypeID":25,"StatusTypeID":50,"LevelID":2,"PowerKW":22,"CurrentTypeID":20,"Quantity":2}]},{"ID":281142,"UUID":"2FA5204D-3144-451B-8FB1-A98A87611EB4","NumberOfPoints":2,"UsageCost":"5,60€/hour","AddressInfo":{"ID":281529,"Title":"125 Aparcament edifici telecabina Canillo","AddressLine1":"CG-2","Town":"Canillo","Postcode":"AD100","CountryID":10,"Latitude":42.56648273676413,"Longitude":1.6011207197308295,"DistanceUnit":0},"OperatorID":3401,"DataProviderID":1,"UsageTypeID":4,"StatusTypeID":50,"Connections":[{"ID":488954,"ConnectionTypeID":25,"StatusTypeID":50,"LevelID":2,"PowerKW":22,"CurrentTypeID":20,"Quantity":2}]},{"ID":281141,"UUID":"98064E98-424C-4B62-927C-4AEB7AE1637E","NumberOfPoints":4,"UsageCost":"5,60€/hour","AddressInfo":{"ID":281528,"Title":"119 Aparcament Telecabina del Tarter P22","AddressLine1":"CG-2","Postcode":"AD100","CountryID":10,"Latitude":42.57844222184957,"Longitude":1.6464075664038091,"DistanceUnit":0},"OperatorID":3401,"DataProviderID":1,"UsageTypeID":4,"StatusTypeID":50,"Connections":[{"ID":488953,"ConnectionTypeID":25,"StatusTypeID":50,"LevelID":2,"PowerKW":22,"CurrentTypeID":20,"Quantity":4}]},{"ID":281140,"UUID":"773EA9C1-3FD7-41CB-A2C4-6643EEF1BB43","NumberOfPoints":2,"UsageCost":"5,60€/hour","AddressInfo":{"ID":281527,"Title":"115 Soldeu P22","AddressLine1":"CG-2","Postcode":"AD100","CountryID":10,"Latitude":42.576996965864,"Longitude":1.6665377698407156,"DistanceUnit":0},"OperatorID":3401,"DataProviderID":1,"UsageTypeID":4,"StatusTypeID":50,"Connections":[{"ID":488952,"ConnectionTypeID":25,"StatusTypeID":50,"LevelID":2,"PowerKW":22,"CurrentTypeID":20,"Quantity":2}]},{"ID":281139,"UUID":"9B6CF98F-F339-438E-9C7C-7FC458A0243F","NumberOfPoints":4,"UsageCost":"5,60€/hour","AddressInfo":{"ID":281526,"Title":"305 Aparcament Avet","AddressLine1":"CG-2","Postcode":"AD100","CountryID":10,"Latitude":42.57574784121343,"Longitude":1.6668047906051697,"DistanceUnit":0},"OperatorID":3401,"DataProviderID":1,"UsageTypeID":4,"StatusTypeID":50,"Connections":[{"ID":488951,"ConnectionTypeID":25,"StatusTypeID":50,"LevelID":2,"PowerKW":6.4,"CurrentTypeID":10,"Quantity":4}]},{"ID":281138,"UUID":"1E26FBC0-C38D-40C6-A0DF-DAA6314944BD","NumberOfPoints":2,"UsageCost":"5,60€/hour","AddressInfo":{"ID":281525,"Title":"211 Aparcament Basers","AddressLine1":"CG-2","Postcode":"AD100","CountryID":10,"Latitude":42.575642168030186,"Longitude":1.669352284789511,"DistanceUnit":0},"OperatorID":3401,"DataProviderID":1,"UsageTypeID":4,"StatusTypeID":50,"Connections":[{"ID":488950,"ConnectionTypeID":25,"StatusTypeID":50,"LevelID":2,"PowerKW":6.4,"CurrentTypeID":10,"Quantity":2}]},{"ID":281137,"UUID":"68037C13-D52F-4E7E-83FF-819D2AD029DB","NumberOfPoints":2,"UsageCost":"5,60€/hour","AddressInfo":{"ID":281524,"Title":"401 ESGLESIA_PAS_DE_LA_CASA","AddressLine1":"Carrer de les Abelletes","Town":"Encamp","Postcode":"AD200","CountryID":10,"Latitude":42.54332229983049,"Longitude":1.7335598317664562,"DistanceUnit":0},"OperatorID":3401,"DataProviderID":1,"UsageTypeID":4,"StatusTypeID":50,"Connections":[{"ID":488948,"ConnectionTypeID":25,"StatusTypeID":50,"LevelID":2,"PowerKW":22,"CurrentTypeID":20,"Quantity":1},{"ID":488949,"ConnectionTypeID":0,"StatusTypeID":50,"LevelID":2,"PowerKW":3.7,"CurrentTypeID":10,"Quantity":1}]},{"ID":281136,"UUID":"82589D04-44CF-4DE2-9D66-C109285BBE08","NumberOfPoints":2,"UsageCost":"5,60€/hour","AddressInfo":{"ID":281523,"Title":"601 NASA_ARCALIS","AddressLine1":"Carretera General 3","Postcode":"AD300","CountryID":10,"Latitude":42.63181998084542,"Longitude":1.499840917234451,"DistanceUnit":0},"OperatorID":3401,"DataProviderID":1,"UsageTypeID":4,"StatusTypeID":50,"Connections":[{"ID":488946,"ConnectionTypeID":25,"StatusTypeID":50,"LevelID":2,"PowerKW":22,"CurrentTypeID":20,"Quantity":1},{"ID":488947,"ConnectionTypeID":0,"StatusTypeID":50,"LevelID":2,"PowerKW":3.7,"CurrentTypeID":10,"Quantity":1}]},{"ID":281135,"UUID":"65FBB725-9CC2-4930-96FE-EF76856D4E57","NumberOfPoints":2,"UsageCost":"5,60€/hour","AddressInfo":{"ID":281522,"Title":"609 NASA_SORTENY","AddressLine1":"Carretera de Sorteny","Postcode":"AD300","CountryID":10,"Latitude":42.6258535317252,"Longitude":1.551853740421052,"DistanceUnit":0},"OperatorID":3401,"DataProviderID":1,"UsageTypeID":4,"StatusTypeID":50,"Connections":[{"ID":488944,"ConnectionTypeID":25,"StatusTypeID":50,"LevelID":2,"PowerKW":22,"CurrentTypeID":20,"Quantity":1},{"ID":488945,"ConnectionTypeID":0,"StatusTypeID":50,"LevelID":2,"PowerKW":3.7,"CurrentTypeID":10,"Quantity":1}]},{"ID":281134,"UUID":"D31B146C-A379-4B21-A894-7F50DED15A4A","NumberOfPoints":4,"UsageCost":"5,60€/hour","AddressInfo":{"ID":281521,"Title":"705 Arans CG3","AddressLine1":"Carretera General 3","Postcode":"AD300","CountryID":10,"Latitude":42.582807960936094,"Longitude":1.519417721596028,"DistanceUnit":0},"OperatorID":3401,"DataProviderID":1,"UsageTypeID":4,"StatusTypeID":50,"Connections":[{"ID":488942,"ConnectionTypeID":25,"StatusTypeID":50,"LevelID":2,"PowerKW":6.4,"CurrentTypeID":10,"Quantity":2},{"ID":488943,"ConnectionTypeID":0,"StatusTypeID":50,"LevelID":2,"PowerKW":3.7,"CurrentTypeID":10,"Quantity":2}]},{"ID":281133,"UUID":"A0EE9C3F-9A50-411F-A3C3-B06173F3F635","NumberOfPoints":4,"UsageCost":"5,60€/hour","AddressInfo":{"ID":281520,"Title":"704 Aparcament La Cortinada","AddressLine1":"704 Aparcament La Cortinada","Town":"Ordino","Postcode":"AD300","CountryID":10,"Latitude":42.572106410847965,"Longitude":1.5185831264788021,"DistanceUnit":0},"OperatorID":3401,"DataProviderID":1,"UsageTypeID":4,"StatusTypeID":50,"Connections":[{"ID":488940,"ConnectionTypeID":25,"StatusTypeID":50,"LevelID":2,"PowerKW":6.4,"CurrentTypeID":10,"Quantity":2},{"ID":488941,"ConnectionTypeID":0,"StatusTypeID":50,"LevelID":2,"PowerKW":3.7,"CurrentTypeID":10,"Quantity":2}]},{"ID":281132,"UUID":"3C506255-CCAE-4EA0-86DF-E16A39D8958B","NumberOfPoints":4,"UsageCost":"5,60€/hour","AddressInfo":{"ID":281519,"Title":"701 Ordino Av. de les Moles","AddressLine1":"Carrer de Sornás","Town":"Sornàs","Postcode":"AD300","CountryID":10,"Latitude":42.563900338912305,"Longitude":1.527472280973825,"DistanceUnit":0},"OperatorID":3401,"DataProviderID":1,"UsageTypeID":4,"StatusTypeID":50,"Connections":[{"ID":488938,"ConnectionTypeID":25,"StatusTypeID":50,"LevelID":2,"PowerKW":6.4,"CurrentTypeID":10,"Quantity":2},{"ID":488939,"ConnectionTypeID":0,"StatusTypeID":50,"LevelID":2,"PowerKW":3.7,"CurrentTypeID":10,"Quantity":2}]},{"ID":281131,"UUID":"38E93F58-DEC5-4030-B633-C9993F73789E","NumberOfPoints":2,"UsageCost":"5,60€/hour","AddressInfo":{"ID":281518,"Title":"701 Ordino Av. de les Moles","AddressLine1":"Carretera General 3","Town":"Ordino","Postcode":"AD300","CountryID":10,"Latitude":42.55955286990064,"Longitude":1.5317920060226697,"DistanceUnit":0},"OperatorID":3401,"DataProviderID":1,"UsageTypeID":4,"StatusTypeID":50,"Connections":[{"ID":488936,"ConnectionTypeID":25,"StatusTypeID":50,"LevelID":2,"PowerKW":6.4,"CurrentTypeID":10,"Quantity":1},{"ID":488937,"ConnectionTypeID":0,"StatusTypeID":50,"LevelID":2,"PowerKW":3.7,"CurrentTypeID":10,"Quantity":1}]},{"ID":281130,"UUID":"F4444487-D7B6-4A02-ADE7-929571AA090F","NumberOfPoints":4,"UsageCost":"5,60€/hour","AddressInfo":{"ID":281517,"Title":"702 Ordino Aparcament Plana de Babot","AddressLine1":"Carrer Narciso Yepes","Town":"Ordino","Postcode":"AD300","CountryID":10,"Latitude":42.55351210407076,"Longitude":1.5312411558388703,"DistanceUnit":0},"OperatorID":3401,"DataProviderID":1,"UsageTypeID":4,"StatusTypeID":50,"Connections":[{"ID":488934,"ConnectionTypeID":25,"StatusTypeID":50,"LevelID":2,"PowerKW":6.4,"CurrentTypeID":10,"Quantity":2},{"ID":488935,"ConnectionTypeID":0,"StatusTypeID":50,"LevelID":2,"PowerKW":3.7,"CurrentTypeID":10,"Quantity":2}]},{"ID":281129,"UUID":"B67D2094-CD69-4808-B7B0-3E753E6150C2","NumberOfPoints":4,"UsageCost":"5,60€/hour","AddressInfo":{"ID":281516,"Title":"703 Ordino Urb. Clota Verda","AddressLine1":"Urbanització Clota Verda","Town":"Ordino","Postcode":"AD300","CountryID":10,"Latitude":42.55377685588684,"Longitude":1.5294902428934165,"DistanceUnit":0},"OperatorID":3401,"DataProviderID":1,"UsageTypeID":4,"StatusTypeID":50,"Connections":[{"ID":488932,"ConnectionTypeID":25,"StatusTypeID":50,"LevelID":2,"PowerKW":6.4,"CurrentTypeID":10,"Quantity":2},{"ID":488933,"ConnectionTypeID":0,"StatusTypeID":50,"LevelID":2,"PowerKW":3.7,"CurrentTypeID":10,"Quantity":2}]},{"ID":281128,"UUID":"61771FCC-8121-4101-B31F-6A44309C43DB","NumberOfPoints":2,"UsageCost":"5,60€/hour","AddressInfo":{"ID":281515,"Title":"604 NASA_ORDINO_AUDITORI","AddressLine1":"Carrer Antoni Fiter i Rossell","Town":"Ordino","Postcode":"AD300","CountryID":10,"Latitude":42.55661968995568,"Longitude":1.535139040484637,"DistanceUnit":0},"OperatorID":3401,"DataProviderID":1,"UsageTypeID":4,"StatusTypeID":50,"Connections":[{"ID":488931,"ConnectionTypeID":25,"StatusTypeID":50,"LevelID":2,"PowerKW":22,"CurrentTypeID":20,"Quantity":2}]},{"ID":281127,"UUID":"DC260662-13F9-48BF-9EA5-DAC27BF5982A","NumberOfPoints":1,"UsageCost":"5,60€/hour","AddressInfo":{"ID":281514,"Title":"606 NASA_ORDINO_CEO","AddressLine1":"Travessia d'Ordino","Town":"Ordino","Postcode":"AD300","CountryID":10,"Latitude":42.556214734172926,"Longitude":1.5324661134542907,"DistanceUnit":0},"OperatorID":3401,"DataProviderID":1,"UsageTypeID":4,"StatusTypeID":50,"Connections":[{"ID":488929,"ConnectionTypeID":25,"StatusTypeID":50,"LevelID":2,"PowerKW":22,"CurrentTypeID":20,"Quantity":1},{"ID":488930,"ConnectionTypeID":0,"StatusTypeID":50,"LevelID":2,"PowerKW":3.7,"CurrentTypeID":10,"Quantity":1}]},{"ID":281126,"UUID":"5A845BE0-CA9B-4139-80CE-66915A37D414","NumberOfPoints":2,"UsageCost":"5,60€/hour","AddressInfo":{"ID":281513,"Title":"605 NASA_EL_TRAVES","AddressLine1":"Avinguda del Través","Town":"La Massana","Postcode":"AD400","CountryID":10,"Latitude":42.54544504679015,"Longitude":1.5181426447204558,"DistanceUnit":0},"OperatorID":3401,"DataProviderID":1,"UsageTypeID":4,"StatusTypeID":50,"Connections":[{"ID":488927,"ConnectionTypeID":25,"StatusTypeID":50,"LevelID":2,"PowerKW":22,"CurrentTypeID":20,"Quantity":1},{"ID":488928,"ConnectionTypeID":0,"StatusTypeID":50,"LevelID":2,"PowerKW":3.7,"CurrentTypeID":10,"Quantity":1}]},{"ID":281125,"UUID":"3D30F64C-0770-4294-B050-E94DAE37BDAF","NumberOfPoints":2,"UsageCost":"5,60€/hour","AddressInfo":{"ID":281512,"Title":"603 NASA_LA_CLOSETA","AddressLine1":"Avinguda Sant Antoni","Town":"La Massana","Postcode":"AD400","CountryID":10,"Latitude":42.54459496012345,"Longitude":1.5154601133718586,"DistanceUnit":0},"OperatorID":3401,"DataProviderID":1,"UsageTypeID":4,"StatusTypeID":50,"Connections":[{"ID":488925,"ConnectionTypeID":25,"StatusTypeID":50,"LevelID":2,"PowerKW":22,"CurrentTypeID":20,"Quantity":1},{"ID":488926,"ConnectionTypeID":0,"StatusTypeID":50,"LevelID":2,"PowerKW":3.7,"CurrentTypeID":10,"Quantity":1}]},{"ID":281124,"UUID":"E9197D02-F884-4487-A8B3-E54D82711840","NumberOfPoints":2,"UsageCost":"5,60€/hour","AddressInfo":{"ID":281511,"Title":"608 NASA_FARRERA_NEGRA","AddressLine1":"608 NASA_FARRERA_NEGRA","Town":"La Massana","Postcode":"AD400","CountryID":10,"Latitude":42.54690676328505,"Longitude":1.5144569568012685,"DistanceUnit":0},"OperatorID":3401,"DataProviderID":1,"UsageTypeID":4,"StatusTypeID":50,"Connections":[{"ID":488923,"ConnectionTypeID":25,"StatusTypeID":50,"LevelID":2,"PowerKW":22,"CurrentTypeID":20,"Quantity":1},{"ID":488924,"ConnectionTypeID":0,"StatusTypeID":50,"LevelID":2,"PowerKW":3.7,"CurrentTypeID":10,"Quantity":1}]},{"ID":281122,"UUID":"A2BB846D-8585-487C-B443-99EF3E962382","NumberOfPoints":2,"UsageCost":"5,60€/hour","AddressInfo":{"ID":281509,"Title":"607 NASA_PRAT_DEL_COLAT","AddressLine1":"Avinguda del Ravell","Town":"La Massana","Postcode":"AD400","CountryID":10,"Latitude":42.549352562350094,"Longitude":1.5120038686765724,"DistanceUnit":0},"OperatorID":3401,"DataProviderID":1,"UsageTypeID":4,"StatusTypeID":50,"Connections":[{"ID":488919,"ConnectionTypeID":25,"StatusTypeID":50,"LevelID":2,"PowerKW":22,"CurrentTypeID":20,"Quantity":1},{"ID":488920,"ConnectionTypeID":0,"StatusTypeID":50,"LevelID":2,"PowerKW":3.7,"CurrentTypeID":10,"Quantity":1}]},{"ID":281121,"UUID":"1276B6E3-C641-4E75-BD06-21C28435F6B6","NumberOfPoints":2,"UsageCost":"5,60€/hour","AddressInfo":{"ID":281508,"Title":"602 NASA_CAUBELLA","AddressLine1":"La Caubella","Town":"La Massana","Postcode":"AD400","CountryID":10,"Latitude":42.53623098116776,"Longitude":1.4918055629080982,"DistanceUnit":0},"OperatorID":3401,"DataProviderID":1,"UsageTypeID":4,"StatusTypeID":50,"Connections":[{"ID":488917,"ConnectionTypeID":25,"StatusTypeID":50,"LevelID":2,"PowerKW":22,"CurrentTypeID":20,"Quantity":1},{"ID":488918,"ConnectionTypeID":0,"StatusTypeID":50,"LevelID":2,"PowerKW":3.7,"CurrentTypeID":10,"Quantity":1}]},{"ID":281120,"UUID":"FD6A01F2-614E-47A4-95FB-3A10C03B4375","NumberOfPoints":2,"UsageCost":"5,60€/hour","AddressInfo":{"ID":281507,"Title":"611 NASA_ARINSAL_TCB","AddressLine1":"Carretera d'Arinsal","Town":"La Massana","Postcode":"AD400","CountryID":10,"Latitude":42.572037885991335,"Longitude":1.4837833866239691,"DistanceUnit":0},"OperatorID":3401,"DataProviderID":1,"UsageTypeID":4,"StatusTypeID":50,"Connections":[{"ID":488916,"ConnectionTypeID":25,"StatusTypeID":50,"LevelID":2,"PowerKW":22,"CurrentTypeID":20,"Quantity":2}]},{"ID":281119,"UUID":"D9220117-F086-4264-9ADF-537D36AC3B06","NumberOfPoints":2,"UsageCost":"5,60€/hour","AddressInfo":{"ID":281506,"Title":"610 NASA_COLL_DE_LA_BOTELLA","AddressLine1":"CG-4","Town":"La Massana","Postcode":"AD400","CountryID":10,"Latitude":42.54478059951123,"Longitude":1.453205992425751,"DistanceUnit":0},"OperatorID":3401,"DataProviderID":1,"UsageTypeID":4,"StatusTypeID":50,"Connections":[{"ID":488914,"ConnectionTypeID":25,"StatusTypeID":50,"LevelID":2,"PowerKW":22,"CurrentTypeID":20,"Quantity":1},{"ID":488915,"ConnectionTypeID":0,"StatusTypeID":50,"LevelID":2,"PowerKW":3.7,"CurrentTypeID":10,"Quantity":1}]},{"ID":281118,"UUID":"AE7DFD9C-6B3A-4F46-A9A7-CC68A313A4C5","NumberOfPoints":15,"UsageCost":"free","AddressInfo":{"ID":281505,"Title":"Centre Comercial Nou Punt","AddressLine1":"CG-1","Postcode":"AD600","CountryID":10,"Latitude":42.448096329469735,"Longitude":1.4820305070496431,"DistanceUnit":0},"OperatorID":3401,"DataProviderID":1,"UsageTypeID":4,"StatusTypeID":50,"Connections":[{"ID":488913,"ConnectionTypeID":25,"StatusTypeID":50,"LevelID":2,"PowerKW":7.4,"CurrentTypeID":10,"Quantity":15}]},{"ID":281117,"UUID":"503AB620-6C9B-4480-92EB-69971DFA2080","NumberOfPoints":2,"UsageCost":"5,60€/hour","AddressInfo":{"ID":281504,"Title":"510 MUTUA_GERMANDAT","AddressLine1":"Plaça de la Germandat","Town":"Sant Julià de Lòria","Postcode":"AD600","CountryID":10,"Latitude":42.46523593694957,"Longitude":1.4902744927897515,"DistanceUnit":0},"OperatorID":3401,"DataProviderID":1,"UsageTypeID":4,"StatusTypeID":50,"Connections":[{"ID":488911,"ConnectionTypeID":25,"StatusTypeID":50,"LevelID":2,"PowerKW":22,"CurrentTypeID":20,"Quantity":2}]},{"ID":281116,"UUID":"E66B23DD-5A4A-4C77-B8B1-F5FA8FBD695F","NumberOfPoints":2,"UsageCost":"5,60€/hour","AddressInfo":{"ID":281503,"Title":"511 MUTUA_PRAT_NOU","AddressLine1":"Baixador del Moli","Town":"Sant Julià de Lòria","Postcode":"AD600","CountryID":10,"Latitude":42.4685401669999,"Longitude":1.4930762701604863,"DistanceUnit":0},"OperatorID":3401,"DataProviderID":1,"UsageTypeID":4,"StatusTypeID":50,"Connections":[{"ID":488909,"ConnectionTypeID":25,"StatusTypeID":50,"LevelID":2,"PowerKW":22,"CurrentTypeID":20,"Quantity":1},{"ID":488910,"ConnectionTypeID":0,"StatusTypeID":50,"LevelID":2,"PowerKW":3.7,"CurrentTypeID":10,"Quantity":1}]},{"ID":211110,"UUID":"426889E2-D245-48E5-B91A-946867D30515","NumberOfPoints":4,"UsageCost":"5,07€/hour","AddressInfo":{"ID":211490,"Title":"Parking Saba","AddressLine1":"Carrer Pau Casals","Town":"Andorra la Vella","Postcode":"AD500","CountryID":10,"Latitude":42.508728533795676,"Longitude":1.5307951321875635,"DistanceUnit":0},"OperatorID":3401,"DataProviderID":1,"UsageTypeID":4,"StatusTypeID":50,"Connections":[{"ID":351924,"ConnectionTypeID":25,"StatusTypeID":50,"LevelID":2,"PowerKW":22,"CurrentTypeID":20,"Quantity":4}]},{"ID":202291,"UUID":"6AEBE547-55F9-4FCC-8197-1EA19546DEA1","NumberOfPoints":4,"UsageCost":"0,35€/kWh ","AddressInfo":{"ID":202658,"Title":"Andorra Racing Saturn","AddressLine1":"Avinguda del Princep Benlloch","Town":"Andorra la Vella","StateOrProvince":"","Postcode":"AD500","CountryID":10,"Latitude":42.50504140160828,"Longitude":1.5152525438147677,"DistanceUnit":0},"OperatorID":3552,"DataProviderID":1,"UsageTypeID":4,"StatusTypeID":50,"Connections":[{"ID":338294,"ConnectionTypeID":33,"StatusTypeID":50,"LevelID":3,"Amps":200,"Voltage":1000,"PowerKW":180,"CurrentTypeID":30,"Quantity":2,"Comments":"Starcharge Titan180. The DC charger allows charging one vehicle at 180kW, or two simultaneous charges at 90kW. Maximum amperage 200A (max power is limited for 400V cars)"},{"ID":548873,"ConnectionTypeID":25,"StatusTypeID":50,"LevelID":2,"PowerKW":22,"CurrentTypeID":20,"Quantity":2}]},{"ID":163394,"UUID":"C4561F0A-CBB7-4173-8BDE-4AD4AD816584","NumberOfPoints":1,"UsageCost":"Free","AddressInfo":{"ID":163751,"Title":"Hotel Guillem","AddressLine1":"Carrer dels Arínsols 10","Town":"Encamp","StateOrProvince":"Encamp","Postcode":"AD200","CountryID":10,"Latitude":42.535628534448534,"Longitude":1.5831800645655676,"ContactTelephone1":"+376 733900","ContactEmail":"info@hotelguillem.net","RelatedURL":"https://www.hotelguillem.net","DistanceUnit":0},"OperatorID":45,"DataProviderID":1,"UsageTypeID":6,"StatusTypeID":50,"Connections":[{"ID":234964,"ConnectionTypeID":25,"LevelID":2,"PowerKW":7.4,"CurrentTypeID":10,"Quantity":1}],"MediaItems":[{"ID":24399,"ChargePointID":163394,"ItemURL":"https://media.openchargemap.io/images/AD/OCM163394/OCM-163394.orig.2020082310390793.jpg","ItemThumbnailURL":"https://media.openchargemap.io/images/AD/OCM163394/OCM-163394.thmb.2020082310390793.jpg","Comment":"","IsEnabled":true,"IsVideo":false,"IsFeaturedItem":false,"IsExternalResource":false,"User":{"ID":27128,"Username":"Hotel Guillem "},"DateCreated":"2020-08-23T10:39:00Z"}]},{"ID":91855,"UUID":"41C5BE5D-BE58-44AB-8A8E-6292E51243AF","NumberOfPoints":3,"AddressInfo":{"ID":92201,"Title":"Sport Hotel Hermitage","AddressLine1":"Carretera General S/N","Town":"Soldeu","Postcode":"AD100","CountryID":10,"Latitude":42.575459,"Longitude":1.671297,"ContactTelephone1":"+376 870 670","DistanceUnit":0},"OperatorID":45,"DataProviderID":1,"UsageTypeID":6,"StatusTypeID":50,"Connections":[{"ID":130204,"ConnectionTypeID":30,"StatusTypeID":50,"LevelID":2,"Amps":32,"Voltage":400,"PowerKW":22,"CurrentTypeID":20,"Quantity":1},{"ID":388249,"ConnectionTypeID":1036,"StatusTypeID":50,"LevelID":2,"PowerKW":11,"CurrentTypeID":20,"Quantity":2}]},{"ID":88308,"UUID":"DCD20AD3-8E02-4D93-9DAA-9F32C5E368B0","NumberOfPoints":1,"AddressInfo":{"ID":88654,"Title":"Hotel Bringué","AddressLine1":"16 Avinguda Sant Pere","Town":"El Serrat","Postcode":"AD300","CountryID":10,"Latitude":42.61977,"Longitude":1.540007,"ContactTelephone1":"+37 673 69 99","DistanceUnit":0},"OperatorID":45,"DataProviderID":1,"UsageTypeID":6,"StatusTypeID":50,"Connections":[{"ID":125274,"ConnectionTypeID":30,"StatusTypeID":50,"LevelID":2,"Amps":32,"Voltage":400,"PowerKW":22,"CurrentTypeID":20,"Quantity":1}]},{"ID":85496,"UUID":"09E47F9C-8E9C-477C-AC46-7CA7C8F052BE","NumberOfPoints":1,"AddressInfo":{"ID":85842,"Title":"Hotel Roc Blanc","AddressLine1":"5 Plaça Coprinceps","Town":"Escaldes","Postcode":"AD700","CountryID":10,"Latitude":42.509213,"Longitude":1.539297,"ContactTelephone1":"+37 687 1400","DistanceUnit":0},"OperatorID":45,"DataProviderID":1,"UsageTypeID":6,"StatusTypeID":50,"Connections":[{"ID":121577,"ConnectionTypeID":30,"StatusTypeID":50,"LevelID":2,"Amps":32,"Voltage":400,"PowerKW":22,"CurrentTypeID":20,"Quantity":1}]},{"ID":85154,"UUID":"D9F84A66-6C77-4C16-899F-3708CCE8E6DB","NumberOfPoints":1,"AddressInfo":{"ID":85500,"Title":"Grau Roig Andorra Boutique Hotel & Spa","AddressLine1":"Estacion de Esqui­ de Grandvalira","Town":"Grau Roig","Postcode":"AD200","CountryID":10,"Latitude":42.532655,"Longitude":1.701198,"ContactTelephone1":"+376-755556","DistanceUnit":0},"OperatorID":45,"DataProviderID":1,"UsageTypeID":6,"StatusTypeID":50,"Connections":[{"ID":120916,"ConnectionTypeID":30,"StatusTypeID":50,"LevelID":2,"Amps":16,"Voltage":400,"PowerKW":11,"CurrentTypeID":20,"Quantity":1}]},{"ID":84889,"UUID":"6CD1A217-CA28-464D-85C3-E4EA2E811FD1","NumberOfPoints":2,"UsageCost":"Gratis para los clientes del hotel, el resto hablar con recepción","AddressInfo":{"ID":85235,"Title":"Hotel Piolets Park & Spa","AddressLine1":"CG-2","Town":"Soldeu","StateOrProvince":"Canillo","Postcode":"AD100","CountryID":10,"Latitude":42.5779970324637,"Longitude":1.66384217392738,"ContactTelephone1":"00376871787","ContactEmail":"clients@pioletspark.com","RelatedURL":"http://www.pioletspark.com","DistanceUnit":0},"OperatorID":45,"DataProviderID":1,"UsageTypeID":6,"StatusTypeID":50,"Connections":[{"ID":120631,"ConnectionTypeID":25,"StatusTypeID":50,"LevelID":2,"Amps":16,"Voltage":230,"PowerKW":4,"CurrentTypeID":10,"Quantity":1},{"ID":120646,"ConnectionTypeID":1036,"StatusTypeID":50,"LevelID":2,"Amps":16,"Voltage":230,"PowerKW":4,"CurrentTypeID":10,"Quantity":1}],"MediaItems":[{"ID":10661,"ChargePointID":84889,"ItemURL":"https://media.openchargemap.io/images/AD/OCM84889/OCM-84889.orig.2017032217165637.jpg","ItemThumbnailURL":"https://media.openchargemap.io/images/AD/OCM84889/OCM-84889.thmb.2017032217165637.jpg","Comment":"Cargador","IsEnabled":true,"IsVideo":false,"IsFeaturedItem":false,"IsExternalResource":false,"User":{"ID":13340,"Username":"Enginesa"},"DateCreated":"2017-03-22T17:17:00Z"}]},{"ID":84189,"UUID":"21009E6C-06BA-4710-B787-A16FC9872251","NumberOfPoints":1,"AddressInfo":{"ID":84535,"Title":"Andorra Park Hotel","AddressLine1":"24 les Canals","Town":"Andorra La Vella","Postcode":"AD500","CountryID":10,"Latitude":42.509276,"Longitude":1.522417,"ContactTelephone1":"+376 877 777","DistanceUnit":0},"OperatorID":45,"DataProviderID":1,"UsageTypeID":6,"StatusTypeID":50,"Connections":[{"ID":119590,"ConnectionTypeID":30,"StatusTypeID":50,"LevelID":2,"Amps":32,"Voltage":400,"PowerKW":22,"CurrentTypeID":20,"Quantity":1}]},{"ID":84122,"UUID":"A5AF48AA-B71E-49ED-A786-930CC089EB0F","NumberOfPoints":3,"AddressInfo":{"ID":84468,"Title":"Hotel Nordic","AddressLine1":"S/N Carrer de Tomas","Town":"El Tarter","Postcode":"AD100","CountryID":10,"Latitude":42.577795,"Longitude":1.650187,"ContactTelephone1":"+37 673 95 00","DistanceUnit":0},"OperatorID":45,"DataProviderID":1,"UsageTypeID":6,"StatusTypeID":50,"Connections":[{"ID":119523,"ConnectionTypeID":30,"StatusTypeID":50,"LevelID":2,"Amps":16,"Voltage":400,"PowerKW":11,"CurrentTypeID":20,"Quantity":1},{"ID":562476,"ConnectionTypeID":25,"StatusTypeID":50,"LevelID":2,"PowerKW":22,"CurrentTypeID":20,"Quantity":2}]},{"ID":82186,"UUID":"3F604D49-D0D1-45FD-B892-A13CD20AAA9D","NumberOfPoints":4,"AddressInfo":{"ID":82532,"Title":"Centro Comercial Illa Carlemany","AddressLine1":"70 Av Carlemany","Town":"Escaldes-Engordany","Postcode":"AD700","CountryID":10,"Latitude":42.508714,"Longitude":1.534675,"ContactTelephone1":"+376 892 000","DistanceUnit":0},"OperatorID":45,"DataProviderID":1,"UsageTypeID":6,"StatusTypeID":50,"Connections":[{"ID":116946,"ConnectionTypeID":30,"StatusTypeID":50,"LevelID":2,"Amps":32,"Voltage":400,"PowerKW":22,"CurrentTypeID":20,"Quantity":2},{"ID":388246,"ConnectionTypeID":1036,"StatusTypeID":50,"LevelID":2,"PowerKW":6.4,"CurrentTypeID":10,"Quantity":4}]},{"ID":80033,"UUID":"C860FB5C-FC8F-49F5-A918-C558B3857079","NumberOfPoints":1,"UsageCost":"Free","AddressInfo":{"ID":80379,"Title":"Holiday Inn Andorra","AddressLine1":"88 Prat de la Creu","Town":"Andorra la Vella","Postcode":"AD500","CountryID":10,"Latitude":42.505845,"Longitude":1.519892,"ContactTelephone1":"+37 687 4444","DistanceUnit":0},"OperatorID":45,"DataProviderID":1,"UsageTypeID":6,"StatusTypeID":50,"Connections":[{"ID":114682,"ConnectionTypeID":30,"StatusTypeID":50,"LevelID":2,"Amps":32,"Voltage":400,"PowerKW":22,"CurrentTypeID":20,"Quantity":1}]},{"ID":79795,"UUID":"B0549EDC-9650-49A2-89D8-9A4F91297D19","NumberOfPoints":1,"UsageCost":"Free","AddressInfo":{"ID":80141,"Title":"Hotel Palomé","AddressLine1":"S/N Carretera d'Arinsal","Town":"Erts","Postcode":"AD400","CountryID":10,"Latitude":42.565144,"Longitude":1.491052,"ContactTelephone1":"+376 738 500","DistanceUnit":0},"OperatorID":45,"DataProviderID":1,"UsageTypeID":6,"StatusTypeID":50,"Connections":[{"ID":114442,"ConnectionTypeID":30,"StatusTypeID":50,"LevelID":2,"Amps":32,"Voltage":400,"PowerKW":22,"CurrentTypeID":20,"Quantity":1}]},{"ID":75344,"UUID":"53CC5EFB-90AE-4E1C-9E05-B0FBF6C16F55","NumberOfPoints":1,"UsageCost":"Free","AddressInfo":{"ID":75690,"Title":"Hotel Plaza Andorra","AddressLine1":"19 Na Maria Pla","Town":"Andorra la Vella","Postcode":"AD500","CountryID":10,"Latitude":42.506722,"Longitude":1.532278,"ContactTelephone1":"+376 871 385","DistanceUnit":0},"OperatorID":45,"DataProviderID":1,"UsageTypeID":6,"StatusTypeID":50,"Connections":[{"ID":108649,"ConnectionTypeID":30,"StatusTypeID":50,"LevelID":2,"Amps":32,"Voltage":400,"PowerKW":22,"CurrentTypeID":20,"Quantity":1}]},{"ID":73220,"UUID":"EB3189C8-2B4F-48E8-B850-EF6D653FCCF9","NumberOfPoints":2,"UsageCost":"5,60€/kWh","AddressInfo":{"ID":73566,"Title":"Sta Coloma Mossén Lluís Pujol","AddressLine1":"Carrer Mossèn Lluis Pujol","Town":"Santa Coloma","StateOrProvince":"Andorra la Vella","Postcode":"AD500","CountryID":10,"Latitude":42.4969588071241,"Longitude":1.50096559900807,"RelatedURL":"http://www.feda.ad","DistanceUnit":0},"OperatorID":3401,"DataProviderID":1,"UsageTypeID":4,"StatusTypeID":50,"Connections":[{"ID":105353,"ConnectionTypeID":25,"StatusTypeID":50,"LevelID":2,"PowerKW":22,"CurrentTypeID":20,"Quantity":2},{"ID":105354,"ConnectionTypeID":13,"StatusTypeID":50,"LevelID":2,"PowerKW":3,"CurrentTypeID":10,"Quantity":2}]},{"ID":73219,"UUID":"A30E32CA-E342-440E-A445-D0394CD24C6C","NumberOfPoints":2,"UsageCost":"5,60€/kWh","AddressInfo":{"ID":73565,"Title":"Escaldes Falgueró","AddressLine1":"Carrer Sant Andreu","Town":"Engordany","StateOrProvince":"Escaldes-Engordany","Postcode":"AD700","CountryID":10,"Latitude":42.512113512082,"Longitude":1.53349542994068,"RelatedURL":"http://www.feda.ad","DistanceUnit":0},"OperatorID":3401,"DataProviderID":1,"UsageTypeID":4,"StatusTypeID":50,"Connections":[{"ID":105351,"ConnectionTypeID":25,"StatusTypeID":50,"LevelID":2,"PowerKW":22,"CurrentTypeID":20,"Quantity":2},{"ID":105352,"ConnectionTypeID":13,"StatusTypeID":50,"LevelID":2,"PowerKW":3,"CurrentTypeID":10,"Quantity":2}]},{"ID":73218,"UUID":"F343EFE7-1FC7-4135-8D67-26B20704F159","NumberOfPoints":2,"UsageCost":"5,60€/kWh","AddressInfo":{"ID":73564,"Title":"120 Escaldes Esglesia P22","AddressLine1":"Avinguda Copríncep de Gaulle","Town":"Escaldes-Engordany","StateOrProvince":"Escaldes-Engordany","Postcode":"AD700","CountryID":10,"Latitude":42.5091081737069,"Longitude":1.54212141413258,"RelatedURL":"http://www.feda.ad","DistanceUnit":0},"OperatorID":3401,"DataProviderID":1,"UsageTypeID":4,"StatusTypeID":50,"Connections":[{"ID":105349,"ConnectionTypeID":25,"StatusTypeID":50,"LevelID":2,"PowerKW":22,"CurrentTypeID":20,"Quantity":2},{"ID":105350,"ConnectionTypeID":13,"StatusTypeID":50,"LevelID":2,"PowerKW":3,"CurrentTypeID":10,"Quantity":2}]},{"ID":73217,"UUID":"77259780-7B99-48A8-A938-48E82A3683E5","NumberOfPoints":2,"UsageCost":"5,60€/kWh","AddressInfo":{"ID":73563,"Title":"Escaldes Aparcament ILLA","AddressLine1":"Carrer de La Valira","Town":"Escaldes-Engordany","StateOrProvince":"Escaldes-Engordany","Postcode":"AD700","CountryID":10,"Latitude":42.5089049128545,"Longitude":1.5341,"RelatedURL":"http://www.feda.ad","DistanceUnit":0},"OperatorID":3401,"DataProviderID":1,"UsageTypeID":4,"StatusTypeID":50,"Connections":[{"ID":105347,"ConnectionTypeID":25,"StatusTypeID":50,"LevelID":2,"PowerKW":22,"CurrentTypeID":20,"Quantity":2},{"ID":105348,"ConnectionTypeID":13,"StatusTypeID":50,"LevelID":2,"PowerKW":3,"CurrentTypeID":10,"Quantity":2}]},{"ID":73216,"UUID":"FFCD051C-8EA4-44B7-9633-CA7D922387E5","NumberOfPoints":2,"UsageCost":"5,60€/kWh","AddressInfo":{"ID":73562,"Title":"Andorra Govern","AddressLine1":"Carrer Prada Casadet","Town":"Andorra la Vella","StateOrProvince":"Andorra la Vella","Postcode":"AD500","CountryID":10,"Latitude":42.5062632506857,"Longitude":1.52272421531154,"RelatedURL":"http://www.feda.ad","DistanceUnit":0},"OperatorID":3401,"DataProviderID":1,"UsageTypeID":4,"StatusTypeID":50,"Connections":[{"ID":105345,"ConnectionTypeID":25,"StatusTypeID":50,"LevelID":2,"PowerKW":22,"CurrentTypeID":20,"Quantity":2},{"ID":105346,"ConnectionTypeID":13,"StatusTypeID":50,"LevelID":2,"PowerKW":3,"CurrentTypeID":10,"Quantity":2}]},{"ID":73215,"UUID":"02755535-ACEA-4888-9818-7774FC27B83A","NumberOfPoints":2,"UsageCost":"5,60€/kWh","AddressInfo":{"ID":73561,"Title":"Andorra Ana Maria Pla","AddressLine1":"Carrer Maria Plà","Town":"Andorra la Vella","StateOrProvince":"Andorra la Vella","Postcode":"AD500","CountryID":10,"Latitude":42.5074970948136,"Longitude":1.53325993232204,"RelatedURL":"http://www.feda.ad","DistanceUnit":0},"OperatorID":3401,"DataProviderID":1,"UsageTypeID":4,"StatusTypeID":50,"Connections":[{"ID":105343,"ConnectionTypeID":25,"StatusTypeID":50,"LevelID":2,"PowerKW":22,"CurrentTypeID":20,"Quantity":2},{"ID":105344,"ConnectionTypeID":13,"StatusTypeID":50,"LevelID":2,"PowerKW":3,"CurrentTypeID":10,"Quantity":2}]},{"ID":73214,"UUID":"95C69C80-2BF1-4AD7-AE30-DD0580DAD087","NumberOfPoints":2,"AddressInfo":{"ID":73560,"Title":" Encamp La Palanqueta","AddressLine1":"Avinguda Princep Benlloch","Town":"Encamp","StateOrProvince":"Encamp","Postcode":"AD200","CountryID":10,"Latitude":42.5344852949663,"Longitude":1.5794878054304,"RelatedURL":"http://www.feda.ad","DistanceUnit":0},"OperatorID":1,"DataProviderID":1,"UsageTypeID":4,"StatusTypeID":50,"Connections":[{"ID":105341,"ConnectionTypeID":25,"StatusTypeID":50,"LevelID":2,"PowerKW":22,"CurrentTypeID":20,"Quantity":2},{"ID":105342,"ConnectionTypeID":13,"StatusTypeID":50,"LevelID":2,"PowerKW":3,"CurrentTypeID":10,"Quantity":2}]},{"ID":73213,"UUID":"D77D9014-1A31-49E4-92CC-8A21BD81C17A","NumberOfPoints":2,"UsageCost":"5,60€/kWh","AddressInfo":{"ID":73559,"Title":"Canillo Prat del Riu","AddressLine1":"Carrer Prat del Riu","Town":"Canillo","StateOrProvince":"Canillo","Postcode":"AD100","CountryID":10,"Latitude":42.5659012181956,"Longitude":1.59891611835621,"RelatedURL":"http://feda@feda.ad","DistanceUnit":0},"OperatorID":3401,"DataProviderID":1,"UsageTypeID":4,"StatusTypeID":50,"Connections":[{"ID":105339,"ConnectionTypeID":25,"StatusTypeID":50,"LevelID":2,"PowerKW":22,"CurrentTypeID":20,"Quantity":2},{"ID":105340,"ConnectionTypeID":13,"StatusTypeID":50,"LevelID":2,"PowerKW":3,"CurrentTypeID":10,"Quantity":2}]}]