[{"ID":303312,"UUID":"A2638B26-3EA9-4D3A-B806-3DA6EE0F91C5","NumberOfPoints":1,"AddressInfo":{"ID":303699,"Title":"2nd Block","AddressLine1":"2nd Block","Town":"Pateros","Postcode":"1622","CountryID":177,"Latitude":14.5391616,"Longitude":121.0712064,"DistanceUnit":0},"OperatorID":1,"DataProviderID":1,"UsageTypeID":5,"StatusTypeID":50,"Connections":[{"ID":570881,"ConnectionTypeID":33,"StatusTypeID":50,"LevelID":3,"PowerKW":50,"CurrentTypeID":30,"Quantity":1},{"ID":570882,"ConnectionTypeID":2,"StatusTypeID":50,"LevelID":3,"PowerKW":50,"CurrentTypeID":30,"Quantity":1},{"ID":570883,"ConnectionTypeID":1036,"StatusTypeID":50,"LevelID":3,"Amps":63,"Voltage":400,"PowerKW":43,"CurrentTypeID":20,"Quantity":1}]},{"ID":302182,"UUID":"61852A39-0BA4-49BC-B63B-5ED20677DE2E","NumberOfPoints":1,"UsageCost":"free mall charging","AddressInfo":{"ID":302569,"Title":"Don Aniceto Gueco Avenue","AddressLine1":"Don Aniceto Gueco Avenue","AddressLine2":"Ninoy Aquino","Town":"Angeles","Postcode":"2009","CountryID":177,"Latitude":15.162681079929866,"Longitude":120.61096489998846,"DistanceUnit":0},"OperatorID":1,"DataProviderID":1,"UsageTypeID":1,"StatusTypeID":50,"Connections":[{"ID":566223,"ConnectionTypeID":25,"StatusTypeID":50,"LevelID":2,"PowerKW":22,"CurrentTypeID":20,"Quantity":2,"Comments":"they have both Type 2 and GBT Cables to choose"},{"ID":566229,"ConnectionTypeID":1039,"StatusTypeID":50,"LevelID":2,"PowerKW":22,"CurrentTypeID":20,"Quantity":2}]},{"ID":301477,"UUID":"2363420D-60EE-42CB-8413-7FA00BA17DAB","NumberOfPoints":1,"UsageCost":"30p per KWH","AddressInfo":{"ID":301864,"Title":"EVOXTerra Lifestyle Hub","AddressLine1":"Carlos P. Garcia Avenue","Postcode":"1630","CountryID":177,"Latitude":14.513349435318233,"Longitude":121.03503304084965,"DistanceUnit":0},"OperatorID":1,"DataProviderID":1,"UsageTypeID":4,"StatusTypeID":50,"Connections":[{"ID":563835,"ConnectionTypeID":1040,"StatusTypeID":50,"LevelID":3,"PowerKW":120,"CurrentTypeID":30,"Quantity":1,"Comments":"GBT"},{"ID":566230,"ConnectionTypeID":33,"StatusTypeID":50,"LevelID":3,"PowerKW":60,"CurrentTypeID":30,"Quantity":1},{"ID":566231,"ConnectionTypeID":33,"StatusTypeID":50,"LevelID":3,"PowerKW":40,"CurrentTypeID":30,"Quantity":1},{"ID":566232,"ConnectionTypeID":1040,"StatusTypeID":50,"LevelID":3,"PowerKW":40,"CurrentTypeID":30,"Quantity":1}]},{"ID":300771,"UUID":"ADA8800E-98DB-4D80-B729-3AC6A8A274C5","NumberOfPoints":2,"AddressInfo":{"ID":301158,"Title":"MacArthur Highway","AddressLine1":"MacArthur Highway","Town":"Bauang","StateOrProvince":"La Union","Postcode":"2501","CountryID":177,"Latitude":16.54845571025611,"Longitude":120.32451374739624,"AccessComments":"Uses EVOx app for payment","RelatedURL":"https://evoxterra.com/EvoXCharge","DistanceUnit":0},"OperatorID":1,"DataProviderID":1,"UsageTypeID":1,"StatusTypeID":50,"Connections":[{"ID":559901,"ConnectionTypeID":33,"StatusTypeID":50,"LevelID":2,"PowerKW":7,"Quantity":1},{"ID":559902,"ConnectionTypeID":0,"StatusTypeID":50,"LevelID":2,"PowerKW":7,"Quantity":1}]},{"ID":300530,"UUID":"B6274E55-7928-47FE-A986-1F01E1F509EC","NumberOfPoints":1,"AddressInfo":{"ID":300917,"Title":"Eco Oil Basic Energy","AddressLine1":"241 Florida Street","AddressLine2":"Wack-wack Greenhills","Town":"Mandaluyong","StateOrProvince":"Metro Manila","Postcode":"1555","CountryID":177,"Latitude":14.599602474346085,"Longitude":121.05949281736434,"DistanceUnit":0},"OperatorID":1,"DataProviderID":1,"UsageTypeID":1,"StatusTypeID":50,"Connections":[{"ID":559523,"ConnectionTypeID":1040,"StatusTypeID":50,"LevelID":3,"PowerKW":20,"CurrentTypeID":30,"Quantity":1,"Comments":"GB/T "}]},{"ID":300529,"UUID":"A91ACCF1-B5B7-4B56-8B9D-1DB15A8C5A70","NumberOfPoints":1,"AddressInfo":{"ID":300916,"Title":"Eco Oil Basic Energy ","AddressLine1":"241 Florida Street ","AddressLine2":"Wack-wack Greenhills","Town":"Mandaluyong","Postcode":"1555","CountryID":177,"Latitude":14.551890800864484,"Longitude":121.01768389450567,"DistanceUnit":0},"OperatorID":1,"DataProviderID":1,"UsageTypeID":4,"StatusTypeID":50,"Connections":[{"ID":559521,"ConnectionTypeID":0,"StatusTypeID":50,"LevelID":3,"PowerKW":20,"CurrentTypeID":30,"Quantity":1}]},{"ID":297033,"UUID":"BBAF0942-D5BB-4929-BECB-4CA731EFF990","NumberOfPoints":1,"AddressInfo":{"ID":297420,"Title":"South Drive","AddressLine1":"South Drive","Postcode":"1750","CountryID":177,"Latitude":14.432206622805765,"Longitude":121.0075469879182,"DistanceUnit":0},"OperatorID":1,"DataProviderID":1,"UsageTypeID":5,"StatusTypeID":50,"Connections":[{"ID":534205,"ConnectionTypeID":33,"StatusTypeID":50,"LevelID":3,"PowerKW":50,"CurrentTypeID":30,"Quantity":1},{"ID":534206,"ConnectionTypeID":2,"StatusTypeID":50,"LevelID":3,"PowerKW":50,"CurrentTypeID":30,"Quantity":1},{"ID":534207,"ConnectionTypeID":1036,"StatusTypeID":50,"LevelID":3,"Amps":63,"Voltage":400,"PowerKW":43,"CurrentTypeID":20,"Quantity":1}]},{"ID":296844,"UUID":"80942D4D-D6C1-410A-B3AD-60FB030D0EBE","NumberOfPoints":1,"UsageCost":"20","AddressInfo":{"ID":297231,"Title":"Sheridan Street","AddressLine1":"Sheridan Street","Town":"Manila","Postcode":"1218","CountryID":177,"Latitude":14.5358848,"Longitude":121.0580992,"DistanceUnit":0},"OperatorID":1,"DataProviderID":1,"UsageTypeID":4,"StatusTypeID":50,"Connections":[{"ID":533252,"ConnectionTypeID":30,"StatusTypeID":50,"CurrentTypeID":10,"Quantity":1}]},{"ID":272764,"UUID":"97A64638-AA9B-46D7-B284-DF3DA5507BE7","NumberOfPoints":4,"AddressInfo":{"ID":273148,"Title":"Shell TPLEX Rotunda","AddressLine1":"Pugo - Rosario Road","Town":"Rosario","StateOrProvince":"La Union","Postcode":"2506","CountryID":177,"Latitude":16.225746039995755,"Longitude":120.4973127064427,"DistanceUnit":0},"OperatorID":1,"DataProviderID":1,"UsageTypeID":6,"StatusTypeID":50,"Connections":[{"ID":468764,"ConnectionTypeID":33,"StatusTypeID":50,"LevelID":2,"PowerKW":180,"Quantity":2},{"ID":468765,"ConnectionTypeID":25,"StatusTypeID":50,"LevelID":2,"PowerKW":22,"Quantity":2}]},{"ID":260366,"UUID":"62E3BC28-CBA8-4353-9C07-04C934BD62AB","NumberOfPoints":1,"AddressInfo":{"ID":260750,"Title":"Unioil EDSA-Guadalupe","AddressLine1":"Unioil EDSA","Town":"Makati","StateOrProvince":"Metro Manila","Postcode":"1212","CountryID":177,"Latitude":14.559321204617902,"Longitude":121.04060427570641,"DistanceUnit":0},"OperatorID":1,"DataProviderID":1,"UsageTypeID":5,"StatusTypeID":50,"Connections":[{"ID":438005,"ConnectionTypeID":33,"StatusTypeID":50,"LevelID":3,"PowerKW":50,"CurrentTypeID":30,"Quantity":1},{"ID":438009,"ConnectionTypeID":2,"StatusTypeID":50,"LevelID":3,"PowerKW":50,"CurrentTypeID":30,"Quantity":1},{"ID":438010,"ConnectionTypeID":1036,"StatusTypeID":50,"LevelID":3,"Amps":63,"Voltage":400,"PowerKW":43,"CurrentTypeID":20,"Quantity":1}],"MediaItems":[{"ID":42226,"ChargePointID":260366,"ItemURL":"https://media.openchargemap.io/images/PH/OCM260366/OCM-260366.orig.2024050611190179.jpg","ItemThumbnailURL":"https://media.openchargemap.io/images/PH/OCM260366/OCM-260366.thmb.2024050611190179.jpg","Comment":"","IsEnabled":true,"IsVideo":false,"IsFeaturedItem":false,"IsExternalResource":false,"User":{"ID":49342,"Username":"usuarioanonimo"},"DateCreated":"2024-05-06T11:19:00Z"},{"ID":40225,"ChargePointID":260366,"ItemURL":"https://media.openchargemap.io/images/PH/OCM260366/OCM-260366.orig.2023111314184225.jpg","ItemThumbnailURL":"https://media.openchargemap.io/images/PH/OCM260366/OCM-260366.thmb.2023111314184225.jpg","Comment":"","IsEnabled":true,"IsVideo":false,"IsFeaturedItem":false,"IsExternalResource":false,"User":{"ID":49342,"Username":"usuarioanonimo"},"DateCreated":"2023-11-13T14:19:00Z"}]}]