[{"ID":106780,"UUID":"8DA28440-9745-473A-8FBB-EBC94B57B721","NumberOfPoints":1,"AddressInfo":{"ID":107126,"Title":"ACS-Energy (S-market) Jomala","AddressLine1":" Lövuddsvägen 1","Town":"Jomala","Postcode":"22130","CountryID":6,"Latitude":60.1136812853859,"Longitude":19.9148548338021,"DistanceUnit":0},"OperatorID":136,"DataProviderID":1,"UsageTypeID":1,"StatusTypeID":50,"Connections":[{"ID":150517,"ConnectionTypeID":25,"StatusTypeID":50,"LevelID":2,"Amps":16,"Voltage":400,"PowerKW":11,"CurrentTypeID":20,"Quantity":1}],"UserComments":[{"ID":19750,"ChargePointID":106780,"CommentTypeID":10,"UserName":"yngwil","Rating":4,"DateCreated":"2018-06-30T18:10:16.64Z","User":{"ID":18156,"Username":"yngwil"},"CheckinStatusTypeID":10}],"MediaItems":[{"ID":15810,"ChargePointID":106780,"ItemURL":"https://media.openchargemap.io/images/AX/OCM106780/OCM-106780.orig.2018063018062580.jpg","ItemThumbnailURL":"https://media.openchargemap.io/images/AX/OCM106780/OCM-106780.thmb.2018063018062580.jpg","Comment":"","IsEnabled":true,"IsVideo":false,"IsFeaturedItem":false,"IsExternalResource":false,"User":{"ID":18156,"Username":"yngwil"},"DateCreated":"2018-06-30T18:07:00Z"},{"ID":15811,"ChargePointID":106780,"ItemURL":"https://media.openchargemap.io/images/AX/OCM106780/OCM-106780.orig.2018063018071224.jpg","ItemThumbnailURL":"https://media.openchargemap.io/images/AX/OCM106780/OCM-106780.thmb.2018063018071224.jpg","Comment":"","IsEnabled":true,"IsVideo":false,"IsFeaturedItem":false,"IsExternalResource":false,"User":{"ID":18156,"Username":"yngwil"},"DateCreated":"2018-06-30T18:07:00Z"}]},{"ID":106774,"UUID":"B55A4132-BDB0-4B58-814C-6D1260546A6C","NumberOfPoints":2,"AddressInfo":{"ID":107120,"Title":"Biblioteksplatsen (Library site)","AddressLine1":"Köpmansgatan 0","Town":"Mariehamn","Postcode":"22100","CountryID":6,"Latitude":60.1016390336251,"Longitude":19.9424357789867,"DistanceUnit":0},"OperatorID":136,"DataProviderID":1,"UsageTypeID":1,"StatusTypeID":50,"Connections":[{"ID":150508,"ConnectionTypeID":2,"StatusTypeID":50,"LevelID":3,"Amps":100,"Voltage":500,"PowerKW":50,"CurrentTypeID":30,"Quantity":1},{"ID":150509,"ConnectionTypeID":33,"StatusTypeID":50,"LevelID":3,"Amps":100,"Voltage":500,"PowerKW":50,"CurrentTypeID":30,"Quantity":1},{"ID":150510,"ConnectionTypeID":1036,"StatusTypeID":50,"LevelID":2,"Amps":32,"Voltage":400,"PowerKW":22,"CurrentTypeID":20,"Quantity":1}],"UserComments":[{"ID":29898,"ChargePointID":106774,"CommentTypeID":1000,"UserName":"Walkingmage","DateCreated":"2024-08-02T07:20:39.727Z","User":{"ID":45288,"Username":"Walkingmage"},"CheckinStatusTypeID":160,"IsActionedByEditor":false}]},{"ID":74732,"UUID":"A7A9329D-EBBC-4471-AA6A-5BBE7B599C14","NumberOfPoints":2,"UsageCost":"Free","AddressInfo":{"ID":75078,"Title":"Ålands landskapsregering","AddressLine1":"Österleden 165","Town":"Mariehamn","Postcode":"22100","CountryID":6,"Latitude":60.09916328647592,"Longitude":19.944747457672065,"AccessComments":"Parking spot south of Hotel Arkipelag","DistanceUnit":0},"OperatorID":198,"DataProviderID":1,"UsageTypeID":1,"StatusTypeID":50,"Connections":[{"ID":107610,"ConnectionTypeID":2,"Reference":"1","StatusTypeID":50,"LevelID":3,"Amps":100,"Voltage":500,"PowerKW":50,"CurrentTypeID":30,"Quantity":1,"Comments":"Mode 3"},{"ID":107611,"ConnectionTypeID":33,"Reference":"2","StatusTypeID":50,"LevelID":3,"Amps":100,"Voltage":500,"PowerKW":50,"CurrentTypeID":30,"Quantity":1,"Comments":"Mode 4"},{"ID":143265,"ConnectionTypeID":25,"StatusTypeID":50,"LevelID":2,"Amps":32,"Voltage":400,"PowerKW":22,"CurrentTypeID":20,"Quantity":1}],"UserComments":[{"ID":29901,"ChargePointID":74732,"CommentTypeID":1000,"UserName":"Walkingmage","DateCreated":"2024-08-02T08:12:44.073Z","User":{"ID":45288,"Username":"Walkingmage"},"CheckinStatusTypeID":160,"IsActionedByEditor":false},{"ID":19352,"ChargePointID":74732,"CommentTypeID":110,"UserName":"Simon Hewison","Comment":"updated listing","DateCreated":"2018-03-29T08:14:39.31Z","User":{"ID":4575,"Username":"Simon Hewison"},"CheckinStatusTypeID":0},{"ID":19349,"ChargePointID":74732,"CommentTypeID":100,"UserName":"yngwil","Comment":"Location on map i wrong, this is the correct coordinates:\n60.099180, 19.944726\n\n1x 400V 32A Type 2 - outlet\n1x 500V 50A CHAdeMO - cable\n1x 500V 50A CCS - cable\n\nOwner:\nLandskapets Fastighetsverk\n\nOperator:\nFortum, Charge&Drive\n\nAddress:\nÖsterleden 165\n22100 Mariehamn\nÅland, Finland\n\nFree charging started by:\nRF-id\nSMS\nWeb(app)\n\nInstructions\nhttps://map.chargedrive.com/","Rating":4,"DateCreated":"2018-03-28T11:27:06.417Z","User":{"ID":18156,"Username":"yngwil"},"CheckinStatusTypeID":10},{"ID":19347,"ChargePointID":74732,"CommentTypeID":50,"UserName":"yngwil","Comment":"Location on map is wrong.","Rating":4,"DateCreated":"2018-03-27T12:13:41.34Z","User":{"ID":18156,"Username":"yngwil"},"CheckinStatusTypeID":10}]}]