[{"ID":297288,"UUID":"9626E9A0-106D-42CA-A685-51A7769DABF5","NumberOfPoints":1,"AddressInfo":{"ID":297675,"Title":"eCharge Moldova EVC016/ EVC 017","AddressLine1":"str. Tighinei 3F, ","Town":"Causeni","CountryID":148,"Latitude":46.656391,"Longitude":29.393733,"DistanceUnit":0},"OperatorID":1,"DataProviderID":1,"UsageTypeID":4,"StatusTypeID":50,"Connections":[{"ID":536890,"ConnectionTypeID":33,"StatusTypeID":50,"LevelID":3,"PowerKW":24,"CurrentTypeID":30,"Quantity":1},{"ID":536891,"ConnectionTypeID":1036,"StatusTypeID":50,"LevelID":2,"PowerKW":22,"CurrentTypeID":20,"Quantity":1}]},{"ID":289926,"UUID":"971A1421-9084-4441-87B7-0096F5D190FD","UsageCost":"8.64 MDL/EV","AddressInfo":{"ID":290313,"Title":"EV Point Moldova, Sîngerei,  EV0188","AddressLine1":"r-n Sângerei, or. Sângerei - com. Grigorauca","Town":"Grigorauca","StateOrProvince":"Singerei","CountryID":148,"Latitude":47.62331988654415,"Longitude":28.17955181741297,"ContactTelephone1":"+37360609900","RelatedURL":"http://www.evpoint.md","DistanceUnit":0},"OperatorID":3502,"DataProviderID":1,"UsageTypeID":4,"StatusTypeID":50,"Connections":[{"ID":511559,"ConnectionTypeID":33,"StatusTypeID":50,"LevelID":3,"PowerKW":100,"CurrentTypeID":30,"Quantity":1},{"ID":511560,"ConnectionTypeID":2,"StatusTypeID":50,"LevelID":3,"PowerKW":50,"CurrentTypeID":30,"Quantity":1},{"ID":511561,"ConnectionTypeID":1036,"StatusTypeID":50,"LevelID":2,"Amps":32,"Voltage":380,"PowerKW":22,"CurrentTypeID":20,"Quantity":1}],"MediaItems":[{"ID":41166,"ChargePointID":289926,"ItemURL":"https://media.openchargemap.io/images/MD/OCM289926/OCM-289926.orig.2024011610115116.jpg","ItemThumbnailURL":"https://media.openchargemap.io/images/MD/OCM289926/OCM-289926.thmb.2024011610115116.jpg","Comment":"","IsEnabled":true,"IsVideo":false,"IsFeaturedItem":false,"IsExternalResource":false,"User":{"ID":47470,"Username":"Andrei"},"DateCreated":"2024-01-16T10:12:00Z"},{"ID":41167,"ChargePointID":289926,"ItemURL":"https://media.openchargemap.io/images/MD/OCM289926/OCM-289926.orig.2024011610121228.jpg","ItemThumbnailURL":"https://media.openchargemap.io/images/MD/OCM289926/OCM-289926.thmb.2024011610121228.jpg","Comment":"","IsEnabled":true,"IsVideo":false,"IsFeaturedItem":false,"IsExternalResource":false,"User":{"ID":47470,"Username":"Andrei"},"DateCreated":"2024-01-16T10:12:00Z"}]},{"ID":289141,"UUID":"9840379A-FFCB-46F7-AD6E-F6DD771DDFB2","NumberOfPoints":1,"UsageCost":"7.86 MDL/EV","AddressInfo":{"ID":289528,"Title":"EV Point Moldova,  EV0186 (Local Supermarket)","AddressLine1":"Strada Ștefan cel Mare și Sfînt 25","Town":"Cahul","StateOrProvince":"Cahul","Postcode":"MD-3901","CountryID":148,"Latitude":45.90816705224279,"Longitude":28.196541777356742,"ContactTelephone1":"+373 606 09 900","RelatedURL":"http://www.evpoint.md","DistanceUnit":0},"OperatorID":3502,"DataProviderID":1,"UsageTypeID":4,"StatusTypeID":50,"Connections":[{"ID":507505,"ConnectionTypeID":33,"StatusTypeID":50,"LevelID":3,"PowerKW":120,"CurrentTypeID":30,"Quantity":1},{"ID":507506,"ConnectionTypeID":2,"StatusTypeID":50,"LevelID":3,"PowerKW":60,"CurrentTypeID":30,"Quantity":1},{"ID":507507,"ConnectionTypeID":1040,"StatusTypeID":50,"LevelID":3,"PowerKW":120,"CurrentTypeID":30,"Quantity":1,"Comments":"GB/T"}],"UserComments":[{"ID":29392,"ChargePointID":289141,"CommentTypeID":10,"UserName":"Andrei","Comment":"La CCS dupa cateva secunde se opreste incarcarea.","DateCreated":"2024-01-03T15:56:43.967Z","User":{"ID":47470,"Username":"Andrei"},"CheckinStatusTypeID":200,"IsActionedByEditor":false},{"ID":29391,"ChargePointID":289141,"CommentTypeID":10,"UserName":"Andrei","Comment":"Nu lucreaza nici Chademo nici GB/T","DateCreated":"2024-01-03T15:56:14.48Z","User":{"ID":47470,"Username":"Andrei"},"CheckinStatusTypeID":200,"IsActionedByEditor":false},{"ID":29390,"ChargePointID":289141,"CommentTypeID":10,"UserName":"Andrei","Comment":"Зарядка работает, все отлично. Скоро будет выдавать 120 кВт","DateCreated":"2024-01-03T15:55:37.6Z","User":{"ID":47470,"Username":"Andrei"},"CheckinStatusTypeID":210,"IsActionedByEditor":false}],"MediaItems":[{"ID":41040,"ChargePointID":289141,"ItemURL":"https://media.openchargemap.io/images/MD/OCM289141/OCM-289141.orig.2024010315503536.jpg","ItemThumbnailURL":"https://media.openchargemap.io/images/MD/OCM289141/OCM-289141.thmb.2024010315503536.jpg","Comment":"","IsEnabled":true,"IsVideo":false,"IsFeaturedItem":false,"IsExternalResource":false,"User":{"ID":47470,"Username":"Andrei"},"DateCreated":"2024-01-03T15:51:00Z"},{"ID":41041,"ChargePointID":289141,"ItemURL":"https://media.openchargemap.io/images/MD/OCM289141/OCM-289141.orig.2024010315510383.jpg","ItemThumbnailURL":"https://media.openchargemap.io/images/MD/OCM289141/OCM-289141.thmb.2024010315510383.jpg","Comment":"","IsEnabled":true,"IsVideo":false,"IsFeaturedItem":false,"IsExternalResource":false,"User":{"ID":47470,"Username":"Andrei"},"DateCreated":"2024-01-03T15:51:00Z"},{"ID":41038,"ChargePointID":289141,"ItemURL":"https://media.openchargemap.io/images/MD/OCM289141/OCM-289141.orig.2024010315500584.jpg","ItemThumbnailURL":"https://media.openchargemap.io/images/MD/OCM289141/OCM-289141.thmb.2024010315500584.jpg","Comment":"","IsEnabled":true,"IsVideo":false,"IsFeaturedItem":false,"IsExternalResource":false,"User":{"ID":47470,"Username":"Andrei"},"DateCreated":"2024-01-03T15:50:00Z"},{"ID":41039,"ChargePointID":289141,"ItemURL":"https://media.openchargemap.io/images/MD/OCM289141/OCM-289141.orig.2024010315502290.jpg","ItemThumbnailURL":"https://media.openchargemap.io/images/MD/OCM289141/OCM-289141.thmb.2024010315502290.jpg","Comment":"","IsEnabled":true,"IsVideo":false,"IsFeaturedItem":false,"IsExternalResource":false,"User":{"ID":47470,"Username":"Andrei"},"DateCreated":"2024-01-03T15:50:00Z"}]},{"ID":281067,"UUID":"E327CBCD-2F42-42D1-95AF-4F0921ED78BD","NumberOfPoints":1,"UsageCost":"CCS2 7.86MDL/EV. Chademo 7.86MDL/EV. Type2 5.28MDL/EV","AddressInfo":{"ID":281454,"Title":"EV0160 (Artizana Fashion)","AddressLine1":"15 Academiei Street","Town":"Chisinau","StateOrProvince":"Chisinau","CountryID":148,"Latitude":47.00414707023805,"Longitude":28.81303598005502,"DistanceUnit":0},"OperatorID":3502,"DataProviderID":1,"UsageTypeID":4,"StatusTypeID":50,"Connections":[{"ID":488846,"ConnectionTypeID":33,"StatusTypeID":50,"LevelID":3,"PowerKW":50,"CurrentTypeID":30,"Quantity":1},{"ID":488847,"ConnectionTypeID":2,"StatusTypeID":50,"LevelID":3,"PowerKW":50,"CurrentTypeID":30,"Quantity":1},{"ID":488848,"ConnectionTypeID":1036,"StatusTypeID":50,"LevelID":2,"Amps":32,"Voltage":380,"PowerKW":22,"CurrentTypeID":20,"Quantity":1}],"MediaItems":[{"ID":40707,"ChargePointID":281067,"ItemURL":"https://media.openchargemap.io/images/MD/OCM281067/OCM-281067.orig.2023120613400408.jpeg","ItemThumbnailURL":"https://media.openchargemap.io/images/MD/OCM281067/OCM-281067.thmb.2023120613400408.jpeg","Comment":"The charging works as expected ","IsEnabled":true,"IsVideo":false,"IsFeaturedItem":false,"IsExternalResource":false,"User":{"ID":47470,"Username":"Andrei"},"DateCreated":"2023-12-06T13:40:00Z"}]},{"ID":202814,"UUID":"3FFD46F0-43C9-41F8-A9F9-1DB23CF061FA","NumberOfPoints":1,"UsageCost":"DC CCS2 CHADeMO 7.49L/ECO AC Type2 5.09L/ECO Type1 5.69 L/ECO","AddressInfo":{"ID":203181,"Title":"EcoFactor Moldova 1549","AddressLine1":"Basarabia 7","Town":"Ialoveni","Postcode":"MD-6801","CountryID":148,"Latitude":46.94541533174012,"Longitude":28.777542834165615,"DistanceUnit":0},"OperatorID":3497,"DataProviderID":1,"UsageTypeID":4,"StatusTypeID":50,"Connections":[{"ID":339064,"ConnectionTypeID":33,"StatusTypeID":50,"LevelID":3,"PowerKW":120,"CurrentTypeID":30,"Quantity":1},{"ID":339066,"ConnectionTypeID":25,"StatusTypeID":50,"LevelID":2,"PowerKW":22,"CurrentTypeID":20,"Quantity":1},{"ID":503040,"ConnectionTypeID":2,"StatusTypeID":50,"LevelID":3,"PowerKW":50,"CurrentTypeID":30,"Quantity":1},{"ID":503041,"ConnectionTypeID":1,"StatusTypeID":50,"LevelID":2,"Amps":32,"Voltage":230,"PowerKW":7,"CurrentTypeID":10,"Quantity":1}],"MediaItems":[{"ID":40711,"ChargePointID":202814,"ItemURL":"https://media.openchargemap.io/images/MD/OCM202814/OCM-202814.orig.2023120614292487.jpg","ItemThumbnailURL":"https://media.openchargemap.io/images/MD/OCM202814/OCM-202814.thmb.2023120614292487.jpg","Comment":"","IsEnabled":true,"IsVideo":false,"IsFeaturedItem":false,"IsExternalResource":false,"User":{"ID":47470,"Username":"Andrei"},"DateCreated":"2023-12-06T14:30:00Z"},{"ID":40712,"ChargePointID":202814,"ItemURL":"https://media.openchargemap.io/images/MD/OCM202814/OCM-202814.orig.2023120614294633.jpg","ItemThumbnailURL":"https://media.openchargemap.io/images/MD/OCM202814/OCM-202814.thmb.2023120614294633.jpg","Comment":"","IsEnabled":true,"IsVideo":false,"IsFeaturedItem":false,"IsExternalResource":false,"User":{"ID":47470,"Username":"Andrei"},"DateCreated":"2023-12-06T14:30:00Z"},{"ID":40713,"ChargePointID":202814,"ItemURL":"https://media.openchargemap.io/images/MD/OCM202814/OCM-202814.orig.2023120614300303.jpg","ItemThumbnailURL":"https://media.openchargemap.io/images/MD/OCM202814/OCM-202814.thmb.2023120614300303.jpg","Comment":"","IsEnabled":true,"IsVideo":false,"IsFeaturedItem":false,"IsExternalResource":false,"User":{"ID":47470,"Username":"Andrei"},"DateCreated":"2023-12-06T14:30:00Z"},{"ID":40709,"ChargePointID":202814,"ItemURL":"https://media.openchargemap.io/images/MD/OCM202814/OCM-202814.orig.2023120614283947.jpg","ItemThumbnailURL":"https://media.openchargemap.io/images/MD/OCM202814/OCM-202814.thmb.2023120614283947.jpg","Comment":"","IsEnabled":true,"IsVideo":false,"IsFeaturedItem":false,"IsExternalResource":false,"User":{"ID":47470,"Username":"Andrei"},"DateCreated":"2023-12-06T14:29:00Z"},{"ID":40710,"ChargePointID":202814,"ItemURL":"https://media.openchargemap.io/images/MD/OCM202814/OCM-202814.orig.2023120614285526.jpg","ItemThumbnailURL":"https://media.openchargemap.io/images/MD/OCM202814/OCM-202814.thmb.2023120614285526.jpg","Comment":"","IsEnabled":true,"IsVideo":false,"IsFeaturedItem":false,"IsExternalResource":false,"User":{"ID":47470,"Username":"Andrei"},"DateCreated":"2023-12-06T14:29:00Z"}]},{"ID":193387,"UUID":"9DE33FB6-EA71-420B-A329-6DEBC7C748A4","NumberOfPoints":1,"AddressInfo":{"ID":193746,"Title":"EV0090","AddressLine1":"Stefan cel Mare str 1/2 ","Town":"Balti","Postcode":"MD-3129","CountryID":148,"Latitude":47.768448226469474,"Longitude":27.94337555762297,"AccessComments":"Vispas Hotel ","DistanceUnit":0},"OperatorID":3502,"DataProviderID":1,"UsageTypeID":4,"StatusTypeID":50,"Connections":[{"ID":314587,"ConnectionTypeID":33,"StatusTypeID":50,"LevelID":3,"PowerKW":50,"CurrentTypeID":30,"Quantity":1},{"ID":314588,"ConnectionTypeID":2,"StatusTypeID":50,"LevelID":3,"PowerKW":50,"CurrentTypeID":30,"Quantity":1},{"ID":314589,"ConnectionTypeID":1036,"StatusTypeID":50,"LevelID":3,"PowerKW":43,"CurrentTypeID":20,"Quantity":1}]},{"ID":193255,"UUID":"B6A139AE-4B65-4748-837E-B488C2D37E3E","NumberOfPoints":1,"AddressInfo":{"ID":193614,"Title":"EV0095","AddressLine1":"Grenoble str. 120","AddressLine2":"Avante Gas Station","Town":"Chisinau","CountryID":148,"Latitude":46.98374603353284,"Longitude":28.834424465549546,"DistanceUnit":0},"OperatorID":3502,"DataProviderID":1,"UsageTypeID":4,"StatusTypeID":50,"Connections":[{"ID":314335,"ConnectionTypeID":33,"StatusTypeID":50,"LevelID":3,"PowerKW":150,"CurrentTypeID":30,"Quantity":1},{"ID":314336,"ConnectionTypeID":2,"StatusTypeID":50,"LevelID":3,"PowerKW":80,"CurrentTypeID":30,"Quantity":1}]},{"ID":192488,"UUID":"B9BBFF1D-9D70-4B71-A0CF-B11CC87623DB","NumberOfPoints":1,"AddressInfo":{"ID":192847,"Title":"Kaufland Orhei","AddressLine1":"Sadoveanu 34","Town":"Orhei","Postcode":"MD-3505","CountryID":148,"Latitude":47.3766687405863,"Longitude":28.8171162746944,"DistanceUnit":0},"DataProviderID":1,"UsageTypeID":1,"StatusTypeID":50,"Connections":[{"ID":312759,"ConnectionTypeID":33,"StatusTypeID":50,"LevelID":3,"PowerKW":50,"CurrentTypeID":30,"Quantity":1},{"ID":312760,"ConnectionTypeID":2,"StatusTypeID":50,"LevelID":3,"PowerKW":50,"CurrentTypeID":30,"Quantity":1},{"ID":312761,"ConnectionTypeID":1036,"StatusTypeID":50,"LevelID":3,"PowerKW":43,"CurrentTypeID":20,"Quantity":1}]},{"ID":192486,"UUID":"6B72F5EC-AE60-46F2-8E69-65588C4ED208","NumberOfPoints":1,"AddressInfo":{"ID":192845,"Title":"Tirex Gas Station","AddressLine1":"SAC-014","Town":"Magdacesti","CountryID":148,"Latitude":47.13196541026201,"Longitude":28.844062818856855,"DistanceUnit":0},"OperatorID":3502,"DataProviderID":1,"UsageTypeID":4,"StatusTypeID":50,"Connections":[{"ID":312749,"ConnectionTypeID":1036,"StatusTypeID":50,"LevelID":2,"PowerKW":22,"CurrentTypeID":20,"Quantity":1},{"ID":312750,"ConnectionTypeID":25,"StatusTypeID":50,"LevelID":2,"PowerKW":22,"CurrentTypeID":20,"Quantity":1}]},{"ID":192485,"UUID":"873C06AF-E71B-4EA6-824F-829BD35F7F1C","NumberOfPoints":1,"AddressInfo":{"ID":192844,"Title":"EV0023","AddressLine1":"Independentei str, 1A","AddressLine2":"Bemol Gas Station","Town":"Singerei","CountryID":148,"Latitude":47.64220408213998,"Longitude":28.095029025366898,"DistanceUnit":0},"OperatorID":3502,"DataProviderID":1,"UsageTypeID":4,"StatusTypeID":50,"Connections":[{"ID":312747,"ConnectionTypeID":1036,"StatusTypeID":50,"LevelID":2,"PowerKW":22,"CurrentTypeID":20,"Quantity":1},{"ID":312748,"ConnectionTypeID":25,"StatusTypeID":50,"LevelID":2,"PowerKW":22,"CurrentTypeID":20,"Quantity":1}]},{"ID":192484,"UUID":"CABFB57E-B8BC-449C-85CC-B7E995E82D9E","NumberOfPoints":1,"AddressInfo":{"ID":192843,"Title":"EV0053","AddressLine1":"Сonstantin Negruzzi str., 115","AddressLine2":"Linella Market","Town":"Orhei","CountryID":148,"Latitude":47.39783849709667,"Longitude":28.81486849123735,"DistanceUnit":0},"OperatorID":3502,"DataProviderID":1,"UsageTypeID":4,"StatusTypeID":50,"Connections":[{"ID":312745,"ConnectionTypeID":1036,"StatusTypeID":50,"LevelID":2,"PowerKW":22,"CurrentTypeID":20,"Quantity":1},{"ID":312746,"ConnectionTypeID":25,"StatusTypeID":50,"LevelID":2,"PowerKW":22,"CurrentTypeID":20,"Quantity":1}]},{"ID":192482,"UUID":"60182771-8EB2-47E8-A0D1-0D03D29C5504","NumberOfPoints":1,"AddressInfo":{"ID":192841,"Title":"EV0016","AddressLine1":"Unirii str.","AddressLine2":"Bemol Gas Station","Town":"Orhei","CountryID":148,"Latitude":47.39280529474428,"Longitude":28.796894901345013,"DistanceUnit":0},"OperatorID":3502,"DataProviderID":1,"UsageTypeID":4,"StatusTypeID":50,"Connections":[{"ID":312742,"ConnectionTypeID":1036,"StatusTypeID":50,"LevelID":2,"PowerKW":22,"CurrentTypeID":20,"Quantity":1},{"ID":312743,"ConnectionTypeID":25,"StatusTypeID":50,"LevelID":2,"PowerKW":22,"CurrentTypeID":20,"Quantity":1}]},{"ID":192470,"UUID":"703FBDC5-52CE-4D14-939B-2254180F9454","NumberOfPoints":1,"AddressInfo":{"ID":192829,"Title":"EV0019","AddressLine1":"Bemol Gas Station","Town":"Edinet","CountryID":148,"Latitude":48.15817698070106,"Longitude":27.33038059429782,"DistanceUnit":0},"OperatorID":3502,"DataProviderID":1,"UsageTypeID":4,"StatusTypeID":50,"Connections":[{"ID":312718,"ConnectionTypeID":1036,"StatusTypeID":50,"LevelID":2,"PowerKW":22,"CurrentTypeID":20,"Quantity":1},{"ID":312719,"ConnectionTypeID":25,"StatusTypeID":50,"LevelID":2,"PowerKW":22,"CurrentTypeID":20,"Quantity":1}]},{"ID":192469,"UUID":"C1283943-1744-4010-9DFD-A702B87103AA","NumberOfPoints":1,"AddressInfo":{"ID":192828,"Title":"EV0018","AddressLine1":"v. Chetrosu, Bemol Gas Station","Town":"Drochia","CountryID":148,"Latitude":48.03982368087205,"Longitude":27.83700677471529,"DistanceUnit":0},"OperatorID":3502,"DataProviderID":1,"UsageTypeID":4,"StatusTypeID":50,"Connections":[{"ID":312716,"ConnectionTypeID":1036,"StatusTypeID":50,"LevelID":2,"PowerKW":22,"CurrentTypeID":20,"Quantity":1},{"ID":312717,"ConnectionTypeID":25,"StatusTypeID":50,"LevelID":2,"PowerKW":22,"CurrentTypeID":20,"Quantity":1}]},{"ID":192428,"UUID":"9EBC5DC6-5605-4CF8-A35F-40524F9FA382","NumberOfPoints":1,"AddressInfo":{"ID":192787,"Title":"EcoFactor Maxfitness","AddressLine1":"Moscova bd. 11/5","Town":"Chisinau","Postcode":"MD-2068","CountryID":148,"Latitude":47.050787588393774,"Longitude":28.862677087989027,"DistanceUnit":0},"OperatorID":3497,"DataProviderID":1,"UsageTypeID":4,"StatusTypeID":50,"Connections":[{"ID":312611,"ConnectionTypeID":2,"StatusTypeID":50,"LevelID":3,"PowerKW":50,"CurrentTypeID":30,"Quantity":1},{"ID":312612,"ConnectionTypeID":25,"StatusTypeID":50,"LevelID":2,"PowerKW":22,"CurrentTypeID":20,"Quantity":1}]},{"ID":192298,"UUID":"29A076D7-BD73-4717-BBB2-18BE061DE740","NumberOfPoints":1,"AddressInfo":{"ID":192657,"Title":"Kaufland Chisinau Testemiteanu","AddressLine1":"Nicolae Testemiteanu 3","Town":"Chisinau","Postcode":"MD-2075","CountryID":148,"Latitude":47.00006060460609,"Longitude":28.840537367625075,"DistanceUnit":0},"DataProviderID":1,"UsageTypeID":1,"StatusTypeID":50,"Connections":[{"ID":312409,"ConnectionTypeID":33,"StatusTypeID":50,"LevelID":3,"PowerKW":50,"CurrentTypeID":30,"Quantity":1},{"ID":312410,"ConnectionTypeID":2,"StatusTypeID":50,"LevelID":3,"PowerKW":50,"CurrentTypeID":30,"Quantity":1},{"ID":312411,"ConnectionTypeID":1036,"StatusTypeID":50,"LevelID":3,"PowerKW":43,"CurrentTypeID":20,"Quantity":1}]},{"ID":192297,"UUID":"D4C1EC3B-507B-4F00-B48C-ED4178F3AE89","NumberOfPoints":1,"AddressInfo":{"ID":192656,"Title":"Kaufland Chisinau Decebal","AddressLine1":"Decebal 99/2","Town":"Chisinau","Postcode":"MD-2038","CountryID":148,"Latitude":46.990189516951716,"Longitude":28.86017547253084,"DistanceUnit":0},"DataProviderID":1,"UsageTypeID":1,"StatusTypeID":50,"Connections":[{"ID":312406,"ConnectionTypeID":33,"StatusTypeID":50,"LevelID":3,"PowerKW":50,"CurrentTypeID":30,"Quantity":1},{"ID":312407,"ConnectionTypeID":2,"StatusTypeID":50,"LevelID":3,"PowerKW":50,"CurrentTypeID":30,"Quantity":1},{"ID":312408,"ConnectionTypeID":1036,"StatusTypeID":50,"LevelID":3,"PowerKW":43,"CurrentTypeID":20,"Quantity":1}]},{"ID":192296,"UUID":"36802710-C150-4795-91A4-6512C332E211","NumberOfPoints":1,"AddressInfo":{"ID":192655,"Title":"Kaufland Chisinau Ciocana","AddressLine1":"Bulevardul Mircea cel Batrin 25/1","Town":"Chisinau","Postcode":"MD-2075","CountryID":148,"Latitude":47.053180054553195,"Longitude":28.890062712669874,"DistanceUnit":0},"DataProviderID":1,"UsageTypeID":1,"StatusTypeID":50,"Connections":[{"ID":312403,"ConnectionTypeID":33,"StatusTypeID":50,"LevelID":3,"PowerKW":50,"CurrentTypeID":30,"Quantity":1},{"ID":312404,"ConnectionTypeID":2,"StatusTypeID":50,"LevelID":3,"PowerKW":50,"CurrentTypeID":30,"Quantity":1},{"ID":312405,"ConnectionTypeID":1036,"StatusTypeID":50,"LevelID":3,"PowerKW":43,"CurrentTypeID":20,"Quantity":1}]},{"ID":192295,"UUID":"A0B784F2-CE90-4719-A116-532D40EF9EB9","NumberOfPoints":1,"AddressInfo":{"ID":192654,"Title":"Kaufland Ungheni","AddressLine1":"Romana 66/B","Town":"Ungheni","Postcode":"MD-3601","CountryID":148,"Latitude":47.21186765409806,"Longitude":27.800882534595416,"DistanceUnit":0},"DataProviderID":1,"UsageTypeID":1,"StatusTypeID":50,"Connections":[{"ID":312400,"ConnectionTypeID":33,"StatusTypeID":50,"LevelID":3,"PowerKW":50,"CurrentTypeID":30,"Quantity":1},{"ID":312401,"ConnectionTypeID":2,"StatusTypeID":50,"LevelID":3,"PowerKW":50,"CurrentTypeID":30,"Quantity":1},{"ID":312402,"ConnectionTypeID":1036,"StatusTypeID":50,"LevelID":2,"PowerKW":22,"CurrentTypeID":20,"Quantity":1}]},{"ID":192294,"UUID":"72CBC1DC-9222-4906-B996-FFBB2CFF1DED","NumberOfPoints":1,"AddressInfo":{"ID":192653,"Title":"Kaufland Balti","AddressLine1":"Decebal 130A","Town":"Balti","Postcode":"MD-3101","CountryID":148,"Latitude":47.78188777121406,"Longitude":27.890948294933878,"DistanceUnit":0},"DataProviderID":1,"UsageTypeID":1,"StatusTypeID":50,"Connections":[{"ID":312397,"ConnectionTypeID":33,"StatusTypeID":50,"LevelID":3,"PowerKW":50,"CurrentTypeID":30,"Quantity":1},{"ID":312398,"ConnectionTypeID":2,"StatusTypeID":50,"LevelID":3,"PowerKW":50,"CurrentTypeID":30,"Quantity":1},{"ID":312399,"ConnectionTypeID":1036,"StatusTypeID":50,"LevelID":3,"PowerKW":43,"CurrentTypeID":20,"Quantity":1}]},{"ID":192291,"UUID":"C6B1E52A-A6C7-4CB0-BB2F-FC1C9860C65E","NumberOfPoints":1,"AddressInfo":{"ID":192650,"Title":"Kaufland Comrat ","AddressLine1":"Lenin 99","Town":"Comrat","Postcode":"MD-3802","CountryID":148,"Latitude":46.31044449045038,"Longitude":28.65895671642727,"DistanceUnit":0},"DataProviderID":1,"UsageTypeID":1,"StatusTypeID":50,"Connections":[{"ID":312392,"ConnectionTypeID":33,"StatusTypeID":50,"LevelID":3,"PowerKW":50,"CurrentTypeID":30,"Quantity":1},{"ID":312393,"ConnectionTypeID":2,"StatusTypeID":50,"LevelID":3,"PowerKW":50,"CurrentTypeID":30,"Quantity":1},{"ID":312394,"ConnectionTypeID":1036,"StatusTypeID":50,"LevelID":3,"PowerKW":43,"CurrentTypeID":20,"Quantity":1}]},{"ID":192290,"UUID":"B992C120-2F08-462E-9EE7-1D1B805E612A","NumberOfPoints":1,"AddressInfo":{"ID":192649,"Title":"EV0043 AVANTE","AddressLine1":"v. Ivanovka","Town":"Leuseni","Postcode":"MD-3430","CountryID":148,"Latitude":46.85062403809161,"Longitude":28.21015854382881,"AccessComments":"Avante Gas Station","DistanceUnit":0},"OperatorID":3502,"DataProviderID":1,"UsageTypeID":4,"StatusTypeID":50,"Connections":[{"ID":312389,"ConnectionTypeID":33,"StatusTypeID":50,"LevelID":3,"PowerKW":50,"CurrentTypeID":30,"Quantity":1},{"ID":312390,"ConnectionTypeID":2,"StatusTypeID":50,"LevelID":3,"PowerKW":50,"CurrentTypeID":30,"Quantity":1},{"ID":312391,"ConnectionTypeID":1036,"StatusTypeID":50,"LevelID":3,"PowerKW":43,"CurrentTypeID":20,"Quantity":1}]},{"ID":192289,"UUID":"84F3224D-3A7B-4519-972F-A9DA29567D97","NumberOfPoints":1,"AddressInfo":{"ID":192648,"Title":"EV0070 KENTFORD","AddressLine1":"bul. Stefan cel Mare si Sfint 202","Town":"Chisinau","Postcode":"MD-2012","CountryID":148,"Latitude":47.03690730185039,"Longitude":28.81431597561607,"DistanceUnit":0},"OperatorID":3502,"DataProviderID":1,"UsageTypeID":4,"StatusTypeID":50,"Connections":[{"ID":312386,"ConnectionTypeID":33,"StatusTypeID":50,"LevelID":3,"PowerKW":50,"CurrentTypeID":30,"Quantity":1},{"ID":312387,"ConnectionTypeID":2,"StatusTypeID":50,"LevelID":3,"PowerKW":50,"CurrentTypeID":30,"Quantity":1},{"ID":312388,"ConnectionTypeID":1036,"StatusTypeID":50,"LevelID":3,"PowerKW":43,"CurrentTypeID":20,"Quantity":1}]},{"ID":192194,"UUID":"22460F47-1608-4259-82A8-D4ABA70CC942","NumberOfPoints":1,"AddressInfo":{"ID":192553,"Title":"EV0048 OAZIS","AddressLine1":"Bogdan Voievod 1","Town":"Chisinau","Postcode":"MD-2068","CountryID":148,"Latitude":47.04331638725142,"Longitude":28.85740365673246,"DistanceUnit":0},"OperatorID":3502,"DataProviderID":1,"UsageTypeID":4,"StatusTypeID":50,"Connections":[{"ID":312240,"ConnectionTypeID":33,"StatusTypeID":50,"LevelID":3,"PowerKW":40,"CurrentTypeID":30,"Quantity":1},{"ID":312241,"ConnectionTypeID":2,"StatusTypeID":50,"LevelID":3,"PowerKW":40,"CurrentTypeID":30,"Quantity":1},{"ID":312242,"ConnectionTypeID":1036,"StatusTypeID":50,"LevelID":2,"PowerKW":22,"CurrentTypeID":20,"Quantity":1}]},{"ID":192193,"UUID":"FE25A656-E1E8-4670-8DDB-7526E239E5DE","NumberOfPoints":1,"AddressInfo":{"ID":192552,"Title":"EV0042 Atrium","AddressLine1":"Albisoara 4","Town":"Chisinau","Postcode":"MD-2001","CountryID":148,"Latitude":47.01466596265661,"Longitude":28.85609559752413,"DistanceUnit":0},"OperatorID":3502,"DataProviderID":1,"UsageTypeID":4,"StatusTypeID":50,"Connections":[{"ID":312237,"ConnectionTypeID":33,"StatusTypeID":50,"LevelID":3,"PowerKW":50,"CurrentTypeID":30,"Quantity":1},{"ID":312238,"ConnectionTypeID":2,"StatusTypeID":50,"LevelID":3,"PowerKW":50,"CurrentTypeID":30,"Quantity":1},{"ID":312239,"ConnectionTypeID":1036,"StatusTypeID":50,"LevelID":3,"PowerKW":43,"CurrentTypeID":20,"Quantity":1}]},{"ID":192191,"UUID":"2CF7F7C7-7D80-4D86-AFC2-130D4069076E","NumberOfPoints":1,"AddressInfo":{"ID":192550,"Title":"EV0041 Jumbo","AddressLine1":"Decebal 23/1","Town":"Chisinau","Postcode":"MD-2038","CountryID":148,"Latitude":47.00483399046374,"Longitude":28.86013208564907,"DistanceUnit":0},"OperatorID":3502,"DataProviderID":1,"UsageTypeID":4,"StatusTypeID":50,"Connections":[{"ID":312231,"ConnectionTypeID":33,"StatusTypeID":50,"LevelID":3,"PowerKW":50,"CurrentTypeID":30,"Quantity":1},{"ID":312232,"ConnectionTypeID":2,"StatusTypeID":50,"LevelID":3,"PowerKW":50,"CurrentTypeID":30,"Quantity":1},{"ID":312233,"ConnectionTypeID":1036,"StatusTypeID":50,"LevelID":3,"PowerKW":43,"CurrentTypeID":20,"Quantity":1}]},{"ID":192188,"UUID":"188CA048-C895-4419-8FB5-B77AE7CC9204","NumberOfPoints":1,"AddressInfo":{"ID":192547,"Title":"EV0030","AddressLine1":"Nicolae Iorga 10","AddressLine2":"Rompetrol Gas Station","Town":"Balti","Postcode":"MD-3129","CountryID":148,"Latitude":47.76723473181403,"Longitude":27.942188449916898,"DistanceUnit":0},"OperatorID":3502,"DataProviderID":1,"UsageTypeID":4,"StatusTypeID":50,"Connections":[{"ID":312226,"ConnectionTypeID":33,"StatusTypeID":50,"LevelID":3,"PowerKW":50,"CurrentTypeID":30,"Quantity":1},{"ID":312227,"ConnectionTypeID":2,"StatusTypeID":50,"LevelID":3,"PowerKW":50,"CurrentTypeID":30,"Quantity":1},{"ID":312228,"ConnectionTypeID":1036,"StatusTypeID":50,"LevelID":3,"PowerKW":43,"CurrentTypeID":20,"Quantity":1}]},{"ID":192172,"UUID":"8AC01BC4-AF9A-437E-99AC-B85D631AF03A","NumberOfPoints":1,"AddressInfo":{"ID":192531,"Title":"ZityMall","AddressLine1":"Calea Iesilor 8","Town":"Chișinău","Postcode":"MD-2069","CountryID":148,"Latitude":47.03939724067615,"Longitude":28.803302545783936,"DistanceUnit":0},"OperatorID":3497,"DataProviderID":1,"UsageTypeID":4,"StatusTypeID":50,"Connections":[{"ID":312190,"ConnectionTypeID":33,"StatusTypeID":100,"LevelID":3,"PowerKW":50,"CurrentTypeID":30,"Quantity":1},{"ID":312191,"ConnectionTypeID":2,"StatusTypeID":100,"LevelID":3,"PowerKW":50,"CurrentTypeID":30,"Quantity":1},{"ID":312192,"ConnectionTypeID":1036,"StatusTypeID":100,"LevelID":3,"PowerKW":43,"CurrentTypeID":20,"Quantity":1}]},{"ID":192163,"UUID":"36CF46A8-71C8-4936-94D2-29B07D3623A8","NumberOfPoints":1,"AddressInfo":{"ID":192522,"Title":"EV0045","AddressLine1":"Bucuriei 18","Town":"Chisinau","CountryID":148,"Latitude":47.0397471948111,"Longitude":28.81458728249123,"DistanceUnit":0},"OperatorID":3502,"DataProviderID":1,"UsageTypeID":4,"StatusTypeID":50,"Connections":[{"ID":312165,"ConnectionTypeID":33,"StatusTypeID":50,"LevelID":3,"PowerKW":150,"CurrentTypeID":30,"Quantity":1},{"ID":312166,"ConnectionTypeID":2,"StatusTypeID":50,"LevelID":3,"PowerKW":80,"CurrentTypeID":30,"Quantity":1}]},{"ID":169706,"UUID":"600F95D3-DA48-44D9-BD56-2ABD7D700EEE","NumberOfPoints":1,"AddressInfo":{"ID":170065,"Title":"3a str. Gheorghe Coșbuc","AddressLine1":"3a str. Gheorghe Coșbuc","Town":"Chișinău","StateOrProvince":"","Postcode":"2400","CountryID":148,"Latitude":47.0276709542014,"Longitude":28.840542582200897,"DistanceUnit":0},"OperatorID":1,"DataProviderID":1,"UsageTypeID":4,"StatusTypeID":50,"Connections":[{"ID":258466,"ConnectionTypeID":0,"StatusTypeID":50,"Quantity":1}]},{"ID":101022,"UUID":"1C89535E-D748-423D-A08B-8332CAA92BAB","NumberOfPoints":2,"UsageCost":"Free","AddressInfo":{"ID":101368,"Title":"Grand Hall parking","AddressLine1":"Negruzzi Blvd 2/4","Town":"Chisinau","Postcode":"2001","CountryID":148,"Latitude":47.0146550876066,"Longitude":28.8539037992094,"AccessComments":"On parking, they have 2 charging station.  Chargers for Smart, Nissan, Tesla","DistanceUnit":0},"OperatorID":45,"DataProviderID":1,"UsageTypeID":6,"StatusTypeID":50,"Connections":[{"ID":142638,"ConnectionTypeID":1,"StatusTypeID":50,"LevelID":2,"CurrentTypeID":10,"Quantity":1},{"ID":142639,"ConnectionTypeID":1036,"StatusTypeID":50,"LevelID":2,"CurrentTypeID":10,"Quantity":1}]}]