[{"ID":311445,"UUID":"D04F6FAF-1158-4550-BCA3-F5F65E96CC54","NumberOfPoints":1,"UsageCost":"0.70 BGN/kWh","AddressInfo":{"ID":311834,"Title":"Via Antiqua, Ceramic Factory","AddressLine1":"Luliakovo Train Station","Town":"Luliakovo","StateOrProvince":"Bourgas","CountryID":39,"Latitude":42.848070270555496,"Longitude":27.100741618369852,"DistanceUnit":0},"OperatorID":1,"DataProviderID":1,"UsageTypeID":4,"StatusTypeID":50,"Connections":[{"ID":600143,"ConnectionTypeID":33,"StatusTypeID":50,"LevelID":3,"PowerKW":180,"CurrentTypeID":30,"Quantity":2}]},{"ID":308869,"UUID":"8AE56D57-282E-4611-AD94-8050B8E77074","NumberOfPoints":1,"AddressInfo":{"ID":309258,"Title":"Melnik Charger","AddressLine1":"120, Melnik str.","Town":"Melnik","Postcode":"2820","CountryID":39,"Latitude":41.52312757367133,"Longitude":23.39198534255155,"DistanceUnit":0},"OperatorID":1,"DataProviderID":1,"UsageTypeID":6,"StatusTypeID":50,"Connections":[{"ID":592371,"ConnectionTypeID":25,"StatusTypeID":50,"LevelID":2,"Amps":16,"Voltage":400,"PowerKW":11,"CurrentTypeID":20,"Quantity":1}]},{"ID":306607,"UUID":"24A0BCE8-AFE0-46F0-98EC-83B31864B2F6","NumberOfPoints":1,"AddressInfo":{"ID":306996,"Title":"Zona za biznes APOLO Sunny beach","AddressLine1":"street for Tunkovo","Town":"Sunny Beach","StateOrProvince":"Nessebar","Postcode":"8230","CountryID":39,"Latitude":42.687826,"Longitude":27.695529,"DistanceUnit":0},"OperatorID":1,"DataProviderID":1,"UsageTypeID":5,"StatusTypeID":50,"Connections":[{"ID":584158,"ConnectionTypeID":33,"StatusTypeID":50,"LevelID":3,"PowerKW":360,"CurrentTypeID":30,"Quantity":2}]},{"ID":306606,"UUID":"8D07CCA9-8A4D-436F-811E-B57A74F4FF7C","NumberOfPoints":1,"AddressInfo":{"ID":306995,"Title":"Evroserviz LTD","AddressLine1":"Meden Rudnik after street Vurli brqg","Town":"Burgas","StateOrProvince":"Burgas","Postcode":"8009","CountryID":39,"Latitude":42.447677,"Longitude":27.39483,"ContactTelephone1":"+359896752618","DistanceUnit":0},"OperatorID":1,"DataProviderID":1,"UsageTypeID":5,"StatusTypeID":50,"Connections":[{"ID":584157,"ConnectionTypeID":33,"StatusTypeID":50,"LevelID":3,"PowerKW":360,"CurrentTypeID":30,"Quantity":2}]},{"ID":306605,"UUID":"0C1A11A2-BE2D-45AA-8A2E-C1735177F900","NumberOfPoints":1,"AddressInfo":{"ID":306994,"Title":"Одрин","AddressLine1":"Одрин","AddressLine2":"Промишлена зона","StateOrProvince":"Бургас","Postcode":"8005","CountryID":39,"Latitude":42.50964659153459,"Longitude":27.451929809967652,"ContactTelephone1":"+359896752618","DistanceUnit":0},"OperatorID":1,"DataProviderID":1,"UsageTypeID":5,"StatusTypeID":50,"Connections":[{"ID":584156,"ConnectionTypeID":33,"StatusTypeID":50,"LevelID":3,"PowerKW":360,"CurrentTypeID":30,"Quantity":2}]},{"ID":299142,"UUID":"C054ABB9-8B34-4D32-B9DE-1D7D11274F9B","NumberOfPoints":6,"AddressInfo":{"ID":299529,"Title":"Tesla Supercharger Sofia","AddressLine1":"Cherni vrah bulevard 100","AddressLine2":"Промишлена зона Хладилника","Town":"Sofia","Postcode":"1407","CountryID":39,"Latitude":42.65773380399253,"Longitude":23.313515440331116,"DistanceUnit":0},"OperatorID":23,"DataProviderID":1,"UsageTypeID":4,"StatusTypeID":50,"Connections":[{"ID":549228,"ConnectionTypeID":33,"StatusTypeID":50,"LevelID":3,"PowerKW":250,"CurrentTypeID":30,"Quantity":6}]},{"ID":297968,"UUID":"0C35D4D3-7757-4D2B-BB86-214619214A87","NumberOfPoints":3,"UsageCost":"0.79 BGN/kWh","AddressInfo":{"ID":298355,"Title":"Fines Kirkovo","AddressLine1":"Димитър Благоев","Postcode":"6888","CountryID":39,"Latitude":41.340027369185606,"Longitude":25.358056080054098,"ContactTelephone1":"+359888606066","DistanceUnit":0},"OperatorID":1,"DataProviderID":1,"UsageTypeID":4,"StatusTypeID":50,"Connections":[{"ID":542721,"ConnectionTypeID":33,"StatusTypeID":50,"LevelID":3,"PowerKW":225,"CurrentTypeID":30,"Quantity":3}]},{"ID":296412,"UUID":"A26C4712-482E-4201-A64E-4E706B323FE6","NumberOfPoints":1,"AddressInfo":{"ID":296799,"Title":"Fines Obnova","AddressLine1":"9 September ","Town":"Obnova","CountryID":39,"Latitude":43.439502963013524,"Longitude":24.99232847770884,"DistanceUnit":0},"OperatorID":3714,"DataProviderID":1,"UsageTypeID":4,"StatusTypeID":50,"Connections":[{"ID":530149,"ConnectionTypeID":33,"StatusTypeID":50,"LevelID":2,"PowerKW":75,"Quantity":1}]},{"ID":296396,"UUID":"93BFC864-FFEE-49F4-A948-33F16A4CB0C6","NumberOfPoints":2,"UsageCost":"0.78 BGN/kWh ","AddressInfo":{"ID":296783,"Title":"Проф. Александър Танев","AddressLine1":"Проф. Александър Танев","AddressLine2":"ж.к. Младост 4","Postcode":"1715","CountryID":39,"Latitude":42.62391245217313,"Longitude":23.38398164791056,"AccessComments":"Accessible during Kaufland working hours only: 07:00-22:00","DistanceUnit":0},"OperatorID":3714,"DataProviderID":1,"UsageTypeID":4,"StatusTypeID":50,"Connections":[{"ID":530105,"ConnectionTypeID":33,"StatusTypeID":50,"LevelID":2,"PowerKW":50,"Quantity":1},{"ID":530106,"ConnectionTypeID":2,"StatusTypeID":50,"LevelID":2,"PowerKW":50,"Quantity":1},{"ID":530107,"ConnectionTypeID":1036,"StatusTypeID":50,"LevelID":2,"PowerKW":43,"Quantity":1}]},{"ID":280786,"UUID":"F839C686-DEEC-4E36-8645-7A9D9A1B6146","NumberOfPoints":2,"UsageCost":"","AddressInfo":{"ID":281173,"Title":"Billa Parking EV CHARGERS","AddressLine1":"РЕПУБЛИКАНСКА 5","Town":"Созопол","Postcode":"8130","CountryID":39,"Latitude":42.418956475604006,"Longitude":27.692894665681592,"AccessComments":"Inside the Billa parking lot (Parking is paid)","DistanceUnit":0},"OperatorID":1,"DataProviderID":1,"UsageTypeID":5,"StatusTypeID":50,"Connections":[{"ID":488360,"ConnectionTypeID":25,"StatusTypeID":50,"LevelID":2,"Amps":40,"Voltage":220,"PowerKW":22,"CurrentTypeID":20,"Quantity":2}]},{"ID":216662,"UUID":"871C45D6-634A-466E-A4D7-AD36555A851C","NumberOfPoints":2,"UsageCost":"0.99BGN per kWh","AddressInfo":{"ID":217042,"Title":"EVN Pamporovo","AddressLine1":"Pamporovo","Town":"Pamporovo","StateOrProvince":"Smolyan","Postcode":"8641","CountryID":39,"Latitude":41.641772,"Longitude":24.691337,"ContactTelephone1":"0700 1 7777","RelatedURL":"https://evn.bg/SpecialPages/e-mobility.aspx","DistanceUnit":0},"OperatorID":1,"DataProviderID":1,"UsageTypeID":4,"StatusTypeID":50,"Connections":[{"ID":366669,"ConnectionTypeID":33,"StatusTypeID":50,"LevelID":3,"Amps":400,"Voltage":920,"PowerKW":120,"CurrentTypeID":30,"Quantity":2}]},{"ID":193583,"UUID":"ED9B74B3-228D-4972-A0CF-4BC1E71EC09B","NumberOfPoints":3,"UsageCost":"0.5","AddressInfo":{"ID":193942,"Title":"Aphrodite Hotel Golden Sands","AddressLine1":"Riviera","Town":"Varna","StateOrProvince":"Varna","Postcode":"9007","CountryID":39,"Latitude":43.281935387609934,"Longitude":28.03963344123838,"AccessComments":"Ask Reception for RFID card","DistanceUnit":0},"OperatorID":1,"DataProviderID":1,"UsageTypeID":5,"StatusTypeID":50,"Connections":[{"ID":315030,"ConnectionTypeID":25,"StatusTypeID":50,"LevelID":2,"Amps":16,"Voltage":400,"PowerKW":11,"CurrentTypeID":20,"Quantity":3}],"MediaItems":[{"ID":32096,"ChargePointID":193583,"ItemURL":"https://media.openchargemap.io/images/BG/OCM193583/OCM-193583.orig.2022062410120749.jpg","ItemThumbnailURL":"https://media.openchargemap.io/images/BG/OCM193583/OCM-193583.thmb.2022062410120749.jpg","Comment":"","IsEnabled":true,"IsVideo":false,"IsFeaturedItem":false,"IsExternalResource":false,"User":{"ID":38854,"Username":"Radoslav"},"DateCreated":"2022-06-24T10:12:00Z"}]},{"ID":188967,"UUID":"9D615BAD-D6FE-4137-8DB5-029CD5AD4186","NumberOfPoints":1,"UsageCost":"Free","AddressInfo":{"ID":189326,"Title":"Kaufland","AddressLine1":"bul. Tsar Osvoboditel 35b","Town":"Botevgrad","StateOrProvince":"","Postcode":"2140","CountryID":39,"Latitude":42.91113074408531,"Longitude":23.8044223376711,"AccessComments":"Open during business hours","DistanceUnit":0},"OperatorID":1,"DataProviderID":1,"UsageTypeID":1,"StatusTypeID":50,"Connections":[{"ID":305413,"ConnectionTypeID":33,"StatusTypeID":50,"LevelID":3,"PowerKW":50,"CurrentTypeID":30,"Quantity":1},{"ID":305414,"ConnectionTypeID":2,"StatusTypeID":50,"LevelID":3,"PowerKW":50,"CurrentTypeID":30,"Quantity":1},{"ID":305415,"ConnectionTypeID":25,"StatusTypeID":50,"LevelID":3,"PowerKW":43,"CurrentTypeID":20,"Quantity":1}],"UserComments":[{"ID":25810,"ChargePointID":188967,"CommentTypeID":50,"UserName":"Marvex","Comment":"the station has been removed","DateCreated":"2022-05-28T21:23:54.877Z","User":{"ID":35500,"Username":"Marvex"},"CheckinStatusTypeID":10,"IsActionedByEditor":false}]},{"ID":188966,"UUID":"84625622-DE04-428A-B76F-4C608D8639CD","NumberOfPoints":1,"UsageCost":"Free","AddressInfo":{"ID":189325,"Title":"Kaufland Ruse","AddressLine1":"бул. Липник 8","Town":"Ruse","StateOrProvince":"","Postcode":"7001","CountryID":39,"Latitude":43.84671575050325,"Longitude":25.966018596657932,"AccessComments":"Open during business hours","DistanceUnit":0},"OperatorID":1,"DataProviderID":1,"UsageTypeID":1,"StatusTypeID":50,"Connections":[{"ID":305410,"ConnectionTypeID":33,"StatusTypeID":50,"LevelID":3,"PowerKW":50,"CurrentTypeID":30,"Quantity":1},{"ID":305411,"ConnectionTypeID":2,"StatusTypeID":50,"LevelID":3,"PowerKW":50,"CurrentTypeID":30,"Quantity":1},{"ID":305412,"ConnectionTypeID":25,"StatusTypeID":50,"LevelID":3,"PowerKW":43,"CurrentTypeID":20,"Quantity":1}]},{"ID":188965,"UUID":"48B32B25-689A-482B-8C30-C3747B98D0D3","NumberOfPoints":1,"UsageCost":"Free","AddressInfo":{"ID":189324,"Title":"Kaufland Dobrich","AddressLine1":"ul. Dunav 55","Town":"Община Добрич","StateOrProvince":"","Postcode":"9300","CountryID":39,"Latitude":43.56664201693255,"Longitude":27.84003779651448,"AccessComments":"Open during business hours","DistanceUnit":0},"OperatorID":1,"DataProviderID":1,"UsageTypeID":1,"StatusTypeID":50,"Connections":[{"ID":305407,"ConnectionTypeID":33,"StatusTypeID":50,"LevelID":3,"PowerKW":50,"CurrentTypeID":30,"Quantity":1},{"ID":305408,"ConnectionTypeID":2,"StatusTypeID":50,"LevelID":3,"PowerKW":50,"CurrentTypeID":30,"Quantity":1},{"ID":305409,"ConnectionTypeID":25,"StatusTypeID":50,"LevelID":3,"PowerKW":43,"CurrentTypeID":20,"Quantity":1}]},{"ID":188964,"UUID":"CB2CF6C0-6A30-420F-A7C0-212917049A3E","NumberOfPoints":1,"UsageCost":"Free","AddressInfo":{"ID":189323,"Title":"Kaufland Pleven","AddressLine1":"ul. San Stefano 80","Town":"Pleven","StateOrProvince":"","Postcode":"","CountryID":39,"Latitude":43.395637687655636,"Longitude":24.621736305003765,"AccessComments":"Open during business hours","DistanceUnit":0},"OperatorID":1,"DataProviderID":1,"UsageTypeID":1,"StatusTypeID":50,"Connections":[{"ID":305404,"ConnectionTypeID":33,"StatusTypeID":50,"LevelID":3,"PowerKW":50,"CurrentTypeID":30,"Quantity":1},{"ID":305405,"ConnectionTypeID":2,"StatusTypeID":50,"LevelID":3,"PowerKW":50,"CurrentTypeID":30,"Quantity":1},{"ID":305406,"ConnectionTypeID":25,"StatusTypeID":50,"LevelID":3,"PowerKW":43,"CurrentTypeID":20,"Quantity":1}]},{"ID":188963,"UUID":"A547CFC7-56A2-4928-A161-619E22F3E513","NumberOfPoints":1,"UsageCost":"Free","AddressInfo":{"ID":189322,"Title":"Kaufland Sandanski","AddressLine1":"Svoboda Boulevard","Town":"Sandanski","StateOrProvince":"Blagoevgrad","Postcode":"2800","CountryID":39,"Latitude":41.5500575202482,"Longitude":23.270153868856482,"AccessComments":"Open during business hours","DistanceUnit":0},"OperatorID":1,"DataProviderID":1,"UsageTypeID":6,"StatusTypeID":50,"Connections":[{"ID":305401,"ConnectionTypeID":33,"StatusTypeID":50,"LevelID":3,"PowerKW":50,"CurrentTypeID":30,"Quantity":1},{"ID":305402,"ConnectionTypeID":2,"StatusTypeID":50,"LevelID":3,"PowerKW":50,"CurrentTypeID":30,"Quantity":1},{"ID":305403,"ConnectionTypeID":1036,"StatusTypeID":50,"LevelID":3,"PowerKW":43,"CurrentTypeID":20,"Quantity":1}]},{"ID":175626,"UUID":"AA71C8F0-8C4F-4769-B81E-2FE4CD3A1E94","NumberOfPoints":1,"UsageCost":"EUR 0.25 start fee, EUR 0.25 per kW","AddressInfo":{"ID":175985,"Title":"Eldrive Bricolage Blagoevgrad BG31","AddressLine1":"1 Yane Sandanski","AddressLine2":"Mr. Bricolage ","Town":"2700 Blagoevgrad","StateOrProvince":"","Postcode":"2700","CountryID":39,"Latitude":41.99661903741537,"Longitude":23.087672175012926,"ContactTelephone1":"+359 2 419 3476","DistanceUnit":0},"OperatorID":1,"DataProviderID":1,"UsageTypeID":4,"StatusTypeID":50,"Connections":[{"ID":272690,"ConnectionTypeID":33,"StatusTypeID":50,"LevelID":3,"PowerKW":50,"CurrentTypeID":30,"Quantity":1,"Comments":"You must have a valid account with the Eldrive App, with payment method enabled"},{"ID":272691,"ConnectionTypeID":2,"StatusTypeID":50,"LevelID":3,"PowerKW":50,"CurrentTypeID":30,"Quantity":1,"Comments":"You must have the Eldrive App with payment method enabled"}]},{"ID":175625,"UUID":"9B581905-D8B8-477F-BDDD-0B1271A1464A","NumberOfPoints":2,"UsageCost":"EUR 0.25 start fee and EUR 0.25 per kW","AddressInfo":{"ID":175984,"Title":"Eldrive Shell Studena BG74","AddressLine1":"Studena, McDonalds, Shell Station, 2344 Studena, Bulgaria","CountryID":39,"Latitude":42.53964270849136,"Longitude":23.129033902064975,"ContactTelephone1":"+359 2 419 3476","AccessComments":"You must have an Eldrive account with active payment method. Look for the Eldrive App in both Apple App Store & Google Play Store","RelatedURL":"http://www.eldrive.eu","DistanceUnit":0},"OperatorID":1,"DataProviderID":1,"UsageTypeID":4,"StatusTypeID":50,"Connections":[{"ID":272688,"ConnectionTypeID":33,"Reference":"Eldrive Bulgaria","StatusTypeID":50,"LevelID":3,"PowerKW":50,"CurrentTypeID":30,"Quantity":1},{"ID":272689,"ConnectionTypeID":2,"StatusTypeID":50,"LevelID":3,"PowerKW":50,"CurrentTypeID":30,"Quantity":1}]},{"ID":174109,"UUID":"B98C75AF-C2F6-49B0-B7E6-65137D8B6A67","NumberOfPoints":1,"UsageCost":"$0.40/kWh","AddressInfo":{"ID":174468,"Title":"Petrol Kulata","AddressLine1":"E 79","Town":"Kulata","StateOrProvince":"Blagoevgrad","Postcode":"2868","CountryID":39,"Latitude":41.38409618089045,"Longitude":23.36181088739886,"AccessComments":"https://chge.eu/43834","RelatedURL":"https://chge.eu/43834","DistanceUnit":0},"OperatorID":1,"DataProviderID":1,"UsageTypeID":1,"StatusTypeID":50,"Connections":[{"ID":268970,"ConnectionTypeID":33,"Reference":"Elbul","StatusTypeID":50,"LevelID":3,"PowerKW":50,"CurrentTypeID":30,"Quantity":1,"Comments":"https://chge.eu/43834"},{"ID":268971,"ConnectionTypeID":2,"Reference":"Elbul","StatusTypeID":50,"LevelID":3,"PowerKW":50,"CurrentTypeID":30,"Quantity":1,"Comments":"https://chge.eu/43834"}]},{"ID":169928,"UUID":"EBAFB239-F6BB-4238-A977-EA0A2D737298","NumberOfPoints":1,"UsageCost":"0,20 / kwh","AddressInfo":{"ID":170287,"Title":"Star Power","AddressLine1":"Star Power","Town":"Varna Municipality","StateOrProvince":"","Postcode":"9025","CountryID":39,"Latitude":43.23198839019258,"Longitude":27.895022932468805,"DistanceUnit":0},"OperatorID":1,"DataProviderID":1,"UsageTypeID":4,"StatusTypeID":50,"Connections":[{"ID":258950,"ConnectionTypeID":33,"StatusTypeID":50,"LevelID":3,"PowerKW":80,"CurrentTypeID":30,"Quantity":1},{"ID":258951,"ConnectionTypeID":2,"StatusTypeID":50,"LevelID":3,"PowerKW":60,"CurrentTypeID":30,"Quantity":1},{"ID":258952,"ConnectionTypeID":25,"StatusTypeID":50,"LevelID":2,"PowerKW":22,"CurrentTypeID":20,"Quantity":1}]},{"ID":161890,"UUID":"85271A0D-33C7-426A-91CA-B3F515ED8C82","NumberOfPoints":1,"UsageCost":"O. 40lv kw/h","AddressInfo":{"ID":162247,"Title":"Vaneda gasstation","AddressLine1":"4, Targovishte","Town":"Targovishte municipality","Postcode":"7702","CountryID":39,"Latitude":43.23147177249248,"Longitude":26.561832669416503,"DistanceUnit":0},"OperatorID":1,"DataProviderID":1,"UsageTypeID":1,"StatusTypeID":50,"Connections":[{"ID":232987,"ConnectionTypeID":25,"StatusTypeID":50,"LevelID":2,"PowerKW":22,"CurrentTypeID":20,"Quantity":1}],"MediaItems":[{"ID":28274,"ChargePointID":161890,"ItemURL":"https://media.openchargemap.io/images/BG/OCM161890/OCM-161890.orig.2021062308192001.jpg","ItemThumbnailURL":"https://media.openchargemap.io/images/BG/OCM161890/OCM-161890.thmb.2021062308192001.jpg","Comment":"","IsEnabled":true,"IsVideo":false,"IsFeaturedItem":false,"IsExternalResource":false,"User":{"ID":25014,"Username":"Nedko"},"DateCreated":"2021-06-23T08:19:00Z"},{"ID":28273,"ChargePointID":161890,"ItemURL":"https://media.openchargemap.io/images/BG/OCM161890/OCM-161890.orig.2021062308173662.jpg","ItemThumbnailURL":"https://media.openchargemap.io/images/BG/OCM161890/OCM-161890.thmb.2021062308173662.jpg","Comment":"","IsEnabled":true,"IsVideo":false,"IsFeaturedItem":false,"IsExternalResource":false,"User":{"ID":25014,"Username":"Nedko"},"DateCreated":"2021-06-23T08:18:00Z"},{"ID":24142,"ChargePointID":161890,"ItemURL":"https://media.openchargemap.io/images/BG/OCM161890/OCM-161890.orig.2020081316380961.jpg","ItemThumbnailURL":"https://media.openchargemap.io/images/BG/OCM161890/OCM-161890.thmb.2020081316380961.jpg","Comment":"","IsEnabled":true,"IsVideo":false,"IsFeaturedItem":false,"IsExternalResource":false,"User":{"ID":25014,"Username":"Nedko"},"DateCreated":"2020-08-13T16:38:00Z"}]},{"ID":157573,"UUID":"9647C69B-9A69-4A51-A3E0-285E82BA227B","NumberOfPoints":1,"UsageCost":"0.72 BGN/min","AddressInfo":{"ID":157927,"Title":"Eldrive Shell Montana","AddressLine1":"ul. Diana 13, Northern Industrial Zone","Town":"Montana","StateOrProvince":"Montana","Postcode":"3403","CountryID":39,"Latitude":43.40728815521743,"Longitude":23.239451448267573,"RelatedURL":"http://eldrive.eu","DistanceUnit":0},"OperatorID":1,"DataProviderID":1,"UsageTypeID":4,"StatusTypeID":50,"Connections":[{"ID":227007,"ConnectionTypeID":33,"StatusTypeID":50,"LevelID":3,"PowerKW":50,"CurrentTypeID":30},{"ID":227008,"ConnectionTypeID":2,"StatusTypeID":50,"LevelID":3,"PowerKW":50,"CurrentTypeID":30}]},{"ID":151121,"UUID":"083327F8-418B-4EE2-8B18-3EE87AD9AA52","NumberOfPoints":4,"UsageCost":"0.00/kWh; other tariffs for older cars","AddressInfo":{"ID":151474,"Title":"Plovdiv Supercharger","AddressLine1":"Ul. \"lev Tolstoy\" 6","Town":"Plovdiv","Postcode":"4017","CountryID":39,"Latitude":42.144727,"Longitude":24.768828,"DistanceUnit":0},"OperatorID":23,"DataProviderID":1,"UsageTypeID":4,"StatusTypeID":50,"Connections":[{"ID":210766,"ConnectionTypeID":27,"StatusTypeID":50,"LevelID":3,"PowerKW":120,"CurrentTypeID":30,"Quantity":4}]},{"ID":148959,"UUID":"CA3741E5-8CE5-4A66-99DA-BF4BB6180F3F","NumberOfPoints":1,"UsageCost":"0.40 lv","AddressInfo":{"ID":149312,"Title":"4","AddressLine1":"4","Town":"Търговище","StateOrProvince":"Търговище","Postcode":"7702","CountryID":39,"Latitude":43.251196,"Longitude":26.572794,"DistanceUnit":0},"DataProviderID":1,"UsageTypeID":5,"StatusTypeID":50,"Connections":[{"ID":206853,"ConnectionTypeID":25,"LevelID":2}]},{"ID":148531,"UUID":"68E092B7-2744-4387-9C0C-CFC7AD7193F2","NumberOfPoints":1,"UsageCost":"0.50 BGN/kWh","AddressInfo":{"ID":148883,"Title":"Fines Shop - Gelemenovo","AddressLine1":"ул. Трети Март","AddressLine2":"кв. ХРИСТО БОТЕВ","Town":"Gelemenovo","Postcode":"6400","CountryID":39,"Latitude":42.26808073721392,"Longitude":24.31377981034757,"DistanceUnit":0},"OperatorID":1,"DataProviderID":1,"UsageTypeID":5,"StatusTypeID":50,"Connections":[{"ID":206249,"ConnectionTypeID":2,"StatusTypeID":50,"LevelID":3,"PowerKW":50,"CurrentTypeID":30,"Quantity":1},{"ID":206250,"ConnectionTypeID":33,"StatusTypeID":50,"LevelID":3,"PowerKW":50,"CurrentTypeID":30,"Quantity":1}]},{"ID":145927,"UUID":"ACB1A2E9-B056-44F3-BF31-7CC0F2717294","NumberOfPoints":2,"UsageCost":"Free","AddressInfo":{"ID":146279,"Title":"Kaufland Kriva Reka","AddressLine1":"36 Gen. Totleben Bvd.","Town":"Sofia","StateOrProvince":"Sofia","Postcode":"1606","CountryID":39,"Latitude":42.68954951913605,"Longitude":23.302123457748962,"AccessComments":"Free charging for two cars at the Kaufland's parking.","DistanceUnit":0},"OperatorID":45,"DataProviderID":1,"UsageTypeID":1,"StatusTypeID":50,"Connections":[{"ID":202812,"ConnectionTypeID":33,"StatusTypeID":50,"LevelID":3,"PowerKW":50,"CurrentTypeID":30,"Quantity":1},{"ID":202813,"ConnectionTypeID":2,"StatusTypeID":50,"LevelID":3,"PowerKW":50,"CurrentTypeID":30,"Quantity":1},{"ID":202814,"ConnectionTypeID":1036,"StatusTypeID":50,"LevelID":3,"Amps":63,"Voltage":400,"PowerKW":43,"CurrentTypeID":20,"Quantity":1}]},{"ID":145895,"UUID":"88273ED2-4BCC-425B-84AE-60ED4589443F","NumberOfPoints":1,"UsageCost":"0.45BGN/kWh","AddressInfo":{"ID":146247,"Title":"FINES Mladost-1 ","AddressLine1":"ulitsa Dimitar Mollov 5","Town":"Sofia","StateOrProvince":"Sofia City","Postcode":"1750","CountryID":39,"Latitude":42.66140113555713,"Longitude":23.372084085467122,"DistanceUnit":0},"OperatorID":1,"DataProviderID":1,"UsageTypeID":5,"StatusTypeID":50,"Connections":[{"ID":202741,"ConnectionTypeID":33,"StatusTypeID":50,"LevelID":3,"PowerKW":120,"CurrentTypeID":30,"Quantity":1},{"ID":202742,"ConnectionTypeID":2,"StatusTypeID":50,"LevelID":3,"PowerKW":120,"CurrentTypeID":30,"Quantity":1}]},{"ID":135259,"UUID":"DC10E65A-62F5-4868-A5FB-4436F9C81E78","NumberOfPoints":1,"UsageCost":"0.95BGN/kWh","AddressInfo":{"ID":135605,"Title":"Marikostinovo","AddressLine1":"Struma","Town":"Marikostinovo","StateOrProvince":"Petrich","Postcode":"2870","CountryID":39,"Latitude":41.43442595510558,"Longitude":23.333902224764188,"DistanceUnit":0},"OperatorID":1,"DataProviderID":1,"UsageTypeID":5,"StatusTypeID":50,"Connections":[{"ID":189488,"ConnectionTypeID":33,"StatusTypeID":50,"LevelID":3,"Voltage":400,"PowerKW":225,"CurrentTypeID":30,"Quantity":1},{"ID":189489,"ConnectionTypeID":33,"StatusTypeID":50,"LevelID":3,"Voltage":400,"PowerKW":225,"CurrentTypeID":30,"Quantity":2},{"ID":189490,"ConnectionTypeID":33,"StatusTypeID":50,"LevelID":2,"Amps":32,"Voltage":400,"PowerKW":120,"CurrentTypeID":20,"Quantity":1}]},{"ID":133526,"UUID":"46750841-A857-4139-8253-47198101DE82","NumberOfPoints":2,"AddressInfo":{"ID":133872,"Title":"Mall Plovdiv","AddressLine1":"Perushtica Street 8","Town":"Plovdiv","StateOrProvince":"Plovdiv","Postcode":"4002","CountryID":39,"Latitude":42.14144794153253,"Longitude":24.7195487857216,"AccessComments":"Parking lot is publicly accessable.\r\nFirst hour of stay is free, every hour after that is charged at 1 lv./h. Holders of valid CinemaCity movie ticket could request up to 3 hours of free stay.\r\n\r\nOpening hours: 7:30 - 23:00","RelatedURL":"https://mallplovdiv.bg/en/","DistanceUnit":0},"OperatorID":45,"DataProviderID":1,"UsageTypeID":6,"StatusTypeID":50,"Connections":[{"ID":186909,"ConnectionTypeID":25,"StatusTypeID":50,"LevelID":2,"Amps":32,"Voltage":400,"PowerKW":22,"CurrentTypeID":20,"Quantity":2},{"ID":186910,"ConnectionTypeID":25,"StatusTypeID":50,"LevelID":2,"Amps":32,"Voltage":400,"PowerKW":22,"CurrentTypeID":20,"Quantity":2}],"MediaItems":[{"ID":20041,"ChargePointID":133526,"ItemURL":"https://media.openchargemap.io/images/BG/OCM133526/OCM-133526.orig.2019102009215188.jpg","ItemThumbnailURL":"https://media.openchargemap.io/images/BG/OCM133526/OCM-133526.thmb.2019102009215188.jpg","Comment":"","IsEnabled":true,"IsVideo":false,"IsFeaturedItem":false,"IsExternalResource":false,"User":{"ID":22778,"Username":"Todor Petrov"},"DateCreated":"2019-10-20T09:22:00Z"}]},{"ID":132602,"UUID":"341EB712-62D6-4BE3-AA8B-8D4E181602D4","NumberOfPoints":1,"UsageCost":"0.72BGN/min = 43.2BGN/h","AddressInfo":{"ID":132948,"Title":"Eldrive Shell Pravets","AddressLine1":"Hishway Hemus Road A2, Km 43-790 Left, 2161 Razliv","CountryID":39,"Latitude":42.908644,"Longitude":23.879933,"DistanceUnit":0},"DataProviderID":1,"UsageTypeID":4,"StatusTypeID":50,"Connections":[{"ID":185634,"ConnectionTypeID":33,"StatusTypeID":50,"LevelID":3,"PowerKW":50,"CurrentTypeID":30},{"ID":185635,"ConnectionTypeID":2,"StatusTypeID":50,"LevelID":3,"PowerKW":50,"CurrentTypeID":30}]},{"ID":130850,"UUID":"1A6C28FE-FD6A-4C69-A789-7B3B0B86179E","NumberOfPoints":1,"UsageCost":"0,54 BGN to activate +0,19 BGN per minute at day (0,16 BGN at night) +0,49 BGN per KWh","AddressInfo":{"ID":131196,"Title":"Eldrive - Shell Lyubimets East","AddressLine1":"Автомагистрала Марица","StateOrProvince":"Lyubimets","CountryID":39,"Latitude":41.8445390715264,"Longitude":26.1199399656175,"DistanceUnit":0},"OperatorID":1,"DataProviderID":1,"UsageTypeID":4,"StatusTypeID":50,"Connections":[{"ID":183213,"ConnectionTypeID":2,"StatusTypeID":50,"LevelID":3,"PowerKW":50,"CurrentTypeID":30,"Quantity":1},{"ID":183214,"ConnectionTypeID":33,"StatusTypeID":50,"LevelID":3,"PowerKW":50,"CurrentTypeID":30,"Quantity":1}]},{"ID":129090,"UUID":"040C90EE-D1F5-4ED8-881E-E7A4F6C994BE","NumberOfPoints":2,"UsageCost":"0.15EUR/kWh","AddressInfo":{"ID":129436,"Title":"Networx Office","AddressLine1":"Tzarkovna nesavisimost St.18","Town":"Ruse","StateOrProvince":"Ruse","Postcode":"7000","CountryID":39,"Latitude":43.8520594443108,"Longitude":25.9511766607898,"DistanceUnit":0},"OperatorID":1,"DataProviderID":1,"UsageTypeID":4,"StatusTypeID":50,"Connections":[{"ID":180714,"ConnectionTypeID":25,"StatusTypeID":50,"LevelID":2,"Amps":16,"Voltage":220,"PowerKW":4,"CurrentTypeID":10,"Quantity":1},{"ID":180715,"ConnectionTypeID":13,"StatusTypeID":50,"LevelID":2,"Amps":16,"Voltage":220,"PowerKW":4,"CurrentTypeID":10,"Quantity":1}]},{"ID":126764,"UUID":"8D4B1025-9D05-4FC7-A245-AE8437666AF5","NumberOfPoints":1,"UsageCost":"0.45 BGN/kWh","AddressInfo":{"ID":127110,"Title":"FINES  Dimitrovgrad","AddressLine1":"1 PATRIARH EVTIMII STR., 6404 DIMITROVGRAD","AddressLine2":"кв. ХРИСТО БОТЕВ","StateOrProvince":"Dimitrovgrad","Postcode":"6400","CountryID":39,"Latitude":42.0531203418722,"Longitude":25.5864606378218,"DistanceUnit":0},"OperatorID":1,"DataProviderID":1,"UsageTypeID":5,"StatusTypeID":50,"Connections":[{"ID":177559,"ConnectionTypeID":2,"StatusTypeID":50,"LevelID":3,"PowerKW":80,"CurrentTypeID":30,"Quantity":1},{"ID":177560,"ConnectionTypeID":33,"StatusTypeID":50,"LevelID":3,"PowerKW":100,"CurrentTypeID":30,"Quantity":1}]},{"ID":117890,"UUID":"5B7D0CB7-0388-4786-9782-F717AFED8799","NumberOfPoints":1,"AddressInfo":{"ID":118236,"Title":"eCars Guest House ILINDEN","AddressLine1":"8 Vitosha Str.","Town":"Bansko","StateOrProvince":"Blagoevgrad","Postcode":"2770","CountryID":39,"Latitude":41.8399637394034,"Longitude":23.4926039984987,"ContactTelephone1":"+359889605359","ContactTelephone2":"+359887015094","ContactEmail":"i_iliev793@abv.bg","AccessComments":"The door for the parking is automatic and remote control is provide for everyone guest of house with car. For other clients working time is from 08:00 to 22:00, please call by phone  for providing of access.   ","RelatedURL":"http://bansko-ilinden.com/","DistanceUnit":0},"OperatorID":45,"DataProviderID":1,"UsageTypeID":3,"StatusTypeID":50,"Connections":[{"ID":166843,"ConnectionTypeID":25,"StatusTypeID":50,"LevelID":2,"Amps":32,"Voltage":380,"PowerKW":22,"CurrentTypeID":20,"Quantity":1}],"MediaItems":[{"ID":17749,"ChargePointID":117890,"ItemURL":"https://media.openchargemap.io/images/BG/OCM117890/OCM-117890.orig.2019030811030164.jpg","ItemThumbnailURL":"https://media.openchargemap.io/images/BG/OCM117890/OCM-117890.thmb.2019030811030164.jpg","Comment":"","IsEnabled":true,"IsVideo":false,"IsFeaturedItem":false,"IsExternalResource":false,"User":{"ID":20123,"Username":"Iliya"},"DateCreated":"2019-03-08T11:03:00Z"},{"ID":17748,"ChargePointID":117890,"ItemURL":"https://media.openchargemap.io/images/BG/OCM117890/OCM-117890.orig.2019030811014026.jpg","ItemThumbnailURL":"https://media.openchargemap.io/images/BG/OCM117890/OCM-117890.thmb.2019030811014026.jpg","Comment":"","IsEnabled":true,"IsVideo":false,"IsFeaturedItem":false,"IsExternalResource":false,"User":{"ID":20123,"Username":"Iliya"},"DateCreated":"2019-03-08T11:02:00Z"}]},{"ID":113553,"UUID":"323CA624-BE2A-40C3-A96D-90E51C99BD23","NumberOfPoints":1,"AddressInfo":{"ID":113899,"Title":"ASTI Arthotel, Sinemorets","AddressLine1":"8 Silistar Street","Town":"Sinemorets","Postcode":"8279","CountryID":39,"Latitude":42.059286,"Longitude":27.984453,"ContactEmail":"office@metalco-bg.com","AccessComments":"The charging station is located in the parking lot of ASTI Arthotel, Sinemorets. Open seasonally - May to September.","RelatedURL":"http://www.asti.bg","DistanceUnit":0},"OperatorID":45,"DataProviderID":1,"UsageTypeID":5,"StatusTypeID":50,"Connections":[{"ID":160007,"ConnectionTypeID":25,"StatusTypeID":50,"LevelID":2,"Amps":32,"Voltage":400,"PowerKW":22,"CurrentTypeID":20,"Quantity":1}]},{"ID":113396,"UUID":"CF12034E-4490-46E3-9A08-4135DD875A85","NumberOfPoints":1,"UsageCost":"Free","AddressInfo":{"ID":113742,"Title":"SetService Network","AddressLine1":"4 Vitosha str.","Town":"Elin Pelin","StateOrProvince":"Sofia","Postcode":"2100","CountryID":39,"Latitude":42.66679077655837,"Longitude":23.599412246558654,"DistanceUnit":0},"OperatorID":1,"DataProviderID":1,"UsageTypeID":6,"StatusTypeID":50,"Connections":[{"ID":159725,"ConnectionTypeID":25,"StatusTypeID":50,"LevelID":2,"Voltage":230,"PowerKW":22,"CurrentTypeID":20,"Quantity":1}]},{"ID":108245,"UUID":"251E0670-BD44-46E5-9678-96A56FF03F3A","NumberOfPoints":1,"UsageCost":"Free","AddressInfo":{"ID":108591,"Title":"ABB BULGARIA","AddressLine1":"Industrialen pat 1","AddressLine2":"","Town":"Stryama","StateOrProvince":"","Postcode":"4142","CountryID":39,"Latitude":42.250141,"Longitude":24.882217,"ContactTelephone1":"","ContactTelephone2":"","ContactEmail":"","AccessComments":"","RelatedURL":"","DistanceUnit":0},"OperatorID":45,"DataProviderID":1,"UsageTypeID":1,"StatusTypeID":50,"Connections":[{"ID":152976,"ConnectionTypeID":2,"StatusTypeID":50,"LevelID":3,"PowerKW":50,"CurrentTypeID":30},{"ID":152977,"ConnectionTypeID":33,"StatusTypeID":0,"LevelID":3,"PowerKW":50,"CurrentTypeID":30},{"ID":152978,"ConnectionTypeID":25,"StatusTypeID":0,"LevelID":2,"PowerKW":22,"CurrentTypeID":20}]},{"ID":107383,"UUID":"F8754C93-7CC5-4C7F-99C7-35E5003B864F","NumberOfPoints":1,"UsageCost":"-","AddressInfo":{"ID":107729,"Title":"Hotel Marinela Sofia","AddressLine1":"100, James Bourchier Boulevard","Town":"Sofia","Postcode":"1407","CountryID":39,"Latitude":42.6722178309861,"Longitude":23.3197738335441,"ContactTelephone1":"+35 929692222","ContactEmail":"reservations@hotel-marinela.com","AccessComments":"Available to hotel/restaurant/bar clients for free.\r\n7.3kW type2 charging station with no cable attached (bring your own cable).\r\nYou need a card from the reception to enter hotel parking.","RelatedURL":"http://www.hotel-marinela.com/en/home-en/home-en.htm","DistanceUnit":0},"OperatorID":45,"DataProviderID":1,"UsageTypeID":6,"StatusTypeID":50,"Connections":[{"ID":151515,"ConnectionTypeID":25,"StatusTypeID":50,"LevelID":2,"Amps":32,"Voltage":230,"PowerKW":7.3,"CurrentTypeID":10,"Quantity":1}],"MediaItems":[{"ID":16050,"ChargePointID":107383,"ItemURL":"https://media.openchargemap.io/images/BG/OCM107383/OCM-107383.orig.2018072710514269.jpeg","ItemThumbnailURL":"https://media.openchargemap.io/images/BG/OCM107383/OCM-107383.thmb.2018072710514269.jpeg","Comment":"Dave's Tesla P100DL charging @7.3kW on July 26th, 2018.","IsEnabled":true,"IsVideo":false,"IsFeaturedItem":false,"IsExternalResource":false,"User":{"ID":15962,"Username":"thanar"},"DateCreated":"2018-07-27T10:52:00Z"}]},{"ID":94589,"UUID":"CC4A1F3E-3BC9-409E-882C-A77D8948DDB0","NumberOfPoints":1,"UsageCost":"Free","AddressInfo":{"ID":94935,"Title":"ул. Иван Мирчев","AddressLine1":"ул. Иван Мирчев","AddressLine2":"кв. Гео Милев","Town":"Stara Zagora","StateOrProvince":"Stara Zagora","Postcode":"6002","CountryID":39,"Latitude":42.422727,"Longitude":25.6281209,"ContactTelephone1":"+359 42603821","ContactEmail":"mgeorgiev@emobility.bg","AccessComments":"The station is located in front of Energoconsult`s office. Call us to open the charger.","DistanceUnit":0},"OperatorID":45,"DataProviderID":1,"UsageTypeID":7,"StatusTypeID":50,"Connections":[{"ID":133733,"ConnectionTypeID":1036,"StatusTypeID":50,"LevelID":2,"PowerKW":11}]},{"ID":31455,"UUID":"8C8E9BC1-1D4D-467F-827F-096B7A00FAA4","NumberOfPoints":1,"UsageCost":"0.00 jaarabonnement","AddressInfo":{"ID":31801,"Title":"ул. Вихрен 9","AddressLine1":"ул. Вихрен 9","Town":"район Витоша","Postcode":"1618","CountryID":39,"Latitude":42.667125,"Longitude":23.267916,"RelatedURL":"http://www.essent.nl","DistanceUnit":0},"OperatorID":78,"DataProviderID":26,"StatusTypeID":50,"Connections":[{"ID":34966,"ConnectionTypeID":25,"LevelID":2,"PowerKW":11,"CurrentTypeID":10},{"ID":45880,"ConnectionTypeID":25,"LevelID":2,"PowerKW":11,"CurrentTypeID":10}]},{"ID":21331,"UUID":"7D82405C-59EE-463C-A828-B0B6B9734D5D","NumberOfPoints":1,"AddressInfo":{"ID":21676,"Title":"FULLCHARGER / ATANASOV GROUP","AddressLine1":"Стефан Стамболов  /  72, District Drujba 1","AddressLine2":"zh.k. Druzhba 4","Town":"Добрич-град","StateOrProvince":"Dobrich Region","Postcode":"9300","CountryID":39,"Latitude":43.566892136719744,"Longitude":27.846399806340045,"DistanceUnit":0},"OperatorID":5,"DataProviderID":1,"UsageTypeID":1,"StatusTypeID":50,"Connections":[{"ID":23179,"ConnectionTypeID":13,"LevelID":2,"Amps":16,"Voltage":230,"PowerKW":3.7,"CurrentTypeID":10,"Quantity":1}]},{"ID":21330,"UUID":"30A5B9F0-B601-46D1-846E-5F928CD62248","NumberOfPoints":1,"AddressInfo":{"ID":21675,"Title":"FULLCHARGER / ENERGYSTA 002","AddressLine1":"ул. Митрополит Методи Кусев  /  9, Mitropolit Metodii Kusev Blvd.","AddressLine2":"кв. Славейков","Town":"Stara Zagora","StateOrProvince":"Stara Zagora Region","Postcode":"6000","CountryID":39,"Latitude":42.42241368216924,"Longitude":25.62690367196659,"DistanceUnit":0},"OperatorID":5,"DataProviderID":1,"UsageTypeID":1,"StatusTypeID":50,"Connections":[{"ID":23178,"ConnectionTypeID":13,"LevelID":2,"Amps":16,"Voltage":230,"PowerKW":3.7,"CurrentTypeID":10,"Quantity":1}]},{"ID":21329,"UUID":"0C1C07DF-BCC7-4CEA-B7A2-44148DBAE5A8","NumberOfPoints":1,"AddressInfo":{"ID":21674,"Title":"FULLCHARGER / ENERGYSTA 003","AddressLine1":"ул. Хаджи Димитър Асенов  /  94A, Tsar Simeon Veliki Blvd.","AddressLine2":"кв. Възраждане","Town":"Stara Zagora","StateOrProvince":"Stara Zagora Region","Postcode":"6000","CountryID":39,"Latitude":42.42366501950761,"Longitude":25.624071259246865,"DistanceUnit":0},"OperatorID":5,"DataProviderID":1,"UsageTypeID":1,"StatusTypeID":50,"Connections":[{"ID":23177,"ConnectionTypeID":13,"LevelID":2,"Amps":16,"Voltage":230,"PowerKW":3.7,"CurrentTypeID":10,"Quantity":1}]},{"ID":21328,"UUID":"A3E0757B-9CEA-409C-8611-7C89FDCC3799","NumberOfPoints":1,"AddressInfo":{"ID":21673,"Title":"FULLCHARGER / ENERGYSTA 004","AddressLine1":"Цар Иван Шишман  / 52, Tsar Ivan Shishman Str.","AddressLine2":"кв. ЦГЧ","Town":"Stara Zagora","StateOrProvince":"Stara Zagora Region","Postcode":"6000","CountryID":39,"Latitude":42.423554142524075,"Longitude":25.63020815347294,"DistanceUnit":0},"OperatorID":5,"DataProviderID":1,"UsageTypeID":1,"StatusTypeID":50,"Connections":[{"ID":23176,"ConnectionTypeID":13,"LevelID":2,"Amps":16,"Voltage":230,"PowerKW":3.7,"CurrentTypeID":10,"Quantity":1}]},{"ID":21327,"UUID":"B3BDD562-9066-4224-93E8-780E14DA94EA","NumberOfPoints":1,"AddressInfo":{"ID":21672,"Title":"FULLCHARGER / ENERGYSTA 001","AddressLine1":"32, Rusky Blvd.","AddressLine2":"кв. ЦГЧ","Town":"Stara Zagora","StateOrProvince":"Stara Zagora Region","Postcode":"6000","CountryID":39,"Latitude":42.424393634806705,"Longitude":25.62844862435917,"DistanceUnit":0},"OperatorID":5,"DataProviderID":1,"UsageTypeID":1,"StatusTypeID":50,"Connections":[{"ID":23175,"ConnectionTypeID":13,"LevelID":2,"Amps":16,"Voltage":230,"PowerKW":3.7,"CurrentTypeID":10,"Quantity":1}]},{"ID":21326,"UUID":"3CEFF355-638B-49A2-B7CD-D1B745CBA345","NumberOfPoints":1,"AddressInfo":{"ID":21671,"Title":" FULLCHARGER / ENERGYSTA 005","AddressLine1":"Св. Княз Борис  /  102, Kniaz Boris Str.","AddressLine2":"кв. ЦГЧ","Town":"Stara Zagora","StateOrProvince":"Stara Zagora Region","Postcode":"6000","CountryID":39,"Latitude":42.4260725856497,"Longitude":25.629800457702675,"DistanceUnit":0},"OperatorID":5,"DataProviderID":1,"UsageTypeID":1,"StatusTypeID":50,"Connections":[{"ID":23174,"ConnectionTypeID":13,"LevelID":2,"Amps":16,"Voltage":230,"PowerKW":3.7,"CurrentTypeID":10,"Quantity":1}]},{"ID":21325,"UUID":"5947DD55-C610-428D-B218-8587F64D8834","NumberOfPoints":1,"AddressInfo":{"ID":21670,"Title":"FULLCHARGER / BULGARIA 03","AddressLine1":"Цар Иван Шишман / 34, Gurko Str.","AddressLine2":"ж.к. Лозенец","Town":"Sofia","StateOrProvince":"Sofia-City Region","Postcode":"1142","CountryID":39,"Latitude":42.6911541765591,"Longitude":23.32902503284915,"DistanceUnit":0},"OperatorID":5,"DataProviderID":1,"UsageTypeID":1,"StatusTypeID":50,"Connections":[{"ID":23173,"ConnectionTypeID":13,"LevelID":2,"Amps":16,"Voltage":230,"PowerKW":3.7,"CurrentTypeID":10,"Quantity":1}]},{"ID":21324,"UUID":"D5B4B426-A6AD-4339-8724-D4CCFD60BE37","NumberOfPoints":1,"AddressInfo":{"ID":21669,"Title":"FULLCHARGER / SOFIA 001","AddressLine1":"Tsar Osvoboditel Boulevard  /  1, Narodno sabranie Sq","AddressLine2":"НПЗ Хаджи Димитър","Town":"Sofia","StateOrProvince":"Sofia-City Region","Postcode":"1000","CountryID":39,"Latitude":42.693661842587495,"Longitude":23.332114937634305,"DistanceUnit":0},"OperatorID":5,"DataProviderID":1,"UsageTypeID":1,"StatusTypeID":50,"Connections":[{"ID":23172,"ConnectionTypeID":13,"LevelID":2,"Amps":16,"Voltage":230,"PowerKW":3.7,"CurrentTypeID":10,"Quantity":1}]},{"ID":21323,"UUID":"36DB9739-C52C-4DA9-A1F9-922F1244A290","NumberOfPoints":1,"AddressInfo":{"ID":21668,"Title":"FULLCHARGER / SOFIA 009","AddressLine1":"Славянска   /   8, Slavianska Str","AddressLine2":"ж.к. Лозенец","Town":"Sofia","StateOrProvince":"Sofia-City Region","Postcode":"1142","CountryID":39,"Latitude":42.693125620626525,"Longitude":23.32876754078372,"DistanceUnit":0},"OperatorID":5,"DataProviderID":1,"UsageTypeID":1,"StatusTypeID":50,"Connections":[{"ID":23171,"ConnectionTypeID":13,"LevelID":2,"Amps":16,"Voltage":230,"PowerKW":3.7,"CurrentTypeID":10,"Quantity":1}]},{"ID":21322,"UUID":"209F296E-6DCC-44D5-AD71-F9E1FD19D795","NumberOfPoints":1,"AddressInfo":{"ID":21667,"Title":"FULLCHARGER / SOFIA 002","AddressLine1":"Оборище  /  Alexandar Nevski Sq.,","AddressLine2":"НПЗ Хаджи Димитър","Town":"Sofia","StateOrProvince":"Sofia-City Region","Postcode":"1000","CountryID":39,"Latitude":42.6961378662985,"Longitude":23.332436802716092,"DistanceUnit":0},"OperatorID":5,"DataProviderID":1,"UsageTypeID":1,"StatusTypeID":50,"Connections":[{"ID":23170,"ConnectionTypeID":13,"LevelID":2,"Amps":16,"Voltage":230,"PowerKW":3.7,"CurrentTypeID":10,"Quantity":1}]},{"ID":21321,"UUID":"F9D9BF7F-E2AF-4F81-A1A0-9CB7E800E5C8","NumberOfPoints":1,"AddressInfo":{"ID":21666,"Title":"FULLCHARGER / SOFIA 003","AddressLine1":"Московска  /  33-39, Moskovska Str.","AddressLine2":"НПЗ Хаджи Димитър","Town":"Sofia","StateOrProvince":"Sofia-City Region","Postcode":"1504","CountryID":39,"Latitude":42.69668983264998,"Longitude":23.33125663074954,"DistanceUnit":0},"OperatorID":5,"DataProviderID":1,"UsageTypeID":1,"StatusTypeID":50,"Connections":[{"ID":23169,"ConnectionTypeID":13,"LevelID":2,"Amps":16,"Voltage":230,"PowerKW":3.7,"CurrentTypeID":10,"Quantity":1}]},{"ID":21320,"UUID":"93BE2C64-69D9-4ADE-A763-930BC3FE437A","NumberOfPoints":1,"AddressInfo":{"ID":21665,"Title":"FULLCHARGER / SOFIA 004","AddressLine1":"Дякон Игнатий","AddressLine2":"ж.к. Зона Б-5-3","Town":"Sofia","StateOrProvince":"Sofia-City Region","Postcode":"1000","CountryID":39,"Latitude":42.69528625144656,"Longitude":23.32477641376956,"DistanceUnit":0},"OperatorID":5,"DataProviderID":1,"UsageTypeID":1,"StatusTypeID":50,"Connections":[{"ID":23168,"ConnectionTypeID":13,"LevelID":2,"Amps":16,"Voltage":230,"PowerKW":3.7,"Quantity":1}]},{"ID":21319,"UUID":"2F697E1F-BAE2-496B-9C93-938534D0C541","NumberOfPoints":1,"AddressInfo":{"ID":21664,"Title":"FULLCHARGER / SOFIA 008","AddressLine1":"ул. Триадица  / 4-8, Triaditsa Str.","AddressLine2":"ж.к. Зона Б-5-3","Town":"Sofia","StateOrProvince":"Sofia-City Region","Postcode":"1000","CountryID":39,"Latitude":42.69867687089144,"Longitude":23.325205567211942,"DistanceUnit":0},"OperatorID":5,"DataProviderID":1,"UsageTypeID":1,"StatusTypeID":50,"Connections":[{"ID":23167,"ConnectionTypeID":13,"LevelID":2,"Amps":16,"Voltage":230,"PowerKW":3.7,"CurrentTypeID":10,"Quantity":1}]},{"ID":21318,"UUID":"9C028C11-AB47-4130-A82F-FAD26CDD5F87","NumberOfPoints":1,"AddressInfo":{"ID":21663,"Title":"FULLCHARGER / SOFIA 005","AddressLine1":"бул. Александър Стамболийски  /  21, Alexandar Stamboliyski Blvd.","AddressLine2":"ж.к. Зона Б-5-3","Town":"Sofia","StateOrProvince":"Sofia-City Region","Postcode":"1000","CountryID":39,"Latitude":42.69694215849051,"Longitude":23.31954074177249,"DistanceUnit":0},"OperatorID":5,"DataProviderID":1,"UsageTypeID":1,"StatusTypeID":50,"Connections":[{"ID":23166,"ConnectionTypeID":13,"LevelID":2,"Amps":16,"Voltage":230,"PowerKW":3.7,"CurrentTypeID":10,"Quantity":1}]},{"ID":21317,"UUID":"47D8DE65-D35C-49A4-806C-34CFD503F5AB","NumberOfPoints":1,"AddressInfo":{"ID":21662,"Title":"FULLCHARGER / SOFIA 007","AddressLine1":"бул. Христо Ботев   /  1 Makedoniya Sq.","AddressLine2":"ж.к. Зона Б-5-3","Town":"Sofia","StateOrProvince":"Sofia-City Region","Postcode":"1303","CountryID":39,"Latitude":42.69457656348225,"Longitude":23.315592530102567,"DistanceUnit":0},"OperatorID":5,"DataProviderID":1,"UsageTypeID":0,"StatusTypeID":50,"Connections":[{"ID":23165,"ConnectionTypeID":13,"LevelID":2,"Amps":16,"Voltage":230,"PowerKW":3.7,"CurrentTypeID":10,"Quantity":1}]},{"ID":21316,"UUID":"9448025E-3260-4C7A-8EEC-ECB7451A56F0","NumberOfPoints":1,"AddressInfo":{"ID":21661,"Title":"FULLCHARGER / SOFIA 006","AddressLine1":"Странджа    /   69-79, Alexandar Stamboliyski Blvd","AddressLine2":"ж.к. Зона Б-5-3","Town":"Sofia","StateOrProvince":"Sofia-City Region","Postcode":"1303","CountryID":39,"Latitude":42.698138605467875,"Longitude":23.311965558894475,"DistanceUnit":0},"OperatorID":5,"DataProviderID":1,"UsageTypeID":1,"StatusTypeID":50,"Connections":[{"ID":23164,"ConnectionTypeID":13,"LevelID":2,"Amps":16,"Voltage":230,"PowerKW":3.7,"CurrentTypeID":10,"Quantity":1}]}]