[{"ID":303474,"UUID":"9912CF24-C9F1-4836-8C36-4534C58E6B8B","NumberOfPoints":1,"UsageCost":"Hər 1 kVts - 0.26₼, dolduqdan 5 dəqiqə sonra hər dəqiqə üçün 0.10₼","AddressInfo":{"ID":303861,"Title":"Yolüstü Salyan","AddressLine1":"Bakı-Ələt-Astara-İran yolu","CountryID":20,"Latitude":39.78724037431638,"Longitude":49.19387328296233,"ContactTelephone1":"+994553993707","RelatedURL":"https://www.gofar.az/","DistanceUnit":0},"OperatorID":3806,"DataProviderID":1,"UsageTypeID":5,"StatusTypeID":50,"Connections":[{"ID":572103,"ConnectionTypeID":33,"StatusTypeID":50,"LevelID":3,"PowerKW":60,"CurrentTypeID":30,"Quantity":2}]},{"ID":72674,"UUID":"F50E3923-E195-4761-9A61-8203892FCEED","NumberOfPoints":1,"AddressInfo":{"ID":73020,"Title":"Green car charging point","AddressLine1":"Heydər Əliyev pr.‎ Baku, Azerbaijan ","Town":"Baku","StateOrProvince":"Baku","CountryID":20,"Latitude":40.392749,"Longitude":49.864964,"ContactTelephone1":"+994 55 715 1236 ","RelatedURL":"http://greencar.az/","DistanceUnit":0},"OperatorID":1,"DataProviderID":1,"UsageTypeID":1,"StatusTypeID":50,"Connections":[{"ID":104193,"ConnectionTypeID":34,"StatusTypeID":50,"LevelID":2,"Voltage":120,"CurrentTypeID":20}]}]