[{"ID":94987,"UUID":"03473780-C043-4A36-97BC-C46009C11068","NumberOfPoints":1,"AddressInfo":{"ID":95333,"Title":"Makerere University","AddressLine1":"College of Engineering","AddressLine2":"Makerere","Town":"Kampala","CountryID":233,"Latitude":32.564583,"Longitude":0.336187,"DistanceUnit":0},"OperatorID":45,"DataProviderID":1,"UsageTypeID":2,"StatusTypeID":50,"Connections":[{"ID":134601,"ConnectionTypeID":2,"StatusTypeID":50,"LevelID":3,"Amps":125,"Voltage":500,"PowerKW":50,"CurrentTypeID":30,"Quantity":1}]}]