[{"ID":270992,"UUID":"FA1DC561-A418-4554-8C65-7C55F9B225BA","NumberOfPoints":1,"AddressInfo":{"ID":271376,"Title":"KZ_1","AddressLine1":"Панфилова улица","StateOrProvince":"Қарағанды облысы","Postcode":"100012","CountryID":117,"Latitude":49.81928,"Longitude":73.090905,"DistanceUnit":0},"OperatorID":3686,"DataProviderID":1,"UsageTypeID":5,"StatusTypeID":50,"Connections":[{"ID":461276,"ConnectionTypeID":25,"StatusTypeID":50,"LevelID":2,"PowerKW":22,"CurrentTypeID":20,"Quantity":2}]},{"ID":146057,"UUID":"73DD1004-E62F-4795-9629-D2BE2A4D9CC5","NumberOfPoints":6,"UsageCost":"Tariffs not published","AddressInfo":{"ID":146409,"Title":"Nur-Sultan Supercharger","AddressLine1":"Dostyk Street 16","Town":"Nur-Sultan","Postcode":"010016","CountryID":117,"Latitude":51.124129,"Longitude":71.431327,"DistanceUnit":0},"OperatorID":23,"DataProviderID":1,"UsageTypeID":4,"StatusTypeID":50,"Connections":[{"ID":202945,"ConnectionTypeID":27,"StatusTypeID":50,"LevelID":3,"PowerKW":120,"CurrentTypeID":30,"Quantity":6}]},{"ID":146017,"UUID":"50850A0B-2AA9-49CF-AD33-03D905BC1915","NumberOfPoints":4,"UsageCost":"Tariffs not published","AddressInfo":{"ID":146369,"Title":"Almaty Supercharger","AddressLine1":"Al-Farabi Avenue 77/8","Town":"Almaty","Postcode":"050040","CountryID":117,"Latitude":43.218333,"Longitude":76.927778,"DistanceUnit":0},"OperatorID":23,"DataProviderID":1,"UsageTypeID":4,"StatusTypeID":50,"Connections":[{"ID":202905,"ConnectionTypeID":27,"StatusTypeID":50,"LevelID":3,"PowerKW":120,"CurrentTypeID":30,"Quantity":4}]}]