[{"ID":191551,"UUID":"2169F102-F546-4B69-A93E-CBD38E8054B0","NumberOfPoints":1,"UsageCost":"0.00","AddressInfo":{"ID":191910,"Title":"Unipet San Fernando","AddressLine1":"Lady Hailes Avenue","Town":"San Fernando","CountryID":227,"Latitude":10.26590473512033,"Longitude":-61.46312116905885,"ContactTelephone1":"868-226-4864 Ext 1322","RelatedURL":"https://unipet.co.tt/","DistanceUnit":0},"OperatorID":1,"DataProviderID":1,"UsageTypeID":1,"StatusTypeID":50,"Connections":[{"ID":311065,"ConnectionTypeID":1036,"StatusTypeID":50,"LevelID":2,"PowerKW":11,"CurrentTypeID":10,"Quantity":1}],"MediaItems":[{"ID":30745,"ChargePointID":191551,"ItemURL":"https://media.openchargemap.io/images/TT/OCM191551/OCM-191551.orig.2022021221204379.jpeg","ItemThumbnailURL":"https://media.openchargemap.io/images/TT/OCM191551/OCM-191551.thmb.2022021221204379.jpeg","Comment":"","IsEnabled":true,"IsVideo":false,"IsFeaturedItem":false,"IsExternalResource":false,"User":{"ID":36665,"Username":"mudmanninja"},"DateCreated":"2022-02-12T21:21:00Z"},{"ID":30744,"ChargePointID":191551,"ItemURL":"https://media.openchargemap.io/images/TT/OCM191551/OCM-191551.orig.2022021221194028.jpg","ItemThumbnailURL":"https://media.openchargemap.io/images/TT/OCM191551/OCM-191551.thmb.2022021221194028.jpg","Comment":"","IsEnabled":true,"IsVideo":false,"IsFeaturedItem":false,"IsExternalResource":false,"User":{"ID":36665,"Username":"mudmanninja"},"DateCreated":"2022-02-12T21:20:00Z"}]},{"ID":191462,"UUID":"14D165B0-5EB5-4D53-B76E-C8D86A5B9E11","NumberOfPoints":2,"UsageCost":"0.00","AddressInfo":{"ID":191821,"Title":"Unipet Brentwood","AddressLine1":"Cor. North Brentwood Gardens & Edinburgh Boulevard","Town":"Edinburgh Village","CountryID":227,"Latitude":10.505764396671267,"Longitude":-61.40484867122872,"ContactTelephone1":"8682264864 ext 1310","RelatedURL":"https://unipet.co.tt/","DistanceUnit":0},"OperatorID":1,"DataProviderID":1,"UsageTypeID":1,"StatusTypeID":50,"Connections":[{"ID":310902,"ConnectionTypeID":1036,"StatusTypeID":50,"LevelID":2,"Amps":16,"Voltage":400,"PowerKW":11,"CurrentTypeID":20,"Quantity":2}]},{"ID":191413,"UUID":"14E836FC-E1FD-4A94-B580-2D1D3DE7E1CC","NumberOfPoints":2,"UsageCost":"0.00","AddressInfo":{"ID":191772,"Title":"NP 60 kW Fast Charger","AddressLine1":"Rivulet Road","Town":"Preysal","StateOrProvince":"Couva-Tabaquite-Talparo","Postcode":"550610","CountryID":227,"Latitude":10.41591811174483,"Longitude":-61.41818111263524,"ContactTelephone1":"868-636-6203","RelatedURL":"https://nationalenergy.tt/Sustainability/Renewable-Energy-Projects","DistanceUnit":0},"OperatorID":1,"DataProviderID":1,"UsageTypeID":1,"StatusTypeID":50,"Connections":[{"ID":310793,"ConnectionTypeID":33,"StatusTypeID":50,"LevelID":3,"PowerKW":60,"CurrentTypeID":30,"Quantity":1},{"ID":310794,"ConnectionTypeID":2,"LevelID":3,"PowerKW":60,"CurrentTypeID":30,"Quantity":1},{"ID":310795,"ConnectionTypeID":1036,"StatusTypeID":50,"LevelID":3,"Amps":63,"Voltage":400,"PowerKW":43,"CurrentTypeID":20,"Quantity":1}],"MediaItems":[{"ID":30722,"ChargePointID":191413,"ItemURL":"https://media.openchargemap.io/images/TT/OCM191413/OCM-191413.orig.2022021109323679.jpg","ItemThumbnailURL":"https://media.openchargemap.io/images/TT/OCM191413/OCM-191413.thmb.2022021109323679.jpg","Comment":"","IsEnabled":true,"IsVideo":false,"IsFeaturedItem":false,"IsExternalResource":false,"User":{"ID":36665,"Username":"mudmanninja"},"DateCreated":"2022-02-11T09:33:00Z"},{"ID":30721,"ChargePointID":191413,"ItemURL":"https://media.openchargemap.io/images/TT/OCM191413/OCM-191413.orig.2022021109174761.jpg","ItemThumbnailURL":"https://media.openchargemap.io/images/TT/OCM191413/OCM-191413.thmb.2022021109174761.jpg","Comment":"","IsEnabled":true,"IsVideo":false,"IsFeaturedItem":false,"IsExternalResource":false,"User":{"ID":36665,"Username":"mudmanninja"},"DateCreated":"2022-02-11T09:18:00Z"}]}]