[{"ID":302219,"UUID":"998FE66E-EEB0-428B-94F9-AF00CD2FE18B","NumberOfPoints":2,"UsageCost":"Payment for DC charging is 1,200ден or 20€ / per charging session (no limit of kWh) . At the moment software is under construction . ","AddressInfo":{"ID":302606,"Title":"Stibera","AddressLine1":"Orde Chopela 191","Town":"Prilep","StateOrProvince":"Prilep","Postcode":"7500","CountryID":134,"Latitude":41.36287079198917,"Longitude":21.51925737345573,"AccessComments":"Open from 11-19","DistanceUnit":0},"OperatorID":1,"DataProviderID":1,"UsageTypeID":5,"StatusTypeID":50,"Connections":[{"ID":566419,"ConnectionTypeID":33,"StatusTypeID":50,"LevelID":3,"PowerKW":80,"CurrentTypeID":30,"Quantity":2,"Comments":"The charger is in function , payment software is still under development. At the moment, customers can charge during working hours of the Stibera Exclusive Home Center (11.00-17.00h). Or, if necessary, the number +38971328291 at any time of the day.  Полначот е пуштен во употреба , Но софтверот за наплата е сеуште во изработка . Во моментот клиентите може да полнат само во работно време на Стибера Ексклузив Хоме Центарот (11.00-17.00h). Или по потреба на бројот +38971328291 во било кое време од денот ."}],"UserComments":[{"ID":29969,"ChargePointID":302219,"CommentTypeID":50,"UserName":"Stefan Projcheski","Comment":"The charger is in function , But the payment software is still under development. At the moment, customers can charge only during working hours of the Stibera Exclusive Home Center (11.00-17.00h). Or, if necessary, the number +38971328291 at any time of the day.  Полначот е пуштен во употреба , Но софтверот за наплата е сеуште во изработка . Во моментот клиентите може да полнат само во работно време на Стибера Ексклузив Хоме Центарот (11.00-17.00h). Или по потреба на бројот +38971328291 во било кое време од денот .","Rating":5,"DateCreated":"2024-08-30T17:52:31.79Z","User":{"ID":53887,"Username":"Stefan Projcheski"},"CheckinStatusTypeID":10,"IsActionedByEditor":false}],"MediaItems":[{"ID":43460,"ChargePointID":302219,"ItemURL":"https://media.openchargemap.io/images/MK/OCM302219/OCM-302219.orig.2024083017493717.jpg","ItemThumbnailURL":"https://media.openchargemap.io/images/MK/OCM302219/OCM-302219.thmb.2024083017493717.jpg","Comment":"","IsEnabled":true,"IsVideo":false,"IsFeaturedItem":false,"IsExternalResource":false,"User":{"ID":53887,"Username":"Stefan Projcheski"},"DateCreated":"2024-08-30T17:50:00Z"},{"ID":43458,"ChargePointID":302219,"ItemURL":"https://media.openchargemap.io/images/MK/OCM302219/OCM-302219.orig.2024083017475065.jpg","ItemThumbnailURL":"https://media.openchargemap.io/images/MK/OCM302219/OCM-302219.thmb.2024083017475065.jpg","Comment":"","IsEnabled":true,"IsVideo":false,"IsFeaturedItem":false,"IsExternalResource":false,"User":{"ID":53887,"Username":"Stefan Projcheski"},"DateCreated":"2024-08-30T17:48:00Z"},{"ID":43459,"ChargePointID":302219,"ItemURL":"https://media.openchargemap.io/images/MK/OCM302219/OCM-302219.orig.2024083017482241.jpg","ItemThumbnailURL":"https://media.openchargemap.io/images/MK/OCM302219/OCM-302219.thmb.2024083017482241.jpg","Comment":"","IsEnabled":true,"IsVideo":false,"IsFeaturedItem":false,"IsExternalResource":false,"User":{"ID":53887,"Username":"Stefan Projcheski"},"DateCreated":"2024-08-30T17:48:00Z"}]},{"ID":193311,"UUID":"3D1ED240-AE6E-4B4D-A457-790A5426B762","NumberOfPoints":1,"AddressInfo":{"ID":193670,"Title":"Hotel Tino Sveti Stefan","AddressLine1":"Sveti Stefan","Town":"Ohrid","StateOrProvince":"Macedonia","Postcode":"6321","CountryID":134,"Latitude":41.07609619065593,"Longitude":20.80337886692928,"ContactTelephone1":" +38946209340","AccessComments":"At Hotel Tino Sveti Stefan parking site.","RelatedURL":"https://www.hoteltinosvstefan.com/","DistanceUnit":0},"OperatorID":1,"DataProviderID":1,"UsageTypeID":6,"StatusTypeID":50,"Connections":[{"ID":314440,"ConnectionTypeID":1036,"Reference":"https://swedcharge.com/","StatusTypeID":50,"LevelID":2,"Amps":13,"Voltage":220,"PowerKW":11,"CurrentTypeID":20,"Quantity":1}],"MediaItems":[{"ID":31865,"ChargePointID":193311,"ItemURL":"https://media.openchargemap.io/images/MK/OCM193311/OCM-193311.orig.2022053017242772.jpg","ItemThumbnailURL":"https://media.openchargemap.io/images/MK/OCM193311/OCM-193311.thmb.2022053017242772.jpg","Comment":"","IsEnabled":true,"IsVideo":false,"IsFeaturedItem":false,"IsExternalResource":false,"User":{"ID":38433,"Username":"SwedCharge.com"},"DateCreated":"2022-05-30T17:25:00Z"},{"ID":31864,"ChargePointID":193311,"ItemURL":"https://media.openchargemap.io/images/MK/OCM193311/OCM-193311.orig.2022053016513608.jpg","ItemThumbnailURL":"https://media.openchargemap.io/images/MK/OCM193311/OCM-193311.thmb.2022053016513608.jpg","Comment":"","IsEnabled":true,"IsVideo":false,"IsFeaturedItem":false,"IsExternalResource":false,"User":{"ID":38433,"Username":"SwedCharge.com"},"DateCreated":"2022-05-30T16:52:00Z"},{"ID":31863,"ChargePointID":193311,"ItemURL":"https://media.openchargemap.io/images/MK/OCM193311/OCM-193311.orig.2022053016492283.jpg","ItemThumbnailURL":"https://media.openchargemap.io/images/MK/OCM193311/OCM-193311.thmb.2022053016492283.jpg","Comment":"","IsEnabled":true,"IsVideo":false,"IsFeaturedItem":false,"IsExternalResource":false,"User":{"ID":38433,"Username":"SwedCharge.com"},"DateCreated":"2022-05-30T16:49:00Z"},{"ID":31862,"ChargePointID":193311,"ItemURL":"https://media.openchargemap.io/images/MK/OCM193311/OCM-193311.orig.2022053016472910.jpg","ItemThumbnailURL":"https://media.openchargemap.io/images/MK/OCM193311/OCM-193311.thmb.2022053016472910.jpg","Comment":"","IsEnabled":true,"IsVideo":false,"IsFeaturedItem":false,"IsExternalResource":false,"User":{"ID":38433,"Username":"SwedCharge.com"},"DateCreated":"2022-05-30T16:48:00Z"}]},{"ID":193122,"UUID":"88EB939B-13A4-4719-B736-46F07C7E7115","NumberOfPoints":1,"AddressInfo":{"ID":193481,"Title":"Makpetrol","AddressLine1":"Макпетрол","Town":"Bogorodica","StateOrProvince":"Southeastern Region","Postcode":"1480","CountryID":134,"Latitude":41.13792811478649,"Longitude":22.54510186590494,"DistanceUnit":0},"OperatorID":136,"DataProviderID":1,"UsageTypeID":1,"StatusTypeID":50,"Connections":[{"ID":314031,"ConnectionTypeID":33,"StatusTypeID":50,"LevelID":3,"PowerKW":100,"CurrentTypeID":30,"Quantity":1},{"ID":314032,"ConnectionTypeID":25,"StatusTypeID":50,"LevelID":2,"Amps":32,"Voltage":400,"PowerKW":22,"CurrentTypeID":20,"Quantity":1},{"ID":314033,"ConnectionTypeID":2,"StatusTypeID":50,"LevelID":3,"PowerKW":100,"CurrentTypeID":30,"Quantity":1}],"MediaItems":[{"ID":39331,"ChargePointID":193122,"ItemURL":"https://media.openchargemap.io/images/MK/OCM193122/OCM-193122.orig.2023082413474249.jpg","ItemThumbnailURL":"https://media.openchargemap.io/images/MK/OCM193122/OCM-193122.thmb.2023082413474249.jpg","Comment":"","IsEnabled":true,"IsVideo":false,"IsFeaturedItem":false,"IsExternalResource":false,"User":{"ID":46981,"Username":"Skoda enyaq"},"DateCreated":"2023-08-24T13:48:00Z"}]},{"ID":188673,"UUID":"19408384-0E92-4CEB-AF29-4FA6DDD5C557","NumberOfPoints":2,"AddressInfo":{"ID":189032,"Title":"Станица за полнење на електрични возила (кај авиончето) ","AddressLine1":"бул.АСНОМ бр.154","Town":"Skopje","StateOrProvince":"Skopje Region","Postcode":"1000","CountryID":134,"Latitude":41.9887382,"Longitude":21.477514,"RelatedURL":"https://emobility.evn.mk/","DistanceUnit":0},"OperatorID":1,"DataProviderID":1,"UsageTypeID":1,"StatusTypeID":50,"Connections":[{"ID":304779,"ConnectionTypeID":25,"Reference":"","StatusTypeID":50,"LevelID":2,"Amps":32,"Voltage":400,"PowerKW":22,"CurrentTypeID":20,"Quantity":2}]},{"ID":175752,"UUID":"416E6372-F133-4178-BAAE-D12632AB4480","NumberOfPoints":2,"UsageCost":"DC 2500 MKD per charge, AC 1500 MKD per charge","AddressInfo":{"ID":176111,"Title":"Porsche Makedonija","AddressLine1":"Босна и Херцеговина","AddressLine2":"Бутел","Town":"Skopje","StateOrProvince":"Град Скопје","Postcode":"1009","CountryID":134,"Latitude":42.024874672305515,"Longitude":21.433183099179814,"ContactTelephone1":"+38922626266","AccessComments":"","DistanceUnit":0},"OperatorID":1,"DataProviderID":1,"UsageTypeID":1,"StatusTypeID":50,"Connections":[{"ID":272932,"ConnectionTypeID":33,"StatusTypeID":50,"LevelID":3,"PowerKW":160,"CurrentTypeID":30,"Quantity":2}],"UserComments":[{"ID":28489,"ChargePointID":175752,"CommentTypeID":50,"UserName":"mv131","Comment":"Position of charger has been corrected.","DateCreated":"2023-05-06T09:57:44.11Z","User":{"ID":45972,"Username":"mv131"},"CheckinStatusTypeID":10,"IsActionedByEditor":false},{"ID":26123,"ChargePointID":175752,"CommentTypeID":1000,"UserName":"Thomas Hutterer-Tik","Comment":"a charger at this location does not exist at the given location, there is one from Porsch on the same street which it only accessible during shop hours","DateCreated":"2022-08-08T06:01:44.483Z","User":{"ID":39767,"Username":"Thomas Hutterer-Tik"},"CheckinStatusTypeID":130,"IsActionedByEditor":false}]},{"ID":133648,"UUID":"1DEADDDB-1E4C-40DB-8A8A-B740D943127A","NumberOfPoints":1,"AddressInfo":{"ID":133994,"Title":"EVN - Ohrid","AddressLine1":"Ohrid City Square","AddressLine2":"Крст Џамија","Town":"Ohrid","StateOrProvince":"Municipality of Ohrid","Postcode":"6000","CountryID":134,"Latitude":41.1124227428034,"Longitude":20.7994743979,"AccessComments":"EVN rfid card is required.","RelatedURL":"https://www.elektrodistribucija.mk/Electromobility/Charger-locations.aspx","DistanceUnit":0},"OperatorID":3350,"DataProviderID":1,"UsageTypeID":4,"StatusTypeID":50,"Connections":[{"ID":187059,"ConnectionTypeID":25,"StatusTypeID":50,"LevelID":2,"Amps":32,"Voltage":400,"PowerKW":22,"CurrentTypeID":20,"Quantity":2}]},{"ID":125587,"UUID":"CC6094FC-FC9D-4BF3-AEA9-E767AC40D318","NumberOfPoints":1,"AddressInfo":{"ID":125933,"Title":"PP close to Shop (Алфа Маркет)","AddressLine1":"Goce Delchev","Town":"Veles","Postcode":"1400","CountryID":134,"Latitude":41.71668,"Longitude":21.78331,"DistanceUnit":0},"OperatorID":1,"DataProviderID":1,"UsageTypeID":4,"StatusTypeID":50,"Connections":[{"ID":175984,"ConnectionTypeID":25,"StatusTypeID":50,"LevelID":2,"Amps":32,"Voltage":400,"PowerKW":22,"CurrentTypeID":20,"Quantity":2}]},{"ID":125586,"UUID":"A472105E-676F-4FE9-98F6-A856DEACD1B6","NumberOfPoints":2,"AddressInfo":{"ID":125932,"Title":"Ванчо Прке","AddressLine1":"11, Cveta Jovanova","Town":"Štip","StateOrProvince":"Општина Штип","Postcode":"2000","CountryID":134,"Latitude":41.73657,"Longitude":22.19113,"AccessComments":"close to the university and Restaurant JET (ЏЕТ Ресторан Пица)","RelatedURL":"https://www.elektrodistribucija.mk/Electromobility/Charger-locations.aspx","DistanceUnit":0},"OperatorID":3350,"DataProviderID":1,"UsageTypeID":4,"StatusTypeID":50,"Connections":[{"ID":175983,"ConnectionTypeID":25,"StatusTypeID":50,"LevelID":2,"Amps":32,"Voltage":400,"PowerKW":22,"CurrentTypeID":20,"Quantity":2}]},{"ID":125585,"UUID":"C8CFD55A-0D7B-405C-BDA3-A0E86A25CFC7","NumberOfPoints":2,"AddressInfo":{"ID":125931,"Title":"EVN Charger Gostivar","AddressLine1":"Boris Kidrikj","Town":"Gostivar","Postcode":"1230","CountryID":134,"Latitude":41.793409,"Longitude":20.910522,"AccessComments":"PP of shopping mall Градски плоштад","RelatedURL":"https://www.elektrodistribucija.mk/Electromobility/Charger-locations.aspx","DistanceUnit":0},"OperatorID":3350,"DataProviderID":1,"UsageTypeID":4,"StatusTypeID":50,"Connections":[{"ID":175982,"ConnectionTypeID":25,"StatusTypeID":50,"LevelID":2,"Amps":32,"Voltage":400,"PowerKW":22,"CurrentTypeID":20,"Quantity":2}]},{"ID":125584,"UUID":"1CA83927-B884-445D-9E03-2950A06E9BC7","NumberOfPoints":2,"AddressInfo":{"ID":125930,"Title":"Butik Evita (PP close to)","AddressLine1":"trg cen blok B","Town":"Kochani","CountryID":134,"Latitude":41.91714,"Longitude":22.4114,"RelatedURL":"https://www.elektrodistribucija.mk/Home.aspx?lang=en-us","DistanceUnit":0},"OperatorID":3350,"DataProviderID":1,"UsageTypeID":4,"StatusTypeID":50,"Connections":[{"ID":175981,"ConnectionTypeID":25,"StatusTypeID":50,"LevelID":2,"Amps":32,"Voltage":400,"PowerKW":22,"CurrentTypeID":20,"Quantity":2}]},{"ID":84312,"UUID":"21B4F065-1718-4855-84DD-D788547FED9D","NumberOfPoints":2,"AddressInfo":{"ID":84658,"Title":"Parking Garage Macedonian Phalang","AddressLine1":"Sv. Kiril i Metodij","AddressLine2":"Centar","Town":"Skopje","StateOrProvince":"Municipality of Centar","Postcode":"1000","CountryID":134,"Latitude":41.98948,"Longitude":21.431872,"DistanceUnit":0},"OperatorID":45,"DataProviderID":1,"UsageTypeID":1,"StatusTypeID":50,"Connections":[{"ID":119719,"ConnectionTypeID":25,"StatusTypeID":50,"LevelID":2,"Amps":32,"Voltage":400,"PowerKW":22,"CurrentTypeID":20,"Quantity":2}]},{"ID":55038,"UUID":"B9FB09D9-3284-4945-B4F0-CF405E2499B2","NumberOfPoints":1,"UsageCost":"Free","AddressInfo":{"ID":55384,"Title":"Pipistrel Flying Club","AddressLine1":"Sport Airfield Skopje","AddressLine2":"Stenkovec","Town":"Skopje","StateOrProvince":"MKD","Postcode":"1000","CountryID":134,"Latitude":42.05884238815343,"Longitude":21.386984329223665,"ContactTelephone1":"+38970205410","ContactEmail":"info@pfc.mk","AccessComments":"Close to Skopje Ringroad intersection with Road to Kosovo","RelatedURL":"http://www.pfc.mk","DistanceUnit":0},"OperatorID":45,"DataProviderID":1,"UsageTypeID":7,"StatusTypeID":50,"Connections":[{"ID":69549,"ConnectionTypeID":17,"StatusTypeID":50,"LevelID":2,"Amps":16,"Voltage":380,"PowerKW":11,"CurrentTypeID":20,"Quantity":1}]}]