[{"ID":300087,"UUID":"F6BDBF7A-103F-450E-AF31-00E0708B513B","NumberOfPoints":1,"AddressInfo":{"ID":300474,"Title":"Yangon","AddressLine1":"kabaraye pagoda road","AddressLine2":"shwe gone dine road","Town":"Yangon","StateOrProvince":"Yangon","Postcode":"11041","CountryID":155,"Latitude":16.8053,"Longitude":96.1561,"DistanceUnit":0},"OperatorID":1,"DataProviderID":1,"UsageTypeID":4,"StatusTypeID":50,"Connections":[{"ID":556431,"ConnectionTypeID":0,"StatusTypeID":50,"LevelID":2,"PowerKW":1000,"Quantity":1}]}]