[{"ID":309752,"UUID":"BADECD62-AD54-4380-8146-21A80513387A","AddressInfo":{"ID":310141,"Title":"Porto Montenegro 1","AddressLine1":"Porto Montenegro, strada Navale","Town":"Tivat","CountryID":151,"Latitude":42.435357,"Longitude":18.69902,"DistanceUnit":0},"OperatorID":3843,"DataProviderID":37,"UsageTypeID":4,"StatusTypeID":50,"Connections":[{"ID":595354,"ConnectionTypeID":33,"Reference":"1","StatusTypeID":50,"CurrentTypeID":10,"Quantity":1},{"ID":595355,"ConnectionTypeID":33,"Reference":"2","StatusTypeID":50,"CurrentTypeID":10,"Quantity":1},{"ID":595356,"ConnectionTypeID":25,"Reference":"3","StatusTypeID":50,"CurrentTypeID":10,"Quantity":1}]},{"ID":296274,"UUID":"329ED50B-35E2-4478-BF45-B512218C7B82","NumberOfPoints":1,"AddressInfo":{"ID":296661,"Title":"EKO Bijelo Polje 2","AddressLine1":"Kralja Nikole","Town":"Bijelo Polje","Postcode":"84000","CountryID":151,"Latitude":43.042354434141345,"Longitude":19.770757513316624,"RelatedURL":"","DistanceUnit":0},"OperatorID":1,"DataProviderID":1,"UsageTypeID":5,"StatusTypeID":50,"Connections":[{"ID":529273,"ConnectionTypeID":33,"StatusTypeID":50,"LevelID":3,"PowerKW":50,"CurrentTypeID":30,"Quantity":1},{"ID":529274,"ConnectionTypeID":2,"StatusTypeID":50,"LevelID":3,"PowerKW":50,"CurrentTypeID":30,"Quantity":1},{"ID":529275,"ConnectionTypeID":1036,"StatusTypeID":50,"LevelID":2,"PowerKW":22,"CurrentTypeID":20,"Quantity":1}]},{"ID":295925,"UUID":"7445E3C8-0C4F-4062-8BC1-BABBA2C30286","NumberOfPoints":1,"UsageCost":"All AC - 0,36 Eur/kWh, All DC - 0,50 Eur/kWh","AddressInfo":{"ID":296312,"Title":"Zlatica","AddressLine1":"Bulevar Vilija Branta","Town":"Podgorica","Postcode":"20000","CountryID":151,"Latitude":42.446383597778095,"Longitude":19.279728245977367,"RelatedURL":"http://greencar.me","DistanceUnit":0},"OperatorID":3768,"DataProviderID":1,"UsageTypeID":1,"StatusTypeID":50,"Connections":[{"ID":527717,"ConnectionTypeID":25,"StatusTypeID":50,"LevelID":2,"PowerKW":22,"CurrentTypeID":20,"Quantity":8},{"ID":527718,"ConnectionTypeID":33,"StatusTypeID":50,"LevelID":3,"PowerKW":90,"CurrentTypeID":30,"Quantity":4},{"ID":527719,"ConnectionTypeID":2,"StatusTypeID":50,"LevelID":3,"PowerKW":80,"CurrentTypeID":30,"Quantity":4}]},{"ID":279546,"UUID":"32B17668-A37C-4005-87E5-F2A7F6FD1C29","NumberOfPoints":1,"AddressInfo":{"ID":279933,"Title":"Bulevar Vilija Branta","AddressLine1":"Bulevar Vilija Branta","Town":"Podgorica","StateOrProvince":"Podgorica Capital City","Postcode":"80001","CountryID":151,"Latitude":42.463319225486714,"Longitude":19.294596887042758,"AccessComments":"Service station","RelatedURL":"https://www.jugopetrol.co.me","DistanceUnit":0},"OperatorID":45,"DataProviderID":1,"UsageTypeID":1,"StatusTypeID":50,"Connections":[{"ID":485665,"ConnectionTypeID":33,"LevelID":3,"PowerKW":50,"CurrentTypeID":30}]},{"ID":272626,"UUID":"FFE8DBE6-BD07-4F7E-B97F-E9EE69ADEB7A","NumberOfPoints":1,"UsageCost":"0.25€ / kWh","AddressInfo":{"ID":273010,"Title":"Apartament Dini","AddressLine1":"Detana 6","Town":"Ulqin","CountryID":151,"Latitude":41.92236290811147,"Longitude":19.23438190053912,"ContactTelephone1":"+38269737332","AccessComments":"Call owner and they will help you.","DistanceUnit":0},"OperatorID":1,"DataProviderID":1,"UsageTypeID":1,"StatusTypeID":50,"Connections":[{"ID":468415,"ConnectionTypeID":17,"StatusTypeID":50,"LevelID":2,"Amps":16,"PowerKW":11,"CurrentTypeID":20,"Quantity":1}]},{"ID":265889,"UUID":"CC193683-3559-4D3F-8EB4-4141DFD00525","NumberOfPoints":1,"UsageCost":"€0.25 / KW","AddressInfo":{"ID":266273,"Title":"D&D Apartments","AddressLine1":"11A","Town":"Tivat","Postcode":"85320","CountryID":151,"Latitude":42.43897171326847,"Longitude":18.696484669803567,"ContactTelephone1":"+38268219008","ContactTelephone2":"+38268219004","AccessComments":"Come to the location of D&D Apartments","RelatedURL":"http://www.luxapartmani.com","DistanceUnit":0},"OperatorID":1,"DataProviderID":1,"UsageTypeID":3,"StatusTypeID":50,"Connections":[{"ID":452324,"ConnectionTypeID":17,"StatusTypeID":50,"LevelID":2,"Amps":32,"Voltage":440,"PowerKW":22,"CurrentTypeID":20,"Quantity":1,"Comments":"It’s a hotel charger but open for everyone.  JUICE BOOSTER 2 mobile wallbox can be connected in both single and three phase with a maximum charging power of 7,4kW/16A single phase ( 220 V ) and 22kW/32A three phase (440V)."},{"ID":452325,"ConnectionTypeID":16,"StatusTypeID":50,"LevelID":2,"Amps":16,"Voltage":220,"PowerKW":7.4,"CurrentTypeID":10,"Quantity":1,"Comments":"It’s a hotel charger but open for everyone.  JUICE BOOSTER 2 mobile wallbox can be connected in both single and three phase with a maximum charging power of 7,4kW/16A single phase ( 220 V ) and 22kW/32A three phase (440V)."}]},{"ID":265240,"UUID":"29046F01-454C-4845-8836-CBAF37E929C3","NumberOfPoints":3,"AddressInfo":{"ID":265624,"Title":"Portonova garage inside","AddressLine1":"Hillside Street","Postcode":"85345","CountryID":151,"Latitude":42.4348675990166,"Longitude":18.600720372610112,"DistanceUnit":0},"OperatorID":1,"DataProviderID":1,"UsageTypeID":4,"StatusTypeID":50,"Connections":[{"ID":449636,"ConnectionTypeID":25,"StatusTypeID":50,"LevelID":2,"PowerKW":11,"CurrentTypeID":20,"Quantity":3}]},{"ID":265239,"UUID":"46DDD4B6-21C0-4EA3-B3FD-EC040989FE3F","NumberOfPoints":2,"AddressInfo":{"ID":265623,"Title":"Hotel Lazure","AddressLine1":"Braće Pedišića","Postcode":"85340","CountryID":151,"Latitude":42.454244133068755,"Longitude":18.55927570794347,"DistanceUnit":0},"OperatorID":1,"DataProviderID":1,"UsageTypeID":4,"StatusTypeID":50,"Connections":[{"ID":449635,"ConnectionTypeID":25,"StatusTypeID":50,"LevelID":2,"PowerKW":22,"CurrentTypeID":20,"Quantity":2}]},{"ID":265238,"UUID":"B6534797-3F44-4749-BFF9-4A79AF93FD12","NumberOfPoints":4,"AddressInfo":{"ID":265622,"Title":"Parking garage Opština","AddressLine1":"Trg Maršala Tita","Town":"Herceg Novi","Postcode":"85340","CountryID":151,"Latitude":42.453426655930144,"Longitude":18.530992591812037,"DistanceUnit":0},"OperatorID":1,"DataProviderID":1,"UsageTypeID":4,"StatusTypeID":50,"Connections":[{"ID":449634,"ConnectionTypeID":25,"StatusTypeID":50,"LevelID":2,"PowerKW":11,"CurrentTypeID":20,"Quantity":4}],"MediaItems":[{"ID":42978,"ChargePointID":265238,"ItemURL":"https://media.openchargemap.io/images/ME/OCM265238/OCM-265238.orig.2024072106392383.jpg","ItemThumbnailURL":"https://media.openchargemap.io/images/ME/OCM265238/OCM-265238.thmb.2024072106392383.jpg","Comment":"","IsEnabled":true,"IsVideo":false,"IsFeaturedItem":false,"IsExternalResource":false,"User":{"ID":53297,"Username":"Jason"},"DateCreated":"2024-07-21T06:40:00Z"}]},{"ID":265237,"UUID":"A8C66313-B98C-425D-83DE-CA1A1B9DF459","NumberOfPoints":2,"AddressInfo":{"ID":265621,"Title":"Igalo","AddressLine1":"Skojevska","Town":"Igalo","Postcode":"85347","CountryID":151,"Latitude":42.45952508720521,"Longitude":18.512511835929672,"DistanceUnit":0},"OperatorID":1,"DataProviderID":1,"UsageTypeID":4,"StatusTypeID":50,"Connections":[{"ID":449632,"ConnectionTypeID":25,"StatusTypeID":50,"LevelID":2,"PowerKW":22,"CurrentTypeID":20,"Quantity":1},{"ID":449633,"ConnectionTypeID":25,"StatusTypeID":50,"LevelID":2,"PowerKW":11,"CurrentTypeID":20,"Quantity":1}]},{"ID":265236,"UUID":"9EA1248D-693D-4BD2-A1B7-E0049B2D54A4","NumberOfPoints":2,"AddressInfo":{"ID":265620,"Title":"Sportski centar Žabljak","AddressLine1":"M-6","Town":"Žabljak","Postcode":"84220","CountryID":151,"Latitude":43.15909402461352,"Longitude":19.132354015489,"DistanceUnit":0},"OperatorID":1,"DataProviderID":1,"UsageTypeID":4,"StatusTypeID":50,"Connections":[{"ID":449630,"ConnectionTypeID":25,"StatusTypeID":50,"LevelID":2,"PowerKW":22,"CurrentTypeID":20,"Quantity":1},{"ID":449631,"ConnectionTypeID":25,"StatusTypeID":50,"LevelID":2,"PowerKW":11,"CurrentTypeID":20,"Quantity":1}]},{"ID":265235,"UUID":"CB501841-7156-41AC-A5A2-3E40A15479E6","NumberOfPoints":2,"AddressInfo":{"ID":265619,"Title":"Restaurant Taša","AddressLine1":"Pet učitelja","Postcode":"84210","CountryID":151,"Latitude":43.35324651297407,"Longitude":19.36234079194753,"DistanceUnit":0},"OperatorID":1,"DataProviderID":1,"UsageTypeID":4,"StatusTypeID":50,"Connections":[{"ID":449629,"ConnectionTypeID":25,"StatusTypeID":50,"LevelID":2,"PowerKW":11,"CurrentTypeID":20,"Quantity":2}]},{"ID":265234,"UUID":"1B3F7A3C-BD5D-4244-B748-8E5C886ECE7C","NumberOfPoints":2,"AddressInfo":{"ID":265618,"Title":"Plav","AddressLine1":"Čaršija","Town":"Plav","Postcode":"84325","CountryID":151,"Latitude":42.596809478157496,"Longitude":19.945422920593728,"DistanceUnit":0},"OperatorID":1,"DataProviderID":1,"UsageTypeID":4,"StatusTypeID":50,"Connections":[{"ID":449628,"ConnectionTypeID":25,"StatusTypeID":50,"LevelID":2,"PowerKW":11,"CurrentTypeID":20,"Quantity":2}]},{"ID":265233,"UUID":"767F8766-EB42-4C4D-8514-9DE4AFA29F50","NumberOfPoints":2,"AddressInfo":{"ID":265617,"Title":"Berane ","AddressLine1":"Milana Kuča","Town":"Беране","Postcode":"84300","CountryID":151,"Latitude":42.842898957935006,"Longitude":19.873920908481864,"DistanceUnit":0},"OperatorID":1,"DataProviderID":1,"UsageTypeID":4,"StatusTypeID":50,"Connections":[{"ID":449627,"ConnectionTypeID":25,"StatusTypeID":50,"LevelID":2,"PowerKW":11,"CurrentTypeID":20,"Quantity":2}]},{"ID":265232,"UUID":"D217B60B-BF7D-436F-8A68-C1DB655997F3","NumberOfPoints":1,"AddressInfo":{"ID":265616,"Title":"Andrijevica Hotel Komovi","AddressLine1":"AN05","Town":"Andrijevica","Postcode":"84320","CountryID":151,"Latitude":42.73385555955039,"Longitude":19.793016881275207,"DistanceUnit":0},"OperatorID":1,"DataProviderID":1,"UsageTypeID":4,"StatusTypeID":50,"Connections":[{"ID":449626,"ConnectionTypeID":25,"StatusTypeID":50,"LevelID":2,"Amps":32,"PowerKW":22,"Quantity":2}],"MediaItems":[{"ID":41927,"ChargePointID":265232,"ItemURL":"https://media.openchargemap.io/images/ME/OCM265232/OCM-265232.orig.2024040715170420.jpg","ItemThumbnailURL":"https://media.openchargemap.io/images/ME/OCM265232/OCM-265232.thmb.2024040715170420.jpg","Comment":"","IsEnabled":true,"IsVideo":false,"IsFeaturedItem":false,"IsExternalResource":false,"User":{"ID":51790,"Username":"Hotel Komovi Andrijevica Montenegro"},"DateCreated":"2024-04-07T15:17:00Z"}]},{"ID":265231,"UUID":"766DA2C5-4243-4B82-9F9E-001E004C0202","NumberOfPoints":2,"AddressInfo":{"ID":265615,"Title":"ZES Nikšić","AddressLine1":"Radoja Dakića","Postcode":"81400","CountryID":151,"Latitude":42.77629525642723,"Longitude":18.948442872611736,"DistanceUnit":0},"OperatorID":1,"DataProviderID":1,"UsageTypeID":4,"StatusTypeID":50,"Connections":[{"ID":449624,"ConnectionTypeID":25,"StatusTypeID":50,"LevelID":2,"PowerKW":22,"CurrentTypeID":20,"Quantity":1},{"ID":449625,"ConnectionTypeID":25,"StatusTypeID":50,"LevelID":2,"PowerKW":11,"CurrentTypeID":20,"Quantity":1}]},{"ID":265230,"UUID":"22099E74-14F1-4F77-8E77-306954203996","NumberOfPoints":2,"AddressInfo":{"ID":265614,"Title":"Restaurant Vrata Bara","AddressLine1":"M-1","Postcode":"85354","CountryID":151,"Latitude":42.07864252382885,"Longitude":19.12577867894902,"DistanceUnit":0},"OperatorID":1,"DataProviderID":1,"UsageTypeID":4,"StatusTypeID":50,"Connections":[{"ID":449621,"ConnectionTypeID":33,"StatusTypeID":50,"LevelID":3,"PowerKW":26,"CurrentTypeID":30,"Quantity":1},{"ID":449622,"ConnectionTypeID":2,"StatusTypeID":50,"LevelID":3,"PowerKW":26,"CurrentTypeID":30,"Quantity":1},{"ID":449623,"ConnectionTypeID":25,"StatusTypeID":50,"LevelID":2,"PowerKW":22,"CurrentTypeID":20,"Quantity":2}]},{"ID":265229,"UUID":"202491D3-0B3C-40A2-8D4D-788378089950","NumberOfPoints":2,"AddressInfo":{"ID":265613,"Title":"Kalamper Petrol","AddressLine1":"M-1","Postcode":"85000","CountryID":151,"Latitude":42.08052207275864,"Longitude":19.125899639691852,"DistanceUnit":0},"OperatorID":1,"DataProviderID":1,"UsageTypeID":4,"StatusTypeID":50,"Connections":[{"ID":449618,"ConnectionTypeID":33,"StatusTypeID":50,"LevelID":3,"PowerKW":40,"CurrentTypeID":30,"Quantity":1},{"ID":449619,"ConnectionTypeID":2,"StatusTypeID":50,"LevelID":3,"PowerKW":40,"CurrentTypeID":30,"Quantity":1},{"ID":449620,"ConnectionTypeID":25,"StatusTypeID":50,"LevelID":2,"PowerKW":22,"CurrentTypeID":20,"Quantity":1}]},{"ID":265228,"UUID":"3C7CEE5B-84B2-4909-9379-6E845F9239A8","NumberOfPoints":2,"AddressInfo":{"ID":265612,"Title":"EKO Petrol Stari aerodrom","AddressLine1":"Josipa Broza Tita","Postcode":"81108","CountryID":151,"Latitude":42.426956365831245,"Longitude":19.26980376239294,"DistanceUnit":0},"OperatorID":1,"DataProviderID":1,"UsageTypeID":4,"StatusTypeID":50,"Connections":[{"ID":449615,"ConnectionTypeID":33,"StatusTypeID":50,"LevelID":3,"PowerKW":50,"CurrentTypeID":30,"Quantity":1},{"ID":449616,"ConnectionTypeID":2,"StatusTypeID":50,"LevelID":3,"PowerKW":50,"CurrentTypeID":30,"Quantity":1},{"ID":449617,"ConnectionTypeID":1036,"StatusTypeID":50,"LevelID":2,"PowerKW":22,"CurrentTypeID":20,"Quantity":1}]},{"ID":265227,"UUID":"FB964BDF-9E7C-4E46-AA07-63861A58C043","NumberOfPoints":2,"AddressInfo":{"ID":265611,"Title":"Kolašin","AddressLine1":"13. jula","Town":"Kolašin","CountryID":151,"Latitude":42.82302722708678,"Longitude":19.52219528844671,"DistanceUnit":0},"OperatorID":1,"DataProviderID":1,"UsageTypeID":4,"StatusTypeID":50,"Connections":[{"ID":449613,"ConnectionTypeID":25,"StatusTypeID":50,"LevelID":2,"PowerKW":22,"CurrentTypeID":20,"Quantity":1},{"ID":449614,"ConnectionTypeID":25,"StatusTypeID":50,"LevelID":2,"PowerKW":11,"CurrentTypeID":20,"Quantity":1}]},{"ID":265226,"UUID":"F6C6FE69-4CB8-4FF1-82ED-830F68CA803B","NumberOfPoints":2,"AddressInfo":{"ID":265610,"Title":"Mojkovac","AddressLine1":"R-10","Town":"Mojkovac","Postcode":"84205","CountryID":151,"Latitude":42.956473599076475,"Longitude":19.57629162938923,"DistanceUnit":0},"OperatorID":1,"DataProviderID":1,"UsageTypeID":4,"StatusTypeID":50,"Connections":[{"ID":449611,"ConnectionTypeID":25,"StatusTypeID":50,"LevelID":2,"PowerKW":22,"CurrentTypeID":20,"Quantity":1},{"ID":449612,"ConnectionTypeID":25,"StatusTypeID":50,"LevelID":2,"PowerKW":11,"CurrentTypeID":20,"Quantity":1}]},{"ID":265225,"UUID":"61EB9A11-9899-4C5D-B5B8-D251F03462BD","NumberOfPoints":2,"AddressInfo":{"ID":265609,"Title":"ZES Plevlja Municipality","AddressLine1":"Tršova","Town":"Pljevlja","Postcode":"84210","CountryID":151,"Latitude":43.35564652063164,"Longitude":19.359758976376497,"DistanceUnit":0},"OperatorID":1,"DataProviderID":1,"UsageTypeID":4,"StatusTypeID":50,"Connections":[{"ID":449609,"ConnectionTypeID":25,"StatusTypeID":50,"LevelID":2,"PowerKW":22,"CurrentTypeID":20,"Quantity":1},{"ID":449610,"ConnectionTypeID":25,"StatusTypeID":50,"LevelID":2,"PowerKW":11,"CurrentTypeID":20,"Quantity":1}]},{"ID":192809,"UUID":"10851ED4-246E-41F3-BB8F-5C0BAB583C54","NumberOfPoints":2,"AddressInfo":{"ID":193168,"Title":"Port of Bar / Luka Bar","AddressLine1":"Novi Bulevar","Town":"Bar","CountryID":151,"Latitude":42.09445343312757,"Longitude":19.09175134778107,"DistanceUnit":0},"OperatorID":1,"DataProviderID":1,"UsageTypeID":1,"StatusTypeID":50,"Connections":[{"ID":313428,"ConnectionTypeID":2,"StatusTypeID":50,"LevelID":3,"PowerKW":50,"CurrentTypeID":30,"Quantity":1},{"ID":313429,"ConnectionTypeID":1036,"StatusTypeID":50,"LevelID":3,"Amps":63,"Voltage":400,"PowerKW":43,"CurrentTypeID":20,"Quantity":1},{"ID":313430,"ConnectionTypeID":33,"StatusTypeID":50,"LevelID":3,"PowerKW":50,"CurrentTypeID":30,"Quantity":1}],"MediaItems":[{"ID":31540,"ChargePointID":192809,"ItemURL":"https://media.openchargemap.io/images/ME/OCM192809/OCM-192809.orig.2022043008585266.jpeg","ItemThumbnailURL":"https://media.openchargemap.io/images/ME/OCM192809/OCM-192809.thmb.2022043008585266.jpeg","Comment":"","IsEnabled":true,"IsVideo":false,"IsFeaturedItem":false,"IsExternalResource":false,"User":{"ID":18886,"Username":"melih"},"DateCreated":"2022-04-30T08:59:00Z"}]},{"ID":175824,"UUID":"CE54FE89-1C74-415A-BDE6-DC4706229911","NumberOfPoints":1,"AddressInfo":{"ID":176183,"Title":"Boutique Hotel Vissi d'Arte - EV Charging Point","AddressLine1":"10 Mediteranska, Budva 85310","Town":"Budva","StateOrProvince":"Montenegro","Postcode":"85310","CountryID":151,"Latitude":42.2797855407309,"Longitude":18.835828665917234,"ContactTelephone1":"+38233692525","AccessComments":"Instructions availbe on hotel's reception desk.","RelatedURL":"http://www.hotelvissidarte.com/","DistanceUnit":0},"OperatorID":1,"DataProviderID":1,"UsageTypeID":4,"StatusTypeID":50,"Connections":[{"ID":273050,"ConnectionTypeID":25,"StatusTypeID":50,"LevelID":2,"Amps":32,"Voltage":220,"PowerKW":7.4,"CurrentTypeID":10,"Quantity":1}]},{"ID":170939,"UUID":"271C5A7F-87D8-4E7D-ABF6-1C00BDAC4838","NumberOfPoints":3,"AddressInfo":{"ID":171298,"Title":"CentreVille Hotel & Experiences","AddressLine1":" Cetinjska 7, Capital Plaza 81000 Podgorica, Montenegro","Town":"Podgorica","Postcode":"81000","CountryID":151,"Latitude":42.440903409276245,"Longitude":19.243909847674104,"ContactTelephone1":"+38220684000","AccessComments":"RFID Card available on reception desk","RelatedURL":"http://www.cv-hotel.com/","DistanceUnit":0},"OperatorID":1,"DataProviderID":1,"UsageTypeID":6,"StatusTypeID":50,"Connections":[{"ID":261155,"ConnectionTypeID":25,"StatusTypeID":50,"LevelID":2,"PowerKW":22,"CurrentTypeID":20,"Quantity":3,"Comments":"Schneider Electric Smart Wallbox 22kW T2"}]},{"ID":170938,"UUID":"EA48EBE1-5E9C-427D-981F-47F7483C775E","NumberOfPoints":2,"AddressInfo":{"ID":171297,"Title":"BMW Crna Gora - Voli Motors","AddressLine1":"Bulevar Josipa Broza 27, 81000, Montenegro","Town":"Podgorica","StateOrProvince":"","Postcode":"81000","CountryID":151,"Latitude":42.43259405074352,"Longitude":19.273682752105515,"ContactTelephone1":"+38220652880","AccessComments":"RFID card availbe on reception desk.","DistanceUnit":0},"OperatorID":1,"DataProviderID":1,"UsageTypeID":6,"StatusTypeID":50,"Connections":[{"ID":261153,"ConnectionTypeID":25,"StatusTypeID":50,"LevelID":2,"PowerKW":22,"CurrentTypeID":20,"Quantity":2,"Comments":"2x22kW, T2 connector - Schneider Electric EVlink Parking"},{"ID":261154,"ConnectionTypeID":25,"StatusTypeID":50,"LevelID":2,"PowerKW":22,"CurrentTypeID":10,"Quantity":1,"Comments":"1X22kW, T2 conncetor - BMW i WallBox"}]},{"ID":169560,"UUID":"7EB0B60B-6034-4D16-971C-8E4F0781FA36","NumberOfPoints":2,"UsageCost":"Free for guests of our apartments","AddressInfo":{"ID":169919,"Title":"Apartments UTJEHA","AddressLine1":"Ulica Maršal","Town":"Utjeha / Bar","Postcode":"85356","CountryID":151,"Latitude":42.00447574320367,"Longitude":19.151262012947427,"ContactTelephone1":"+38269546851","RelatedURL":"https://utjeha.me","DistanceUnit":0},"OperatorID":1,"DataProviderID":1,"UsageTypeID":3,"StatusTypeID":50,"Connections":[{"ID":258114,"ConnectionTypeID":25,"StatusTypeID":50,"LevelID":2,"Amps":32,"PowerKW":7.4,"CurrentTypeID":10,"Quantity":2}]},{"ID":160964,"UUID":"F0150CD5-D2EF-4E1F-8B02-57975327EAAD","NumberOfPoints":2,"UsageCost":"10 Euro","AddressInfo":{"ID":161321,"Title":"Obala Veliki pijesak","AddressLine1":"Obala Veliki pijesak","AddressLine2":"Marin Ploča","Town":"Dobra Voda","StateOrProvince":"Bar Municipality","Postcode":"85353","CountryID":151,"Latitude":42.03594784964699,"Longitude":19.142146733973277,"ContactTelephone1":"+382 69 031075","AccessComments":"Charging station is on Hotel David parking","RelatedURL":"http://david-dobre-vode.ravanj.hotels-me.net/en/","DistanceUnit":0},"OperatorID":1,"DataProviderID":1,"UsageTypeID":1,"StatusTypeID":50,"Connections":[{"ID":231647,"ConnectionTypeID":25,"StatusTypeID":50,"LevelID":2,"Amps":25,"Voltage":230,"PowerKW":5.7,"CurrentTypeID":10,"Quantity":2}],"MediaItems":[{"ID":22872,"ChargePointID":160964,"ItemURL":"https://media.openchargemap.io/images/ME/OCM160964/OCM-160964.orig.2020070218264468.png","ItemThumbnailURL":"https://media.openchargemap.io/images/ME/OCM160964/OCM-160964.thmb.2020070218264468.png","Comment":"","IsEnabled":true,"IsVideo":false,"IsFeaturedItem":false,"IsExternalResource":false,"User":{"ID":26188,"Username":"Solariamont"},"DateCreated":"2020-07-02T18:27:00Z"}]},{"ID":148303,"UUID":"5DF2F97E-5E7A-460E-9507-3E1F2F6543FC","NumberOfPoints":1,"AddressInfo":{"ID":148655,"Title":"Vojvode Ilije Plamenca","AddressLine1":"Vojvode Ilije Plamenca","Town":"Podgorica","StateOrProvince":"Podgorica Capital City","Postcode":"81101","CountryID":151,"Latitude":42.431352637436305,"Longitude":19.24336874517553,"DistanceUnit":0},"OperatorID":13,"DataProviderID":1,"UsageTypeID":1,"StatusTypeID":50,"Connections":[{"ID":205891,"ConnectionTypeID":33,"StatusTypeID":50,"LevelID":3,"PowerKW":50,"CurrentTypeID":30},{"ID":205892,"ConnectionTypeID":2,"StatusTypeID":50,"LevelID":3,"PowerKW":50,"CurrentTypeID":30},{"ID":205893,"ConnectionTypeID":1036,"StatusTypeID":50,"LevelID":3,"PowerKW":43,"CurrentTypeID":20}],"UserComments":[{"ID":24706,"ChargePointID":148303,"CommentTypeID":10,"UserName":"DavorP","Comment":"","Rating":4,"DateCreated":"2021-08-08T16:29:21.673Z","User":{"ID":22474,"Username":"DavorP"},"CheckinStatusTypeID":10,"IsActionedByEditor":false}],"MediaItems":[{"ID":21106,"ChargePointID":148303,"ItemURL":"https://media.openchargemap.io/images/ME/OCM148303/OCM-148303.orig.2020012919002397.jpg","ItemThumbnailURL":"https://media.openchargemap.io/images/ME/OCM148303/OCM-148303.thmb.2020012919002397.jpg","Comment":"","IsEnabled":true,"IsVideo":false,"IsFeaturedItem":false,"IsExternalResource":false,"User":{"ID":22474,"Username":"DavorP"},"DateCreated":"2020-01-29T19:00:00Z"},{"ID":21105,"ChargePointID":148303,"ItemURL":"https://media.openchargemap.io/images/ME/OCM148303/OCM-148303.orig.2020012918552377.jpg","ItemThumbnailURL":"https://media.openchargemap.io/images/ME/OCM148303/OCM-148303.thmb.2020012918552377.jpg","Comment":"","IsEnabled":true,"IsVideo":false,"IsFeaturedItem":false,"IsExternalResource":false,"User":{"ID":22474,"Username":"DavorP"},"DateCreated":"2020-01-29T18:55:00Z"}]},{"ID":131471,"UUID":"C7496812-A4D9-460E-9FE6-3595EC937C7C","NumberOfPoints":2,"AddressInfo":{"ID":131817,"Title":"Lustica Bay","AddressLine1":"Novo Naselje","Town":"Radovi","Postcode":"85323","CountryID":151,"Latitude":42.392379,"Longitude":18.667945,"ContactTelephone1":"+382 77 200 100","DistanceUnit":0},"OperatorID":23,"DataProviderID":1,"UsageTypeID":4,"StatusTypeID":50,"Connections":[{"ID":184036,"ConnectionTypeID":30,"StatusTypeID":50,"LevelID":2,"PowerKW":22,"CurrentTypeID":20,"Quantity":2}]},{"ID":129987,"UUID":"C2361444-5D8F-44C4-A4AE-5A1F3FB03BA3","NumberOfPoints":2,"AddressInfo":{"ID":130333,"Title":"Adriatic Marinas - Porto Montenegro","AddressLine1":"Obala","Town":"Tivat","Postcode":"85320","CountryID":151,"Latitude":42.431703,"Longitude":18.695538,"ContactTelephone1":"+382 32 660 700","DistanceUnit":0},"OperatorID":23,"DataProviderID":1,"UsageTypeID":4,"StatusTypeID":50,"Connections":[{"ID":181977,"ConnectionTypeID":30,"StatusTypeID":50,"LevelID":2,"PowerKW":22,"CurrentTypeID":20,"Quantity":2}]},{"ID":104107,"UUID":"41C48F72-B22E-4E20-8D23-A2075B78C764","NumberOfPoints":1,"AddressInfo":{"ID":104453,"Title":"HOTEL Bela Roza Bijela","AddressLine1":"Obala Bijela bb","Town":"Bijela","StateOrProvince":"Herceg Novi Municipality","Postcode":"85332","CountryID":151,"Latitude":42.452877913499,"Longitude":18.6583731726118,"DistanceUnit":0},"OperatorID":45,"DataProviderID":1,"UsageTypeID":6,"StatusTypeID":50,"Connections":[{"ID":147014,"ConnectionTypeID":1036,"StatusTypeID":50,"LevelID":2,"Amps":32,"Voltage":400,"PowerKW":22,"CurrentTypeID":20,"Quantity":1}],"MediaItems":[{"ID":15497,"ChargePointID":104107,"ItemURL":"https://media.openchargemap.io/images/ME/OCM104107/OCM-104107.orig.2018051521320996.jpg","ItemThumbnailURL":"https://media.openchargemap.io/images/ME/OCM104107/OCM-104107.thmb.2018051521320996.jpg","Comment":"TIP 2","IsEnabled":true,"IsVideo":false,"IsFeaturedItem":false,"IsExternalResource":false,"User":{"ID":18305,"Username":"BP eCharge"},"DateCreated":"2018-05-15T21:32:00Z"},{"ID":15496,"ChargePointID":104107,"ItemURL":"https://media.openchargemap.io/images/ME/OCM104107/OCM-104107.orig.2018051521311429.jpg","ItemThumbnailURL":"https://media.openchargemap.io/images/ME/OCM104107/OCM-104107.thmb.2018051521311429.jpg","Comment":"","IsEnabled":true,"IsVideo":false,"IsFeaturedItem":false,"IsExternalResource":false,"User":{"ID":18305,"Username":"BP eCharge"},"DateCreated":"2018-05-15T21:31:00Z"},{"ID":15495,"ChargePointID":104107,"ItemURL":"https://media.openchargemap.io/images/ME/OCM104107/OCM-104107.orig.2018051521295344.jpg","ItemThumbnailURL":"https://media.openchargemap.io/images/ME/OCM104107/OCM-104107.thmb.2018051521295344.jpg","Comment":"","IsEnabled":true,"IsVideo":false,"IsFeaturedItem":false,"IsExternalResource":false,"User":{"ID":18305,"Username":"BP eCharge"},"DateCreated":"2018-05-15T21:30:00Z"},{"ID":15494,"ChargePointID":104107,"ItemURL":"https://media.openchargemap.io/images/ME/OCM104107/OCM-104107.orig.2018051521291851.jpg","ItemThumbnailURL":"https://media.openchargemap.io/images/ME/OCM104107/OCM-104107.thmb.2018051521291851.jpg","Comment":"","IsEnabled":true,"IsVideo":false,"IsFeaturedItem":false,"IsExternalResource":false,"User":{"ID":18305,"Username":"BP eCharge"},"DateCreated":"2018-05-15T21:29:00Z"}]}]