[{"ID":307448,"UUID":"69E7FD66-67EC-4998-ACAB-FD8F9C642995","NumberOfPoints":2,"UsageCost":"07:00-23:59: 24p / kWh,  00:00-06:59: 12p / kWh","AddressInfo":{"ID":307837,"Title":"Longbeach car park","AddressLine1":"La Rue à Don","AddressLine2":"Gorey","Town":"Grouville","Postcode":"JE3 9DY","CountryID":115,"Latitude":49.19622383414128,"Longitude":-2.0310658415159253,"ContactTelephone1":"+44 1534 505238","RelatedURL":"https://www.evolve.je/","DistanceUnit":0},"OperatorID":3288,"DataProviderID":1,"UsageTypeID":1,"StatusTypeID":50,"Connections":[{"ID":586490,"ConnectionTypeID":33,"Reference":"209634","StatusTypeID":50,"LevelID":3,"PowerKW":50,"CurrentTypeID":30,"Quantity":1},{"ID":586491,"ConnectionTypeID":2,"Reference":"209633","StatusTypeID":50,"LevelID":3,"PowerKW":50,"CurrentTypeID":30,"Quantity":1}]},{"ID":307447,"UUID":"03D0B56B-4867-4937-BFA2-51C12F848708","NumberOfPoints":4,"UsageCost":"07:00-23:59: 24p / kWh,  00:00-06:59: 12p / kWh","AddressInfo":{"ID":307836,"Title":"St Martin's Village Green car park","AddressLine1":"St Martin's Village","AddressLine2":"La Rue de la Croix au Maitre","Town":"St Martin","Postcode":"JE3 6HW","CountryID":115,"Latitude":49.21911367371641,"Longitude":-2.0538714219463827,"ContactTelephone1":"+44 1534 505238","RelatedURL":"https://www.evolve.je/","DistanceUnit":0},"OperatorID":3288,"DataProviderID":1,"UsageTypeID":1,"StatusTypeID":50,"Connections":[{"ID":586489,"ConnectionTypeID":25,"Reference":"171473, 171474, 171475, 171476","StatusTypeID":50,"LevelID":2,"PowerKW":22,"CurrentTypeID":20,"Quantity":4}]},{"ID":307446,"UUID":"A79F496B-DEC7-41CD-A3F0-CDA33F94391F","NumberOfPoints":2,"UsageCost":"07:00-23:59: 24p / kWh,  00:00-06:59: 12p / kWh","AddressInfo":{"ID":307835,"Title":"Trinity Parish Hall car park","AddressLine1":"Rue du Presbytere","Town":"Trinity","Postcode":"JE3 5JB","CountryID":115,"Latitude":49.234980151055765,"Longitude":-2.091043179025746,"ContactTelephone1":"+44 1534 505238","RelatedURL":"https://www.evolve.je/","DistanceUnit":0},"OperatorID":3288,"DataProviderID":1,"UsageTypeID":1,"StatusTypeID":50,"Connections":[{"ID":586488,"ConnectionTypeID":25,"Reference":"171449, 171450","StatusTypeID":50,"LevelID":2,"PowerKW":22,"CurrentTypeID":20,"Quantity":2}]},{"ID":307445,"UUID":"DB5CE152-50C0-42F0-8976-8478A9408D46","NumberOfPoints":2,"UsageCost":"07:00-23:59: 24p / kWh,  00:00-06:59: 12p / kWh","AddressInfo":{"ID":307834,"Title":"Co-op En Route - Trinity","AddressLine1":"Sion","AddressLine2":"La Grande Route de St Jean","Town":"Trinity","Postcode":"JE3 4FZ","CountryID":115,"Latitude":49.21815308438505,"Longitude":-2.114080155422016,"ContactTelephone1":"+44 1534 505238","RelatedURL":"https://www.evolve.je/","DistanceUnit":0},"OperatorID":3288,"DataProviderID":1,"UsageTypeID":1,"StatusTypeID":50,"Connections":[{"ID":586486,"ConnectionTypeID":33,"Reference":"244745","StatusTypeID":50,"LevelID":3,"PowerKW":50,"CurrentTypeID":30,"Quantity":1},{"ID":586487,"ConnectionTypeID":2,"Reference":"244744","StatusTypeID":50,"LevelID":3,"PowerKW":50,"CurrentTypeID":30,"Quantity":1}]},{"ID":307444,"UUID":"660E4262-C42A-4AB9-96D1-17BCD399EA12","NumberOfPoints":2,"UsageCost":"07:00-23:59: 24p / kWh,  00:00-06:59: 12p / kWh","AddressInfo":{"ID":307833,"Title":"St Lawrence's Village car park","AddressLine1":"Moignard Liberation Garden car park","AddressLine2":"La Grande Route de St Laurant","Town":"St Lawrence","Postcode":"JE3 1NJ","CountryID":115,"Latitude":49.2129006248548,"Longitude":-2.1416996770715286,"ContactTelephone1":"+44 1534 505238","RelatedURL":"https://www.evolve.je/","DistanceUnit":0},"OperatorID":3288,"DataProviderID":1,"UsageTypeID":1,"StatusTypeID":50,"Connections":[{"ID":586485,"ConnectionTypeID":25,"Reference":"171457, 171458","StatusTypeID":50,"LevelID":2,"PowerKW":22,"CurrentTypeID":20,"Quantity":2}]},{"ID":307443,"UUID":"85D80582-441F-46DE-9560-94B95BC08879","NumberOfPoints":2,"UsageCost":"07:00-23:59: 24p / kWh,  00:00-06:59: 12p / kWh","AddressInfo":{"ID":307832,"Title":"St Mary's Village car park","AddressLine1":"La Verte Rue","Town":"St Mary","Postcode":"JE3 3DE","CountryID":115,"Latitude":49.23664481905783,"Longitude":-2.169464266030559,"ContactTelephone1":"+44 1534 505238","RelatedURL":"https://www.evolve.je/","DistanceUnit":0},"OperatorID":3288,"DataProviderID":1,"UsageTypeID":1,"StatusTypeID":50,"Connections":[{"ID":586484,"ConnectionTypeID":25,"Reference":"171461, 171462","StatusTypeID":50,"LevelID":2,"PowerKW":22,"CurrentTypeID":20,"Quantity":2}]},{"ID":307442,"UUID":"6557510A-652C-4D13-8BB1-4B3D9D147E63","NumberOfPoints":2,"UsageCost":"07:00-23:59: 24p / kWh,  00:00-06:59: 12p / kWh","AddressInfo":{"ID":307831,"Title":"St Ouen's Parish Hall","AddressLine1":"St Ouen's Village","AddressLine2":"Route de Vinchelez","Town":"St Ouen","Postcode":"JE3 2HY","CountryID":115,"Latitude":49.23286372281831,"Longitude":-2.201580464640074,"ContactTelephone1":"+44 1534 505238","RelatedURL":"https://www.evolve.je/","DistanceUnit":0},"OperatorID":3288,"DataProviderID":1,"UsageTypeID":1,"StatusTypeID":50,"Connections":[{"ID":586483,"ConnectionTypeID":25,"Reference":"171467, 171468","StatusTypeID":50,"LevelID":2,"PowerKW":22,"CurrentTypeID":20,"Quantity":2}]},{"ID":307441,"UUID":"04BB92F5-989F-4B92-B127-3DD6F84BCC3D","NumberOfPoints":2,"UsageCost":"07:00-23:59: 24p / kWh,  00:00-06:59: 12p / kWh","AddressInfo":{"ID":307830,"Title":"Red Houses car park","AddressLine1":"La Route des Quennevais","Town":"St Brelade","Postcode":"JE3 8AD","CountryID":115,"Latitude":49.19096087971914,"Longitude":-2.2005202822295757,"ContactTelephone1":"+44 1534 505238","RelatedURL":"https://www.evolve.je/","DistanceUnit":0},"OperatorID":3288,"DataProviderID":1,"UsageTypeID":1,"StatusTypeID":50,"Connections":[{"ID":586481,"ConnectionTypeID":33,"Reference":"217302","StatusTypeID":50,"LevelID":3,"PowerKW":50,"CurrentTypeID":30,"Quantity":1},{"ID":586482,"ConnectionTypeID":2,"Reference":"217301","StatusTypeID":30,"LevelID":3,"PowerKW":50,"CurrentTypeID":30,"Quantity":1}]},{"ID":307440,"UUID":"FE1F84B8-1F22-4F69-AF54-69AE6DC46263","NumberOfPoints":12,"UsageCost":"07:00-23:59: 24p / kWh,  00:00-06:59: 12p / kWh","AddressInfo":{"ID":307829,"Title":"Goose on the Green car park","AddressLine1":"La Route de Beaumont","AddressLine2":"","Town":"St Peter","Postcode":"JE3 7BA","CountryID":115,"Latitude":49.197250351066316,"Longitude":-2.15832837671951,"ContactTelephone1":"+44 1534 505238","RelatedURL":"https://www.evolve.je/","DistanceUnit":0},"OperatorID":3288,"DataProviderID":1,"UsageTypeID":1,"StatusTypeID":50,"Connections":[{"ID":586480,"ConnectionTypeID":25,"Reference":"171431, 171432, 171433, 171434, 171435, 171436, 171439, 171440, 171441, 171442, 171443, 171444","StatusTypeID":50,"LevelID":2,"PowerKW":22,"CurrentTypeID":20,"Quantity":12}]},{"ID":307439,"UUID":"A55444DF-9E47-4461-9357-07BA8ED0645B","NumberOfPoints":2,"UsageCost":"07:00-23:59: 24p / kWh,  00:00-06:59: 12p / kWh","AddressInfo":{"ID":307828,"Title":"Morrsons Benest","AddressLine1":"La Rue de Galet","AddressLine2":"La Route de St Aubin","Town":"St Lawrence","Postcode":"JE3 1LQ","CountryID":115,"Latitude":49.19812660981185,"Longitude":-2.138318732723036,"ContactTelephone1":"+44 1534 505238","RelatedURL":"https://www.evolve.je/","DistanceUnit":0},"OperatorID":3288,"DataProviderID":1,"UsageTypeID":1,"StatusTypeID":50,"Connections":[{"ID":586479,"ConnectionTypeID":25,"Reference":"156668, 156669","StatusTypeID":50,"LevelID":2,"PowerKW":22,"CurrentTypeID":20,"Quantity":2}]},{"ID":187521,"UUID":"8E70A6B3-21F5-4F4F-9025-9081DAFF5D59","NumberOfPoints":2,"UsageCost":"07:00-23:59: 24p / kWh,  00:00-06:59: 12p / kWh","AddressInfo":{"ID":187880,"Title":"The Powerhouse","AddressLine1":"Queens Road","Town":"St Helier","Postcode":"JE2 3AP","CountryID":115,"Latitude":49.20024113634878,"Longitude":-2.114538387114976,"ContactTelephone1":"+44 1534 505238","AccessComments":"","RelatedURL":"https://www.evolve.je/","DistanceUnit":0},"OperatorID":3288,"DataProviderID":1,"UsageTypeID":4,"StatusTypeID":50,"Connections":[{"ID":302656,"ConnectionTypeID":25,"Reference":"156694","StatusTypeID":50,"LevelID":2,"Amps":32,"Voltage":230,"PowerKW":7.4,"CurrentTypeID":10},{"ID":302657,"ConnectionTypeID":25,"Reference":"156695","StatusTypeID":50,"LevelID":2,"Amps":32,"Voltage":230,"PowerKW":7.4,"CurrentTypeID":20}]},{"ID":149137,"UUID":"C4839075-7CAB-4884-B2B2-EABA5AFCA064","NumberOfPoints":2,"UsageCost":"07:00-23:59: 24p / kWh,  00:00-06:59: 12p / kWh","AddressInfo":{"ID":149490,"Title":"First Tower Car Park","AddressLine1":"Route des Nouaux","AddressLine2":"First Tower","Town":"St Helier","StateOrProvince":"","Postcode":"JE2 4ZJ","CountryID":115,"Latitude":49.19519,"Longitude":-2.12601,"ContactTelephone1":"+44 1534 505238","RelatedURL":"https://www.evolve.je/","DistanceUnit":0},"OperatorID":3288,"DataProviderID":1,"UsageTypeID":1,"StatusTypeID":50,"Connections":[{"ID":207101,"ConnectionTypeID":25,"Reference":"156700, 156701","StatusTypeID":50,"LevelID":2,"Amps":32,"Voltage":400,"PowerKW":22,"CurrentTypeID":20,"Quantity":2}]},{"ID":148858,"UUID":"F2095874-6B35-4025-B79E-0FE4654B7F04","NumberOfPoints":2,"UsageCost":"07:00-23:59: 24p / kWh,  00:00-06:59: 12p / kWh","AddressInfo":{"ID":149210,"Title":"St Brelade's Bay - Churchill Memorial Park","AddressLine1":"Woodford Car Park","AddressLine2":"La Route de la Baie","Town":"St Brelade","StateOrProvince":"","Postcode":"JE3 8EF","CountryID":115,"Latitude":49.18611,"Longitude":-2.19826,"ContactTelephone1":"+44 1534 505238","RelatedURL":"https://www.evolve.je/","DistanceUnit":0},"OperatorID":3288,"DataProviderID":1,"UsageTypeID":1,"StatusTypeID":50,"Connections":[{"ID":206712,"ConnectionTypeID":25,"Reference":"171463, 171464","StatusTypeID":50,"LevelID":2,"Amps":32,"Voltage":230,"PowerKW":22,"CurrentTypeID":20,"Quantity":2}]},{"ID":148857,"UUID":"75866D4E-8C3F-41E8-9352-A9DD08CD7DFD","NumberOfPoints":4,"UsageCost":"07:00-23:59: 24p / kWh,  00:00-06:59: 12p / kWh","AddressInfo":{"ID":149209,"Title":"St Aubin's village car park","AddressLine1":"St Aubin's village","AddressLine2":"La Neuve Route","Town":"St Brelade","Postcode":"JE3 8AF","CountryID":115,"Latitude":49.18797,"Longitude":-2.16984,"ContactTelephone1":"+44 1534 505238","RelatedURL":"https://www.evolve.je/","DistanceUnit":0},"OperatorID":3288,"DataProviderID":1,"UsageTypeID":1,"StatusTypeID":50,"Connections":[{"ID":206711,"ConnectionTypeID":25,"Reference":"171471, 171472","StatusTypeID":50,"LevelID":2,"Amps":32,"Voltage":400,"PowerKW":22,"CurrentTypeID":20,"Quantity":2},{"ID":587003,"ConnectionTypeID":33,"Reference":"269143, 269144","StatusTypeID":50,"LevelID":3,"PowerKW":150,"CurrentTypeID":30,"Quantity":2}]},{"ID":146459,"UUID":"90D753B2-B87D-40C6-9E3A-6B399485B440","NumberOfPoints":2,"UsageCost":"07:00-23:59: 24p / kWh,  00:00-06:59: 12p / kWh","AddressInfo":{"ID":146811,"Title":"Co-op En Route - St Peter","AddressLine1":"Co-op En Route","AddressLine2":"La Route de Beaumont","Town":"St Peter","Postcode":"JE3 7AG","CountryID":115,"Latitude":49.2106,"Longitude":-2.1789,"ContactTelephone1":"+44 1534 505238","RelatedURL":"https://www.evolve.je/","DistanceUnit":0},"OperatorID":3288,"DataProviderID":1,"UsageTypeID":1,"StatusTypeID":50,"Connections":[{"ID":203628,"ConnectionTypeID":25,"Reference":"156670, 156671, 156672, 156673","StatusTypeID":50,"LevelID":2,"Amps":32,"Voltage":400,"PowerKW":7.4,"CurrentTypeID":10,"Quantity":4}]},{"ID":146188,"UUID":"D6F54125-E60D-4ECA-8A11-5583A053DB75","NumberOfPoints":4,"UsageCost":"07:00-23:59: 24p / kWh,  00:00-06:59: 12p / kWh","AddressInfo":{"ID":146540,"Title":"Co-op Grand Marche - St Peter","AddressLine1":"Co-op Grand Marche","AddressLine2":"Grand Route des Mielles","Town":"St Peter","Postcode":"JE3 7AG","CountryID":115,"Latitude":49.21253,"Longitude":-2.18324,"ContactTelephone1":"+44 1534 505238","RelatedURL":"https://www.evolve.je/","DistanceUnit":0},"OperatorID":3288,"DataProviderID":1,"UsageTypeID":1,"StatusTypeID":50,"Connections":[{"ID":203128,"ConnectionTypeID":25,"Reference":"171481, 171482, 171485, 171486","StatusTypeID":50,"LevelID":2,"Amps":32,"Voltage":400,"PowerKW":22,"CurrentTypeID":20,"Quantity":4}]},{"ID":132283,"UUID":"1927F1C1-DBA6-4B26-95C2-2E7D31AEF81E","NumberOfPoints":2,"UsageCost":"07:00-23:59: 24p / kWh,  00:00-06:59: 12p / kWh","AddressInfo":{"ID":132629,"Title":"Green Street Car Park","AddressLine1":"Green Street","Town":"St Helier","Postcode":"JE2 4UH","CountryID":115,"Latitude":49.1813,"Longitude":-2.10155,"ContactTelephone1":"+44 1534 505238","RelatedURL":"https://www.evolve.je/","DistanceUnit":0},"OperatorID":3288,"DataProviderID":1,"UsageTypeID":1,"StatusTypeID":50,"Connections":[{"ID":185150,"ConnectionTypeID":25,"Reference":"156692, 156693","StatusTypeID":50,"LevelID":2,"Amps":32,"Voltage":230,"PowerKW":7.4,"CurrentTypeID":10,"Quantity":2}]},{"ID":128448,"UUID":"1EAF0DFF-A5A9-4C08-B816-C71D76A9B64C","NumberOfPoints":8,"UsageCost":"07:00-23:59: 24p / kWh,  00:00-06:59: 12p / kWh","AddressInfo":{"ID":128794,"Title":"Pier Road Car Park","AddressLine1":"Pier Road","Town":"St Helier","Postcode":"JE2 4XW","CountryID":115,"Latitude":49.180278,"Longitude":-2.107722,"ContactTelephone1":"+44 1534 505238","RelatedURL":"https://www.evolve.je/","DistanceUnit":0},"OperatorID":3288,"DataProviderID":1,"UsageTypeID":1,"StatusTypeID":50,"Connections":[{"ID":179821,"ConnectionTypeID":25,"Reference":"156660, 156661, 156662, 156663, 156664, 156665, 156704, 156705","StatusTypeID":50,"LevelID":2,"Amps":32,"Voltage":230,"PowerKW":7.4,"CurrentTypeID":10,"Quantity":8}]},{"ID":128318,"UUID":"C5D2631C-38FE-4347-B6AB-3A7B9804A904","NumberOfPoints":2,"UsageCost":"07:00-23:59: 24p / kWh,  00:00-06:59: 12p / kWh","AddressInfo":{"ID":128664,"Title":"El-Tico","AddressLine1":"Grand Route des Mielles","AddressLine2":"St Ouen's Bay","Town":"St Peter","Postcode":"JE3 7FN","CountryID":115,"Latitude":49.2045,"Longitude":-2.222848,"ContactTelephone1":"+44 1534 505238","RelatedURL":"https://www.evolve.je/","DistanceUnit":0},"OperatorID":3288,"DataProviderID":1,"UsageTypeID":1,"StatusTypeID":50,"Connections":[{"ID":179616,"ConnectionTypeID":25,"Reference":"171465, 171466","StatusTypeID":50,"LevelID":2,"Amps":32,"Voltage":400,"PowerKW":22,"CurrentTypeID":20,"Quantity":2}]},{"ID":128009,"UUID":"12193BCC-D7AB-4808-AD09-54871E4BA411","NumberOfPoints":1,"UsageCost":"07:00-23:59: 24p / kWh,  00:00-06:59: 12p / kWh","AddressInfo":{"ID":128355,"Title":"The Powerhouse - rapid chargers","AddressLine1":"JEC - The Powerhouse","AddressLine2":"Queens Road","Town":"St Helier","StateOrProvince":"","Postcode":"JE4 8NY","CountryID":115,"Latitude":49.1999675766926,"Longitude":-2.11373877546316,"ContactTelephone1":"+44 1534 505238","RelatedURL":"https://www.evolve.je/","DistanceUnit":0},"OperatorID":3288,"DataProviderID":1,"UsageTypeID":4,"StatusTypeID":50,"Connections":[{"ID":179132,"ConnectionTypeID":33,"StatusTypeID":30,"LevelID":3,"PowerKW":50,"CurrentTypeID":30,"Quantity":1},{"ID":179133,"ConnectionTypeID":2,"StatusTypeID":30,"LevelID":3,"PowerKW":50,"CurrentTypeID":30,"Quantity":1},{"ID":179134,"ConnectionTypeID":1036,"StatusTypeID":200,"LevelID":3,"PowerKW":43,"CurrentTypeID":20,"Quantity":1},{"ID":587006,"ConnectionTypeID":33,"Reference":"219867, 219868","StatusTypeID":50,"LevelID":3,"PowerKW":150,"CurrentTypeID":30,"Quantity":2}]},{"ID":117661,"UUID":"1D03844F-9CCC-47B1-B4A2-D3291FF9844C","NumberOfPoints":4,"UsageCost":"07:00-23:59: 24p / kWh,  00:00-06:59: 12p / kWh","AddressInfo":{"ID":118007,"Title":"Sand Street Car Park","AddressLine1":"Sand Street","Town":"St Helier","StateOrProvince":"Jersey","Postcode":"JE2 3QF","CountryID":115,"Latitude":49.18526,"Longitude":-2.11043,"ContactTelephone1":"+44 1534 505238","AccessComments":"7kW. ID: 156686, 156687, 156696, 156697","RelatedURL":"https://www.evolve.je/","DistanceUnit":0},"OperatorID":3288,"DataProviderID":1,"UsageTypeID":4,"StatusTypeID":50,"Connections":[{"ID":166446,"ConnectionTypeID":25,"StatusTypeID":50,"LevelID":2,"Amps":32,"Voltage":230,"PowerKW":7,"CurrentTypeID":10,"Quantity":4}]},{"ID":117616,"UUID":"DC4B3620-2364-4382-8374-01B880ADEB83","NumberOfPoints":2,"UsageCost":"07:00-23:59: 24p / kWh,  00:00-06:59: 12p / kWh","AddressInfo":{"ID":117962,"Title":"Minden Place Car Park","AddressLine1":"Minden Street","Town":"St Helier","Postcode":"JE2 4WS","CountryID":115,"Latitude":49.18619,"Longitude":-2.10299,"ContactTelephone1":"+44 1534 505238","RelatedURL":"https://www.evolve.je/","DistanceUnit":0},"OperatorID":3288,"DataProviderID":1,"UsageTypeID":1,"StatusTypeID":50,"Connections":[{"ID":166378,"ConnectionTypeID":25,"Reference":"156690, 156691","StatusTypeID":50,"LevelID":2,"Amps":32,"Voltage":230,"PowerKW":7.4,"CurrentTypeID":10,"Quantity":2}]},{"ID":112307,"UUID":"E61D07B6-E0BD-41CE-9083-014A73D41F17","NumberOfPoints":1,"UsageCost":"£0.79/kWh; other tariffs available","AddressInfo":{"ID":112653,"Title":"Grand Jersey Hotel & Spa","AddressLine1":"Esplanade","Town":"Saint Helier","Postcode":"JE2 3QA","CountryID":115,"Latitude":49.187195,"Longitude":-2.115946,"DistanceUnit":0},"OperatorID":32,"DataProviderID":1,"UsageTypeID":4,"StatusTypeID":50,"Connections":[{"ID":157927,"ConnectionTypeID":33,"StatusTypeID":50,"LevelID":3,"PowerKW":50,"CurrentTypeID":30,"Quantity":1},{"ID":157928,"ConnectionTypeID":2,"StatusTypeID":50,"LevelID":3,"PowerKW":50,"CurrentTypeID":30,"Quantity":1},{"ID":157929,"ConnectionTypeID":1036,"StatusTypeID":50,"LevelID":3,"PowerKW":43,"CurrentTypeID":20,"Quantity":1}]},{"ID":103533,"UUID":"29F0B0D1-D373-44B0-A1BE-978EC8F94630","NumberOfPoints":2,"AddressInfo":{"ID":103879,"Title":"The Savoy Jersey","AddressLine1":"The Savoy Hotel 37 Rouge Bouillon","Town":"St. Helier","Postcode":"JE2 3ZA","CountryID":115,"Latitude":49.191688,"Longitude":-2.109773,"ContactTelephone1":"+44 153 472 7521","DistanceUnit":0},"OperatorID":45,"DataProviderID":1,"UsageTypeID":4,"StatusTypeID":50,"Connections":[{"ID":146200,"ConnectionTypeID":1036,"StatusTypeID":50,"LevelID":2,"Amps":32,"Voltage":230,"PowerKW":13,"CurrentTypeID":20,"Quantity":2}]},{"ID":103474,"UUID":"6E6FF63F-41FE-4A0A-83BD-A83A9792DEC5","NumberOfPoints":2,"UsageCost":"07:00-23:59 £0.21/kWh min £2.00;00:00-06:59 £0.11/kWh min £2.00","AddressInfo":{"ID":103820,"Title":"Jersey Electricity PLC","AddressLine1":"Queens Road","Town":"St Helier","Postcode":"JE4 8NY","CountryID":115,"Latitude":49.20024,"Longitude":-2.11372,"DistanceUnit":0},"OperatorID":20,"DataProviderID":1,"UsageTypeID":4,"StatusTypeID":50,"Connections":[{"ID":146141,"ConnectionTypeID":25,"StatusTypeID":50,"LevelID":2,"Amps":32,"Voltage":230,"PowerKW":7,"CurrentTypeID":10,"Quantity":2}]},{"ID":94793,"UUID":"AA02F9F1-D057-474F-9353-54805F36D173","NumberOfPoints":8,"UsageCost":"07:00-23:59: 24p / kWh,  00:00-06:59: 12p / kWh","AddressInfo":{"ID":95139,"Title":"B&Q underground car park","AddressLine1":"The Powerhouse","AddressLine2":"Queens Road","Town":"St Helier","Postcode":"JE2 3PB","CountryID":115,"Latitude":49.20077525139092,"Longitude":-2.113774951912859,"ContactTelephone1":"+44 1534 505238","RelatedURL":"https://www.evolve.je/","DistanceUnit":0},"OperatorID":3288,"DataProviderID":1,"UsageTypeID":4,"StatusTypeID":50,"Connections":[{"ID":133990,"ConnectionTypeID":25,"Reference":"156652, 156653, 156654, 156655, 156656, 156657","StatusTypeID":50,"LevelID":2,"Amps":32,"Voltage":230,"PowerKW":22,"CurrentTypeID":10,"Quantity":6},{"ID":587007,"ConnectionTypeID":25,"Reference":"156658, 156659","StatusTypeID":50,"LevelID":2,"Voltage":230,"PowerKW":7.4,"CurrentTypeID":10,"Quantity":2}]},{"ID":70640,"UUID":"9CF4133C-2AD8-44BC-BBEC-26DABAD2DB3A","NumberOfPoints":1,"UsageCost":"07:00-23:59: 24p / kWh,  00:00-06:59: 12p / kWh","AddressInfo":{"ID":70986,"Title":" Durrell Wildlife Park","AddressLine1":"La Profonde Rue","Town":"Trinity","StateOrProvince":"","Postcode":"JE3 5BP","CountryID":115,"Latitude":49.2281755,"Longitude":-2.07527579999999,"ContactTelephone1":"+44 1534 505238","RelatedURL":"https://www.evolve.je/","DistanceUnit":0},"OperatorID":3288,"DataProviderID":1,"UsageTypeID":1,"StatusTypeID":50,"Connections":[{"ID":101132,"ConnectionTypeID":25,"StatusTypeID":50,"LevelID":2,"Amps":32,"Voltage":230,"PowerKW":7,"CurrentTypeID":10,"Quantity":1}]},{"ID":70639,"UUID":"EB78F733-B9D5-4356-BB7A-7099338089A7","NumberOfPoints":2,"UsageCost":"07:00-23:59: 24p / kWh,  00:00-06:59: 12p / kWh","AddressInfo":{"ID":70985,"Title":"The Powerhouse - Solar Hub","AddressLine1":"Queens Road","Town":"St Helier","Postcode":"JE2 3AP","CountryID":115,"Latitude":49.200566562817556,"Longitude":-2.113736225341313,"ContactTelephone1":"+44 1534 505238","RelatedURL":"https://www.evolve.je/","DistanceUnit":0},"OperatorID":3288,"DataProviderID":1,"UsageTypeID":4,"StatusTypeID":50,"Connections":[{"ID":101131,"ConnectionTypeID":25,"Reference":"171447, 171448","StatusTypeID":50,"LevelID":2,"Amps":32,"Voltage":230,"PowerKW":22,"CurrentTypeID":10,"Quantity":2}],"UserComments":[{"ID":17863,"ChargePointID":70639,"CommentTypeID":10,"UserName":"Simon Hewison","Comment":"Jersey Electricity delivery van on charge in one bay, other bay free","Rating":3,"DateCreated":"2017-10-26T15:34:05.19Z","User":{"ID":4575,"Username":"Simon Hewison"},"CheckinStatusTypeID":100}]},{"ID":70635,"UUID":"7E775DC3-1834-4C76-B3A5-B6B6575CFF96","NumberOfPoints":2,"UsageCost":"£10/month subscription","AddressInfo":{"ID":70981,"Title":"Patriotic Street Car Park","AddressLine1":"Patriotic Street","Town":"St. Helier","StateOrProvince":"Jersey","Postcode":"JE2 4QP","CountryID":115,"Latitude":49.1871416920156,"Longitude":-2.11407964232785,"RelatedURL":"https://www.evolve.je/","DistanceUnit":0},"OperatorID":3288,"DataProviderID":1,"UsageTypeID":4,"StatusTypeID":50,"Connections":[{"ID":101127,"ConnectionTypeID":25,"StatusTypeID":50,"LevelID":2,"Amps":32,"Voltage":230,"PowerKW":7,"CurrentTypeID":10,"Quantity":2}]}]