[{"ID":309122,"UUID":"1449FCBC-C0DD-4BE7-99E7-27326DF62CD0","NumberOfPoints":2,"AddressInfo":{"ID":309511,"Title":"S Foods Supermarket","AddressLine1":"14 Worthington Avenue","Town":"Kingston","StateOrProvince":"Kingston","CountryID":113,"Latitude":18.00819,"Longitude":-76.78166,"DistanceUnit":0},"OperatorID":3621,"DataProviderID":1,"UsageTypeID":1,"StatusTypeID":50,"Connections":[{"ID":592839,"ConnectionTypeID":33,"StatusTypeID":50,"LevelID":3,"PowerKW":150,"CurrentTypeID":30,"Quantity":2}]},{"ID":309119,"UUID":"8D6A3D4B-105E-46E7-8F8E-21A3A8809876","NumberOfPoints":4,"AddressInfo":{"ID":309508,"Title":"S Foods Supermarket","AddressLine1":"14 Worthington Avenue","Town":"Kingston","StateOrProvince":"Kingston","CountryID":113,"Latitude":18.00819,"Longitude":-76.78166,"DistanceUnit":0},"OperatorID":3621,"DataProviderID":1,"UsageTypeID":1,"StatusTypeID":50,"Connections":[{"ID":592835,"ConnectionTypeID":32,"StatusTypeID":50,"LevelID":3,"PowerKW":150,"CurrentTypeID":30,"Quantity":1},{"ID":592836,"ConnectionTypeID":2,"StatusTypeID":50,"LevelID":3,"PowerKW":100,"CurrentTypeID":30,"Quantity":1}]},{"ID":273987,"UUID":"0C51992D-4C6F-4047-8B73-3025B1258CF4","NumberOfPoints":2,"AddressInfo":{"ID":274371,"Title":"Holywell","AddressLine1":"Hardware Gap","Town":"Border of St. Andrew and Portland","StateOrProvince":"Portland","CountryID":113,"Latitude":18.08599230943024,"Longitude":-76.72620304327774,"DistanceUnit":0},"OperatorID":3500,"DataProviderID":1,"UsageTypeID":1,"StatusTypeID":50,"Connections":[{"ID":474310,"ConnectionTypeID":1,"StatusTypeID":50,"LevelID":2,"PowerKW":7,"Quantity":2}]},{"ID":273986,"UUID":"72378C8B-22D2-4375-9E12-40F0478C31A1","NumberOfPoints":1,"AddressInfo":{"ID":274370,"Title":"ATL Automotive Oxford Road","AddressLine1":"Oxford Road","Town":"New Kingston","StateOrProvince":"Saint Andrew","CountryID":113,"Latitude":17.99999551082395,"Longitude":-76.78556267774934,"DistanceUnit":0},"OperatorID":3500,"DataProviderID":1,"UsageTypeID":1,"StatusTypeID":50,"Connections":[{"ID":474308,"ConnectionTypeID":2,"StatusTypeID":50,"LevelID":3,"PowerKW":50,"CurrentTypeID":30,"Quantity":1},{"ID":474309,"ConnectionTypeID":32,"StatusTypeID":50,"LevelID":3,"PowerKW":50,"CurrentTypeID":30,"Quantity":1}]},{"ID":273985,"UUID":"30F46FEB-7E86-439B-878F-FE8CF8E67E97","NumberOfPoints":2,"AddressInfo":{"ID":274369,"Title":"Wong's Texaco Mountain View","AddressLine1":"230 Mountain View Avenue","Town":"Kingston","StateOrProvince":"Saint Andrew","CountryID":113,"Latitude":18.00965332114056,"Longitude":-76.77143177663106,"DistanceUnit":0},"OperatorID":3500,"DataProviderID":1,"UsageTypeID":1,"StatusTypeID":50,"Connections":[{"ID":474307,"ConnectionTypeID":1,"StatusTypeID":50,"LevelID":2,"PowerKW":7,"Quantity":2}]},{"ID":273984,"UUID":"03168896-D189-46D9-AF62-AE3F495F7A67","NumberOfPoints":2,"AddressInfo":{"ID":274368,"Title":"BMW ATL Autobahn","AddressLine1":"38-42 Lady Musgrave Road","Town":"Kingston","StateOrProvince":"Saint Andrew","CountryID":113,"Latitude":18.00937746490675,"Longitude":-76.77822089041206,"DistanceUnit":0},"OperatorID":3500,"DataProviderID":1,"UsageTypeID":1,"StatusTypeID":50,"Connections":[{"ID":474306,"ConnectionTypeID":1,"StatusTypeID":50,"LevelID":2,"PowerKW":7,"Quantity":2}]},{"ID":273983,"UUID":"CA307623-EAEB-44B4-B880-CEFB092F5962","NumberOfPoints":2,"AddressInfo":{"ID":274367,"Title":"76 RHR Business Centre","AddressLine1":"76 Red Hills Road","Town":"Kingston","StateOrProvince":"Saint Andrew","CountryID":113,"Latitude":18.02925457072908,"Longitude":-76.80556618925868,"DistanceUnit":0},"OperatorID":3500,"DataProviderID":1,"UsageTypeID":1,"StatusTypeID":50,"Connections":[{"ID":474305,"ConnectionTypeID":1,"StatusTypeID":50,"LevelID":2,"PowerKW":7,"Quantity":2}]},{"ID":273982,"UUID":"1DBD7230-2D3E-4F68-8796-91DE62050223","NumberOfPoints":1,"AddressInfo":{"ID":274366,"Title":"Total Dunrobin","AddressLine1":"85 Constant Spring Road","Town":"Kingston","StateOrProvince":"Saint Andrew","CountryID":113,"Latitude":18.025194906929343,"Longitude":-76.79672490494909,"DistanceUnit":0},"OperatorID":3500,"DataProviderID":1,"UsageTypeID":1,"StatusTypeID":50,"Connections":[{"ID":474304,"ConnectionTypeID":1,"StatusTypeID":50,"LevelID":2,"PowerKW":7,"Quantity":1}]},{"ID":273981,"UUID":"1D02A92F-A276-4B82-8923-21711E4A3E92","NumberOfPoints":2,"AddressInfo":{"ID":274365,"Title":"Lee's Food Fair","AddressLine1":"86 Red Hills Road","Town":"Kingston","StateOrProvince":"Saint Andrew","CountryID":113,"Latitude":18.032672617468563,"Longitude":-76.80623453235495,"DistanceUnit":0},"OperatorID":3500,"DataProviderID":1,"UsageTypeID":1,"StatusTypeID":50,"Connections":[{"ID":474301,"ConnectionTypeID":2,"StatusTypeID":50,"LevelID":3,"PowerKW":50,"CurrentTypeID":30,"Quantity":1},{"ID":474302,"ConnectionTypeID":32,"StatusTypeID":50,"LevelID":3,"PowerKW":50,"CurrentTypeID":30,"Quantity":1},{"ID":474303,"ConnectionTypeID":1,"StatusTypeID":50,"LevelID":2,"PowerKW":7,"Quantity":1}]},{"ID":273980,"UUID":"3EE4C39F-952D-44AB-BEB7-654CFAB90B08","NumberOfPoints":2,"AddressInfo":{"ID":274364,"Title":"West Kingston Power Partners","AddressLine1":"Wikip Place","Town":"Kingston","StateOrProvince":"Kingston","CountryID":113,"Latitude":17.97156115951863,"Longitude":-76.80599070764322,"DistanceUnit":0},"OperatorID":3500,"DataProviderID":1,"UsageTypeID":1,"StatusTypeID":50,"Connections":[{"ID":474298,"ConnectionTypeID":2,"StatusTypeID":50,"LevelID":3,"PowerKW":50,"CurrentTypeID":30,"Quantity":1},{"ID":474299,"ConnectionTypeID":32,"StatusTypeID":50,"LevelID":3,"PowerKW":50,"CurrentTypeID":30,"Quantity":1},{"ID":474300,"ConnectionTypeID":1,"StatusTypeID":50,"LevelID":2,"PowerKW":7,"Quantity":1}]},{"ID":273952,"UUID":"C89C6DFD-00A7-40D1-88F3-32749F85B562","NumberOfPoints":3,"AddressInfo":{"ID":274336,"Title":"Portmore Parkway Petcom","AddressLine1":"Portmore Parkway","Town":"Portmore","StateOrProvince":"Saint Catherine","CountryID":113,"Latitude":17.969937332132005,"Longitude":-76.8695531728531,"DistanceUnit":0},"OperatorID":3500,"DataProviderID":1,"UsageTypeID":1,"StatusTypeID":50,"Connections":[{"ID":474255,"ConnectionTypeID":2,"StatusTypeID":50,"LevelID":3,"PowerKW":50,"CurrentTypeID":30,"Quantity":1},{"ID":474256,"ConnectionTypeID":32,"StatusTypeID":50,"LevelID":3,"PowerKW":50,"CurrentTypeID":30,"Quantity":1},{"ID":474257,"ConnectionTypeID":1,"StatusTypeID":50,"LevelID":2,"PowerKW":7,"Quantity":2}]},{"ID":273951,"UUID":"6929036C-26C0-4D6D-9F66-49F27E040F1F","NumberOfPoints":2,"AddressInfo":{"ID":274335,"Title":"Portmore Town Center","AddressLine1":"Mercantile Avenue","Town":"Portmore","StateOrProvince":"Saint Catherine","CountryID":113,"Latitude":17.975822872145358,"Longitude":-76.86708716002693,"DistanceUnit":0},"OperatorID":3500,"DataProviderID":1,"UsageTypeID":1,"StatusTypeID":50,"Connections":[{"ID":474254,"ConnectionTypeID":1,"StatusTypeID":50,"LevelID":2,"PowerKW":7,"Quantity":2}]},{"ID":273950,"UUID":"7EDF6216-EAA4-42B2-89D5-EF9E76A706D6","NumberOfPoints":1,"AddressInfo":{"ID":274334,"Title":"Joong Home Centre","AddressLine1":"68 New Land Road","AddressLine2":"Bridgeport","Town":"Portmore","StateOrProvince":"Saint Catherine","CountryID":113,"Latitude":17.973563395813528,"Longitude":-76.88811030076499,"DistanceUnit":0},"OperatorID":45,"DataProviderID":1,"UsageTypeID":6,"StatusTypeID":50,"Connections":[{"ID":474253,"ConnectionTypeID":1,"StatusTypeID":50,"LevelID":2,"Amps":32,"Voltage":240,"PowerKW":7,"CurrentTypeID":10,"Quantity":1}]},{"ID":273949,"UUID":"A4C64438-8F00-431A-BB28-A3290341976C","NumberOfPoints":1,"AddressInfo":{"ID":274333,"Title":"Blaize Service Station Portmore","AddressLine1":"Congreve Park","AddressLine2":"Naggo Head","Town":"Portmore","StateOrProvince":"Saint Catherine","CountryID":113,"Latitude":17.9571689890509,"Longitude":-76.88738391452233,"DistanceUnit":0},"OperatorID":3500,"DataProviderID":1,"UsageTypeID":1,"StatusTypeID":50,"Connections":[{"ID":474251,"ConnectionTypeID":32,"StatusTypeID":50,"LevelID":3,"PowerKW":50,"CurrentTypeID":30,"Quantity":1},{"ID":474252,"ConnectionTypeID":2,"StatusTypeID":50,"LevelID":3,"PowerKW":50,"CurrentTypeID":30,"Quantity":1}]},{"ID":273948,"UUID":"59F5E2EB-DA98-4AC7-9B3B-646BC4CA0EDB","NumberOfPoints":1,"AddressInfo":{"ID":274332,"Title":"Twickenham Park Petcom","AddressLine1":"2 Twickenham Park Road","Town":"Spanish Town","StateOrProvince":"Saint Catherine","CountryID":113,"Latitude":17.99649987963076,"Longitude":-76.93947232078506,"DistanceUnit":0},"OperatorID":3500,"DataProviderID":1,"UsageTypeID":1,"StatusTypeID":50,"Connections":[{"ID":474250,"ConnectionTypeID":1,"StatusTypeID":50,"LevelID":2,"PowerKW":7,"Quantity":1}]},{"ID":273947,"UUID":"75B1FB4F-8029-4AFF-B123-9D3A6B53D974","NumberOfPoints":2,"AddressInfo":{"ID":274331,"Title":"Murray's Fish and Jerk Hut","AddressLine1":"Clarendon Park","Town":"Toll Gate","StateOrProvince":"Clarendon","CountryID":113,"Latitude":17.990554531573864,"Longitude":-77.3686138862555,"DistanceUnit":0},"OperatorID":3500,"DataProviderID":1,"UsageTypeID":1,"StatusTypeID":50,"Connections":[{"ID":474247,"ConnectionTypeID":1,"StatusTypeID":50,"LevelID":2,"PowerKW":7,"Quantity":1},{"ID":474248,"ConnectionTypeID":32,"StatusTypeID":50,"LevelID":3,"PowerKW":50,"CurrentTypeID":30,"Quantity":1},{"ID":474249,"ConnectionTypeID":2,"StatusTypeID":50,"LevelID":3,"PowerKW":50,"CurrentTypeID":30,"Quantity":1}]},{"ID":273946,"UUID":"645D932C-5E55-441C-A977-4DCE2B47DF6A","NumberOfPoints":2,"AddressInfo":{"ID":274330,"Title":"Heaven's Fesco Service Station","AddressLine1":"2 Manchester Road","Town":"Mandeville","StateOrProvince":"Manchester","CountryID":113,"Latitude":18.038464203933373,"Longitude":-77.51035258568635,"DistanceUnit":0},"OperatorID":3500,"DataProviderID":1,"UsageTypeID":1,"StatusTypeID":50,"Connections":[{"ID":474246,"ConnectionTypeID":1,"StatusTypeID":50,"LevelID":2,"PowerKW":7,"Quantity":2}]},{"ID":273945,"UUID":"AD1096FB-D7A5-4846-83A0-A39CD4180664","NumberOfPoints":2,"AddressInfo":{"ID":274329,"Title":"JAMGAS Service Station Mandeville","AddressLine1":"Marshall's Pen","Town":"Mandeville","StateOrProvince":"Manchester","CountryID":113,"Latitude":18.057451146572618,"Longitude":-77.52511923704753,"DistanceUnit":0},"OperatorID":3500,"DataProviderID":1,"UsageTypeID":1,"StatusTypeID":50,"Connections":[{"ID":474245,"ConnectionTypeID":1,"StatusTypeID":50,"LevelID":2,"PowerKW":7,"Quantity":2}]},{"ID":273944,"UUID":"8C125983-C725-44C9-A31D-30770DB70FA3","NumberOfPoints":2,"AddressInfo":{"ID":274328,"Title":"Texaco Service Station Gutters","AddressLine1":"Spur Tree Road","Town":"Gutters","StateOrProvince":"Manchester","CountryID":113,"Latitude":18.01385675145204,"Longitude":-77.58931401533692,"DistanceUnit":0},"OperatorID":3500,"DataProviderID":1,"UsageTypeID":1,"StatusTypeID":50,"Connections":[{"ID":474244,"ConnectionTypeID":1,"StatusTypeID":50,"LevelID":2,"PowerKW":7,"Quantity":2}]},{"ID":273943,"UUID":"4043BC08-F55D-402D-A741-9637EDD33E90","NumberOfPoints":2,"AddressInfo":{"ID":274327,"Title":"Texaco Service Station Junction","AddressLine1":"Main Street","Town":"Junction","StateOrProvince":"Saint Elizabeth","CountryID":113,"Latitude":17.910598550865174,"Longitude":-77.60645101220337,"DistanceUnit":0},"OperatorID":3500,"DataProviderID":1,"UsageTypeID":1,"StatusTypeID":50,"Connections":[{"ID":474243,"ConnectionTypeID":1,"StatusTypeID":50,"LevelID":2,"PowerKW":7,"Quantity":2}]},{"ID":273942,"UUID":"39AC05C9-F1FB-4BE9-9A0B-E189CC491554","NumberOfPoints":2,"AddressInfo":{"ID":274326,"Title":"Icon Megastore and Service Station","AddressLine1":"Paradise Road","Town":"Savanna la Mar","StateOrProvince":"Westmoreland","CountryID":113,"Latitude":18.22234293517279,"Longitude":-78.09750932112144,"DistanceUnit":0},"OperatorID":3500,"DataProviderID":1,"UsageTypeID":1,"StatusTypeID":50,"Connections":[{"ID":474242,"ConnectionTypeID":1,"StatusTypeID":50,"LevelID":2,"PowerKW":7,"Quantity":2}]},{"ID":273941,"UUID":"EABA4D9E-3811-4A40-A958-175EEEE5B51B","NumberOfPoints":2,"AddressInfo":{"ID":274325,"Title":"Nola's Dining, Total Luana","AddressLine1":"Luana Pen","Town":"Black River","StateOrProvince":"Saint Elizabeth","CountryID":113,"Latitude":18.07073898480921,"Longitude":-77.85616447714449,"DistanceUnit":0},"OperatorID":3500,"DataProviderID":1,"UsageTypeID":1,"StatusTypeID":50,"Connections":[{"ID":474239,"ConnectionTypeID":32,"StatusTypeID":50,"LevelID":3,"PowerKW":50,"CurrentTypeID":30,"Quantity":1},{"ID":474240,"ConnectionTypeID":2,"StatusTypeID":50,"LevelID":3,"PowerKW":50,"CurrentTypeID":30,"Quantity":1},{"ID":474241,"ConnectionTypeID":1,"StatusTypeID":50,"LevelID":2,"PowerKW":7,"Quantity":1}]},{"ID":273913,"UUID":"8510F53A-9C39-4578-B4A6-1FAA81AB6895","NumberOfPoints":2,"AddressInfo":{"ID":274297,"Title":"Harbour View","AddressLine1":"2 Fort Nugent Drive","Town":"Harbour View","CountryID":113,"Latitude":17.951921715767668,"Longitude":-76.71925782765379,"DistanceUnit":0},"OperatorID":3621,"DataProviderID":1,"UsageTypeID":1,"StatusTypeID":50,"Connections":[{"ID":474013,"ConnectionTypeID":1036,"StatusTypeID":50,"LevelID":2,"PowerKW":11,"Quantity":2}]},{"ID":273912,"UUID":"CD7D57E1-DA9F-458F-813C-DCD886CF006E","NumberOfPoints":2,"AddressInfo":{"ID":274296,"Title":"Trafalgar Park","AddressLine1":"15 Trafalgar Road","AddressLine2":"New Kingston","CountryID":113,"Latitude":18.00855357117092,"Longitude":-76.78431204952744,"DistanceUnit":0},"OperatorID":3621,"DataProviderID":1,"UsageTypeID":1,"StatusTypeID":50,"Connections":[{"ID":474010,"ConnectionTypeID":2,"StatusTypeID":50,"LevelID":2,"PowerKW":50,"Quantity":1},{"ID":474011,"ConnectionTypeID":33,"StatusTypeID":50,"LevelID":2,"PowerKW":50,"Quantity":1},{"ID":474012,"ConnectionTypeID":1036,"StatusTypeID":50,"LevelID":2,"PowerKW":43,"Quantity":1}]},{"ID":273911,"UUID":"3FB272CF-F67A-4D28-995E-116E664B0100","NumberOfPoints":2,"AddressInfo":{"ID":274295,"Title":"Bryan's Bay","AddressLine1":"Bryan's Bay","Town":"Port Antonio","StateOrProvince":"Portland","CountryID":113,"Latitude":18.187204151794347,"Longitude":-76.46312610358112,"DistanceUnit":0},"OperatorID":3621,"DataProviderID":1,"UsageTypeID":1,"StatusTypeID":50,"Connections":[{"ID":474009,"ConnectionTypeID":1036,"StatusTypeID":50,"LevelID":2,"PowerKW":7,"Quantity":2}]},{"ID":273910,"UUID":"64D3C1F1-A741-43CF-95F7-15433C69584C","NumberOfPoints":2,"AddressInfo":{"ID":274294,"Title":"Total Discovery Bay","AddressLine1":"Northern Coastal Highway","Town":"Discovery Bay","CountryID":113,"Latitude":18.460217873753137,"Longitude":-77.39883945476129,"DistanceUnit":0},"OperatorID":3621,"DataProviderID":1,"UsageTypeID":1,"StatusTypeID":50,"Connections":[{"ID":474008,"ConnectionTypeID":32,"StatusTypeID":50,"LevelID":3,"PowerKW":150,"CurrentTypeID":30,"Quantity":1},{"ID":592953,"ConnectionTypeID":2,"StatusTypeID":50,"LevelID":3,"PowerKW":100,"CurrentTypeID":30,"Quantity":1}]},{"ID":273909,"UUID":"F15C88F0-95C7-4B9A-BB20-3D2FCC062529","NumberOfPoints":3,"AddressInfo":{"ID":274293,"Title":"Total Ironshore","AddressLine1":"1140 Morgans Road","Town":"Ironshore, Montego Bay","CountryID":113,"Latitude":18.515203802480144,"Longitude":-77.88251715429277,"DistanceUnit":0},"OperatorID":3621,"DataProviderID":1,"UsageTypeID":1,"StatusTypeID":50,"Connections":[{"ID":474005,"ConnectionTypeID":2,"StatusTypeID":50,"LevelID":2,"PowerKW":50,"Quantity":1},{"ID":474006,"ConnectionTypeID":33,"StatusTypeID":50,"LevelID":2,"PowerKW":50,"Quantity":1},{"ID":474007,"ConnectionTypeID":1036,"StatusTypeID":50,"LevelID":2,"PowerKW":50,"Quantity":1}]},{"ID":273908,"UUID":"84A76149-A45A-4D92-ACDE-3314482FE55A","NumberOfPoints":2,"AddressInfo":{"ID":274292,"Title":"Total Energies Dunbar's River","AddressLine1":"Strathbogie Road","Town":"Savanna la Mar","CountryID":113,"Latitude":18.2249921963069,"Longitude":-78.12579132574626,"DistanceUnit":0},"OperatorID":3621,"DataProviderID":1,"UsageTypeID":1,"StatusTypeID":50,"Connections":[{"ID":474004,"ConnectionTypeID":1036,"StatusTypeID":50,"LevelID":2,"PowerKW":7,"CurrentTypeID":10,"Quantity":2}]},{"ID":273907,"UUID":"3BDD1AE0-A96D-4292-88C2-CA981BBB4C99","NumberOfPoints":2,"AddressInfo":{"ID":274291,"Title":"Bridgez Jerk Centre and Rest Stop","AddressLine1":"Savanna-La-Mar - Negril Road","CountryID":113,"Latitude":18.229770195119414,"Longitude":-78.17215487025942,"DistanceUnit":0},"OperatorID":3500,"DataProviderID":1,"UsageTypeID":1,"StatusTypeID":50,"Connections":[{"ID":474003,"ConnectionTypeID":1,"StatusTypeID":50,"LevelID":2,"PowerKW":22,"CurrentTypeID":10,"Quantity":2}]},{"ID":273897,"UUID":"BCA8CF24-7FAF-4BA6-9C0E-37C19207EDEB","NumberOfPoints":3,"AddressInfo":{"ID":274281,"Title":"Norman Manley Boulevard","AddressLine1":"Norman Manley Boulevard","CountryID":113,"Latitude":18.30497497343346,"Longitude":-78.33586832385527,"DistanceUnit":0},"OperatorID":3500,"DataProviderID":1,"UsageTypeID":1,"StatusTypeID":50,"Connections":[{"ID":473987,"ConnectionTypeID":32,"StatusTypeID":50,"LevelID":3,"PowerKW":50,"CurrentTypeID":30,"Quantity":1},{"ID":473988,"ConnectionTypeID":2,"StatusTypeID":50,"LevelID":3,"PowerKW":50,"CurrentTypeID":30,"Quantity":1},{"ID":473989,"ConnectionTypeID":1,"StatusTypeID":50,"CurrentTypeID":10,"Quantity":2}]},{"ID":273896,"UUID":"A6698C7A-C5B8-4B6A-BA01-83A0881191B0","NumberOfPoints":2,"AddressInfo":{"ID":274280,"Title":"Whitehall Road","AddressLine1":"Whitehall Road","CountryID":113,"Latitude":18.279304349973557,"Longitude":-78.33876218840396,"DistanceUnit":0},"OperatorID":3621,"DataProviderID":1,"UsageTypeID":1,"StatusTypeID":50,"Connections":[{"ID":473986,"ConnectionTypeID":1036,"StatusTypeID":50,"LevelID":2,"PowerKW":7,"CurrentTypeID":10,"Quantity":2}]},{"ID":273895,"UUID":"0E9F787F-8A5E-4262-BB6E-45EDC3D64D27","NumberOfPoints":2,"AddressInfo":{"ID":274279,"Title":"May Pen - Lionel Town Road","AddressLine1":"May Pen - Lionel Town Road","CountryID":113,"Latitude":17.948798770611162,"Longitude":-77.24589733379813,"DistanceUnit":0},"OperatorID":3621,"DataProviderID":1,"UsageTypeID":1,"StatusTypeID":50,"Connections":[{"ID":473985,"ConnectionTypeID":1036,"StatusTypeID":50,"LevelID":2,"PowerKW":11,"CurrentTypeID":10,"Quantity":1}]},{"ID":273894,"UUID":"32B0AEEE-E2FF-433F-8EEC-442FED070443","NumberOfPoints":1,"AddressInfo":{"ID":274278,"Title":"Constant Spring Road","AddressLine1":"Constant Spring Road","AddressLine2":"Constant Spring","Town":"Kingston","StateOrProvince":"Saint Andrew","CountryID":113,"Latitude":28.0133862,"Longitude":-82.5077593,"DistanceUnit":0},"OperatorID":3621,"DataProviderID":1,"UsageTypeID":1,"StatusTypeID":50,"Connections":[{"ID":473984,"ConnectionTypeID":1036,"StatusTypeID":50,"LevelID":2,"PowerKW":7,"CurrentTypeID":10,"Quantity":2}]},{"ID":259183,"UUID":"00D2A970-6BE4-456C-8496-D35F17439371","NumberOfPoints":1,"AddressInfo":{"ID":259567,"Title":"Boot Service Station","AddressLine1":"Boot Service Station","AddressLine2":"Greenwich Park","Town":"Drax Hall","StateOrProvince":"Saint Ann","CountryID":113,"Latitude":18.425171375793866,"Longitude":-77.17351848546764,"DistanceUnit":0},"OperatorID":3621,"DataProviderID":1,"UsageTypeID":1,"StatusTypeID":50,"Connections":[{"ID":434751,"ConnectionTypeID":2,"StatusTypeID":50,"LevelID":3,"PowerKW":50,"CurrentTypeID":30,"Quantity":1},{"ID":434752,"ConnectionTypeID":33,"StatusTypeID":50,"LevelID":3,"PowerKW":50,"CurrentTypeID":30,"Quantity":1}]}]