[{"ID":265939,"UUID":"930EE75B-0D3F-43B3-8063-D98F0E4CC04D","NumberOfPoints":1,"AddressInfo":{"ID":266323,"Title":"Parqueadero Clientes Produbanco ","AddressLine1":"Subsuelos 1","Town":"Quito","StateOrProvince":"Pichincha","Postcode":"170503","CountryID":69,"Latitude":-0.16277194019623664,"Longitude":-78.46116048565807,"AccessComments":"De 9.00am a 5.00pm","DistanceUnit":0},"OperatorID":1,"DataProviderID":1,"UsageTypeID":4,"StatusTypeID":50,"Connections":[{"ID":452447,"ConnectionTypeID":1,"StatusTypeID":50,"LevelID":2,"Voltage":240,"CurrentTypeID":10,"Quantity":1}],"MediaItems":[{"ID":38078,"ChargePointID":265939,"ItemURL":"https://media.openchargemap.io/images/EC/OCM265939/OCM-265939.orig.2023060614412659.jpg","ItemThumbnailURL":"https://media.openchargemap.io/images/EC/OCM265939/OCM-265939.thmb.2023060614412659.jpg","Comment":"","IsEnabled":true,"IsVideo":false,"IsFeaturedItem":false,"IsExternalResource":false,"User":{"ID":16800,"Username":"Paul Jaramillo"},"DateCreated":"2023-06-06T14:42:00Z"},{"ID":38079,"ChargePointID":265939,"ItemURL":"https://media.openchargemap.io/images/EC/OCM265939/OCM-265939.orig.2023060614414004.jpg","ItemThumbnailURL":"https://media.openchargemap.io/images/EC/OCM265939/OCM-265939.thmb.2023060614414004.jpg","Comment":"","IsEnabled":true,"IsVideo":false,"IsFeaturedItem":false,"IsExternalResource":false,"User":{"ID":16800,"Username":"Paul Jaramillo"},"DateCreated":"2023-06-06T14:42:00Z"},{"ID":38077,"ChargePointID":265939,"ItemURL":"https://media.openchargemap.io/images/EC/OCM265939/OCM-265939.orig.2023060614410195.jpg","ItemThumbnailURL":"https://media.openchargemap.io/images/EC/OCM265939/OCM-265939.thmb.2023060614410195.jpg","Comment":"","IsEnabled":true,"IsVideo":false,"IsFeaturedItem":false,"IsExternalResource":false,"User":{"ID":16800,"Username":"Paul Jaramillo"},"DateCreated":"2023-06-06T14:41:00Z"}]},{"ID":212986,"UUID":"FA3E41FA-77DF-4D89-8420-26B3CAE878A6","NumberOfPoints":20,"UsageCost":"0.20","AddressInfo":{"ID":213366,"Title":"Electroninera BYD","AddressLine1":"Autopista Terminal Terrestre - Pascuales","Town":"Guayaquil","StateOrProvince":"Guayas","CountryID":69,"Latitude":-2.102176114783134,"Longitude":-79.88957011640254,"ContactTelephone1":"+593 99 235 6672","AccessComments":"https://play.google.com/store/apps/details?id=ec.com.byd.mobile_android, debe descargar la aplicación y realizar una recarga","RelatedURL":"https://bydelectrico.com/","DistanceUnit":0},"OperatorID":1,"DataProviderID":1,"UsageTypeID":4,"StatusTypeID":50,"Connections":[{"ID":354746,"ConnectionTypeID":25,"Reference":"BYD","StatusTypeID":50,"LevelID":3,"PowerKW":40,"CurrentTypeID":20,"Quantity":20}],"MediaItems":[{"ID":36951,"ChargePointID":212986,"ItemURL":"https://media.openchargemap.io/images/EC/OCM212986/OCM-212986.orig.2023031215023390.jpg","ItemThumbnailURL":"https://media.openchargemap.io/images/EC/OCM212986/OCM-212986.thmb.2023031215023390.jpg","Comment":"","IsEnabled":true,"IsVideo":false,"IsFeaturedItem":false,"IsExternalResource":false,"User":{"ID":44398,"Username":"Bryan Silva"},"DateCreated":"2023-03-12T15:03:00Z"}]},{"ID":204564,"UUID":"CB14C74B-4EDF-44E0-AFD1-A6B8E710FE9D","NumberOfPoints":2,"UsageCost":"3","AddressInfo":{"ID":204931,"Title":"S2 20","AddressLine1":"28 de Agosto","AddressLine2":"27 de Febrero","Town":"La Merced","StateOrProvince":"Pichincha","Postcode":"170810","CountryID":69,"Latitude":-0.294285399580545,"Longitude":-78.40004195395272,"ContactTelephone1":"593986927060","AccessComments":"Coordinar previamente si esta disponible el punto de carga","DistanceUnit":0},"OperatorID":1,"DataProviderID":1,"UsageTypeID":6,"StatusTypeID":50,"Connections":[{"ID":341703,"ConnectionTypeID":28,"StatusTypeID":50,"LevelID":1,"Amps":15,"Voltage":110,"PowerKW":1.6,"CurrentTypeID":10,"Quantity":4},{"ID":341704,"ConnectionTypeID":0,"StatusTypeID":50,"LevelID":2,"Amps":40,"Voltage":220,"PowerKW":15.2,"CurrentTypeID":20,"Quantity":1}],"UserComments":[{"ID":28325,"ChargePointID":204564,"CommentTypeID":10,"UserName":"Jorgegullen","Comment":"","DateCreated":"2023-03-26T06:29:57.143Z","User":{"ID":44350,"Username":"Jorgegullen"},"CheckinStatusTypeID":10,"IsActionedByEditor":false},{"ID":28324,"ChargePointID":204564,"CommentTypeID":10,"UserName":"Jorgegullen","Comment":"excelente lugar para una carga parcial. ojalá haya más lugares así ","Rating":5,"DateCreated":"2023-03-26T06:29:38.213Z","User":{"ID":44350,"Username":"Jorgegullen"},"CheckinStatusTypeID":10,"IsActionedByEditor":false}],"MediaItems":[{"ID":36461,"ChargePointID":204564,"ItemURL":"https://media.openchargemap.io/images/EC/OCM204564/OCM-204564.orig.2023013016364257.jpg","ItemThumbnailURL":"https://media.openchargemap.io/images/EC/OCM204564/OCM-204564.thmb.2023013016364257.jpg","Comment":"punto de carga","IsEnabled":true,"IsVideo":false,"IsFeaturedItem":false,"IsExternalResource":false,"User":{"ID":16800,"Username":"Paul Jaramillo"},"DateCreated":"2023-01-30T16:37:00Z"},{"ID":36462,"ChargePointID":204564,"ItemURL":"https://media.openchargemap.io/images/EC/OCM204564/OCM-204564.orig.2023013016372264.jpg","ItemThumbnailURL":"https://media.openchargemap.io/images/EC/OCM204564/OCM-204564.thmb.2023013016372264.jpg","Comment":"carga motos electricas","IsEnabled":true,"IsVideo":false,"IsFeaturedItem":false,"IsExternalResource":false,"User":{"ID":16800,"Username":"Paul Jaramillo"},"DateCreated":"2023-01-30T16:37:00Z"}]},{"ID":202413,"UUID":"DC28BF18-50EB-4108-A50B-6AB3AB2BB69D","NumberOfPoints":1,"AddressInfo":{"ID":202780,"Title":"Avenida Galo Plaza Lasso","AddressLine1":"Avenida Galo Plaza Lasso","Town":"Quito","StateOrProvince":"Pichincha","Postcode":"EC170104","CountryID":69,"Latitude":-0.13157415468340616,"Longitude":-78.4818813909605,"DistanceUnit":0},"OperatorID":1,"DataProviderID":1,"UsageTypeID":1,"StatusTypeID":50,"Connections":[{"ID":338513,"ConnectionTypeID":0,"StatusTypeID":50,"Voltage":120,"CurrentTypeID":20,"Quantity":1,"Comments":"solo para Autoa"}]},{"ID":202307,"UUID":"7F9D1F52-8BA5-4B70-B505-EAC5168420E8","NumberOfPoints":5,"UsageCost":"","AddressInfo":{"ID":202674,"Title":"Quicentro Shopping","AddressLine1":"Quicentro Shopping","Town":"Quito","StateOrProvince":"Pichincha","Postcode":"170513","CountryID":69,"Latitude":-0.17660592139014852,"Longitude":-78.47857180803817,"AccessComments":"Entrando al parqueadero subterráneo, se debe tomar un ticket y hay un espacio exclusivo para scooters ","DistanceUnit":0},"OperatorID":1,"DataProviderID":1,"UsageTypeID":1,"StatusTypeID":50,"Connections":[{"ID":338341,"ConnectionTypeID":25,"StatusTypeID":50,"Voltage":110,"CurrentTypeID":10,"Quantity":5,"Comments":"Entrando al parqueadero subterráneo, se debe tomar un ticket y hay un espacio exclusivo para scooters "}]},{"ID":192918,"UUID":"C4E4D3DF-1E59-4932-9A3A-1513132024DF","NumberOfPoints":1,"UsageCost":"0","AddressInfo":{"ID":193277,"Title":"Maria Angelica Hidrobo","AddressLine1":"Maria Angelica Hidrobo","Town":"Cumbaya","StateOrProvince":"Pichincha","Postcode":"170902","CountryID":69,"Latitude":-0.19912596054089704,"Longitude":-78.43558937692148,"AccessComments":"sub suelo del centro comercial Paseo San Francisco","DistanceUnit":0},"OperatorID":1,"DataProviderID":1,"UsageTypeID":1,"StatusTypeID":50,"Connections":[{"ID":313601,"ConnectionTypeID":1,"StatusTypeID":50,"Quantity":1}]},{"ID":188667,"UUID":"3618C258-9999-42C1-AFE2-E380311A1F62","NumberOfPoints":1,"UsageCost":"0","AddressInfo":{"ID":189026,"Title":"Avenida Eloy Alfaro","AddressLine1":"Avenida Eloy Alfaro","Town":"Quito","StateOrProvince":"Pichincha","Postcode":"170515","CountryID":69,"Latitude":-0.1892552046061695,"Longitude":-78.48430550568878,"AccessComments":"Mientras el parqueadero este abierto hay que pagar el parking. Cuando esta cerrado puedes entrar y salir sin pagar parking","DistanceUnit":0},"OperatorID":1,"DataProviderID":1,"UsageTypeID":1,"StatusTypeID":50,"Connections":[{"ID":304765,"ConnectionTypeID":1,"StatusTypeID":50,"Quantity":1,"Comments":"aparentemente funcionando"}],"MediaItems":[{"ID":28954,"ChargePointID":188667,"ItemURL":"https://media.openchargemap.io/images/EC/OCM188667/OCM-188667.orig.2021081000063419.jpg","ItemThumbnailURL":"https://media.openchargemap.io/images/EC/OCM188667/OCM-188667.thmb.2021081000063419.jpg","Comment":"","IsEnabled":true,"IsVideo":false,"IsFeaturedItem":false,"IsExternalResource":false,"User":{"ID":16800,"Username":"Paul Jaramillo"},"DateCreated":"2021-08-10T00:07:00Z"},{"ID":28952,"ChargePointID":188667,"ItemURL":"https://media.openchargemap.io/images/EC/OCM188667/OCM-188667.orig.2021081000054407.jpg","ItemThumbnailURL":"https://media.openchargemap.io/images/EC/OCM188667/OCM-188667.thmb.2021081000054407.jpg","Comment":"","IsEnabled":true,"IsVideo":false,"IsFeaturedItem":false,"IsExternalResource":false,"User":{"ID":16800,"Username":"Paul Jaramillo"},"DateCreated":"2021-08-10T00:06:00Z"},{"ID":28950,"ChargePointID":188667,"ItemURL":"https://media.openchargemap.io/images/EC/OCM188667/OCM-188667.orig.2021081000043629.jpg","ItemThumbnailURL":"https://media.openchargemap.io/images/EC/OCM188667/OCM-188667.thmb.2021081000043629.jpg","Comment":"","IsEnabled":true,"IsVideo":false,"IsFeaturedItem":false,"IsExternalResource":false,"User":{"ID":16800,"Username":"Paul Jaramillo"},"DateCreated":"2021-08-10T00:05:00Z"},{"ID":28951,"ChargePointID":188667,"ItemURL":"https://media.openchargemap.io/images/EC/OCM188667/OCM-188667.orig.2021081000050380.jpg","ItemThumbnailURL":"https://media.openchargemap.io/images/EC/OCM188667/OCM-188667.thmb.2021081000050380.jpg","Comment":"","IsEnabled":true,"IsVideo":false,"IsFeaturedItem":false,"IsExternalResource":false,"User":{"ID":16800,"Username":"Paul Jaramillo"},"DateCreated":"2021-08-10T00:05:00Z"}]},{"ID":188499,"UUID":"9E549DC0-5A47-4D98-93AF-D6ADBB1DFE24","NumberOfPoints":1,"UsageCost":"0","AddressInfo":{"ID":188858,"Title":"Avenida Eloy Alfaro","AddressLine1":"Avenida Eloy Alfaro","Town":"Quito","StateOrProvince":"Pichincha","Postcode":"EC170124","CountryID":69,"Latitude":-0.1454943450823123,"Longitude":-78.46952728597864,"ContactTelephone1":"098-762-5547","AccessComments":"solicita permiso al administrador","DistanceUnit":0},"OperatorID":1,"DataProviderID":1,"UsageTypeID":6,"StatusTypeID":50,"Connections":[{"ID":304426,"ConnectionTypeID":28,"StatusTypeID":50,"Voltage":110,"CurrentTypeID":10,"Quantity":1,"Comments":"solo vehiculos de dos ruedad. espacio limitado"}]},{"ID":161698,"UUID":"30E79815-9811-452A-B2CC-834042CE0A52","NumberOfPoints":1,"AddressInfo":{"ID":162055,"Title":"Terminal Terrestre Binacional de Santa Rosa","AddressLine1":"Eje Vial E25 y Av. Eloy Alfaro","Town":"Santa Rosa","StateOrProvince":"El Oro","Postcode":"070602","CountryID":69,"Latitude":-3.446355428889717,"Longitude":-79.9743458037263,"ContactTelephone1":"+59373702105","ContactEmail":"emovttsr@yahoo.com","AccessComments":"Se debe solicitar autorización a un supervisor para realizar recarga.","RelatedURL":"http://www.emovttsr.gob.ec","DistanceUnit":0},"OperatorID":80,"DataProviderID":1,"UsageTypeID":7,"StatusTypeID":50,"Connections":[{"ID":232679,"ConnectionTypeID":1,"StatusTypeID":50,"LevelID":2,"Amps":40,"Voltage":240,"PowerKW":10,"CurrentTypeID":20,"Quantity":1}]},{"ID":83505,"UUID":"0CF1E014-6AC4-43BF-802C-204A6764836A","NumberOfPoints":1,"UsageCost":"Free","AddressInfo":{"ID":83851,"Title":"San Marino Shopping","AddressLine1":"Franciso de Orellana","Town":"Guayaquil","StateOrProvince":"Guayas","CountryID":69,"Latitude":-2.169353427242555,"Longitude":-79.89823305102976,"RelatedURL":"https://www.sanmarino.com.ec/","DistanceUnit":0},"OperatorID":26,"DataProviderID":1,"UsageTypeID":1,"StatusTypeID":50,"Connections":[{"ID":140695,"ConnectionTypeID":1,"StatusTypeID":50,"LevelID":2,"Voltage":240,"CurrentTypeID":10,"Quantity":1}]},{"ID":60891,"UUID":"30E82FF1-470D-427B-B9DF-30BFF5300803","UsageCost":"","AddressInfo":{"ID":61237,"Title":"Parking San Atón","AddressLine1":"Pza. de Minayo, 5","AddressLine2":"","Town":"Quito","StateOrProvince":"Pichincha","Postcode":"06002","CountryID":69,"Latitude":-0.190887,"Longitude":-78.501447,"ContactTelephone1":"ND","ContactTelephone2":"","ContactEmail":"","AccessComments":"","RelatedURL":"","DistanceUnit":0},"OperatorID":1,"DataProviderID":1,"UsageTypeID":1,"StatusTypeID":0,"Connections":[{"ID":77233,"ConnectionTypeID":28,"StatusTypeID":0},{"ID":77234,"ConnectionTypeID":25,"StatusTypeID":0}]}]