[{"ID":266553,"UUID":"A008CBB7-5188-44C0-BEF3-AF5A8E9CB170","NumberOfPoints":1,"AddressInfo":{"ID":266937,"Title":"Hotel gran david","AddressLine1":"Calle Linton Navarro","StateOrProvince":"Chiriquí","CountryID":173,"Latitude":8.430673550366322,"Longitude":-82.42532078305402,"DistanceUnit":0},"OperatorID":3500,"DataProviderID":1,"UsageTypeID":4,"StatusTypeID":50,"Connections":[{"ID":453727,"ConnectionTypeID":32,"StatusTypeID":50,"LevelID":3,"PowerKW":50,"CurrentTypeID":30,"Quantity":1},{"ID":453786,"ConnectionTypeID":2,"StatusTypeID":50,"LevelID":3,"PowerKW":50,"CurrentTypeID":30,"Quantity":1},{"ID":453787,"ConnectionTypeID":1,"StatusTypeID":50,"CurrentTypeID":10,"Quantity":1}]},{"ID":189696,"UUID":"53C9E943-2597-4866-AACE-B3D479D99987","NumberOfPoints":1,"AddressInfo":{"ID":190055,"Title":"Casa de las Baterías","AddressLine1":"Estación 24 de Diciembre","Town":"","StateOrProvince":"","Postcode":"","CountryID":173,"Latitude":9.1031,"Longitude":-79.3707,"DistanceUnit":0},"OperatorID":1,"DataProviderID":1,"UsageTypeID":7,"StatusTypeID":50,"Connections":[{"ID":306887,"ConnectionTypeID":0,"StatusTypeID":50,"LevelID":2,"PowerKW":26,"Quantity":1}]},{"ID":189516,"UUID":"5F004B5A-B3BF-4B81-B17B-67626BB08030","NumberOfPoints":1,"AddressInfo":{"ID":189875,"Title":"La Casa de La Bateria","AddressLine1":"Estación Plaza Carolina","CountryID":173,"Latitude":9.030414512288075,"Longitude":-79.47657625223809,"DistanceUnit":0},"OperatorID":1,"DataProviderID":1,"UsageTypeID":1,"StatusTypeID":50,"Connections":[{"ID":306553,"ConnectionTypeID":0,"StatusTypeID":50,"CurrentTypeID":20,"Quantity":1}]}]