[{"ID":194216,"UUID":"2F82B5FF-FFF4-4750-B41A-954252FB7AF8","NumberOfPoints":38,"AddressInfo":{"ID":194575,"Title":"San Marino Outlet Experience","AddressLine1":"Strada degli Angariari 41","Town":"Rovereta","Postcode":"47891","CountryID":195,"Latitude":43.987810049389964,"Longitude":12.504715538169421,"ContactTelephone1":"0549 941325","RelatedURL":"https://www.sanmarinooutlet.com/","DistanceUnit":0},"OperatorID":3328,"DataProviderID":1,"UsageTypeID":1,"StatusTypeID":50,"Connections":[{"ID":316365,"ConnectionTypeID":25,"StatusTypeID":50,"LevelID":2,"Amps":20,"Voltage":230,"PowerKW":5,"CurrentTypeID":10,"Quantity":38}],"UserComments":[{"ID":26332,"ChargePointID":194216,"CommentTypeID":10,"Comment":"","Rating":4,"DateCreated":"2022-09-19T14:23:52.797Z","User":{"ID":39195},"CheckinStatusTypeID":10,"IsActionedByEditor":false}]},{"ID":194215,"UUID":"9F112050-48B5-4ACC-83A2-D388AD602849","NumberOfPoints":1,"UsageCost":"0,40 €/kWh","AddressInfo":{"ID":194574,"Title":"P7 - San Marino","AddressLine1":"Piazzale Cava degli Umbri","Town":"Città di San Marino","Postcode":"47890","CountryID":195,"Latitude":43.93312000000239,"Longitude":12.449872999997524,"ContactTelephone1":"0549 883700","ContactTelephone2":"0549 999102","RelatedURL":"https://eway.aass.sm/","DistanceUnit":0},"OperatorID":3328,"DataProviderID":1,"UsageTypeID":4,"StatusTypeID":50,"Connections":[{"ID":316364,"ConnectionTypeID":25,"StatusTypeID":50,"LevelID":2,"Amps":32,"Voltage":400,"PowerKW":22,"CurrentTypeID":20,"Quantity":2}],"UserComments":[{"ID":27641,"ChargePointID":194215,"CommentTypeID":10,"Comment":"","Rating":4,"DateCreated":"2022-11-30T10:14:01.17Z","User":{"ID":39195},"CheckinStatusTypeID":10,"IsActionedByEditor":false}],"MediaItems":[{"ID":35670,"ChargePointID":194215,"ItemURL":"https://media.openchargemap.io/images/SM/OCM194215/OCM-194215.orig.2022113010263331.jpg","ItemThumbnailURL":"https://media.openchargemap.io/images/SM/OCM194215/OCM-194215.thmb.2022113010263331.jpg","Comment":"","IsEnabled":true,"IsVideo":false,"IsFeaturedItem":false,"IsExternalResource":false,"User":{"ID":39195},"DateCreated":"2022-11-30T10:27:00Z"},{"ID":35671,"ChargePointID":194215,"ItemURL":"https://media.openchargemap.io/images/SM/OCM194215/OCM-194215.orig.2022113010270256.jpg","ItemThumbnailURL":"https://media.openchargemap.io/images/SM/OCM194215/OCM-194215.thmb.2022113010270256.jpg","Comment":"","IsEnabled":true,"IsVideo":false,"IsFeaturedItem":false,"IsExternalResource":false,"User":{"ID":39195},"DateCreated":"2022-11-30T10:27:00Z"}]},{"ID":194214,"UUID":"26389880-1EFF-4457-A81E-8C3180930482","NumberOfPoints":2,"UsageCost":"0,40 €/kWh","AddressInfo":{"ID":194573,"Title":"P2 - San marino","AddressLine1":"Piazzale Marino Giangi","Town":"Città di San Marino","Postcode":"47890","CountryID":195,"Latitude":43.93287700000016,"Longitude":12.449053000000049,"ContactTelephone1":"0549 883700","ContactTelephone2":"0549 999102","RelatedURL":"https://eway.aass.sm/","DistanceUnit":0},"OperatorID":3328,"DataProviderID":1,"UsageTypeID":4,"StatusTypeID":50,"Connections":[{"ID":316363,"ConnectionTypeID":25,"StatusTypeID":50,"LevelID":2,"Amps":32,"Voltage":400,"PowerKW":22,"CurrentTypeID":20,"Quantity":2}],"UserComments":[{"ID":27640,"ChargePointID":194214,"CommentTypeID":10,"Comment":"","DateCreated":"2022-11-30T10:13:44.573Z","User":{"ID":39195},"CheckinStatusTypeID":25,"IsActionedByEditor":false}],"MediaItems":[{"ID":35665,"ChargePointID":194214,"ItemURL":"https://media.openchargemap.io/images/SM/OCM194214/OCM-194214.orig.2022113010212772.jpg","ItemThumbnailURL":"https://media.openchargemap.io/images/SM/OCM194214/OCM-194214.thmb.2022113010212772.jpg","Comment":"","IsEnabled":true,"IsVideo":false,"IsFeaturedItem":false,"IsExternalResource":false,"User":{"ID":39195},"DateCreated":"2022-11-30T10:22:00Z"}]},{"ID":194213,"UUID":"F0F46B4E-3591-4646-88BC-DDB95473F75D","NumberOfPoints":2,"UsageCost":"0,40 €/kWh","AddressInfo":{"ID":194572,"Title":"Multieventi - San Marino","AddressLine1":"Via Rancaglia","Town":"Serravalle","Postcode":"47899","CountryID":195,"Latitude":43.971487,"Longitude":12.475548,"ContactTelephone1":"0549 883700","ContactTelephone2":"0549 999102","RelatedURL":"https://eway.aass.sm/","DistanceUnit":0},"OperatorID":3328,"DataProviderID":1,"UsageTypeID":4,"StatusTypeID":50,"Connections":[{"ID":316362,"ConnectionTypeID":25,"StatusTypeID":50,"LevelID":2,"Amps":32,"Voltage":400,"PowerKW":22,"CurrentTypeID":20,"Quantity":2}],"UserComments":[{"ID":26300,"ChargePointID":194213,"CommentTypeID":10,"Comment":"","Rating":4,"DateCreated":"2022-09-11T12:34:09.973Z","User":{"ID":39195},"CheckinStatusTypeID":10,"IsActionedByEditor":false}],"MediaItems":[{"ID":33617,"ChargePointID":194213,"ItemURL":"https://media.openchargemap.io/images/SM/OCM194213/OCM-194213.orig.2022091112335662.jpg","ItemThumbnailURL":"https://media.openchargemap.io/images/SM/OCM194213/OCM-194213.thmb.2022091112335662.jpg","Comment":"","IsEnabled":true,"IsVideo":false,"IsFeaturedItem":false,"IsExternalResource":false,"User":{"ID":39195},"DateCreated":"2022-09-11T12:34:00Z"}]},{"ID":194032,"UUID":"1C3C8F38-751C-4EF8-9775-F574A4FB1C18","NumberOfPoints":2,"UsageCost":"0,40 €/kWh","AddressInfo":{"ID":194391,"Title":"Sede AASS - San Marino","AddressLine1":"Via Andrea di Superchio","Town":"Borgo Maggiore","Postcode":"47893","CountryID":195,"Latitude":43.9529430000004,"Longitude":12.45659899999896,"ContactTelephone1":"0549 883700","ContactTelephone2":"0549 999102","RelatedURL":"https://eway.aass.sm/","DistanceUnit":0},"OperatorID":3328,"DataProviderID":1,"UsageTypeID":4,"StatusTypeID":50,"Connections":[{"ID":316037,"ConnectionTypeID":25,"StatusTypeID":50,"LevelID":2,"Amps":32,"Voltage":400,"PowerKW":22,"CurrentTypeID":20,"Quantity":2}],"UserComments":[{"ID":26160,"ChargePointID":194032,"CommentTypeID":10,"Comment":"","Rating":4,"DateCreated":"2022-08-18T13:05:16.043Z","User":{"ID":39195},"CheckinStatusTypeID":10,"IsActionedByEditor":false}],"MediaItems":[{"ID":32904,"ChargePointID":194032,"ItemURL":"https://media.openchargemap.io/images/SM/OCM194032/OCM-194032.orig.2022081813045139.jpg","ItemThumbnailURL":"https://media.openchargemap.io/images/SM/OCM194032/OCM-194032.thmb.2022081813045139.jpg","Comment":"","IsEnabled":true,"IsVideo":false,"IsFeaturedItem":false,"IsExternalResource":false,"User":{"ID":39195},"DateCreated":"2022-08-18T13:05:00Z"}]},{"ID":107590,"UUID":"81BD83D5-8878-48E4-9D75-37A0445A530D","NumberOfPoints":2,"UsageCost":"0,40 €/kWh","AddressInfo":{"ID":107936,"Title":"P3 - San Marino","AddressLine1":"Via J.f. Kennedy","Town":"Città di San Marino","Postcode":"47890 ","CountryID":195,"Latitude":43.9287130000003,"Longitude":12.451712000001976,"ContactTelephone1":"0549 883700","ContactTelephone2":"0549 999102","RelatedURL":"https://eway.aass.sm/","DistanceUnit":0},"OperatorID":3328,"DataProviderID":1,"UsageTypeID":4,"StatusTypeID":50,"Connections":[{"ID":151819,"ConnectionTypeID":25,"StatusTypeID":50,"LevelID":2,"Amps":32,"Voltage":400,"PowerKW":22,"CurrentTypeID":20,"Quantity":2}],"UserComments":[{"ID":27642,"ChargePointID":107590,"CommentTypeID":10,"Comment":"","Rating":4,"DateCreated":"2022-11-30T10:14:14.313Z","User":{"ID":39195},"CheckinStatusTypeID":10,"IsActionedByEditor":false}],"MediaItems":[{"ID":35667,"ChargePointID":107590,"ItemURL":"https://media.openchargemap.io/images/SM/OCM107590/OCM-107590.orig.2022113010224814.jpg","ItemThumbnailURL":"https://media.openchargemap.io/images/SM/OCM107590/OCM-107590.thmb.2022113010224814.jpg","Comment":"","IsEnabled":true,"IsVideo":false,"IsFeaturedItem":false,"IsExternalResource":false,"User":{"ID":39195},"DateCreated":"2022-11-30T10:23:00Z"},{"ID":35666,"ChargePointID":107590,"ItemURL":"https://media.openchargemap.io/images/SM/OCM107590/OCM-107590.orig.2022113010221813.jpg","ItemThumbnailURL":"https://media.openchargemap.io/images/SM/OCM107590/OCM-107590.thmb.2022113010221813.jpg","Comment":"","IsEnabled":true,"IsVideo":false,"IsFeaturedItem":false,"IsExternalResource":false,"User":{"ID":39195},"DateCreated":"2022-11-30T10:22:00Z"}]},{"ID":107589,"UUID":"798F00B0-04F1-4EAD-8695-A50ADBDC06C5","NumberOfPoints":2,"UsageCost":"0,40 €/kWh","AddressInfo":{"ID":107935,"Title":"P6 - San marino","AddressLine1":"Piazzale Cava Antica","Town":"Città di San Marino","Postcode":"47890 ","CountryID":195,"Latitude":43.93458799999979,"Longitude":12.449533999998494,"ContactTelephone1":"0549 883700","ContactTelephone2":"0549 999102","RelatedURL":"https://eway.aass.sm/","DistanceUnit":0},"OperatorID":3328,"DataProviderID":1,"UsageTypeID":4,"StatusTypeID":50,"Connections":[{"ID":151818,"ConnectionTypeID":25,"StatusTypeID":50,"LevelID":2,"Amps":32,"Voltage":400,"PowerKW":22,"CurrentTypeID":20,"Quantity":2}],"UserComments":[{"ID":27639,"ChargePointID":107589,"CommentTypeID":10,"Comment":"","DateCreated":"2022-11-30T10:13:17.097Z","User":{"ID":39195},"CheckinStatusTypeID":25,"IsActionedByEditor":false},{"ID":22336,"ChargePointID":107589,"CommentTypeID":10,"UserName":"ForumElettrico.it","Comment":"Da questo parcheggio si raggiungono molto velocemente le bellissime Torri di San Marino. Leggi la recensione completa qui > https://www.forumelettrico.it/forum/colonnina-parcheggio-6-san-marino-t6118.html","RelatedURL":"https://www.forumelettrico.it/forum/colonnina-parcheggio-6-san-marino-t6118.html","DateCreated":"2020-03-23T17:37:30.74Z","User":{"ID":11749,"Username":"ForumElettrico.it"},"CheckinStatusTypeID":10,"IsActionedByEditor":false}],"MediaItems":[{"ID":35669,"ChargePointID":107589,"ItemURL":"https://media.openchargemap.io/images/SM/OCM107589/OCM-107589.orig.2022113010260458.jpg","ItemThumbnailURL":"https://media.openchargemap.io/images/SM/OCM107589/OCM-107589.thmb.2022113010260458.jpg","Comment":"","IsEnabled":true,"IsVideo":false,"IsFeaturedItem":false,"IsExternalResource":false,"User":{"ID":39195},"DateCreated":"2022-11-30T10:26:00Z"},{"ID":35668,"ChargePointID":107589,"ItemURL":"https://media.openchargemap.io/images/SM/OCM107589/OCM-107589.orig.2022113010245631.jpg","ItemThumbnailURL":"https://media.openchargemap.io/images/SM/OCM107589/OCM-107589.thmb.2022113010245631.jpg","Comment":"","IsEnabled":true,"IsVideo":false,"IsFeaturedItem":false,"IsExternalResource":false,"User":{"ID":39195},"DateCreated":"2022-11-30T10:25:00Z"},{"ID":21685,"ChargePointID":107589,"ItemURL":"https://media.openchargemap.io/images/SM/OCM107589/OCM-107589.orig.2020032317374206.jpg","ItemThumbnailURL":"https://media.openchargemap.io/images/SM/OCM107589/OCM-107589.thmb.2020032317374206.jpg","Comment":"","IsEnabled":true,"IsVideo":false,"IsFeaturedItem":false,"IsExternalResource":false,"User":{"ID":11749,"Username":"ForumElettrico.it"},"DateCreated":"2020-03-23T17:38:00Z"}]},{"ID":107588,"UUID":"CA7F58A4-F814-4841-A02A-24E16D1B94E0","NumberOfPoints":2,"UsageCost":"0,40 €/kWh","AddressInfo":{"ID":107934,"Title":"Centro Storico - San Marino","AddressLine1":"Via Gino Giacomini","Town":"Città di San Marino","Postcode":"47890","CountryID":195,"Latitude":43.934241,"Longitude":12.446205,"ContactTelephone1":"0549 883700","ContactTelephone2":"0549 999102","RelatedURL":"https://eway.aass.sm/","DistanceUnit":0},"OperatorID":3328,"DataProviderID":1,"UsageTypeID":4,"StatusTypeID":50,"Connections":[{"ID":151817,"ConnectionTypeID":25,"StatusTypeID":50,"LevelID":2,"Amps":32,"Voltage":400,"PowerKW":22,"CurrentTypeID":20,"Quantity":2}],"UserComments":[{"ID":27638,"ChargePointID":107588,"CommentTypeID":10,"Comment":"","Rating":4,"DateCreated":"2022-11-30T10:12:52.26Z","User":{"ID":39195},"CheckinStatusTypeID":10,"IsActionedByEditor":false}],"MediaItems":[{"ID":35660,"ChargePointID":107588,"ItemURL":"https://media.openchargemap.io/images/SM/OCM107588/OCM-107588.orig.2022113010173800.jpg","ItemThumbnailURL":"https://media.openchargemap.io/images/SM/OCM107588/OCM-107588.thmb.2022113010173800.jpg","Comment":"","IsEnabled":true,"IsVideo":false,"IsFeaturedItem":false,"IsExternalResource":false,"User":{"ID":39195},"DateCreated":"2022-11-30T10:18:00Z"}]},{"ID":107587,"UUID":"DA3A6497-FC27-43D8-96B8-391B2C47AC66","NumberOfPoints":2,"UsageCost":"0,40 €/kWh","AddressInfo":{"ID":107933,"Title":"P10 - San Marino","AddressLine1":"Via Napoleone Bonaparte","Town":"Città di San Marino","Postcode":"47890","CountryID":195,"Latitude":43.93556459594794,"Longitude":12.443802624122554,"ContactTelephone1":"0549 883700","ContactTelephone2":"0549 999102","RelatedURL":"https://eway.aass.sm/","DistanceUnit":0},"OperatorID":3328,"DataProviderID":1,"UsageTypeID":4,"StatusTypeID":50,"Connections":[{"ID":151816,"ConnectionTypeID":25,"StatusTypeID":50,"LevelID":2,"Amps":32,"Voltage":400,"PowerKW":22,"CurrentTypeID":20,"Quantity":2}],"UserComments":[{"ID":26303,"ChargePointID":107587,"CommentTypeID":10,"Comment":"","Rating":4,"DateCreated":"2022-09-11T12:36:14.223Z","User":{"ID":39195},"CheckinStatusTypeID":10,"IsActionedByEditor":false}],"MediaItems":[{"ID":33620,"ChargePointID":107587,"ItemURL":"https://media.openchargemap.io/images/SM/OCM107587/OCM-107587.orig.2022091112360097.jpg","ItemThumbnailURL":"https://media.openchargemap.io/images/SM/OCM107587/OCM-107587.thmb.2022091112360097.jpg","Comment":"","IsEnabled":true,"IsVideo":false,"IsFeaturedItem":false,"IsExternalResource":false,"User":{"ID":39195},"DateCreated":"2022-09-11T12:36:00Z"}]},{"ID":107586,"UUID":"2331EBB1-5321-4503-A01E-5AB4BFCEAF85","NumberOfPoints":2,"UsageCost":"0,40 €/kWh","AddressInfo":{"ID":107932,"Title":"Università","AddressLine1":"Piazzale Girolamo Genga","Town":"Città di San Marino","Postcode":"47890","CountryID":195,"Latitude":43.93817500000057,"Longitude":12.444450999999503,"ContactTelephone1":"0549 883700","ContactTelephone2":"0549 999102","RelatedURL":"https://eway.aass.sm/","DistanceUnit":0},"OperatorID":3328,"DataProviderID":1,"UsageTypeID":4,"StatusTypeID":50,"Connections":[{"ID":151815,"ConnectionTypeID":25,"StatusTypeID":50,"LevelID":2,"Amps":32,"Voltage":400,"PowerKW":22,"CurrentTypeID":20,"Quantity":2}],"UserComments":[{"ID":26273,"ChargePointID":107586,"CommentTypeID":10,"Comment":"","DateCreated":"2022-09-04T06:44:57.607Z","User":{"ID":39195},"CheckinStatusTypeID":140,"IsActionedByEditor":false}],"MediaItems":[{"ID":33550,"ChargePointID":107586,"ItemURL":"https://media.openchargemap.io/images/SM/OCM107586/OCM-107586.orig.2022090406441230.jpg","ItemThumbnailURL":"https://media.openchargemap.io/images/SM/OCM107586/OCM-107586.thmb.2022090406441230.jpg","Comment":"","IsEnabled":true,"IsVideo":false,"IsFeaturedItem":false,"IsExternalResource":false,"User":{"ID":39195},"DateCreated":"2022-09-04T06:44:00Z"}]},{"ID":107585,"UUID":"8AB9C522-0A9C-4D2D-A331-16DE77D72186","NumberOfPoints":2,"UsageCost":"0,40 €/kWh","AddressInfo":{"ID":107931,"Title":"P8 - San Marino","AddressLine1":"Via Torrione del Molino","Town":"Città di San Marino","Postcode":"47890","CountryID":195,"Latitude":43.93793799999915,"Longitude":12.444332000002191,"ContactTelephone1":"0549 883700","ContactTelephone2":"0549 999102","RelatedURL":"https://eway.aass.sm/","DistanceUnit":0},"OperatorID":3328,"DataProviderID":1,"UsageTypeID":4,"StatusTypeID":50,"Connections":[{"ID":151814,"ConnectionTypeID":25,"StatusTypeID":50,"LevelID":2,"Amps":32,"Voltage":400,"PowerKW":22,"CurrentTypeID":20,"Quantity":2}],"UserComments":[{"ID":27637,"ChargePointID":107585,"CommentTypeID":1000,"Comment":"","DateCreated":"2022-11-30T10:11:30.057Z","User":{"ID":39195},"CheckinStatusTypeID":25,"IsActionedByEditor":false},{"ID":21226,"ChargePointID":107585,"CommentTypeID":10,"UserName":"ForumElettrico.it","RelatedURL":"https://www.forumelettrico.it/forum/parcheggio-8-via-piana-61-t4422.html","DateCreated":"2019-07-16T16:05:04.993Z","User":{"ID":11749,"Username":"ForumElettrico.it"},"CheckinStatusTypeID":10}],"MediaItems":[{"ID":35673,"ChargePointID":107585,"ItemURL":"https://media.openchargemap.io/images/SM/OCM107585/OCM-107585.orig.2022113010282790.jpg","ItemThumbnailURL":"https://media.openchargemap.io/images/SM/OCM107585/OCM-107585.thmb.2022113010282790.jpg","Comment":"","IsEnabled":true,"IsVideo":false,"IsFeaturedItem":false,"IsExternalResource":false,"User":{"ID":39195},"DateCreated":"2022-11-30T10:29:00Z"},{"ID":35672,"ChargePointID":107585,"ItemURL":"https://media.openchargemap.io/images/SM/OCM107585/OCM-107585.orig.2022113010274625.jpg","ItemThumbnailURL":"https://media.openchargemap.io/images/SM/OCM107585/OCM-107585.thmb.2022113010274625.jpg","Comment":"","IsEnabled":true,"IsVideo":false,"IsFeaturedItem":false,"IsExternalResource":false,"User":{"ID":39195},"DateCreated":"2022-11-30T10:28:00Z"},{"ID":18934,"ChargePointID":107585,"ItemURL":"https://media.openchargemap.io/images/SM/OCM107585/OCM-107585.orig.2019071616052339.jpg","ItemThumbnailURL":"https://media.openchargemap.io/images/SM/OCM107585/OCM-107585.thmb.2019071616052339.jpg","Comment":"","IsEnabled":true,"IsVideo":false,"IsFeaturedItem":false,"IsExternalResource":false,"User":{"ID":11749,"Username":"ForumElettrico.it"},"DateCreated":"2019-07-16T16:06:00Z"},{"ID":18935,"ChargePointID":107585,"ItemURL":"https://media.openchargemap.io/images/SM/OCM107585/OCM-107585.orig.2019071616053012.jpg","ItemThumbnailURL":"https://media.openchargemap.io/images/SM/OCM107585/OCM-107585.thmb.2019071616053012.jpg","Comment":"","IsEnabled":true,"IsVideo":false,"IsFeaturedItem":false,"IsExternalResource":false,"User":{"ID":11749,"Username":"ForumElettrico.it"},"DateCreated":"2019-07-16T16:06:00Z"},{"ID":18936,"ChargePointID":107585,"ItemURL":"https://media.openchargemap.io/images/SM/OCM107585/OCM-107585.orig.2019071616053666.jpg","ItemThumbnailURL":"https://media.openchargemap.io/images/SM/OCM107585/OCM-107585.thmb.2019071616053666.jpg","Comment":"","IsEnabled":true,"IsVideo":false,"IsFeaturedItem":false,"IsExternalResource":false,"User":{"ID":11749,"Username":"ForumElettrico.it"},"DateCreated":"2019-07-16T16:06:00Z"},{"ID":18937,"ChargePointID":107585,"ItemURL":"https://media.openchargemap.io/images/SM/OCM107585/OCM-107585.orig.2019071616054261.jpg","ItemThumbnailURL":"https://media.openchargemap.io/images/SM/OCM107585/OCM-107585.thmb.2019071616054261.jpg","Comment":"","IsEnabled":true,"IsVideo":false,"IsFeaturedItem":false,"IsExternalResource":false,"User":{"ID":11749,"Username":"ForumElettrico.it"},"DateCreated":"2019-07-16T16:06:00Z"},{"ID":18933,"ChargePointID":107585,"ItemURL":"https://media.openchargemap.io/images/SM/OCM107585/OCM-107585.orig.2019071616051736.jpg","ItemThumbnailURL":"https://media.openchargemap.io/images/SM/OCM107585/OCM-107585.thmb.2019071616051736.jpg","Comment":"","IsEnabled":true,"IsVideo":false,"IsFeaturedItem":false,"IsExternalResource":false,"User":{"ID":11749,"Username":"ForumElettrico.it"},"DateCreated":"2019-07-16T16:05:00Z"}]},{"ID":107584,"UUID":"D031D8F6-40D5-4B3B-862D-B3F93221C5E5","NumberOfPoints":2,"UsageCost":"0,40 €/kWh","AddressInfo":{"ID":107930,"Title":"Borgo Maggiore ","AddressLine1":"Via Paolo Amaducci","Town":"Borgo Maggiore","Postcode":"47893","CountryID":195,"Latitude":43.940527,"Longitude":12.44507,"ContactTelephone1":"0549 883700","ContactTelephone2":"0549 999102","RelatedURL":"https://eway.aass.sm/","DistanceUnit":0},"OperatorID":3328,"DataProviderID":1,"UsageTypeID":4,"StatusTypeID":50,"Connections":[{"ID":151813,"ConnectionTypeID":25,"StatusTypeID":50,"LevelID":2,"Amps":32,"Voltage":400,"PowerKW":22,"CurrentTypeID":20,"Quantity":2}],"UserComments":[{"ID":26302,"ChargePointID":107584,"CommentTypeID":10,"Comment":"","Rating":4,"DateCreated":"2022-09-11T12:35:29.473Z","User":{"ID":39195},"CheckinStatusTypeID":10,"IsActionedByEditor":false},{"ID":24723,"ChargePointID":107584,"CommentTypeID":50,"UserName":"Mik_EA","Comment":"Colonnina NON esistente, c'è solo il cartello ed ilparcheggio!","Rating":1,"DateCreated":"2021-08-14T17:42:43.137Z","User":{"ID":34016,"Username":"Mik_EA"},"CheckinStatusTypeID":22,"IsActionedByEditor":false}],"MediaItems":[{"ID":35674,"ChargePointID":107584,"ItemURL":"https://media.openchargemap.io/images/SM/OCM107584/OCM-107584.orig.2022113010442236.jpg","ItemThumbnailURL":"https://media.openchargemap.io/images/SM/OCM107584/OCM-107584.thmb.2022113010442236.jpg","Comment":"","IsEnabled":true,"IsVideo":false,"IsFeaturedItem":false,"IsExternalResource":false,"User":{"ID":39195},"DateCreated":"2022-11-30T10:44:00Z"},{"ID":33619,"ChargePointID":107584,"ItemURL":"https://media.openchargemap.io/images/SM/OCM107584/OCM-107584.orig.2022091112351906.jpg","ItemThumbnailURL":"https://media.openchargemap.io/images/SM/OCM107584/OCM-107584.thmb.2022091112351906.jpg","Comment":"","IsEnabled":true,"IsVideo":false,"IsFeaturedItem":false,"IsExternalResource":false,"User":{"ID":39195},"DateCreated":"2022-09-11T12:35:00Z"}]},{"ID":107583,"UUID":"774ED09F-351D-4A5F-AE70-7CFEC5215385","NumberOfPoints":2,"UsageCost":"0,40 €/kWh","AddressInfo":{"ID":107929,"Title":"Parcheggio Ospedale","AddressLine1":"Piazzale Enea Suzzi Valli","Town":"Borgo Maggiore","Postcode":"47893","CountryID":195,"Latitude":43.950703,"Longitude":12.455051,"ContactTelephone1":"0549 883700","ContactTelephone2":"0549 999102","RelatedURL":"https://eway.aass.sm/","DistanceUnit":0},"OperatorID":3328,"DataProviderID":1,"UsageTypeID":4,"StatusTypeID":50,"Connections":[{"ID":151812,"ConnectionTypeID":25,"StatusTypeID":50,"LevelID":2,"Amps":32,"Voltage":400,"PowerKW":22,"CurrentTypeID":20,"Quantity":2}],"UserComments":[{"ID":26161,"ChargePointID":107583,"CommentTypeID":10,"Comment":"","Rating":4,"DateCreated":"2022-08-18T13:06:10.223Z","User":{"ID":39195},"CheckinStatusTypeID":10,"IsActionedByEditor":false}],"MediaItems":[{"ID":32905,"ChargePointID":107583,"ItemURL":"https://media.openchargemap.io/images/SM/OCM107583/OCM-107583.orig.2022081813055673.jpg","ItemThumbnailURL":"https://media.openchargemap.io/images/SM/OCM107583/OCM-107583.thmb.2022081813055673.jpg","Comment":"","IsEnabled":true,"IsVideo":false,"IsFeaturedItem":false,"IsExternalResource":false,"User":{"ID":39195},"DateCreated":"2022-08-18T13:06:00Z"}]},{"ID":107582,"UUID":"48B2B56C-65A4-4E91-9DF6-223B34711061","NumberOfPoints":2,"UsageCost":"0,40 €/kWh","AddressInfo":{"ID":107928,"Title":"Domagnano","AddressLine1":"Piazzale Vincenzo Terenzi","Town":"Domagnano","Postcode":"47895","CountryID":195,"Latitude":43.948169000001286,"Longitude":12.469824999997513,"ContactTelephone1":"0549 883700","ContactTelephone2":"0549 999102","RelatedURL":"https://eway.aass.sm/","DistanceUnit":0},"OperatorID":3328,"DataProviderID":1,"UsageTypeID":4,"StatusTypeID":50,"Connections":[{"ID":151811,"ConnectionTypeID":25,"StatusTypeID":50,"LevelID":2,"Amps":32,"Voltage":400,"PowerKW":22,"CurrentTypeID":20,"Quantity":2}],"UserComments":[{"ID":26260,"ChargePointID":107582,"CommentTypeID":10,"Comment":"","Rating":4,"DateCreated":"2022-09-01T07:13:57.457Z","User":{"ID":39195},"CheckinStatusTypeID":10,"IsActionedByEditor":false}],"MediaItems":[{"ID":33482,"ChargePointID":107582,"ItemURL":"https://media.openchargemap.io/images/SM/OCM107582/OCM-107582.orig.2022090107133903.jpg","ItemThumbnailURL":"https://media.openchargemap.io/images/SM/OCM107582/OCM-107582.thmb.2022090107133903.jpg","Comment":"","IsEnabled":true,"IsVideo":false,"IsFeaturedItem":false,"IsExternalResource":false,"User":{"ID":39195},"DateCreated":"2022-09-01T07:14:00Z"}]},{"ID":107581,"UUID":"C22C8CDF-145D-44A8-A1BD-A2C862F2437A","NumberOfPoints":2,"UsageCost":"0,40 €/kWh","AddressInfo":{"ID":107927,"Title":"Seravalle - San Marino","AddressLine1":"Via Coluccio Salutati","Town":"Serravalle","Postcode":"47899","CountryID":195,"Latitude":43.969145,"Longitude":12.480337,"ContactTelephone1":"0549 883700","ContactTelephone2":"0549 999102","RelatedURL":"https://eway.aass.sm/","DistanceUnit":0},"OperatorID":3328,"DataProviderID":1,"UsageTypeID":4,"StatusTypeID":50,"Connections":[{"ID":151810,"ConnectionTypeID":25,"StatusTypeID":50,"LevelID":2,"Amps":32,"Voltage":400,"PowerKW":22,"CurrentTypeID":20,"Quantity":2}],"UserComments":[{"ID":26301,"ChargePointID":107581,"CommentTypeID":10,"Comment":"","Rating":4,"DateCreated":"2022-09-11T12:34:48.097Z","User":{"ID":39195},"CheckinStatusTypeID":10,"IsActionedByEditor":false}],"MediaItems":[{"ID":33618,"ChargePointID":107581,"ItemURL":"https://media.openchargemap.io/images/SM/OCM107581/OCM-107581.orig.2022091112343601.jpg","ItemThumbnailURL":"https://media.openchargemap.io/images/SM/OCM107581/OCM-107581.thmb.2022091112343601.jpg","Comment":"","IsEnabled":true,"IsVideo":false,"IsFeaturedItem":false,"IsExternalResource":false,"User":{"ID":39195},"DateCreated":"2022-09-11T12:35:00Z"}]},{"ID":107580,"UUID":"2168A793-3163-4D7C-A466-C285100BF7CE","NumberOfPoints":2,"UsageCost":"0,40 €/kWh","AddressInfo":{"ID":107926,"Title":"World Trade Center ","AddressLine1":"Via Consiglio dei Sessanta","Town":"Serravalle","Postcode":"47899","CountryID":195,"Latitude":43.98249,"Longitude":12.493158,"ContactTelephone1":"0549 883700","ContactTelephone2":"0549 999102","RelatedURL":"https://eway.aass.sm/","DistanceUnit":0},"OperatorID":3328,"DataProviderID":1,"UsageTypeID":4,"StatusTypeID":50,"Connections":[{"ID":151809,"ConnectionTypeID":25,"StatusTypeID":50,"LevelID":2,"Amps":32,"Voltage":400,"PowerKW":22,"CurrentTypeID":20,"Quantity":2}],"UserComments":[{"ID":26297,"ChargePointID":107580,"CommentTypeID":10,"Comment":"","Rating":4,"DateCreated":"2022-09-11T12:32:15.493Z","User":{"ID":39195},"CheckinStatusTypeID":10,"IsActionedByEditor":false}],"MediaItems":[{"ID":33614,"ChargePointID":107580,"ItemURL":"https://media.openchargemap.io/images/SM/OCM107580/OCM-107580.orig.2022091112304850.jpg","ItemThumbnailURL":"https://media.openchargemap.io/images/SM/OCM107580/OCM-107580.thmb.2022091112304850.jpg","Comment":"","IsEnabled":true,"IsVideo":false,"IsFeaturedItem":false,"IsExternalResource":false,"User":{"ID":39195},"DateCreated":"2022-09-11T12:31:00Z"},{"ID":23132,"ChargePointID":107580,"ItemURL":"https://media.openchargemap.io/images/SM/OCM107580/OCM-107580.orig.2020071909562108.jpg","ItemThumbnailURL":"https://media.openchargemap.io/images/SM/OCM107580/OCM-107580.thmb.2020071909562108.jpg","Comment":"","IsEnabled":true,"IsVideo":false,"IsFeaturedItem":false,"IsExternalResource":false,"User":{"ID":26399,"Username":"Mitch"},"DateCreated":"2020-07-19T09:56:00Z"},{"ID":23099,"ChargePointID":107580,"ItemURL":"https://media.openchargemap.io/images/SM/OCM107580/OCM-107580.orig.2020071618521984.jpg","ItemThumbnailURL":"https://media.openchargemap.io/images/SM/OCM107580/OCM-107580.thmb.2020071618521984.jpg","Comment":"👍🏻","IsEnabled":true,"IsVideo":false,"IsFeaturedItem":false,"IsExternalResource":false,"User":{"ID":26399,"Username":"Mitch"},"DateCreated":"2020-07-16T18:52:00Z"}]},{"ID":107579,"UUID":"0AC765C1-9DA8-4AEC-9D96-2DDD1320E6A6","NumberOfPoints":2,"UsageCost":"0,40 €/kWh","AddressInfo":{"ID":107925,"Title":"Dogana - San Marino","AddressLine1":"Piazza Enriquez","Town":"Serravalle","Postcode":"47899","CountryID":195,"Latitude":43.982313,"Longitude":12.49012,"ContactTelephone1":"0549 883700","ContactTelephone2":"0549 999102","RelatedURL":"https://eway.aass.sm/","DistanceUnit":0},"OperatorID":3328,"DataProviderID":1,"UsageTypeID":4,"StatusTypeID":50,"Connections":[{"ID":151808,"ConnectionTypeID":25,"StatusTypeID":50,"LevelID":2,"Amps":32,"Voltage":400,"PowerKW":22,"CurrentTypeID":20,"Quantity":2}],"UserComments":[{"ID":26298,"ChargePointID":107579,"CommentTypeID":10,"Comment":"","Rating":4,"DateCreated":"2022-09-11T12:32:57.65Z","User":{"ID":39195},"CheckinStatusTypeID":10,"IsActionedByEditor":false}],"MediaItems":[{"ID":33615,"ChargePointID":107579,"ItemURL":"https://media.openchargemap.io/images/SM/OCM107579/OCM-107579.orig.2022091112324068.jpg","ItemThumbnailURL":"https://media.openchargemap.io/images/SM/OCM107579/OCM-107579.thmb.2022091112324068.jpg","Comment":"","IsEnabled":true,"IsVideo":false,"IsFeaturedItem":false,"IsExternalResource":false,"User":{"ID":39195},"DateCreated":"2022-09-11T12:33:00Z"}]},{"ID":107578,"UUID":"AFEA0F79-AEE9-4E8A-B85F-007529345291","NumberOfPoints":2,"UsageCost":"0,40 €/kWh","AddressInfo":{"ID":107924,"Title":"Faetano - San marino","AddressLine1":"Piazza del Massaro","Town":"Faetano","Postcode":"47896","CountryID":195,"Latitude":43.925593,"Longitude":12.499248,"ContactTelephone1":"0549 883700","ContactTelephone2":"0549 999102","RelatedURL":"https://eway.aass.sm/","DistanceUnit":0},"OperatorID":3328,"DataProviderID":1,"UsageTypeID":4,"StatusTypeID":50,"Connections":[{"ID":151807,"ConnectionTypeID":25,"StatusTypeID":50,"LevelID":2,"Amps":32,"Voltage":400,"PowerKW":22,"CurrentTypeID":20,"Quantity":2}],"UserComments":[{"ID":27644,"ChargePointID":107578,"CommentTypeID":10,"Comment":"","Rating":4,"DateCreated":"2022-11-30T10:15:00.05Z","User":{"ID":39195},"CheckinStatusTypeID":10,"IsActionedByEditor":false}],"MediaItems":[{"ID":35661,"ChargePointID":107578,"ItemURL":"https://media.openchargemap.io/images/SM/OCM107578/OCM-107578.orig.2022113010184736.jpg","ItemThumbnailURL":"https://media.openchargemap.io/images/SM/OCM107578/OCM-107578.thmb.2022113010184736.jpg","Comment":"","IsEnabled":true,"IsVideo":false,"IsFeaturedItem":false,"IsExternalResource":false,"User":{"ID":39195},"DateCreated":"2022-11-30T10:19:00Z"},{"ID":35662,"ChargePointID":107578,"ItemURL":"https://media.openchargemap.io/images/SM/OCM107578/OCM-107578.orig.2022113010191702.jpg","ItemThumbnailURL":"https://media.openchargemap.io/images/SM/OCM107578/OCM-107578.thmb.2022113010191702.jpg","Comment":"","IsEnabled":true,"IsVideo":false,"IsFeaturedItem":false,"IsExternalResource":false,"User":{"ID":39195},"DateCreated":"2022-11-30T10:19:00Z"}]},{"ID":107577,"UUID":"7B4F8D73-1DE8-4F62-B1DF-99E49BDF8BAD","NumberOfPoints":2,"UsageCost":"0,40 €/kWh","AddressInfo":{"ID":107923,"Title":"Montegiardino","AddressLine1":"Piazza della Pace","Town":"Montegiardino","Postcode":"47898","CountryID":195,"Latitude":43.90937075625331,"Longitude":12.486493445404932,"ContactTelephone1":"0549 883700","ContactTelephone2":"0549 999102","RelatedURL":"https://eway.aass.sm/","DistanceUnit":0},"OperatorID":3328,"DataProviderID":1,"UsageTypeID":4,"StatusTypeID":50,"Connections":[{"ID":151806,"ConnectionTypeID":25,"StatusTypeID":50,"LevelID":2,"Amps":32,"Voltage":400,"PowerKW":22,"CurrentTypeID":20,"Quantity":2}],"UserComments":[{"ID":27643,"ChargePointID":107577,"CommentTypeID":10,"Comment":"","Rating":4,"DateCreated":"2022-11-30T10:14:51.287Z","User":{"ID":39195},"CheckinStatusTypeID":10,"IsActionedByEditor":false}],"MediaItems":[{"ID":35663,"ChargePointID":107577,"ItemURL":"https://media.openchargemap.io/images/SM/OCM107577/OCM-107577.orig.2022113010194589.jpg","ItemThumbnailURL":"https://media.openchargemap.io/images/SM/OCM107577/OCM-107577.thmb.2022113010194589.jpg","Comment":"","IsEnabled":true,"IsVideo":false,"IsFeaturedItem":false,"IsExternalResource":false,"User":{"ID":39195},"DateCreated":"2022-11-30T10:20:00Z"},{"ID":35664,"ChargePointID":107577,"ItemURL":"https://media.openchargemap.io/images/SM/OCM107577/OCM-107577.orig.2022113010201632.jpg","ItemThumbnailURL":"https://media.openchargemap.io/images/SM/OCM107577/OCM-107577.thmb.2022113010201632.jpg","Comment":"","IsEnabled":true,"IsVideo":false,"IsFeaturedItem":false,"IsExternalResource":false,"User":{"ID":39195},"DateCreated":"2022-11-30T10:20:00Z"}]},{"ID":107576,"UUID":"5353171E-6266-495E-82CD-ABCB6EC94855","NumberOfPoints":2,"UsageCost":"0,40 €/kWh","AddressInfo":{"ID":107922,"Title":"Centro Sociale - Zapgrid","AddressLine1":"Via Rena","Town":"Fiorentino","Postcode":"47897","CountryID":195,"Latitude":43.91054999999915,"Longitude":12.456653000000642,"ContactTelephone1":"0549 883700","ContactTelephone2":"0549 999102","RelatedURL":"https://eway.aass.sm/","DistanceUnit":0},"OperatorID":3328,"DataProviderID":1,"UsageTypeID":4,"StatusTypeID":50,"Connections":[{"ID":151805,"ConnectionTypeID":25,"StatusTypeID":50,"LevelID":2,"Amps":32,"Voltage":400,"PowerKW":22,"CurrentTypeID":20,"Quantity":2}],"UserComments":[{"ID":26259,"ChargePointID":107576,"CommentTypeID":10,"Comment":"","Rating":4,"DateCreated":"2022-09-01T07:11:57.687Z","User":{"ID":39195},"CheckinStatusTypeID":10,"IsActionedByEditor":false}],"MediaItems":[{"ID":33481,"ChargePointID":107576,"ItemURL":"https://media.openchargemap.io/images/SM/OCM107576/OCM-107576.orig.2022090107113753.jpg","ItemThumbnailURL":"https://media.openchargemap.io/images/SM/OCM107576/OCM-107576.thmb.2022090107113753.jpg","Comment":"","IsEnabled":true,"IsVideo":false,"IsFeaturedItem":false,"IsExternalResource":false,"User":{"ID":39195},"DateCreated":"2022-09-01T07:12:00Z"}]},{"ID":107575,"UUID":"CD86152C-1B75-4D06-BA64-8B315A9D6ADF","NumberOfPoints":2,"UsageCost":"0,40 €/kWh","AddressInfo":{"ID":107921,"Title":"Chiesanuova - San Marino","AddressLine1":"Piazzale del Lavatoio","Town":"Chiesanuova","Postcode":"47894","CountryID":195,"Latitude":43.905919,"Longitude":12.422329,"ContactTelephone1":"0549 883700","ContactTelephone2":"0549 999102","RelatedURL":"https://eway.aass.sm/","DistanceUnit":0},"OperatorID":3328,"DataProviderID":1,"UsageTypeID":4,"StatusTypeID":50,"Connections":[{"ID":151804,"ConnectionTypeID":25,"StatusTypeID":50,"LevelID":2,"Amps":32,"Voltage":400,"PowerKW":22,"CurrentTypeID":20,"Quantity":2}],"UserComments":[{"ID":26258,"ChargePointID":107575,"CommentTypeID":1000,"Comment":"","Rating":1,"DateCreated":"2022-09-01T07:10:43.387Z","User":{"ID":39195},"CheckinStatusTypeID":25,"IsActionedByEditor":false}],"MediaItems":[{"ID":33480,"ChargePointID":107575,"ItemURL":"https://media.openchargemap.io/images/SM/OCM107575/OCM-107575.orig.2022090107092173.jpg","ItemThumbnailURL":"https://media.openchargemap.io/images/SM/OCM107575/OCM-107575.thmb.2022090107092173.jpg","Comment":"","IsEnabled":true,"IsVideo":false,"IsFeaturedItem":false,"IsExternalResource":false,"User":{"ID":39195},"DateCreated":"2022-09-01T07:09:00Z"}]},{"ID":107574,"UUID":"AD714F28-24CE-4179-B6EF-FC8BD4000B5B","NumberOfPoints":2,"UsageCost":"0,40 €/kWh","AddressInfo":{"ID":107920,"Title":"Centro Gualdo - Aquaviva","AddressLine1":"Via Fabrizio da Montebello","Town":"Acquaviva","Postcode":"47892","CountryID":195,"Latitude":43.952405,"Longitude":12.404882,"ContactTelephone1":"0549 883700","ContactTelephone2":"0549 999102","RelatedURL":"https://eway.aass.sm/","DistanceUnit":0},"OperatorID":3328,"DataProviderID":1,"UsageTypeID":4,"StatusTypeID":50,"Connections":[{"ID":151803,"ConnectionTypeID":25,"StatusTypeID":50,"LevelID":2,"Amps":32,"Voltage":400,"PowerKW":22,"CurrentTypeID":20,"Quantity":2}],"UserComments":[{"ID":26257,"ChargePointID":107574,"CommentTypeID":10,"Comment":"","Rating":4,"DateCreated":"2022-09-01T07:08:25.47Z","User":{"ID":39195},"CheckinStatusTypeID":10,"IsActionedByEditor":false},{"ID":25425,"ChargePointID":107574,"CommentTypeID":10,"UserName":"Roberto ","Comment":"working well using zapgrid app","Rating":5,"DateCreated":"2022-02-21T09:16:19.84Z","User":{"ID":27473,"Username":"Roberto "},"CheckinStatusTypeID":10,"IsActionedByEditor":false}],"MediaItems":[{"ID":33479,"ChargePointID":107574,"ItemURL":"https://media.openchargemap.io/images/SM/OCM107574/OCM-107574.orig.2022090107080328.jpg","ItemThumbnailURL":"https://media.openchargemap.io/images/SM/OCM107574/OCM-107574.thmb.2022090107080328.jpg","Comment":"","IsEnabled":true,"IsVideo":false,"IsFeaturedItem":false,"IsExternalResource":false,"User":{"ID":39195},"DateCreated":"2022-09-01T07:08:00Z"}]},{"ID":90618,"UUID":"C4AB2C64-389E-48DD-A776-6761024D251D","NumberOfPoints":2,"UsageCost":"0,40 €/kWh","AddressInfo":{"ID":90964,"Title":"Multieventi 2 - San Marino","AddressLine1":"Via Rancaglia","Town":"Serravalle","StateOrProvince":"","Postcode":"47899","CountryID":195,"Latitude":43.970875,"Longitude":12.476054,"ContactTelephone1":"0549 883700","ContactTelephone2":"0549 999102","RelatedURL":"https://eway.aass.sm/","DistanceUnit":0},"OperatorID":3328,"DataProviderID":1,"UsageTypeID":4,"StatusTypeID":50,"Connections":[{"ID":128320,"ConnectionTypeID":25,"StatusTypeID":50,"LevelID":2,"Amps":32,"Voltage":400,"PowerKW":22,"CurrentTypeID":20,"Quantity":2}],"UserComments":[{"ID":26299,"ChargePointID":90618,"CommentTypeID":10,"Comment":"","Rating":4,"DateCreated":"2022-09-11T12:33:39.567Z","User":{"ID":39195},"CheckinStatusTypeID":10,"IsActionedByEditor":false},{"ID":18084,"ChargePointID":90618,"CommentTypeID":10,"UserName":"ForumElettrico.it","RelatedURL":"https://www.forumelettrico.it/forum/colonnine-a-san-marino-t1245.html","DateCreated":"2018-01-07T14:41:13.597Z","User":{"ID":11749,"Username":"ForumElettrico.it"},"CheckinStatusTypeID":10}],"MediaItems":[{"ID":33616,"ChargePointID":90618,"ItemURL":"https://media.openchargemap.io/images/SM/OCM90618/OCM-90618.orig.2022091112333058.jpg","ItemThumbnailURL":"https://media.openchargemap.io/images/SM/OCM90618/OCM-90618.thmb.2022091112333058.jpg","Comment":"","IsEnabled":true,"IsVideo":false,"IsFeaturedItem":false,"IsExternalResource":false,"User":{"ID":39195},"DateCreated":"2022-09-11T12:34:00Z"},{"ID":16307,"ChargePointID":90618,"ItemURL":"https://media.openchargemap.io/images/SM/OCM90618/OCM-90618.orig.2018081816073414.jpg","ItemThumbnailURL":"https://media.openchargemap.io/images/SM/OCM90618/OCM-90618.thmb.2018081816073414.jpg","Comment":"Splendida Colonnina free situata davanti all'entrata della piscina, 2 prese T2 a 22kW, funzionante","IsEnabled":true,"IsVideo":false,"IsFeaturedItem":false,"IsExternalResource":false,"User":{"ID":9382,"Username":"Cesare"},"DateCreated":"2018-08-18T16:08:00Z"},{"ID":13910,"ChargePointID":90618,"ItemURL":"https://media.openchargemap.io/images/SM/OCM90618/OCM-90618.orig.2018010714413611.jpg","ItemThumbnailURL":"https://media.openchargemap.io/images/SM/OCM90618/OCM-90618.thmb.2018010714413611.jpg","Comment":"","IsEnabled":true,"IsVideo":false,"IsFeaturedItem":false,"IsExternalResource":false,"User":{"ID":11749,"Username":"ForumElettrico.it"},"DateCreated":"2018-01-07T14:42:00Z"},{"ID":13911,"ChargePointID":90618,"ItemURL":"https://media.openchargemap.io/images/SM/OCM90618/OCM-90618.orig.2018010714415202.jpg","ItemThumbnailURL":"https://media.openchargemap.io/images/SM/OCM90618/OCM-90618.thmb.2018010714415202.jpg","Comment":"","IsEnabled":true,"IsVideo":false,"IsFeaturedItem":false,"IsExternalResource":false,"User":{"ID":11749,"Username":"ForumElettrico.it"},"DateCreated":"2018-01-07T14:42:00Z"}]},{"ID":90616,"UUID":"DB26D5F8-32FD-476F-9F66-8BDC73241B85","NumberOfPoints":4,"AddressInfo":{"ID":90962,"Title":" Podere Lesignano","AddressLine1":"Via dei Dativi, 75","Town":"Lesignano","StateOrProvince":"Serravalle","Postcode":"47899 ","CountryID":195,"Latitude":43.9598711883283,"Longitude":12.4827798659809,"RelatedURL":"http://www.poderelesignano.com/","DistanceUnit":0},"OperatorID":45,"DataProviderID":1,"UsageTypeID":0,"StatusTypeID":150,"Connections":[{"ID":128318,"ConnectionTypeID":25,"StatusTypeID":150,"LevelID":2,"Quantity":4}]},{"ID":84975,"UUID":"057D3AF1-3B8E-4B4D-90FF-04172B89882C","NumberOfPoints":2,"UsageCost":"Free","AddressInfo":{"ID":85321,"Title":"Tesla Destination Charging","AddressLine1":"Cava degli Umbri","Town":"San Marino","Postcode":"47893","CountryID":195,"Latitude":43.9331069,"Longitude":12.4499131,"RelatedURL":"http://www.sanmarino.sm/on-line/home.html","DistanceUnit":0},"OperatorID":45,"DataProviderID":1,"UsageTypeID":1,"StatusTypeID":50,"Connections":[{"ID":120724,"ConnectionTypeID":1036,"StatusTypeID":50,"LevelID":2,"Amps":32,"Voltage":400,"PowerKW":22,"CurrentTypeID":20,"Quantity":3}],"UserComments":[{"ID":22811,"ChargePointID":84975,"CommentTypeID":10,"UserName":"ForumElettrico.it","Comment":"Provato più volte in orari diversi sia i tesla che il grigio, nessuno andava, nessuno. Leggi la recensione completa qui > https://www.forumelettrico.it/forum/san-marino-nuovo-tesla-destination-charging-a-22kw-t893.html","RelatedURL":"https://www.forumelettrico.it/forum/san-marino-nuovo-tesla-destination-charging-a-22kw-t893.html","DateCreated":"2020-06-22T13:58:45.59Z","User":{"ID":11749,"Username":"ForumElettrico.it"},"CheckinStatusTypeID":20,"IsActionedByEditor":false}],"MediaItems":[{"ID":22774,"ChargePointID":84975,"ItemURL":"https://media.openchargemap.io/images/SM/OCM84975/OCM-84975.orig.2020062213585568.jpg","ItemThumbnailURL":"https://media.openchargemap.io/images/SM/OCM84975/OCM-84975.thmb.2020062213585568.jpg","Comment":"","IsEnabled":true,"IsVideo":false,"IsFeaturedItem":false,"IsExternalResource":false,"User":{"ID":11749,"Username":"ForumElettrico.it"},"DateCreated":"2020-06-22T13:59:00Z"},{"ID":10662,"ChargePointID":84975,"ItemURL":"https://media.openchargemap.io/images/SM/OCM84975/OCM-84975.orig.2017032218045110.jpg","ItemThumbnailURL":"https://media.openchargemap.io/images/SM/OCM84975/OCM-84975.thmb.2017032218045110.jpg","Comment":"dopo il terzo tentativo si è avviata la ricarica con la Zoe, ottimo punto da 22 kW, Ciao Cesare","IsEnabled":true,"IsVideo":false,"IsFeaturedItem":false,"IsExternalResource":false,"User":{"ID":9382,"Username":"Cesare"},"DateCreated":"2017-03-22T18:05:00Z"}]}]