[{"ID":312146,"UUID":"40AFB8E4-67E4-42B5-86CE-63E89D35AC64","NumberOfPoints":1,"AddressInfo":{"ID":312535,"Title":"Cargador Ute Ancap Mariscala","AddressLine1":"Ruta 8, Km 182","Town":"Mariscala","CountryID":237,"Latitude":-34.046566220715484,"Longitude":-54.78211335914034,"DistanceUnit":0},"OperatorID":1,"DataProviderID":1,"UsageTypeID":4,"StatusTypeID":50,"Connections":[{"ID":601389,"ConnectionTypeID":33,"StatusTypeID":50,"LevelID":3,"PowerKW":22,"CurrentTypeID":30,"Quantity":1}]},{"ID":312145,"UUID":"96D31D5F-F289-493C-A343-92FC80029FFE","NumberOfPoints":1,"AddressInfo":{"ID":312534,"Title":"Cargador Ute Ancap","AddressLine1":"Ruta 15, Km 84.500","Town":"Velázquez ","CountryID":237,"Latitude":-34.03486979263398,"Longitude":-54.280198915678625,"DistanceUnit":0},"OperatorID":1,"DataProviderID":1,"UsageTypeID":1,"StatusTypeID":50,"Connections":[{"ID":601388,"ConnectionTypeID":1036,"StatusTypeID":50,"LevelID":2,"PowerKW":22,"CurrentTypeID":20,"Quantity":1}]},{"ID":309057,"UUID":"894B6BD4-30E9-40C6-B20A-99C4AB3AFC65","NumberOfPoints":1,"AddressInfo":{"ID":309446,"Title":"Fresh Market Disco 8 de octubre y Garibaldi","AddressLine1":"Av 8 De Octubre 2681","StateOrProvince":"Montevideo","Postcode":"11600","CountryID":237,"Latitude":-34.88948666215267,"Longitude":-56.16049862590468,"DistanceUnit":0},"OperatorID":3422,"DataProviderID":1,"UsageTypeID":4,"StatusTypeID":50,"Connections":[{"ID":592720,"ConnectionTypeID":33,"StatusTypeID":50,"LevelID":3,"PowerKW":180,"CurrentTypeID":30,"Quantity":2}]},{"ID":309029,"UUID":"C7DCA401-5350-45FF-B984-C23B7CFD5E82","NumberOfPoints":1,"AddressInfo":{"ID":309418,"Title":"Sodimac","AddressLine1":"Ruta 39","Town":"Maldonado","StateOrProvince":"Maldonado","Postcode":"20000","CountryID":237,"Latitude":-34.881898347534715,"Longitude":-54.95202706947907,"DistanceUnit":0},"OperatorID":3597,"DataProviderID":1,"UsageTypeID":4,"StatusTypeID":50,"Connections":[{"ID":592637,"ConnectionTypeID":25,"StatusTypeID":50,"LevelID":2,"Amps":32,"Voltage":230,"PowerKW":7,"CurrentTypeID":10,"Quantity":1}]},{"ID":309001,"UUID":"EB6D33D0-F15A-42B5-B9B0-3AA886C44323","NumberOfPoints":1,"UsageCost":"0","AddressInfo":{"ID":309390,"Title":"Disco 27","AddressLine1":"Magariños Cervantes 2052","CountryID":237,"Latitude":-34.88703468903047,"Longitude":-56.14079640123879,"DistanceUnit":0},"OperatorID":1,"DataProviderID":1,"UsageTypeID":4,"StatusTypeID":50,"Connections":[{"ID":592594,"ConnectionTypeID":33,"StatusTypeID":50,"LevelID":3,"PowerKW":180,"CurrentTypeID":30,"Quantity":3},{"ID":592595,"ConnectionTypeID":1040,"StatusTypeID":50,"LevelID":3,"PowerKW":180,"CurrentTypeID":30,"Quantity":1}]},{"ID":308789,"UUID":"986FD58D-A696-4512-B0C7-8D66C2CC923D","NumberOfPoints":4,"AddressInfo":{"ID":309178,"Title":"Géant Parque Roosevelt","AddressLine1":"Av. de las Américas 9000, Canelones","Town":"Ciudad de la Costa","StateOrProvince":"Canelones","Postcode":"","CountryID":237,"Latitude":-34.866645494349704,"Longitude":-56.024361114531814,"RelatedURL":"https://eone.eco/","DistanceUnit":0},"OperatorID":3597,"DataProviderID":1,"UsageTypeID":4,"StatusTypeID":50,"Connections":[{"ID":592252,"ConnectionTypeID":33,"Reference":"eOne","StatusTypeID":50,"LevelID":3,"PowerKW":180,"CurrentTypeID":30,"Quantity":3},{"ID":592704,"ConnectionTypeID":1040,"StatusTypeID":50,"LevelID":3,"PowerKW":180,"CurrentTypeID":30,"Quantity":1}],"MediaItems":[{"ID":45088,"ChargePointID":308789,"ItemURL":"https://media.openchargemap.io/images/UY/OCM308789/OCM-308789.orig.2025021315360124.jpg","ItemThumbnailURL":"https://media.openchargemap.io/images/UY/OCM308789/OCM-308789.thmb.2025021315360124.jpg","Comment":"","IsEnabled":true,"IsVideo":false,"IsFeaturedItem":false,"IsExternalResource":false,"User":{"ID":56090,"Username":"Franklin MJ"},"DateCreated":"2025-02-13T15:36:00Z"},{"ID":45089,"ChargePointID":308789,"ItemURL":"https://media.openchargemap.io/images/UY/OCM308789/OCM-308789.orig.2025021315361039.jpg","ItemThumbnailURL":"https://media.openchargemap.io/images/UY/OCM308789/OCM-308789.thmb.2025021315361039.jpg","Comment":"","IsEnabled":true,"IsVideo":false,"IsFeaturedItem":false,"IsExternalResource":false,"User":{"ID":56090,"Username":"Franklin MJ"},"DateCreated":"2025-02-13T15:36:00Z"},{"ID":45090,"ChargePointID":308789,"ItemURL":"https://media.openchargemap.io/images/UY/OCM308789/OCM-308789.orig.2025021315361922.jpg","ItemThumbnailURL":"https://media.openchargemap.io/images/UY/OCM308789/OCM-308789.thmb.2025021315361922.jpg","Comment":"","IsEnabled":true,"IsVideo":false,"IsFeaturedItem":false,"IsExternalResource":false,"User":{"ID":56090,"Username":"Franklin MJ"},"DateCreated":"2025-02-13T15:36:00Z"}]},{"ID":308552,"UUID":"6A1E3001-C5BA-4A8E-A092-132B66089519","NumberOfPoints":1,"AddressInfo":{"ID":308941,"Title":"San Jose Dc1","AddressLine1":"Emilio Frugoni","AddressLine2":"Ruta 1","Town":"San Jose","StateOrProvince":"San Jose","CountryID":237,"Latitude":-34.34272075569371,"Longitude":-56.702926783245175,"DistanceUnit":0},"OperatorID":3597,"DataProviderID":1,"UsageTypeID":4,"StatusTypeID":50,"Connections":[{"ID":591301,"ConnectionTypeID":33,"StatusTypeID":50,"LevelID":3,"PowerKW":30,"CurrentTypeID":30,"Quantity":1}]},{"ID":308551,"UUID":"A19DA5BF-1F4A-41C9-802B-6FCBC3B97B26","NumberOfPoints":1,"AddressInfo":{"ID":308940,"Title":"Oficina De Turismo","AddressLine1":"Ruta 9","AddressLine2":"Ruta 16","Town":"Rocha","StateOrProvince":"Rocha","CountryID":237,"Latitude":-34.48909933466704,"Longitude":-54.3204947319623,"DistanceUnit":0},"OperatorID":3597,"DataProviderID":1,"UsageTypeID":4,"StatusTypeID":50,"Connections":[{"ID":591300,"ConnectionTypeID":33,"StatusTypeID":50,"LevelID":3,"PowerKW":30,"CurrentTypeID":30,"Quantity":1}]},{"ID":308460,"UUID":"781C7AEE-2507-46EC-A8CC-A6A4AF493351","NumberOfPoints":1,"UsageCost":"App Ute mueve","AddressInfo":{"ID":308849,"Title":"Novillo Alegre","AddressLine1":"Av Paso De La Cadena","AddressLine2":"Av Roosevelt","Town":"Punta Del Este","StateOrProvince":"Maldonado","CountryID":237,"Latitude":-34.93601102546683,"Longitude":-54.93704113466114,"DistanceUnit":0},"OperatorID":3597,"DataProviderID":1,"UsageTypeID":4,"StatusTypeID":50,"Connections":[{"ID":590412,"ConnectionTypeID":33,"StatusTypeID":50,"LevelID":3,"PowerKW":60,"CurrentTypeID":30,"Quantity":2}]},{"ID":308419,"UUID":"8C27BDED-5A67-4F45-8A77-3A71A0026D80","NumberOfPoints":1,"AddressInfo":{"ID":308808,"Title":"Ancap Ruta 39 Y Perimetral","AddressLine1":"Ruta 39","AddressLine2":"Perimetral","Town":"Maldonado","StateOrProvince":"Maldonado","Postcode":"20000","CountryID":237,"Latitude":-34.881733259619644,"Longitude":-54.94996819094172,"DistanceUnit":0},"OperatorID":3597,"DataProviderID":1,"UsageTypeID":4,"StatusTypeID":50,"Connections":[{"ID":590126,"ConnectionTypeID":1036,"StatusTypeID":50,"LevelID":2,"PowerKW":22,"CurrentTypeID":20,"Quantity":2}]},{"ID":308378,"UUID":"CB68C6D2-AC8B-416F-BE4F-79823BCA24C5","NumberOfPoints":1,"AddressInfo":{"ID":308767,"Title":"Ancap Canelones","AddressLine1":"Ruta 11 Km 102,200","Town":"Canelones ","StateOrProvince":"Canelones","CountryID":237,"Latitude":-34.51334204869243,"Longitude":-56.24616546131509,"DistanceUnit":0},"OperatorID":3597,"DataProviderID":1,"UsageTypeID":4,"StatusTypeID":50,"Connections":[{"ID":590056,"ConnectionTypeID":1036,"StatusTypeID":50,"LevelID":2,"PowerKW":22,"CurrentTypeID":20,"Quantity":2,"Comments":"https://apps.apple.com/uy/app/ute-mueve/id1463591379?l=es-MX"}]},{"ID":308027,"UUID":"F0D609F8-908D-41E4-ACD1-CF3116C48143","NumberOfPoints":1,"AddressInfo":{"ID":308416,"Title":"Nuevo Centro Shopping, Nivel 1 1/2","AddressLine1":"Av Bvd Artigas","Town":"Montevideo","StateOrProvince":"Montevideo","CountryID":237,"Latitude":-34.86948568332274,"Longitude":-56.16951712409032,"AccessComments":"At the Shopping parking / Dentro del parking del Shopping","DistanceUnit":0},"OperatorID":3597,"DataProviderID":1,"UsageTypeID":4,"StatusTypeID":50,"Connections":[{"ID":587868,"ConnectionTypeID":33,"StatusTypeID":50,"LevelID":3,"PowerKW":30,"CurrentTypeID":30,"Quantity":2},{"ID":587869,"ConnectionTypeID":1036,"StatusTypeID":50,"LevelID":2,"PowerKW":22,"CurrentTypeID":20,"Quantity":2},{"ID":587870,"ConnectionTypeID":1040,"StatusTypeID":50,"LevelID":3,"PowerKW":30,"CurrentTypeID":30,"Quantity":2}]},{"ID":307758,"UUID":"FFC82D4E-0617-49AF-B263-6CEB5D3095D9","NumberOfPoints":2,"AddressInfo":{"ID":308147,"Title":"Macromercado","AddressLine1":"Bulevar Artigas ","AddressLine2":"Cachimba Del Rey","Town":"Maldonado","StateOrProvince":"Maldonado","Postcode":"20000","CountryID":237,"Latitude":-34.915626007844935,"Longitude":-54.944985927328844,"RelatedURL":"","DistanceUnit":0},"OperatorID":3597,"DataProviderID":1,"UsageTypeID":4,"StatusTypeID":50,"Connections":[{"ID":587083,"ConnectionTypeID":25,"StatusTypeID":50,"LevelID":2,"PowerKW":22,"CurrentTypeID":20,"Quantity":2}]},{"ID":307757,"UUID":"EFB3710B-87A5-4C96-A005-61E910C8047E","NumberOfPoints":2,"AddressInfo":{"ID":308146,"Title":"Tanque OSE","AddressLine1":"De Ose","AddressLine2":"Principal","Town":"La Pedrera","StateOrProvince":"Rocha","Postcode":"27400","CountryID":237,"Latitude":-34.591277227379564,"Longitude":-54.127807634220744,"DistanceUnit":0},"OperatorID":3597,"DataProviderID":1,"UsageTypeID":4,"StatusTypeID":50,"Connections":[{"ID":587082,"ConnectionTypeID":1036,"StatusTypeID":50,"LevelID":2,"PowerKW":22,"CurrentTypeID":20,"Quantity":2}]},{"ID":307589,"UUID":"6D2B408D-9A59-44E8-9A94-A136BA50B673","NumberOfPoints":1,"AddressInfo":{"ID":307978,"Title":"eOne Carrasco","AddressLine1":"4W4R+WQM Puntas de Santiago","Town":"Montevideo","StateOrProvince":"Departamento de Montevideo","Postcode":"11500","CountryID":237,"Latitude":-34.89270951331975,"Longitude":-56.05808455481014,"DistanceUnit":0},"OperatorID":1,"DataProviderID":1,"UsageTypeID":4,"StatusTypeID":50,"Connections":[{"ID":586736,"ConnectionTypeID":33,"StatusTypeID":50,"LevelID":3,"PowerKW":180,"CurrentTypeID":30,"Quantity":2}]},{"ID":307194,"UUID":"02F35B0A-D737-492C-84D3-631B06C21451","NumberOfPoints":4,"AddressInfo":{"ID":307583,"Title":"Fray Bentoa ","AddressLine1":"VQP4+M24 Fray Bentos, Departamento de Río Negro","StateOrProvince":"Río Negro","Postcode":"65000","CountryID":237,"Latitude":-33.11335218299994,"Longitude":-58.24499469512688,"DistanceUnit":0},"OperatorID":3597,"DataProviderID":1,"UsageTypeID":4,"StatusTypeID":50,"Connections":[{"ID":586083,"ConnectionTypeID":33,"StatusTypeID":50,"LevelID":3,"PowerKW":120,"CurrentTypeID":30,"Quantity":4}]},{"ID":307104,"UUID":"3AA28B21-A511-4E8D-8A5A-10B6A34F061C","NumberOfPoints":2,"AddressInfo":{"ID":307493,"Title":"19 de Abril","AddressLine1":"19 de Abril","StateOrProvince":"Colonia","Postcode":"70100","CountryID":237,"Latitude":-33.98977894950897,"Longitude":-58.28168587072355,"DistanceUnit":0},"OperatorID":3597,"DataProviderID":1,"UsageTypeID":4,"StatusTypeID":50,"Connections":[{"ID":585949,"ConnectionTypeID":33,"StatusTypeID":50,"LevelID":3,"PowerKW":120,"CurrentTypeID":30,"Quantity":2}]},{"ID":307019,"UUID":"68BC827A-B242-413C-BD4E-A3206DBCE79B","NumberOfPoints":2,"AddressInfo":{"ID":307408,"Title":"Avenida Acceso","AddressLine1":"Avenida Acceso","Town":"Pinamar","StateOrProvince":"Canelones","Postcode":"15100","CountryID":237,"Latitude":-34.77894912264923,"Longitude":-55.86080730931826,"DistanceUnit":0},"OperatorID":3597,"DataProviderID":1,"UsageTypeID":4,"StatusTypeID":50,"Connections":[{"ID":585837,"ConnectionTypeID":33,"StatusTypeID":50,"LevelID":3,"PowerKW":60,"CurrentTypeID":30,"Quantity":2}]},{"ID":307018,"UUID":"6D51BE79-ABBD-4E3B-B121-604E000E546A","NumberOfPoints":2,"AddressInfo":{"ID":307407,"Title":"Avenida José \"Pepe\" D'Elía","AddressLine1":"Avenida José \"Pepe\" D'Elía","AddressLine2":"El Pinar","StateOrProvince":"Canelones","Postcode":"15008","CountryID":237,"Latitude":-34.80438211497993,"Longitude":-55.90962687169883,"DistanceUnit":0},"OperatorID":3597,"DataProviderID":1,"UsageTypeID":4,"StatusTypeID":50,"Connections":[{"ID":585836,"ConnectionTypeID":33,"StatusTypeID":50,"LevelID":3,"PowerKW":60,"CurrentTypeID":30,"Quantity":2}]},{"ID":307017,"UUID":"4FAD426F-FAF8-4B00-ACAC-2E8EE8BB2E11","NumberOfPoints":1,"AddressInfo":{"ID":307406,"Title":"La Floresta ","AddressLine1":"68RG+5R9 La Floresta, Departamento de Canelones","Town":"La Floresta","StateOrProvince":"Canelones","Postcode":"16200","CountryID":237,"Latitude":-34.75970709244067,"Longitude":-55.67292376008771,"DistanceUnit":0},"OperatorID":3597,"DataProviderID":1,"UsageTypeID":4,"StatusTypeID":50,"Connections":[{"ID":585835,"ConnectionTypeID":33,"StatusTypeID":50,"LevelID":3,"PowerKW":60,"CurrentTypeID":30,"Quantity":2}]},{"ID":306682,"UUID":"BF7A9683-E1D1-46C3-8BBF-281DF2519E06","NumberOfPoints":1,"AddressInfo":{"ID":307071,"Title":"Espacio Gorlero","AddressLine1":"Gorelro y Las Focas (Calle 30)","Town":"Punta Del Este","StateOrProvince":"Maldonado","Postcode":"20100","CountryID":237,"Latitude":-34.95954213523445,"Longitude":-54.940274019447315,"DistanceUnit":0},"OperatorID":3597,"DataProviderID":1,"UsageTypeID":4,"StatusTypeID":50,"Connections":[{"ID":584725,"ConnectionTypeID":1036,"StatusTypeID":50,"LevelID":2,"PowerKW":22,"CurrentTypeID":20,"Quantity":4}]},{"ID":306583,"UUID":"E813FA98-CAC9-4B83-A080-45E09CDE862F","NumberOfPoints":5,"AddressInfo":{"ID":306972,"Title":"eOne","AddressLine1":"Adela Reta","AddressLine2":"Solymar","StateOrProvince":"Canelones","Postcode":"15005","CountryID":237,"Latitude":-34.816792060188895,"Longitude":-55.978785865122745,"DistanceUnit":0},"OperatorID":3422,"DataProviderID":1,"UsageTypeID":4,"StatusTypeID":50,"Connections":[{"ID":583918,"ConnectionTypeID":33,"StatusTypeID":50,"LevelID":3,"PowerKW":180,"CurrentTypeID":30,"Quantity":3},{"ID":583919,"ConnectionTypeID":1036,"StatusTypeID":50,"LevelID":2,"PowerKW":22,"CurrentTypeID":20,"Quantity":2},{"ID":583920,"ConnectionTypeID":1040,"StatusTypeID":50,"LevelID":3,"PowerKW":180,"CurrentTypeID":30,"Quantity":1}]},{"ID":306557,"UUID":"2E322DDA-CFAF-4F49-BEB9-0C6480DE74FB","NumberOfPoints":1,"AddressInfo":{"ID":306946,"Title":"Artigas","AddressLine1":"Artigas","Town":"Florencio Sánchez","StateOrProvince":"Colonia","Postcode":"75200","CountryID":237,"Latitude":-33.87590477494893,"Longitude":-57.37070688712964,"DistanceUnit":0},"OperatorID":3597,"DataProviderID":1,"UsageTypeID":4,"StatusTypeID":50,"Connections":[{"ID":583693,"ConnectionTypeID":33,"StatusTypeID":50,"LevelID":3,"PowerKW":30,"CurrentTypeID":30,"Quantity":1}]},{"ID":306474,"UUID":"0BFDFBFF-EC3A-46E3-ACD3-5ECD96EF1E7A","NumberOfPoints":4,"AddressInfo":{"ID":306863,"Title":"Estacion Carga UTE","AddressLine1":"José Leguizamón 3463","AddressLine2":"Buceo","Town":"Montevideo ","StateOrProvince":"Montevideo","Postcode":"11600","CountryID":237,"Latitude":-34.89628198504088,"Longitude":-56.14091507558288,"DistanceUnit":0},"OperatorID":3597,"DataProviderID":1,"UsageTypeID":4,"StatusTypeID":50,"Connections":[{"ID":583197,"ConnectionTypeID":33,"StatusTypeID":50,"LevelID":3,"PowerKW":300,"CurrentTypeID":30,"Quantity":2},{"ID":583198,"ConnectionTypeID":1036,"StatusTypeID":50,"LevelID":2,"PowerKW":22,"CurrentTypeID":20,"Quantity":2},{"ID":583199,"ConnectionTypeID":1040,"StatusTypeID":50,"LevelID":3,"PowerKW":30,"CurrentTypeID":30,"Quantity":2}]},{"ID":306473,"UUID":"09E1680B-6376-4656-881E-DA0DA22F916F","NumberOfPoints":2,"AddressInfo":{"ID":306862,"Title":"Duty Free Americas","AddressLine1":"Avenida Brasil 267","Town":"Chuy","StateOrProvince":"Rocha","Postcode":"27100","CountryID":237,"Latitude":-33.69348747699171,"Longitude":-53.44921990313037,"DistanceUnit":0},"OperatorID":3597,"DataProviderID":1,"UsageTypeID":4,"StatusTypeID":50,"Connections":[{"ID":583196,"ConnectionTypeID":33,"StatusTypeID":50,"LevelID":3,"PowerKW":60,"CurrentTypeID":30,"Quantity":2}]},{"ID":304602,"UUID":"7DD9668B-8958-4D16-B5E9-68CBA48242F8","NumberOfPoints":2,"AddressInfo":{"ID":304991,"Title":"Ruta 21","AddressLine1":"Ruta 21","StateOrProvince":"Soriano","Postcode":"75100","CountryID":237,"Latitude":-33.54120241128087,"Longitude":-58.22847920491711,"DistanceUnit":0},"OperatorID":3500,"DataProviderID":1,"UsageTypeID":4,"StatusTypeID":30,"Connections":[{"ID":576752,"ConnectionTypeID":33,"StatusTypeID":50,"LevelID":3,"PowerKW":50,"CurrentTypeID":30,"Quantity":1},{"ID":576753,"ConnectionTypeID":2,"StatusTypeID":50,"LevelID":3,"PowerKW":50,"CurrentTypeID":30,"Quantity":1}]},{"ID":304357,"UUID":"283873C5-55FB-4D07-B854-356235B9938C","NumberOfPoints":2,"UsageCost":"$22/kWh + $200","AddressInfo":{"ID":304746,"Title":"Peugeot BYD Estacion DISA","AddressLine1":"Bolonia","AddressLine2":"Carrasco Norte","StateOrProvince":"Montevideo","Postcode":"11500","CountryID":237,"Latitude":-34.880756698294725,"Longitude":-56.07873628817828,"DistanceUnit":0},"OperatorID":3597,"DataProviderID":1,"UsageTypeID":4,"StatusTypeID":50,"Connections":[{"ID":576334,"ConnectionTypeID":33,"StatusTypeID":50,"LevelID":3,"PowerKW":60,"CurrentTypeID":30,"Quantity":1},{"ID":576335,"ConnectionTypeID":1040,"StatusTypeID":50,"LevelID":3,"PowerKW":60,"CurrentTypeID":30,"Quantity":1}]},{"ID":304073,"UUID":"65410704-3749-4276-BA26-A367A4C946F7","NumberOfPoints":6,"AddressInfo":{"ID":304462,"Title":"Intendencia De Montevideo ","AddressLine1":"Santiago de Chile","AddressLine2":"Palermo","StateOrProvince":"Montevideo","Postcode":"11114","CountryID":237,"Latitude":-34.90626475174044,"Longitude":-56.18547947674983,"DistanceUnit":0},"OperatorID":3597,"DataProviderID":1,"UsageTypeID":4,"StatusTypeID":50,"Connections":[{"ID":575881,"ConnectionTypeID":1036,"StatusTypeID":50,"LevelID":3,"PowerKW":43,"CurrentTypeID":20,"Quantity":6}]},{"ID":304072,"UUID":"0D593A06-5D69-468A-A123-4F053EE51D5D","NumberOfPoints":4,"AddressInfo":{"ID":304461,"Title":"La Cumparsita ","AddressLine1":"La Cumparsita ","AddressLine2":"Palermo","StateOrProvince":"Montevideo","Postcode":"11114","CountryID":237,"Latitude":-34.91468832092598,"Longitude":-56.18571794610489,"DistanceUnit":0},"OperatorID":3597,"DataProviderID":1,"UsageTypeID":4,"StatusTypeID":50,"Connections":[{"ID":575880,"ConnectionTypeID":1036,"StatusTypeID":50,"LevelID":3,"PowerKW":43,"CurrentTypeID":20,"Quantity":4}]},{"ID":304071,"UUID":"42843B8B-EE5B-4138-BA3E-0D13E83A616C","NumberOfPoints":1,"AddressInfo":{"ID":304460,"Title":"NH Columbia ","AddressLine1":"Carlos A. Miles","AddressLine2":"Ciudad Vieja","StateOrProvince":"Montevideo","Postcode":"11000","CountryID":237,"Latitude":-34.90996609445574,"Longitude":-56.20451075277765,"DistanceUnit":0},"OperatorID":3597,"DataProviderID":1,"UsageTypeID":4,"StatusTypeID":50,"Connections":[{"ID":575879,"ConnectionTypeID":25,"StatusTypeID":50,"LevelID":2,"PowerKW":22,"CurrentTypeID":20,"Quantity":4}]},{"ID":304070,"UUID":"FDACACC7-15CE-4EDA-BF45-D428879A43F6","NumberOfPoints":1,"AddressInfo":{"ID":304459,"Title":"Macro Mercado","AddressLine1":"Doctor José Pugnalini","AddressLine2":"Brazo Oriental","StateOrProvince":"Montevideo","Postcode":"11800","CountryID":237,"Latitude":-34.86715540304298,"Longitude":-56.17996111286567,"DistanceUnit":0},"OperatorID":3597,"DataProviderID":1,"UsageTypeID":4,"StatusTypeID":50,"Connections":[{"ID":575878,"ConnectionTypeID":1036,"StatusTypeID":50,"LevelID":2,"PowerKW":7.4,"CurrentTypeID":10,"Quantity":2}]},{"ID":304069,"UUID":"3CBF256B-3855-44A1-83F3-5BFFE4577309","NumberOfPoints":1,"AddressInfo":{"ID":304458,"Title":"Palacio De La Luz","AddressLine1":"Avenida General Rondeau","AddressLine2":"Arroyo Seco","StateOrProvince":"Montevideo","Postcode":"11800","CountryID":237,"Latitude":-34.8850813409746,"Longitude":-56.193677460969866,"DistanceUnit":0},"OperatorID":3597,"DataProviderID":1,"UsageTypeID":4,"StatusTypeID":50,"Connections":[{"ID":575877,"ConnectionTypeID":1036,"StatusTypeID":50,"LevelID":3,"PowerKW":43,"CurrentTypeID":20,"Quantity":1}]},{"ID":304068,"UUID":"7FEF8D7C-1AA9-44F7-B0E4-5D0A4FFCD843","NumberOfPoints":2,"AddressInfo":{"ID":304457,"Title":"Palacio De La Luz","AddressLine1":"General Fausto Aguilar","AddressLine2":"Arroyo Seco","StateOrProvince":"Montevideo","Postcode":"11800","CountryID":237,"Latitude":-34.88510491847375,"Longitude":-56.19412248430103,"DistanceUnit":0},"OperatorID":3597,"DataProviderID":1,"UsageTypeID":4,"StatusTypeID":50,"Connections":[{"ID":575876,"ConnectionTypeID":33,"StatusTypeID":50,"LevelID":3,"PowerKW":60,"CurrentTypeID":30,"Quantity":2}]},{"ID":303732,"UUID":"3F1BA6C2-35C9-4E1F-9603-CF8A4F0426C9","NumberOfPoints":1,"AddressInfo":{"ID":304121,"Title":"Open Mall","AddressLine1":"San Francisco ","Town":"Punta Del Este","StateOrProvince":"Maldonado","Postcode":"20000","CountryID":237,"Latitude":-34.942172701297416,"Longitude":-54.93555953266355,"DistanceUnit":0},"OperatorID":3500,"DataProviderID":1,"UsageTypeID":4,"StatusTypeID":50,"Connections":[{"ID":573388,"ConnectionTypeID":33,"StatusTypeID":50,"LevelID":2,"PowerKW":60,"Quantity":2},{"ID":573389,"ConnectionTypeID":1040,"StatusTypeID":50,"LevelID":3,"PowerKW":60,"CurrentTypeID":30,"Quantity":1}]},{"ID":303731,"UUID":"CBC5DCCA-3003-4F7A-B51D-24FA3D958123","NumberOfPoints":1,"AddressInfo":{"ID":304120,"Title":"Auxicar","AddressLine1":"Avenida Italia 4374","Town":"Montevideo","StateOrProvince":"Montevideo","Postcode":"11600","CountryID":237,"Latitude":-34.8874566548122,"Longitude":-56.115249194818944,"DistanceUnit":0},"OperatorID":3500,"DataProviderID":1,"UsageTypeID":4,"StatusTypeID":50,"Connections":[{"ID":573386,"ConnectionTypeID":33,"StatusTypeID":50,"LevelID":3,"PowerKW":60,"CurrentTypeID":30,"Quantity":1},{"ID":573387,"ConnectionTypeID":1040,"StatusTypeID":50,"LevelID":3,"PowerKW":60,"CurrentTypeID":30,"Quantity":1}]},{"ID":303730,"UUID":"32DE0468-58A3-4867-AFEA-88D996E07C25","NumberOfPoints":1,"UsageCost":"10.50","AddressInfo":{"ID":304119,"Title":"Zonamerica","AddressLine1":"Henry Ford","Town":"Montevideo ","StateOrProvince":"Montevideo","Postcode":"13000","CountryID":237,"Latitude":-34.791647283209024,"Longitude":-56.070611385681445,"DistanceUnit":0},"OperatorID":3500,"DataProviderID":1,"UsageTypeID":4,"StatusTypeID":50,"Connections":[{"ID":573384,"ConnectionTypeID":33,"StatusTypeID":50,"LevelID":3,"PowerKW":60,"CurrentTypeID":30,"Quantity":1},{"ID":573385,"ConnectionTypeID":1040,"StatusTypeID":50,"LevelID":3,"PowerKW":60,"CurrentTypeID":30,"Quantity":1}]},{"ID":303694,"UUID":"71150294-E990-41F1-8294-55E53C03C057","NumberOfPoints":1,"AddressInfo":{"ID":304083,"Title":"Shopping Salto","AddressLine1":"Avenida José Batlle y Ordóñez","Town":"Salto","StateOrProvince":"Salto","Postcode":"50000","CountryID":237,"Latitude":-31.384297007415988,"Longitude":-57.94446432508494,"DistanceUnit":0},"OperatorID":3500,"DataProviderID":1,"UsageTypeID":4,"StatusTypeID":50,"Connections":[{"ID":573015,"ConnectionTypeID":33,"StatusTypeID":50,"LevelID":3,"PowerKW":50,"CurrentTypeID":30,"Quantity":1},{"ID":573016,"ConnectionTypeID":2,"StatusTypeID":50,"LevelID":3,"PowerKW":50,"CurrentTypeID":30,"Quantity":1}]},{"ID":303693,"UUID":"DAC427FB-D39E-4D9B-B316-F27041273489","NumberOfPoints":1,"AddressInfo":{"ID":304082,"Title":"Estadio Parque Artigas","AddressLine1":"Bulevar General Artigas","Town":"Paysandu","StateOrProvince":"Paysandu","Postcode":"60000","CountryID":237,"Latitude":-32.32263484974156,"Longitude":-58.071663874291346,"DistanceUnit":0},"OperatorID":3597,"DataProviderID":1,"UsageTypeID":4,"StatusTypeID":50,"Connections":[{"ID":573013,"ConnectionTypeID":33,"StatusTypeID":50,"LevelID":3,"PowerKW":60,"CurrentTypeID":30,"Quantity":2},{"ID":573014,"ConnectionTypeID":1036,"StatusTypeID":50,"LevelID":2,"Amps":32,"Voltage":400,"PowerKW":22,"CurrentTypeID":20,"Quantity":2}]},{"ID":303692,"UUID":"252848CC-7322-4175-88EA-C116FB0BEEEA","NumberOfPoints":1,"AddressInfo":{"ID":304081,"Title":"Estadio Parque Artigas","AddressLine1":"Bulevar General Artigas","Town":"Paysandu","StateOrProvince":"Paysandu","Postcode":"60000","CountryID":237,"Latitude":-32.32250819037012,"Longitude":-58.071593469058655,"DistanceUnit":0},"OperatorID":3597,"DataProviderID":1,"UsageTypeID":4,"StatusTypeID":50,"Connections":[{"ID":573011,"ConnectionTypeID":33,"StatusTypeID":50,"LevelID":3,"PowerKW":60,"CurrentTypeID":30,"Quantity":2},{"ID":573012,"ConnectionTypeID":1036,"StatusTypeID":50,"LevelID":2,"Amps":32,"Voltage":400,"PowerKW":22,"CurrentTypeID":20,"Quantity":2}]},{"ID":303691,"UUID":"92DB8835-21C6-43D0-8E67-14912DD3B843","NumberOfPoints":1,"AddressInfo":{"ID":304080,"Title":"Shopping Paysandu","AddressLine1":"General Luna","Town":"Paysandu","StateOrProvince":"Paysandu","Postcode":"60000","CountryID":237,"Latitude":-32.32203827234419,"Longitude":-58.071192724710954,"DistanceUnit":0},"OperatorID":3500,"DataProviderID":1,"UsageTypeID":4,"StatusTypeID":50,"Connections":[{"ID":573009,"ConnectionTypeID":33,"StatusTypeID":50,"LevelID":3,"PowerKW":50,"CurrentTypeID":30,"Quantity":1},{"ID":573010,"ConnectionTypeID":2,"StatusTypeID":50,"LevelID":3,"PowerKW":50,"CurrentTypeID":30,"Quantity":1}]},{"ID":303429,"UUID":"59BF79B4-268E-494F-BEAD-E1D751A0A3FE","NumberOfPoints":1,"AddressInfo":{"ID":303816,"Title":"Terminal Del Cerro","AddressLine1":"Pedro Castellino","Town":"Montevideo ","StateOrProvince":"Montevideo ","CountryID":237,"Latitude":-34.873171460130195,"Longitude":-56.24894883839016,"DistanceUnit":0},"OperatorID":3597,"DataProviderID":1,"UsageTypeID":4,"StatusTypeID":50,"Connections":[{"ID":571925,"ConnectionTypeID":33,"StatusTypeID":50,"LevelID":3,"PowerKW":60,"CurrentTypeID":30,"Quantity":2},{"ID":571926,"ConnectionTypeID":1036,"StatusTypeID":50,"LevelID":3,"PowerKW":43,"CurrentTypeID":20,"Quantity":1}]},{"ID":303428,"UUID":"7A4C3A3A-703C-4A7F-9EBE-630A7E7F5587","NumberOfPoints":2,"AddressInfo":{"ID":303815,"Title":"Montevideo Shopping","AddressLine1":"Luis Alberto De Herrera 1290","Town":"Montevideo ","StateOrProvince":"Montevideo","CountryID":237,"Latitude":-34.903822979132784,"Longitude":-56.136946468870235,"RelatedURL":"http://evergo.com","DistanceUnit":0},"OperatorID":3500,"DataProviderID":1,"UsageTypeID":4,"StatusTypeID":50,"Connections":[{"ID":571923,"ConnectionTypeID":33,"Reference":"Evergo","StatusTypeID":50,"LevelID":3,"PowerKW":50,"CurrentTypeID":30,"Quantity":2},{"ID":571924,"ConnectionTypeID":2,"Reference":"Evergo","StatusTypeID":50,"LevelID":3,"PowerKW":50,"CurrentTypeID":30,"Quantity":2}]},{"ID":303427,"UUID":"4BDB8235-94CC-4FA7-A0CF-B42BB684FC74","NumberOfPoints":1,"AddressInfo":{"ID":303814,"Title":"Montevideo Shopping ","AddressLine1":"Luis Alberto De Herrera","Town":"Montevideo ","StateOrProvince":"Montevideo ","CountryID":237,"Latitude":-34.90343636684422,"Longitude":-56.136234599159025,"DistanceUnit":0},"OperatorID":3597,"DataProviderID":1,"UsageTypeID":4,"StatusTypeID":50,"Connections":[{"ID":571922,"ConnectionTypeID":33,"StatusTypeID":50,"LevelID":3,"PowerKW":30,"CurrentTypeID":30,"Quantity":2}]},{"ID":303235,"UUID":"08304F78-F170-4A82-8257-4A0E63B086DF","NumberOfPoints":2,"AddressInfo":{"ID":303622,"Title":"Termas De Dayman","AddressLine1":"Calle T-1","StateOrProvince":"Salto","Postcode":"50000","CountryID":237,"Latitude":-31.455552197853258,"Longitude":-57.91007126572447,"DistanceUnit":0},"OperatorID":3597,"DataProviderID":1,"UsageTypeID":4,"StatusTypeID":50,"Connections":[{"ID":570412,"ConnectionTypeID":33,"StatusTypeID":50,"LevelID":3,"PowerKW":60,"CurrentTypeID":30,"Quantity":2}]},{"ID":303234,"UUID":"4103D3C0-27DF-425F-8E4D-54416EC9C66D","NumberOfPoints":2,"AddressInfo":{"ID":303621,"Title":"Bulevar Fructuoso Del Puerto","AddressLine1":"Bulevar Fructuoso Del Puerto","StateOrProvince":"Treinta y Tres","Postcode":"33000","CountryID":237,"Latitude":-33.23475984341044,"Longitude":-54.3989981936499,"DistanceUnit":0},"OperatorID":3597,"DataProviderID":1,"UsageTypeID":4,"StatusTypeID":50,"Connections":[{"ID":570411,"ConnectionTypeID":33,"StatusTypeID":50,"LevelID":3,"PowerKW":60,"CurrentTypeID":30,"Quantity":2}]},{"ID":303233,"UUID":"D1CFF5C9-4D11-4C7B-93DF-F4F60397788D","NumberOfPoints":2,"AddressInfo":{"ID":303620,"Title":"Acceso Parque de Vacaciones UTE-ANTEL","AddressLine1":"Acceso Parque de Vacaciones UTE-ANTEL","StateOrProvince":"Lavalleja","CountryID":237,"Latitude":-34.4257399464988,"Longitude":-55.19462912388684,"DistanceUnit":0},"OperatorID":3597,"DataProviderID":1,"UsageTypeID":4,"StatusTypeID":50,"Connections":[{"ID":570410,"ConnectionTypeID":33,"StatusTypeID":50,"LevelID":3,"PowerKW":60,"CurrentTypeID":30,"Quantity":2}]},{"ID":303232,"UUID":"9AF5B714-E5F1-40E7-A741-D8D8BCD16C6B","NumberOfPoints":2,"AddressInfo":{"ID":303619,"Title":"Ituzaingó","AddressLine1":"Ituzaingó","StateOrProvince":"Lavalleja","Postcode":"30000","CountryID":237,"Latitude":-34.37570153246945,"Longitude":-55.24251085814859,"DistanceUnit":0},"OperatorID":3597,"DataProviderID":1,"UsageTypeID":4,"StatusTypeID":50,"Connections":[{"ID":570409,"ConnectionTypeID":33,"StatusTypeID":50,"LevelID":3,"PowerKW":60,"CurrentTypeID":30,"Quantity":2}]},{"ID":303231,"UUID":"6A677392-F9CC-46F4-B959-7DF0CCF3FF9C","NumberOfPoints":2,"AddressInfo":{"ID":303618,"Title":"Al Oasis","AddressLine1":"Al Oasis","StateOrProvince":"Flores","Postcode":"85000","CountryID":237,"Latitude":-33.50817393651981,"Longitude":-56.93703782891146,"DistanceUnit":0},"OperatorID":3597,"DataProviderID":1,"UsageTypeID":4,"StatusTypeID":50,"Connections":[{"ID":570408,"ConnectionTypeID":33,"StatusTypeID":50,"LevelID":3,"PowerKW":30,"CurrentTypeID":30,"Quantity":2}]},{"ID":303230,"UUID":"8654B887-EC13-4BA8-9724-3F8E1767E355","NumberOfPoints":2,"AddressInfo":{"ID":303617,"Title":"Doctor Luis Alberto de Herrera","AddressLine1":"Doctor Luis Alberto de Herrera","StateOrProvince":"Flores","Postcode":"85000","CountryID":237,"Latitude":-33.51718793056427,"Longitude":-56.8983455058908,"DistanceUnit":0},"OperatorID":3597,"DataProviderID":1,"UsageTypeID":4,"StatusTypeID":50,"Connections":[{"ID":570407,"ConnectionTypeID":33,"StatusTypeID":50,"LevelID":3,"PowerKW":60,"CurrentTypeID":30,"Quantity":1}]},{"ID":303229,"UUID":"3A2A8D5B-A230-4FEF-B250-5FFAA250FD5F","NumberOfPoints":2,"AddressInfo":{"ID":303616,"Title":"ANCAP Florida","AddressLine1":"Ruta 5 Brigadier General Fructuoso Rivera","StateOrProvince":"Florida","Postcode":"94000","CountryID":237,"Latitude":-34.097128620633974,"Longitude":-56.196193695532884,"DistanceUnit":0},"OperatorID":3597,"DataProviderID":1,"UsageTypeID":4,"StatusTypeID":50,"Connections":[{"ID":570406,"ConnectionTypeID":33,"StatusTypeID":50,"LevelID":3,"PowerKW":60,"CurrentTypeID":30,"Quantity":1}]},{"ID":303228,"UUID":"17C2192B-ECFC-4491-8718-8320AC06350D","NumberOfPoints":2,"AddressInfo":{"ID":303615,"Title":"Shopping Las Piedras","AddressLine1":"Bulevar del Bicentenario","StateOrProvince":"Canelones","Postcode":"90200","CountryID":237,"Latitude":-34.72593443648188,"Longitude":-56.20309421018055,"DistanceUnit":0},"OperatorID":3597,"DataProviderID":1,"UsageTypeID":4,"StatusTypeID":50,"Connections":[{"ID":570404,"ConnectionTypeID":33,"StatusTypeID":50,"LevelID":3,"PowerKW":30,"CurrentTypeID":30,"Quantity":1},{"ID":570405,"ConnectionTypeID":0,"StatusTypeID":50,"LevelID":2,"PowerKW":30,"Quantity":1}]},{"ID":303227,"UUID":"F763312E-708B-4803-A73F-E5A5B1C81834","NumberOfPoints":4,"AddressInfo":{"ID":303614,"Title":"Hospital De Ojos ","AddressLine1":"Camino al Saint Bois","StateOrProvince":"Montevideo","Postcode":"12500","CountryID":237,"Latitude":-34.788632496190544,"Longitude":-56.242151885544956,"DistanceUnit":0},"OperatorID":3597,"DataProviderID":1,"UsageTypeID":4,"StatusTypeID":50,"Connections":[{"ID":570402,"ConnectionTypeID":33,"StatusTypeID":50,"LevelID":3,"PowerKW":60,"CurrentTypeID":30,"Quantity":2},{"ID":570403,"ConnectionTypeID":1036,"StatusTypeID":50,"LevelID":2,"PowerKW":22,"CurrentTypeID":20,"Quantity":2}]},{"ID":303192,"UUID":"1B81EDC5-2A12-4492-AFF0-F130CF5FF636","NumberOfPoints":2,"AddressInfo":{"ID":303579,"Title":"Avenida de la Iglesia","AddressLine1":"Avenida de la Iglesia","Town":"La Paloma","StateOrProvince":"Rocha","Postcode":"27001","CountryID":237,"Latitude":-34.66374185666483,"Longitude":-54.15750640318157,"DistanceUnit":0},"OperatorID":3597,"DataProviderID":1,"UsageTypeID":4,"StatusTypeID":50,"Connections":[{"ID":570208,"ConnectionTypeID":33,"StatusTypeID":50,"LevelID":3,"PowerKW":60,"CurrentTypeID":30,"Quantity":2}]},{"ID":303191,"UUID":"8115B218-2AB9-4872-BEDA-C2A27FD12BDE","NumberOfPoints":4,"AddressInfo":{"ID":303578,"Title":"Ruta 10 Juan Diaz de Solís","AddressLine1":"Ruta 10 Juan Diaz de Solís","StateOrProvince":"Maldonado","Postcode":"20000","CountryID":237,"Latitude":-34.83530429774959,"Longitude":-54.642510613694014,"DistanceUnit":0},"OperatorID":3597,"DataProviderID":1,"UsageTypeID":4,"StatusTypeID":50,"Connections":[{"ID":570205,"ConnectionTypeID":33,"StatusTypeID":50,"LevelID":3,"PowerKW":60,"CurrentTypeID":30,"Quantity":1},{"ID":570206,"ConnectionTypeID":33,"StatusTypeID":50,"LevelID":3,"PowerKW":60,"CurrentTypeID":30,"Quantity":1},{"ID":570207,"ConnectionTypeID":25,"StatusTypeID":50,"LevelID":2,"PowerKW":22,"CurrentTypeID":20,"Quantity":2}]},{"ID":303190,"UUID":"54B3B73C-05D8-4F7D-BB5D-BA0B440AB398","NumberOfPoints":2,"AddressInfo":{"ID":303577,"Title":"Los Destinos","AddressLine1":"Los Destinos","StateOrProvince":"Maldonado","Postcode":"20000","CountryID":237,"Latitude":-34.91326740151362,"Longitude":-54.86211446018531,"DistanceUnit":0},"OperatorID":3597,"DataProviderID":1,"UsageTypeID":4,"StatusTypeID":50,"Connections":[{"ID":570203,"ConnectionTypeID":33,"StatusTypeID":50,"LevelID":2,"PowerKW":60,"Quantity":1},{"ID":570204,"ConnectionTypeID":33,"StatusTypeID":50,"LevelID":3,"PowerKW":60,"CurrentTypeID":30,"Quantity":1}]},{"ID":303189,"UUID":"C761A98D-824B-4DBC-9691-ED767149F564","NumberOfPoints":2,"AddressInfo":{"ID":303576,"Title":"Valparaíso","AddressLine1":"Valparaíso","Town":"Punta Del Este","StateOrProvince":"Maldonado","Postcode":"20100","CountryID":237,"Latitude":-34.94084293589188,"Longitude":-54.916326920908205,"DistanceUnit":0},"OperatorID":3597,"DataProviderID":1,"UsageTypeID":4,"StatusTypeID":50,"Connections":[{"ID":570201,"ConnectionTypeID":33,"StatusTypeID":50,"LevelID":3,"PowerKW":60,"CurrentTypeID":30,"Quantity":1},{"ID":570202,"ConnectionTypeID":33,"StatusTypeID":50,"LevelID":3,"PowerKW":60,"CurrentTypeID":30,"Quantity":1}]},{"ID":303188,"UUID":"3A3B9BB0-34A6-4F35-B92E-0CF87030873C","NumberOfPoints":2,"AddressInfo":{"ID":303575,"Title":"Santos Negro González","AddressLine1":"Santos Negro González","Town":"Piriápolis","StateOrProvince":"Maldonado","Postcode":"20200","CountryID":237,"Latitude":-34.86199493072539,"Longitude":-55.275059051749736,"DistanceUnit":0},"OperatorID":3597,"DataProviderID":1,"UsageTypeID":4,"StatusTypeID":50,"Connections":[{"ID":570199,"ConnectionTypeID":33,"StatusTypeID":50,"LevelID":3,"PowerKW":60,"CurrentTypeID":30,"Quantity":1},{"ID":570200,"ConnectionTypeID":33,"StatusTypeID":50,"LevelID":3,"PowerKW":60,"CurrentTypeID":30,"Quantity":1}]},{"ID":303187,"UUID":"7E34D8BB-B808-4D86-9358-BC5F8A1074D9","NumberOfPoints":2,"AddressInfo":{"ID":303574,"Title":"Ruta Interbalnearia General Líber Seregni","AddressLine1":"Ruta Interbalnearia General Líber Seregni","Town":"San Luis","StateOrProvince":"Canelones","Postcode":"16300","CountryID":237,"Latitude":-34.77006014551625,"Longitude":-55.576429611595756,"DistanceUnit":0},"OperatorID":3597,"DataProviderID":1,"UsageTypeID":4,"StatusTypeID":50,"Connections":[{"ID":570197,"ConnectionTypeID":33,"StatusTypeID":50,"LevelID":3,"PowerKW":30,"CurrentTypeID":30,"Quantity":1},{"ID":570198,"ConnectionTypeID":1040,"StatusTypeID":50,"LevelID":3,"PowerKW":30,"CurrentTypeID":30,"Quantity":1}]},{"ID":303186,"UUID":"93749676-ED87-4B3E-B245-128C11F64050","NumberOfPoints":1,"AddressInfo":{"ID":303573,"Title":"Calle 5","AddressLine1":"Calle 5","Town":"Atlántida","StateOrProvince":"Canelones","Postcode":"16000","CountryID":237,"Latitude":-34.769088695770485,"Longitude":-55.76449671814868,"DistanceUnit":0},"OperatorID":3597,"DataProviderID":1,"UsageTypeID":4,"StatusTypeID":50,"Connections":[{"ID":570196,"ConnectionTypeID":33,"StatusTypeID":50,"LevelID":3,"PowerKW":30,"CurrentTypeID":30,"Quantity":1},{"ID":592780,"ConnectionTypeID":1040,"StatusTypeID":50,"LevelID":2,"PowerKW":30,"Quantity":1}]},{"ID":303185,"UUID":"8E103401-EC2D-490F-BE43-5C6459DA7928","NumberOfPoints":2,"AddressInfo":{"ID":303572,"Title":"José Pedro Varela","AddressLine1":"José Pedro Varela","StateOrProvince":"Canelones","Postcode":"15600","CountryID":237,"Latitude":-34.72301317785079,"Longitude":-55.95710186453948,"DistanceUnit":0},"OperatorID":3597,"DataProviderID":1,"UsageTypeID":4,"StatusTypeID":50,"Connections":[{"ID":570194,"ConnectionTypeID":33,"StatusTypeID":50,"LevelID":2,"PowerKW":30,"Quantity":1},{"ID":570195,"ConnectionTypeID":1040,"StatusTypeID":50,"LevelID":3,"PowerKW":30,"CurrentTypeID":30,"Quantity":1}]},{"ID":303159,"UUID":"C3B46268-2086-4505-ACBF-BD48F7FC7044","NumberOfPoints":1,"AddressInfo":{"ID":303546,"Title":"Ruta 21","AddressLine1":"Ruta 21","StateOrProvince":"Colonia","Postcode":"70100","CountryID":237,"Latitude":-33.98678788605312,"Longitude":-58.28298797338448,"DistanceUnit":0},"OperatorID":3597,"DataProviderID":1,"UsageTypeID":4,"StatusTypeID":50,"Connections":[{"ID":570058,"ConnectionTypeID":33,"StatusTypeID":50,"LevelID":3,"PowerKW":30,"CurrentTypeID":30,"Quantity":1}]},{"ID":303158,"UUID":"D64D02EC-CCDE-42DD-BE2B-33355623932A","NumberOfPoints":2,"AddressInfo":{"ID":303545,"Title":"Senda César Reutor Baridón","AddressLine1":"Senda César Reutor Baridón","AddressLine2":"Barrio Histórico","StateOrProvince":"Colonia","Postcode":"70000","CountryID":237,"Latitude":-34.46617359659066,"Longitude":-57.835557316478884,"DistanceUnit":0},"OperatorID":3597,"DataProviderID":1,"UsageTypeID":4,"StatusTypeID":50,"Connections":[{"ID":570056,"ConnectionTypeID":33,"StatusTypeID":50,"LevelID":3,"PowerKW":60,"CurrentTypeID":30,"Quantity":1},{"ID":570057,"ConnectionTypeID":33,"StatusTypeID":50,"LevelID":3,"PowerKW":60,"CurrentTypeID":30,"Quantity":1},{"ID":592705,"ConnectionTypeID":1040,"Reference":"ute","StatusTypeID":50,"LevelID":3,"PowerKW":30,"CurrentTypeID":30,"Quantity":1}]},{"ID":303143,"UUID":"AA94DA50-1A13-4716-B2C3-CF78ACDB5FEC","NumberOfPoints":1,"AddressInfo":{"ID":303530,"Title":"Ruta 1 Brigadier General Manuel Oribe","AddressLine1":"Ruta 1 Brigadier General Manuel Oribe","StateOrProvince":"San José","Postcode":"80005","CountryID":237,"Latitude":-34.55916914513179,"Longitude":-56.744736526093845,"DistanceUnit":0},"OperatorID":3597,"DataProviderID":1,"UsageTypeID":4,"StatusTypeID":50,"Connections":[{"ID":569902,"ConnectionTypeID":33,"StatusTypeID":50,"LevelID":3,"PowerKW":30,"CurrentTypeID":30,"Quantity":1}]},{"ID":303142,"UUID":"3E06C600-A400-4497-80BC-77013813C012","NumberOfPoints":1,"AddressInfo":{"ID":303529,"Title":"Maestro Omar Esteban Pita","AddressLine1":"Maestro Omar Esteban Pita","Town":"Colonia Valdense","StateOrProvince":"Colonia","Postcode":"70202","CountryID":237,"Latitude":-34.33715704912673,"Longitude":-57.252963895883,"DistanceUnit":0},"OperatorID":3597,"DataProviderID":1,"UsageTypeID":1,"StatusTypeID":50,"Connections":[{"ID":569901,"ConnectionTypeID":33,"StatusTypeID":50,"LevelID":3,"PowerKW":30,"CurrentTypeID":30,"Quantity":1}]},{"ID":303141,"UUID":"7C7A929C-5C6B-4A85-9CE2-06E885CA5575","NumberOfPoints":1,"AddressInfo":{"ID":303528,"Title":"18 de Julio","AddressLine1":"18 de Julio","StateOrProvince":"Colonia","Postcode":"70201","CountryID":237,"Latitude":-34.28476685577808,"Longitude":-57.23368695153022,"DistanceUnit":0},"OperatorID":3597,"DataProviderID":1,"UsageTypeID":1,"StatusTypeID":50,"Connections":[{"ID":569900,"ConnectionTypeID":33,"StatusTypeID":50,"LevelID":3,"PowerKW":30,"CurrentTypeID":30,"Quantity":1}]},{"ID":300250,"UUID":"2D5F01BF-7462-4C1E-9A05-1638D91E383C","NumberOfPoints":1,"AddressInfo":{"ID":300637,"Title":"Rincón","AddressLine1":"840","Town":"Pan de Azúcar","StateOrProvince":"Maldonado","Postcode":"20300","CountryID":237,"Latitude":-34.7788941735384,"Longitude":-55.224222471329654,"DistanceUnit":0},"OperatorID":3597,"DataProviderID":1,"UsageTypeID":4,"StatusTypeID":50,"Connections":[{"ID":558443,"ConnectionTypeID":33,"StatusTypeID":50,"LevelID":3,"PowerKW":60,"CurrentTypeID":30,"Quantity":2}]},{"ID":298438,"UUID":"BB1AA16A-7FBC-48BE-BD0B-E4612DBF8160","NumberOfPoints":2,"AddressInfo":{"ID":298825,"Title":"Plaza Rivera Minas","AddressLine1":"Ituzaingó esquina Franklin D.Roosevelt","Town":"Minas","StateOrProvince":"Lavalleja","CountryID":237,"Latitude":-34.37554704477597,"Longitude":-55.24262556810777,"DistanceUnit":0},"OperatorID":3597,"DataProviderID":1,"UsageTypeID":4,"StatusTypeID":50,"Connections":[{"ID":545522,"ConnectionTypeID":33,"StatusTypeID":50,"LevelID":3,"PowerKW":60,"CurrentTypeID":30,"Quantity":2}]},{"ID":296058,"UUID":"648CECA1-ACA7-4559-96DA-F9A552F3B4F5","NumberOfPoints":1,"AddressInfo":{"ID":296445,"Title":"Batovì","AddressLine1":"Batoví esquina Dr. Luis P. Lenguas","Town":"Montevideo","StateOrProvince":"Montevideo","CountryID":237,"Latitude":-34.89046341989159,"Longitude":-56.185402193752296,"DistanceUnit":0},"OperatorID":3597,"DataProviderID":1,"UsageTypeID":1,"StatusTypeID":50,"Connections":[{"ID":527979,"ConnectionTypeID":33,"StatusTypeID":50,"LevelID":3,"PowerKW":60,"CurrentTypeID":30,"Quantity":4}]},{"ID":289305,"UUID":"94B3E3F3-71B5-4344-9E8E-74516DC679F5","NumberOfPoints":1,"AddressInfo":{"ID":289692,"Title":"ANCAP Rosario","AddressLine1":"Ruta 2","StateOrProvince":"Colonia","Postcode":"70200","CountryID":237,"Latitude":-34.32273209955256,"Longitude":-57.34927258524935,"DistanceUnit":0},"OperatorID":3597,"DataProviderID":1,"UsageTypeID":4,"StatusTypeID":50,"Connections":[{"ID":508361,"ConnectionTypeID":33,"StatusTypeID":50,"LevelID":3,"PowerKW":30,"CurrentTypeID":30,"Quantity":1}]},{"ID":289303,"UUID":"62381C97-C3E3-4289-BB5B-5BCE976DDE9B","NumberOfPoints":4,"AddressInfo":{"ID":289690,"Title":"Plaza Samuel Lafone","AddressLine1":"Ruperto Pérez Martínez","AddressLine2":"La Teja","StateOrProvince":"Montevideo","Postcode":"11900","CountryID":237,"Latitude":-34.86810803699804,"Longitude":-56.23672738974793,"DistanceUnit":0},"OperatorID":3597,"DataProviderID":1,"UsageTypeID":4,"StatusTypeID":50,"Connections":[{"ID":508358,"ConnectionTypeID":25,"StatusTypeID":50,"LevelID":2,"PowerKW":22,"CurrentTypeID":20,"Quantity":2}]},{"ID":289302,"UUID":"AF958A96-A0ED-40D8-957E-26353D1669D1","NumberOfPoints":4,"AddressInfo":{"ID":289689,"Title":"Plaza San Martín","AddressLine1":"Avenida Agraciada","AddressLine2":"Bella Vista","StateOrProvince":"Montevideo","Postcode":"11700","CountryID":237,"Latitude":-34.87534648837104,"Longitude":-56.199939158879545,"DistanceUnit":0},"OperatorID":3597,"DataProviderID":1,"UsageTypeID":4,"StatusTypeID":50,"Connections":[{"ID":508355,"ConnectionTypeID":33,"StatusTypeID":50,"LevelID":3,"PowerKW":60,"CurrentTypeID":30,"Quantity":2},{"ID":508356,"ConnectionTypeID":25,"StatusTypeID":50,"LevelID":2,"PowerKW":19,"CurrentTypeID":20,"Quantity":2}]},{"ID":289300,"UUID":"F5BD0330-7FF2-46EE-B8DF-467126D508E3","NumberOfPoints":2,"AddressInfo":{"ID":289687,"Title":"Plaza Pedro Poveda","AddressLine1":"Enrique García Peña","AddressLine2":"Atahualpa","StateOrProvince":"Montevideo","Postcode":"11700","CountryID":237,"Latitude":-34.870514894116006,"Longitude":-56.187476080903664,"DistanceUnit":0},"OperatorID":3597,"DataProviderID":1,"UsageTypeID":4,"StatusTypeID":50,"Connections":[{"ID":508352,"ConnectionTypeID":33,"StatusTypeID":50,"LevelID":3,"PowerKW":60,"CurrentTypeID":30,"Quantity":2}]},{"ID":289299,"UUID":"8969F1B0-03AA-4ED1-AEBD-A64AE0396B38","NumberOfPoints":2,"AddressInfo":{"ID":289686,"Title":"Hospital BSE","AddressLine1":"Avenida José Pedro Varela","AddressLine2":"Bolívar","StateOrProvince":"Montevideo","Postcode":"12000","CountryID":237,"Latitude":-34.86748706191965,"Longitude":-56.159903868403944,"DistanceUnit":0},"OperatorID":3597,"DataProviderID":1,"UsageTypeID":4,"StatusTypeID":50,"Connections":[{"ID":508351,"ConnectionTypeID":33,"StatusTypeID":50,"LevelID":3,"PowerKW":60,"CurrentTypeID":30,"Quantity":2}]},{"ID":289298,"UUID":"507B53C6-ECE7-4D2F-8B27-E8DDCB764EE9","NumberOfPoints":4,"AddressInfo":{"ID":289685,"Title":"Plaza Poul Harris","AddressLine1":"Avenida Italia","StateOrProvince":"Montevideo","Postcode":"11500","CountryID":237,"Latitude":-34.87613930398947,"Longitude":-56.03767549922543,"DistanceUnit":0},"OperatorID":3597,"DataProviderID":1,"UsageTypeID":4,"StatusTypeID":50,"Connections":[{"ID":508350,"ConnectionTypeID":33,"StatusTypeID":50,"LevelID":3,"PowerKW":60,"CurrentTypeID":30,"Quantity":4}]},{"ID":289015,"UUID":"1C788A03-DB1F-4CB8-B8C8-B416A347CC88","NumberOfPoints":1,"AddressInfo":{"ID":289402,"Title":"Plaza de Los Ninos","AddressLine1":"HGWP+5VM, 55000 Artigas, ","Town":"Artigas","StateOrProvince":"Departamento de Artigas","Postcode":"55000","CountryID":237,"Latitude":-30.404325275274253,"Longitude":-56.461945461245364,"DistanceUnit":0},"OperatorID":1,"DataProviderID":1,"UsageTypeID":4,"StatusTypeID":50,"Connections":[{"ID":507248,"ConnectionTypeID":33,"StatusTypeID":50,"LevelID":3,"PowerKW":60,"CurrentTypeID":30,"Quantity":2}]},{"ID":289014,"UUID":"9DE9AF47-0B89-4616-AEA1-4BA7656EF4A7","NumberOfPoints":1,"AddressInfo":{"ID":289401,"Title":"Macro Mercado","AddressLine1":"J. M. Sosa 1605, 40000 Rivera","Town":"Rivera","StateOrProvince":"Rivera","CountryID":237,"Latitude":-30.921169993581593,"Longitude":-55.53955181512461,"DistanceUnit":0},"OperatorID":1,"DataProviderID":1,"UsageTypeID":1,"StatusTypeID":50,"Connections":[{"ID":507247,"ConnectionTypeID":33,"StatusTypeID":50,"LevelID":3,"PowerKW":60,"CurrentTypeID":30,"Quantity":2}]},{"ID":280274,"UUID":"E75F57A6-5998-48E5-AFBA-75BF53F11460","NumberOfPoints":1,"AddressInfo":{"ID":280661,"Title":"General José Artigas","AddressLine1":"General José Artigas","Town":"Mercedes","StateOrProvince":"Soriano","Postcode":"75000","CountryID":237,"Latitude":-33.256595835895915,"Longitude":-58.02780167304837,"RelatedURL":"http://movilidad.ute.com.uy","DistanceUnit":0},"OperatorID":3597,"DataProviderID":1,"UsageTypeID":4,"StatusTypeID":50,"Connections":[{"ID":487532,"ConnectionTypeID":33,"StatusTypeID":50,"LevelID":3,"PowerKW":60,"CurrentTypeID":30,"Quantity":2}]},{"ID":273499,"UUID":"ACF79E07-5271-47C1-B4F4-DBDE5F5AB2CA","NumberOfPoints":2,"AddressInfo":{"ID":273883,"Title":"ANCAP Trinidad - Ruta 3","AddressLine1":"Ruta 3 esq. Ruta 14, Trinidad, Flores","Town":"Trinidad","StateOrProvince":"Flores","CountryID":237,"Latitude":-33.528065011771815,"Longitude":-56.89474471114079,"DistanceUnit":0},"OperatorID":3597,"DataProviderID":1,"UsageTypeID":4,"StatusTypeID":50,"Connections":[{"ID":472248,"ConnectionTypeID":33,"StatusTypeID":50,"LevelID":3,"PowerKW":120,"CurrentTypeID":30,"Quantity":2}],"UserComments":[{"ID":29592,"ChargePointID":273499,"CommentTypeID":10,"UserName":"Samago","Comment":"","Rating":5,"DateCreated":"2024-03-16T12:34:24.983Z","User":{"ID":47930,"Username":"Samago"},"CheckinStatusTypeID":10,"IsActionedByEditor":false},{"ID":29570,"ChargePointID":273499,"CommentTypeID":10,"UserName":"Samago","Rating":5,"DateCreated":"2024-03-07T13:11:36.797Z","User":{"ID":47930,"Username":"Samago"},"CheckinStatusTypeID":140,"IsActionedByEditor":false}],"MediaItems":[{"ID":41700,"ChargePointID":273499,"ItemURL":"https://media.openchargemap.io/images/UY/OCM273499/OCM-273499.orig.2024031612340021.jpg","ItemThumbnailURL":"https://media.openchargemap.io/images/UY/OCM273499/OCM-273499.thmb.2024031612340021.jpg","Comment":"","IsEnabled":true,"IsVideo":false,"IsFeaturedItem":false,"IsExternalResource":false,"User":{"ID":47930,"Username":"Samago"},"DateCreated":"2024-03-16T12:34:00Z"},{"ID":39441,"ChargePointID":273499,"ItemURL":"https://media.openchargemap.io/images/UY/OCM273499/OCM-273499.orig.2023090120001462.jpg","ItemThumbnailURL":"https://media.openchargemap.io/images/UY/OCM273499/OCM-273499.thmb.2023090120001462.jpg","Comment":"","IsEnabled":true,"IsVideo":false,"IsFeaturedItem":false,"IsExternalResource":false,"User":{"ID":47930,"Username":"Samago"},"DateCreated":"2023-09-01T20:00:00Z"}]},{"ID":271539,"UUID":"09B7BF26-1BAA-4AD7-8D08-17571859A1F4","NumberOfPoints":1,"AddressInfo":{"ID":271923,"Title":"Avenida Pablo G. Ríos","AddressLine1":"Avenida Pablo G. Ríos","StateOrProvince":"Tacuarembó","Postcode":"45000","CountryID":237,"Latitude":-31.726491,"Longitude":-55.971938,"DistanceUnit":0},"OperatorID":3597,"DataProviderID":1,"UsageTypeID":4,"StatusTypeID":50,"Connections":[{"ID":462028,"ConnectionTypeID":33,"StatusTypeID":50,"LevelID":3,"PowerKW":60,"CurrentTypeID":30,"Quantity":2}]},{"ID":271535,"UUID":"D5AD49E2-0FB1-4F92-97D4-F81730E650CC","NumberOfPoints":1,"AddressInfo":{"ID":271919,"Title":"Atanasio Sierra","AddressLine1":"Atanasio Sierra","StateOrProvince":"Tacuarembó","Postcode":"45100","CountryID":237,"Latitude":-32.81324973301434,"Longitude":-56.50380496360893,"DistanceUnit":0},"OperatorID":3597,"DataProviderID":1,"UsageTypeID":4,"StatusTypeID":50,"Connections":[{"ID":462023,"ConnectionTypeID":33,"StatusTypeID":50,"LevelID":3,"PowerKW":60,"CurrentTypeID":30,"Quantity":2}]},{"ID":271510,"UUID":"220F63A9-CA44-478D-B852-F3E2D40ED3CB","NumberOfPoints":1,"AddressInfo":{"ID":271894,"Title":"Avenida España","AddressLine1":"Avenida España","StateOrProvince":"Paysandú","Postcode":"60000","CountryID":237,"Latitude":-32.31840636310385,"Longitude":-58.0744650846143,"DistanceUnit":0},"OperatorID":3597,"DataProviderID":1,"UsageTypeID":4,"StatusTypeID":50,"Connections":[{"ID":461996,"ConnectionTypeID":33,"StatusTypeID":50,"LevelID":3,"PowerKW":60,"CurrentTypeID":30,"Quantity":2},{"ID":573685,"ConnectionTypeID":1036,"StatusTypeID":50,"LevelID":2,"PowerKW":22,"CurrentTypeID":10,"Quantity":2}]},{"ID":271508,"UUID":"122BD0C3-9385-469A-87CE-3E1EDCD4FA3A","NumberOfPoints":1,"AddressInfo":{"ID":271892,"Title":"ANCAP Young","AddressLine1":"Montevideo 3194","Town":"Young","StateOrProvince":"Río Negro","Postcode":"65100","CountryID":237,"Latitude":-32.70515810473912,"Longitude":-57.63104672106061,"DistanceUnit":0},"OperatorID":3597,"DataProviderID":1,"UsageTypeID":4,"StatusTypeID":50,"Connections":[{"ID":461994,"ConnectionTypeID":33,"StatusTypeID":50,"LevelID":3,"PowerKW":60,"CurrentTypeID":30,"Quantity":2}],"UserComments":[{"ID":29596,"ChargePointID":271508,"CommentTypeID":10,"UserName":"Samago","Comment":"","Rating":5,"DateCreated":"2024-03-18T11:38:45.207Z","User":{"ID":47930,"Username":"Samago"},"CheckinStatusTypeID":10,"IsActionedByEditor":false},{"ID":29595,"ChargePointID":271508,"CommentTypeID":10,"UserName":"Samago","Comment":"","Rating":5,"DateCreated":"2024-03-18T11:38:04.367Z","User":{"ID":47930,"Username":"Samago"},"CheckinStatusTypeID":10,"IsActionedByEditor":false},{"ID":29571,"ChargePointID":271508,"CommentTypeID":10,"UserName":"Samago","Rating":5,"DateCreated":"2024-03-07T13:12:56.7Z","User":{"ID":47930,"Username":"Samago"},"CheckinStatusTypeID":140,"IsActionedByEditor":false}],"MediaItems":[{"ID":39489,"ChargePointID":271508,"ItemURL":"https://media.openchargemap.io/images/UY/OCM271508/OCM-271508.orig.2023090317310116.jpg","ItemThumbnailURL":"https://media.openchargemap.io/images/UY/OCM271508/OCM-271508.thmb.2023090317310116.jpg","Comment":"","IsEnabled":true,"IsVideo":false,"IsFeaturedItem":false,"IsExternalResource":false,"User":{"ID":47930,"Username":"Samago"},"DateCreated":"2023-09-03T17:31:00Z"}]},{"ID":270919,"UUID":"1F9ADB4B-D0EE-439B-B8FF-FD6095B1F69B","NumberOfPoints":1,"AddressInfo":{"ID":271303,"Title":"Francisco Antonio Maciel","AddressLine1":"Francisco Antonio Maciel","StateOrProvince":"Durazno","Postcode":"97000","CountryID":237,"Latitude":-33.38730305757728,"Longitude":-56.51427012964456,"DistanceUnit":0},"OperatorID":3597,"DataProviderID":1,"UsageTypeID":4,"StatusTypeID":50,"Connections":[{"ID":461083,"ConnectionTypeID":33,"StatusTypeID":50,"LevelID":3,"PowerKW":60,"CurrentTypeID":30,"Quantity":2}],"UserComments":[{"ID":29573,"ChargePointID":270919,"CommentTypeID":10,"UserName":"fsantoma","Comment":"","Rating":4,"DateCreated":"2024-03-08T01:00:49.637Z","User":{"ID":51226,"Username":"fsantoma"},"CheckinStatusTypeID":10,"IsActionedByEditor":false}]},{"ID":270918,"UUID":"2DC8D323-434D-4844-BDC1-5FF006716510","NumberOfPoints":2,"AddressInfo":{"ID":271302,"Title":"ANCAP Colonia del Sacramento","AddressLine1":"Avenida Buenos Aires","AddressLine2":"Barrio Histórico","StateOrProvince":"Colonia","Postcode":"70000","CountryID":237,"Latitude":-34.47189370728853,"Longitude":-57.84201236552832,"DistanceUnit":0},"OperatorID":3597,"DataProviderID":1,"UsageTypeID":4,"StatusTypeID":50,"Connections":[{"ID":461082,"ConnectionTypeID":33,"StatusTypeID":50,"LevelID":3,"PowerKW":60,"CurrentTypeID":30,"Quantity":2}]},{"ID":270917,"UUID":"594B8A10-0AEC-430E-B7C6-665EB314AABB","NumberOfPoints":1,"AddressInfo":{"ID":271301,"Title":"Avenida General José Gervasio Artigas","AddressLine1":"Avenida General José Gervasio Artigas","Town":"Ecilda Paullier","StateOrProvince":"San José","Postcode":"80002","CountryID":237,"Latitude":-34.36292903354065,"Longitude":-57.05743085717677,"DistanceUnit":0},"OperatorID":3597,"DataProviderID":1,"UsageTypeID":4,"StatusTypeID":50,"Connections":[{"ID":461079,"ConnectionTypeID":33,"StatusTypeID":50,"LevelID":3,"PowerKW":30,"CurrentTypeID":30,"Quantity":2},{"ID":586406,"ConnectionTypeID":33,"StatusTypeID":50,"LevelID":3,"PowerKW":60,"CurrentTypeID":30,"Quantity":2}]},{"ID":270916,"UUID":"DCA6397C-6FE5-4AD1-92C1-D91BA7E00142","NumberOfPoints":1,"AddressInfo":{"ID":271300,"Title":"Martínez Monegal","AddressLine1":"Martínez Monegal","StateOrProvince":"Canelones","Postcode":"90000","CountryID":237,"Latitude":-34.52264946388087,"Longitude":-56.27546056762128,"DistanceUnit":0},"OperatorID":3597,"DataProviderID":1,"UsageTypeID":4,"StatusTypeID":50,"Connections":[{"ID":461078,"ConnectionTypeID":33,"StatusTypeID":50,"LevelID":3,"PowerKW":120,"CurrentTypeID":30,"Quantity":2}]},{"ID":270825,"UUID":"7174500C-7FB7-4902-B597-DA7DB401364B","NumberOfPoints":1,"AddressInfo":{"ID":271209,"Title":"Treinta y Tres","AddressLine1":"Treinta y Tres","StateOrProvince":"Río Negro","Postcode":"65000","CountryID":237,"Latitude":-33.116446959453135,"Longitude":-58.31319316678503,"DistanceUnit":0},"OperatorID":3597,"DataProviderID":1,"UsageTypeID":4,"StatusTypeID":50,"Connections":[{"ID":460727,"ConnectionTypeID":33,"StatusTypeID":50,"LevelID":3,"PowerKW":60,"CurrentTypeID":30,"Quantity":2}],"MediaItems":[{"ID":38583,"ChargePointID":270825,"ItemURL":"https://media.openchargemap.io/images/UY/OCM270825/OCM-270825.orig.2023070514082471.jpg","ItemThumbnailURL":"https://media.openchargemap.io/images/UY/OCM270825/OCM-270825.thmb.2023070514082471.jpg","Comment":"","IsEnabled":true,"IsVideo":false,"IsFeaturedItem":false,"IsExternalResource":false,"User":{"ID":47174,"Username":"Ripido "},"DateCreated":"2023-07-05T14:09:00Z"},{"ID":38582,"ChargePointID":270825,"ItemURL":"https://media.openchargemap.io/images/UY/OCM270825/OCM-270825.orig.2023070514074131.jpg","ItemThumbnailURL":"https://media.openchargemap.io/images/UY/OCM270825/OCM-270825.thmb.2023070514074131.jpg","Comment":"","IsEnabled":true,"IsVideo":false,"IsFeaturedItem":false,"IsExternalResource":false,"User":{"ID":47174,"Username":"Ripido "},"DateCreated":"2023-07-05T14:08:00Z"}]},{"ID":270823,"UUID":"AA57EC7C-9274-4F2E-AD07-29BF162224FD","NumberOfPoints":1,"AddressInfo":{"ID":271207,"Title":"Bulevar José C. Cardona - Florencio Sánchez","AddressLine1":"Bulevar José C. Cardona - Florencio Sánchez","Town":"Cardona","StateOrProvince":"Soriano","Postcode":"75200","CountryID":237,"Latitude":-33.873873873873876,"Longitude":-57.37873117163571,"DistanceUnit":0},"OperatorID":3597,"DataProviderID":1,"UsageTypeID":4,"StatusTypeID":50,"Connections":[{"ID":460724,"ConnectionTypeID":1036,"StatusTypeID":50,"LevelID":2,"PowerKW":7,"CurrentTypeID":10,"Quantity":1}]},{"ID":267613,"UUID":"C9CD363B-1F00-45EE-B46E-8BA558A4967E","NumberOfPoints":1,"UsageCost":"tarifa UTE","AddressInfo":{"ID":267997,"Title":"Capitán Miranda (Calle 7)","AddressLine1":"Capitán Miranda (Calle 7)","StateOrProvince":"Maldonado","Postcode":"20100","CountryID":237,"Latitude":-34.96774615804481,"Longitude":-54.95192774505648,"RelatedURL":"https://movilidad.ute.com.uy/carga.html","DistanceUnit":0},"OperatorID":3597,"DataProviderID":1,"UsageTypeID":4,"StatusTypeID":50,"Connections":[{"ID":456003,"ConnectionTypeID":1040,"StatusTypeID":50,"LevelID":2,"PowerKW":30,"CurrentTypeID":20,"Quantity":1}]},{"ID":267581,"UUID":"44948C26-40F3-4432-ABE5-AB634A7B2850","NumberOfPoints":5,"UsageCost":"0","AddressInfo":{"ID":267965,"Title":"Estacionamiento Devoto","AddressLine1":"Estacionamiento Devoto","Town":"Punta Del Este","StateOrProvince":"Maldonado","Postcode":"20100","CountryID":237,"Latitude":-34.93381083562499,"Longitude":-54.939199477610146,"DistanceUnit":0},"OperatorID":1,"DataProviderID":1,"UsageTypeID":6,"StatusTypeID":50,"Connections":[{"ID":455953,"ConnectionTypeID":25,"StatusTypeID":50,"LevelID":2,"PowerKW":11,"CurrentTypeID":20,"Quantity":5}],"MediaItems":[{"ID":38518,"ChargePointID":267581,"ItemURL":"https://media.openchargemap.io/images/UY/OCM267581/OCM-267581.orig.2023063022532966.jpg","ItemThumbnailURL":"https://media.openchargemap.io/images/UY/OCM267581/OCM-267581.thmb.2023063022532966.jpg","Comment":"","IsEnabled":true,"IsVideo":false,"IsFeaturedItem":false,"IsExternalResource":false,"User":{"ID":47174,"Username":"Ripido "},"DateCreated":"2023-06-30T22:54:00Z"},{"ID":38519,"ChargePointID":267581,"ItemURL":"https://media.openchargemap.io/images/UY/OCM267581/OCM-267581.orig.2023063022540680.jpg","ItemThumbnailURL":"https://media.openchargemap.io/images/UY/OCM267581/OCM-267581.thmb.2023063022540680.jpg","Comment":"","IsEnabled":true,"IsVideo":false,"IsFeaturedItem":false,"IsExternalResource":false,"User":{"ID":47174,"Username":"Ripido "},"DateCreated":"2023-06-30T22:54:00Z"}]},{"ID":267580,"UUID":"BAA13DBD-42B6-4BAE-8F30-4AF0A55AB4FB","NumberOfPoints":1,"UsageCost":"0","AddressInfo":{"ID":267964,"Title":"Disco Fresh Market","AddressLine1":"Avenida Orlando Pedragosa Sierra","Town":"Punta Del Este","StateOrProvince":"Maldonado","Postcode":"20100","CountryID":237,"Latitude":-34.943242640146465,"Longitude":-54.9323158944722,"DistanceUnit":0},"OperatorID":1,"DataProviderID":1,"UsageTypeID":6,"StatusTypeID":50,"Connections":[{"ID":455952,"ConnectionTypeID":25,"StatusTypeID":50,"LevelID":2,"PowerKW":7.4,"CurrentTypeID":10,"Quantity":1}],"MediaItems":[{"ID":38520,"ChargePointID":267580,"ItemURL":"https://media.openchargemap.io/images/UY/OCM267580/OCM-267580.orig.2023063022553395.jpg","ItemThumbnailURL":"https://media.openchargemap.io/images/UY/OCM267580/OCM-267580.thmb.2023063022553395.jpg","Comment":"","IsEnabled":true,"IsVideo":false,"IsFeaturedItem":false,"IsExternalResource":false,"User":{"ID":47174,"Username":"Ripido "},"DateCreated":"2023-06-30T22:56:00Z"}]},{"ID":260139,"UUID":"29850E0C-50BC-4E95-BA8E-CFDB22EDF0F6","NumberOfPoints":1,"AddressInfo":{"ID":260523,"Title":"ANCAP Chuy","AddressLine1":"Gral Artigas 209 y Samuel Prilliac","Town":"Chuy","StateOrProvince":"Chuy","Postcode":"27100","CountryID":237,"Latitude":-33.694672242221955,"Longitude":-53.45535690137933,"DistanceUnit":0},"OperatorID":1,"DataProviderID":1,"UsageTypeID":4,"StatusTypeID":50,"Connections":[{"ID":437537,"ConnectionTypeID":33,"StatusTypeID":50,"LevelID":3,"PowerKW":30,"CurrentTypeID":30,"Quantity":1}]},{"ID":260138,"UUID":"B8A83B74-F8F4-47B5-9702-6C991F1BC838","NumberOfPoints":1,"AddressInfo":{"ID":260522,"Title":"ANCAP Rocha","AddressLine1":"Ruta 9, km 206, 400","StateOrProvince":"Rocha","Postcode":"27000","CountryID":237,"Latitude":-34.49604828178578,"Longitude":-54.32697354643881,"DistanceUnit":0},"OperatorID":3597,"DataProviderID":1,"UsageTypeID":1,"StatusTypeID":50,"Connections":[{"ID":437535,"ConnectionTypeID":33,"StatusTypeID":50,"LevelID":3,"PowerKW":60,"CurrentTypeID":30,"Quantity":2},{"ID":437536,"ConnectionTypeID":1036,"StatusTypeID":50,"LevelID":3,"PowerKW":43,"CurrentTypeID":20,"Quantity":1}]},{"ID":260136,"UUID":"4472B019-BDC2-41D1-8F76-58BC05AF1EAD","NumberOfPoints":1,"AddressInfo":{"ID":260520,"Title":"Punta del Este - Parada 3","AddressLine1":"Bulevar General José Gervasio Artigas","Town":"Punta Del Este","StateOrProvince":"Maldonado","Postcode":"20100","CountryID":237,"Latitude":-34.9503175455016,"Longitude":-54.93709606301479,"DistanceUnit":0},"OperatorID":1,"DataProviderID":1,"UsageTypeID":4,"StatusTypeID":50,"Connections":[{"ID":437530,"ConnectionTypeID":33,"StatusTypeID":50,"LevelID":3,"PowerKW":50,"CurrentTypeID":30,"Quantity":1},{"ID":437531,"ConnectionTypeID":2,"StatusTypeID":50,"LevelID":3,"PowerKW":50,"CurrentTypeID":30,"Quantity":1},{"ID":437532,"ConnectionTypeID":1036,"StatusTypeID":50,"LevelID":3,"PowerKW":43,"CurrentTypeID":20,"Quantity":1},{"ID":437533,"ConnectionTypeID":1036,"StatusTypeID":50,"LevelID":2,"PowerKW":22,"CurrentTypeID":20,"Quantity":1}],"MediaItems":[{"ID":38501,"ChargePointID":260136,"ItemURL":"https://media.openchargemap.io/images/UY/OCM260136/OCM-260136.orig.2023063001364991.jpg","ItemThumbnailURL":"https://media.openchargemap.io/images/UY/OCM260136/OCM-260136.thmb.2023063001364991.jpg","Comment":"","IsEnabled":true,"IsVideo":false,"IsFeaturedItem":false,"IsExternalResource":false,"User":{"ID":47174,"Username":"Ripido "},"DateCreated":"2023-06-30T01:37:00Z"},{"ID":38502,"ChargePointID":260136,"ItemURL":"https://media.openchargemap.io/images/UY/OCM260136/OCM-260136.orig.2023063001370933.jpg","ItemThumbnailURL":"https://media.openchargemap.io/images/UY/OCM260136/OCM-260136.thmb.2023063001370933.jpg","Comment":"","IsEnabled":true,"IsVideo":false,"IsFeaturedItem":false,"IsExternalResource":false,"User":{"ID":47174,"Username":"Ripido "},"DateCreated":"2023-06-30T01:37:00Z"}]},{"ID":260134,"UUID":"6590C390-E5D5-4B13-BE88-FB7BC9A753F2","NumberOfPoints":1,"AddressInfo":{"ID":260518,"Title":"Punta del Este - Parada 5","AddressLine1":"Avenida Franklin Delano Roosevelt","Town":"Punta Del Este","StateOrProvince":"Maldonado","Postcode":"20100","CountryID":237,"Latitude":-34.94201672181768,"Longitude":-54.93234317665093,"DistanceUnit":0},"OperatorID":1,"DataProviderID":1,"UsageTypeID":4,"StatusTypeID":50,"Connections":[{"ID":437525,"ConnectionTypeID":33,"StatusTypeID":50,"LevelID":3,"PowerKW":50,"CurrentTypeID":30,"Quantity":1},{"ID":437526,"ConnectionTypeID":2,"StatusTypeID":50,"LevelID":3,"PowerKW":50,"CurrentTypeID":30,"Quantity":1},{"ID":437527,"ConnectionTypeID":1036,"StatusTypeID":50,"LevelID":3,"PowerKW":43,"CurrentTypeID":20,"Quantity":1},{"ID":437528,"ConnectionTypeID":1036,"StatusTypeID":50,"LevelID":2,"PowerKW":22,"CurrentTypeID":20,"Quantity":2}]},{"ID":260132,"UUID":"903B6E61-E75F-4E93-8501-A54148799660","NumberOfPoints":1,"AddressInfo":{"ID":260516,"Title":"ANCAP Solanas","AddressLine1":"Los Ligustros","StateOrProvince":"Maldonado","Postcode":"20003","CountryID":237,"Latitude":-34.87854493528236,"Longitude":-55.053055097223705,"DistanceUnit":0},"OperatorID":1,"DataProviderID":1,"UsageTypeID":4,"StatusTypeID":50,"Connections":[{"ID":437514,"ConnectionTypeID":33,"StatusTypeID":50,"LevelID":3,"PowerKW":50,"CurrentTypeID":30,"Quantity":1},{"ID":437515,"ConnectionTypeID":2,"StatusTypeID":50,"LevelID":3,"PowerKW":50,"CurrentTypeID":30,"Quantity":1},{"ID":437516,"ConnectionTypeID":1036,"StatusTypeID":50,"LevelID":3,"PowerKW":43,"CurrentTypeID":20,"Quantity":1},{"ID":437517,"ConnectionTypeID":1036,"StatusTypeID":50,"LevelID":2,"PowerKW":22,"CurrentTypeID":20,"Quantity":2}],"MediaItems":[{"ID":38542,"ChargePointID":260132,"ItemURL":"https://media.openchargemap.io/images/UY/OCM260132/OCM-260132.orig.2023070209394951.jpg","ItemThumbnailURL":"https://media.openchargemap.io/images/UY/OCM260132/OCM-260132.thmb.2023070209394951.jpg","Comment":"","IsEnabled":true,"IsVideo":false,"IsFeaturedItem":false,"IsExternalResource":false,"User":{"ID":47174,"Username":"Ripido "},"DateCreated":"2023-07-02T09:40:00Z"}]},{"ID":260130,"UUID":"0EC7CF4D-62A4-45D7-969E-A65EF0B5ACE6","NumberOfPoints":2,"AddressInfo":{"ID":260514,"Title":"Costa Rica","AddressLine1":"Costa Rica","AddressLine2":"Carrasco","Town":"Montevideo","StateOrProvince":"Montevideo","Postcode":"11500","CountryID":237,"Latitude":-34.8841337112369,"Longitude":-56.058130393394265,"DistanceUnit":0},"OperatorID":1,"DataProviderID":1,"UsageTypeID":4,"StatusTypeID":50,"Connections":[{"ID":437510,"ConnectionTypeID":33,"StatusTypeID":50,"LevelID":3,"PowerKW":60,"CurrentTypeID":30,"Quantity":2},{"ID":558762,"ConnectionTypeID":33,"StatusTypeID":50,"Quantity":1},{"ID":558763,"ConnectionTypeID":0,"StatusTypeID":50,"Quantity":1}]},{"ID":260129,"UUID":"69F55049-F942-4C64-BF92-A7B30611D59B","NumberOfPoints":1,"AddressInfo":{"ID":260513,"Title":"Estadio Centenario","AddressLine1":"Avenida Doctor Américo Ricaldoni","AddressLine2":"La Blanqueada","Town":"Montevideo","StateOrProvince":"Montevideo","Postcode":"11820","CountryID":237,"Latitude":-34.89155276833056,"Longitude":-56.15446800420591,"DistanceUnit":0},"OperatorID":1,"DataProviderID":1,"UsageTypeID":4,"StatusTypeID":50,"Connections":[{"ID":437509,"ConnectionTypeID":33,"StatusTypeID":50,"LevelID":3,"PowerKW":60,"CurrentTypeID":30,"Quantity":2}]},{"ID":211092,"UUID":"DDCEB809-729A-4730-9C5D-8249BB56A477","NumberOfPoints":1,"AddressInfo":{"ID":211472,"Title":"Casino Parque Hotel","AddressLine1":"Dr. Luis Piera y Lauro Müller","AddressLine2":"Parque Rodó","StateOrProvince":"Montevideo","Postcode":"11200","CountryID":237,"Latitude":-34.912755889571436,"Longitude":-56.16974759315005,"DistanceUnit":0},"OperatorID":3597,"DataProviderID":1,"UsageTypeID":4,"StatusTypeID":50,"Connections":[{"ID":351885,"ConnectionTypeID":33,"StatusTypeID":50,"LevelID":3,"PowerKW":50,"CurrentTypeID":30,"Quantity":1},{"ID":351886,"ConnectionTypeID":2,"StatusTypeID":50,"LevelID":3,"PowerKW":50,"CurrentTypeID":30,"Quantity":1},{"ID":351887,"ConnectionTypeID":1036,"StatusTypeID":50,"LevelID":3,"Amps":63,"Voltage":400,"PowerKW":43,"CurrentTypeID":20,"Quantity":1},{"ID":351888,"ConnectionTypeID":1036,"StatusTypeID":50,"LevelID":3,"Amps":63,"Voltage":400,"PowerKW":43,"CurrentTypeID":20,"Quantity":1},{"ID":351889,"ConnectionTypeID":1036,"StatusTypeID":50,"LevelID":3,"Amps":63,"Voltage":400,"PowerKW":43,"CurrentTypeID":20,"Quantity":1}]},{"ID":211091,"UUID":"2CB285AC-2F2B-47D9-843D-B77B0B7C9BCC","NumberOfPoints":1,"AddressInfo":{"ID":211471,"Title":"Bulevar General Artigas","AddressLine1":"Bulevar General Artigas","AddressLine2":"Punta Carretas","StateOrProvince":"Montevideo","Postcode":"11303","CountryID":237,"Latitude":-34.9278661,"Longitude":-56.1617211,"DistanceUnit":0},"OperatorID":1,"DataProviderID":1,"UsageTypeID":4,"StatusTypeID":50,"Connections":[{"ID":351882,"ConnectionTypeID":33,"StatusTypeID":50,"LevelID":3,"PowerKW":50,"CurrentTypeID":30,"Quantity":1},{"ID":351883,"ConnectionTypeID":2,"StatusTypeID":50,"LevelID":3,"PowerKW":50,"CurrentTypeID":30,"Quantity":1},{"ID":351884,"ConnectionTypeID":1036,"StatusTypeID":50,"LevelID":3,"Amps":63,"Voltage":400,"PowerKW":43,"CurrentTypeID":20,"Quantity":4}],"MediaItems":[{"ID":38556,"ChargePointID":211091,"ItemURL":"https://media.openchargemap.io/images/UY/OCM211091/OCM-211091.orig.2023070403061943.jpg","ItemThumbnailURL":"https://media.openchargemap.io/images/UY/OCM211091/OCM-211091.thmb.2023070403061943.jpg","Comment":"","IsEnabled":true,"IsVideo":false,"IsFeaturedItem":false,"IsExternalResource":false,"User":{"ID":47174,"Username":"Ripido "},"DateCreated":"2023-07-04T03:06:00Z"}]},{"ID":211058,"UUID":"667B5C2F-BFF8-4814-A05A-52622647CFF4","NumberOfPoints":1,"AddressInfo":{"ID":211438,"Title":"Parque Nacional de Santa Teresa, Rocha","AddressLine1":"Ruta 9 Km 302, Rocha, Parque Nacional de Santa Teresa, Rocha","Town":"Santa Teresa","StateOrProvince":"ROCHA","CountryID":237,"Latitude":-34.001593500983724,"Longitude":-53.552461626442025,"RelatedURL":"https://movilidad.ute.com.uy/carga.html?tab=que-es-un-save","DistanceUnit":0},"OperatorID":1,"DataProviderID":1,"UsageTypeID":4,"StatusTypeID":50,"Connections":[{"ID":351827,"ConnectionTypeID":1036,"StatusTypeID":50,"LevelID":3,"Amps":63,"Voltage":400,"PowerKW":43,"CurrentTypeID":20,"Quantity":1},{"ID":437543,"ConnectionTypeID":33,"StatusTypeID":50,"LevelID":3,"PowerKW":60,"CurrentTypeID":30,"Quantity":2}]}]