[{"ID":266281,"UUID":"8EF2B92F-94A8-4868-8E6E-E1F83859F920","NumberOfPoints":1,"UsageCost":"70LKR/kWh","AddressInfo":{"ID":266665,"Title":"Modern Technology Lanka","AddressLine1":"299b Morris Rd","Town":"Galle","StateOrProvince":"Southern Province","Postcode":"80000","CountryID":211,"Latitude":6.069315662243753,"Longitude":80.23406323762545,"ContactTelephone1":"0771480884","DistanceUnit":0},"OperatorID":227,"DataProviderID":1,"UsageTypeID":4,"StatusTypeID":50,"Connections":[{"ID":453121,"ConnectionTypeID":1,"StatusTypeID":50,"LevelID":2,"Amps":30,"Voltage":220,"PowerKW":6.6,"CurrentTypeID":10,"Quantity":1}]},{"ID":264394,"UUID":"CE19EE88-4CC7-4A84-A4E5-7F37FF4F9FE5","NumberOfPoints":1,"UsageCost":"30 LKR per minute","AddressInfo":{"ID":264778,"Title":"Galle EV Point ","AddressLine1":"Southern Expy Access Rd, Walahanduwa, Sri Lanka","Town":"Galle","StateOrProvince":"Southern Province","CountryID":211,"Latitude":6.051663709744403,"Longitude":80.25802011710846,"ContactTelephone1":"0767604103 ","ContactTelephone2":"0717771710 ","AccessComments":"Must have EVPoint Card","DistanceUnit":0},"OperatorID":3502,"DataProviderID":1,"UsageTypeID":4,"StatusTypeID":50,"Connections":[{"ID":448260,"ConnectionTypeID":2,"StatusTypeID":50,"LevelID":3,"Amps":125,"Voltage":400,"PowerKW":50,"CurrentTypeID":30,"Quantity":1}]},{"ID":264392,"UUID":"F0BA0BA5-A048-46FF-A81A-8744707F29FB","NumberOfPoints":1,"UsageCost":"Day : 83.08 LKR/kWh | Peak : 107.70 LKR/kWh | Off Peak : 51.29 LKR/kWh ","AddressInfo":{"ID":264776,"Title":"Ceylon Electricity Board - Avissawella","AddressLine1":"Avissawella By Pass Rd, Avissawella","Town":"Avissawella","StateOrProvince":"Western Province","CountryID":211,"Latitude":6.94758866739781,"Longitude":80.21436823239577,"ContactTelephone1":"0717219775","RelatedURL":"https://ev.ceb.lk/","DistanceUnit":0},"OperatorID":227,"DataProviderID":1,"UsageTypeID":4,"StatusTypeID":50,"Connections":[{"ID":448257,"ConnectionTypeID":2,"StatusTypeID":50,"LevelID":3,"Amps":125,"Voltage":400,"PowerKW":50,"CurrentTypeID":30,"Quantity":1}]},{"ID":264391,"UUID":"55281BD9-6B94-4723-83FD-53A3481C0D90","NumberOfPoints":1,"UsageCost":"Day : 83.08 LKR/kWh | Peak : 107.70 LKR/kWh | Off Peak : 51.29 LKR/kWh ","AddressInfo":{"ID":264775,"Title":"Ceylon Electricity Board - Nuwara Eliya","AddressLine1":"5 Upper Lake Rd, Nuwara Eliya, Sri Lanka","Town":" Nuwara Eliya","StateOrProvince":"Central Province","Postcode":"22200","CountryID":211,"Latitude":6.96580130041778,"Longitude":80.77193220574014,"ContactTelephone1":"0522 222 343","RelatedURL":"https://ev.ceb.lk/","DistanceUnit":0},"OperatorID":227,"DataProviderID":1,"UsageTypeID":4,"StatusTypeID":50,"Connections":[{"ID":448256,"ConnectionTypeID":2,"StatusTypeID":50,"LevelID":3,"Amps":125,"Voltage":400,"PowerKW":50,"CurrentTypeID":30,"Quantity":1}]},{"ID":264389,"UUID":"722117BD-AB88-4412-A7FC-EB7E4FE2D009","NumberOfPoints":1,"UsageCost":"Day : 83.08 LKR/kWh | Peak : 107.70 LKR/kWh | Off Peak : 51.29 LKR/kWh ","AddressInfo":{"ID":264773,"Title":"Ceylon Electricity Board - Kandy","AddressLine1":"Thilak Ratnayake Mawatha, Kandy, Sri Lanka","Town":"Kandy","StateOrProvince":"Central Province","CountryID":211,"Latitude":7.294207787655225,"Longitude":80.63379397673481,"ContactTelephone1":"0717219775 ","RelatedURL":"https://ev.ceb.lk/","DistanceUnit":0},"OperatorID":227,"DataProviderID":1,"UsageTypeID":4,"StatusTypeID":50,"Connections":[{"ID":448254,"ConnectionTypeID":2,"StatusTypeID":50,"LevelID":3,"Amps":125,"Voltage":400,"PowerKW":50,"CurrentTypeID":30,"Quantity":1}]},{"ID":264388,"UUID":"8A797A9A-B025-483F-A354-B0B3E22F89D4","NumberOfPoints":1,"UsageCost":"Day : 83.08 LKR/kWh | Peak : 107.70 LKR/kWh | Off Peak : 51.29 LKR/kWh ","AddressInfo":{"ID":264772,"Title":"Ceylon Electricity Board - Dambulla","AddressLine1":"352a Kurunegala Rd, Dambulla","Town":"Dambulla","StateOrProvince":"Central Province","CountryID":211,"Latitude":7.869633540843466,"Longitude":80.64822474274945,"ContactTelephone1":"0717219775","RelatedURL":"https://ev.ceb.lk/","DistanceUnit":0},"OperatorID":227,"DataProviderID":1,"UsageTypeID":4,"StatusTypeID":50,"Connections":[{"ID":448253,"ConnectionTypeID":2,"StatusTypeID":50,"LevelID":3,"Amps":125,"Voltage":400,"PowerKW":50,"CurrentTypeID":30,"Quantity":1}]},{"ID":264387,"UUID":"2295249C-8BFC-47EB-B716-2DEAEAB3E52C","NumberOfPoints":1,"UsageCost":"Day : 83.08 LKR/kWh | Peak : 107.70 LKR/kWh | Off Peak : 51.29 LKR/kWh ","AddressInfo":{"ID":264771,"Title":"Ceylon Electricity Board - Anuradhapura","AddressLine1":"1871 Vidyala Mawatha, Anuradhapura","Town":"Anuradhapura","StateOrProvince":"North Central Province","CountryID":211,"Latitude":8.329664541564298,"Longitude":80.40635525555717,"ContactTelephone1":"0717219775","RelatedURL":"https://ev.ceb.lk/","DistanceUnit":0},"OperatorID":227,"DataProviderID":1,"UsageTypeID":4,"StatusTypeID":50,"Connections":[{"ID":448252,"ConnectionTypeID":2,"StatusTypeID":50,"LevelID":3,"Amps":125,"Voltage":400,"PowerKW":50,"CurrentTypeID":30,"Quantity":1}]},{"ID":264386,"UUID":"3A2EA775-7102-405C-93EB-9121CB418968","NumberOfPoints":1,"UsageCost":"Day : 83.08 LKR/kWh | Peak : 107.70 LKR/kWh | Off Peak : 51.29 LKR/kWh ","AddressInfo":{"ID":264770,"Title":"Ceylon Electricity Board - Pannipitiya","AddressLine1":"370 High Level Rd, Pannipitiya 10230, Sri Lanka","Town":"Colombo","StateOrProvince":"Western Province","CountryID":211,"Latitude":6.844901395269417,"Longitude":79.94073377775248,"ContactTelephone1":"0717219775 ","RelatedURL":"https://ev.ceb.lk/","DistanceUnit":0},"OperatorID":227,"DataProviderID":1,"UsageTypeID":4,"StatusTypeID":50,"Connections":[{"ID":448251,"ConnectionTypeID":2,"StatusTypeID":50,"LevelID":3,"Amps":125,"Voltage":400,"PowerKW":50,"CurrentTypeID":30,"Quantity":1}]},{"ID":264385,"UUID":"53DD603C-AD19-4EAF-BD84-B0C9F4837345","NumberOfPoints":1,"UsageCost":"Day : 83.08 LKR/kWh | Peak : 107.70 LKR/kWh | Off Peak : 51.29 LKR/kWh ","AddressInfo":{"ID":264769,"Title":"Ceylon Electricity Board - Dehiwala","AddressLine1":"25 Council Ln, Dehiwala-Mount Lavinia","Town":"Colombo","StateOrProvince":"Western Province","CountryID":211,"Latitude":6.862169228518255,"Longitude":79.86512609215788,"ContactTelephone1":"0717219775 ","RelatedURL":"https://ev.ceb.lk/","DistanceUnit":0},"OperatorID":227,"DataProviderID":1,"UsageTypeID":4,"StatusTypeID":50,"Connections":[{"ID":448250,"ConnectionTypeID":2,"StatusTypeID":50,"LevelID":3,"Amps":125,"Voltage":400,"PowerKW":50,"CurrentTypeID":30,"Quantity":1}]},{"ID":264384,"UUID":"ABE7308F-4076-4F2E-BCC9-0AC9B2F00E38","NumberOfPoints":1,"UsageCost":"70LKR/kWh","AddressInfo":{"ID":264768,"Title":"MJ.COM Service L2 Charger","AddressLine1":"No 128, Nattarampotha, Kundasale, Kandy","Town":"Kandy","StateOrProvince":"Central Province","CountryID":211,"Latitude":7.279591860559506,"Longitude":80.67698021255649,"ContactTelephone1":"0772267135","DistanceUnit":0},"OperatorID":227,"DataProviderID":1,"UsageTypeID":4,"StatusTypeID":50,"Connections":[{"ID":448249,"ConnectionTypeID":1,"StatusTypeID":50,"LevelID":2,"Amps":30,"Voltage":220,"PowerKW":6.6,"CurrentTypeID":10,"Quantity":1}]},{"ID":264383,"UUID":"1BC796AF-01A3-4C57-B694-232D393D273A","NumberOfPoints":1,"UsageCost":"120LKR/kWh","AddressInfo":{"ID":264767,"Title":"Broad Auto Hybrid Service","AddressLine1":"Broad Auto Hybrid Service, Madawala Roadd, Polgolla, Katugastota.","Town":"Katugastota","StateOrProvince":"Central Province","CountryID":211,"Latitude":7.324777326878163,"Longitude":80.64447343159065,"ContactTelephone1":"0727453572","DistanceUnit":0},"OperatorID":227,"DataProviderID":1,"UsageTypeID":4,"StatusTypeID":50,"Connections":[{"ID":448248,"ConnectionTypeID":2,"StatusTypeID":50,"LevelID":3,"Amps":60,"Voltage":400,"PowerKW":24,"CurrentTypeID":30,"Quantity":1}]},{"ID":264382,"UUID":"23186542-B57E-4F9F-B7A8-CB5648D6BA9A","NumberOfPoints":1,"UsageCost":"70LKR/kWh","AddressInfo":{"ID":264766,"Title":"ChargeNET - Kandy (Upali)","AddressLine1":"No.44/10, Banabus road, Watapuluwa, Kandy","Town":"Kandy","StateOrProvince":"Central Province","CountryID":211,"Latitude":7.314339373845542,"Longitude":80.63905616427053,"ContactTelephone1":"0727453572","AccessComments":"PLEASE CALL PRIOR TO ARRIVAL","DistanceUnit":0},"OperatorID":227,"DataProviderID":1,"UsageTypeID":4,"StatusTypeID":50,"Connections":[{"ID":448247,"ConnectionTypeID":1,"StatusTypeID":50,"LevelID":2,"Amps":30,"Voltage":220,"PowerKW":6.6,"CurrentTypeID":10,"Quantity":1}]},{"ID":264381,"UUID":"9FE18282-7C12-4C1A-B009-40CBD7D17ABF","NumberOfPoints":1,"UsageCost":"70LKR/kWh","AddressInfo":{"ID":264765,"Title":"Cinnamon Citadel","AddressLine1":"No. 124, Srimath Kuda Ratwatte Mawatha, Kandy","Town":"Kandy","StateOrProvince":"Central Province","CountryID":211,"Latitude":7.305863827786368,"Longitude":80.62442057438363,"ContactTelephone1":"0812234365","DistanceUnit":0},"OperatorID":227,"DataProviderID":1,"UsageTypeID":4,"StatusTypeID":50,"Connections":[{"ID":448246,"ConnectionTypeID":1,"StatusTypeID":50,"LevelID":2,"Amps":30,"Voltage":220,"PowerKW":6.6,"CurrentTypeID":10,"Quantity":1}]},{"ID":264380,"UUID":"E6242EFD-9FCE-4E1D-9AB6-0A5DF83B06A8","NumberOfPoints":1,"UsageCost":"70LKR/kWh","AddressInfo":{"ID":264764,"Title":"SIGNEX - Kiribathkubura","AddressLine1":"No:363, Colombo Road, Kehelwala, Kiribathkubura, Peradeniya","Town":"Peradeniya","StateOrProvince":"Central Province","CountryID":211,"Latitude":7.268413883518775,"Longitude":80.5807821943767,"ContactTelephone1":"0718705960","DistanceUnit":0},"OperatorID":227,"DataProviderID":1,"UsageTypeID":4,"StatusTypeID":50,"Connections":[{"ID":448245,"ConnectionTypeID":1,"StatusTypeID":50,"LevelID":2,"Amps":30,"Voltage":220,"PowerKW":6.6,"CurrentTypeID":10,"Quantity":1}]},{"ID":264379,"UUID":"1E3EEA47-4415-4C5B-8442-012FE9E3A87F","NumberOfPoints":1,"UsageCost":"70LKR/kWh","AddressInfo":{"ID":264763,"Title":"Bupasha Holiday Bungalow","AddressLine1":"Walliyakwatta, 2nd mile post, Ginigathhena road, Nawalapitiya","Town":"Nawalapitiya","StateOrProvince":"Central Province","CountryID":211,"Latitude":7.051427816828067,"Longitude":80.5133520696424,"ContactTelephone1":"0727453572","ContactTelephone2":"0543541215","DistanceUnit":0},"OperatorID":227,"DataProviderID":1,"UsageTypeID":4,"StatusTypeID":50,"Connections":[{"ID":448244,"ConnectionTypeID":1,"StatusTypeID":50,"LevelID":2,"Amps":30,"Voltage":220,"PowerKW":6.6,"CurrentTypeID":10,"Quantity":1}]},{"ID":264378,"UUID":"2982BE44-F6A9-49FE-B06B-E1EE4F05091E","NumberOfPoints":1,"UsageCost":"120LKR/kWh","AddressInfo":{"ID":264762,"Title":"Jayasiri Windscreen House","AddressLine1":"No.607, Kandy road, Hingula, Mawanella","Town":"Mawanella","StateOrProvince":"Central Province","CountryID":211,"Latitude":7.247725472216552,"Longitude":80.46596397024831,"ContactTelephone1":"0727453572","ContactTelephone2":"0115 551 551","DistanceUnit":0},"OperatorID":227,"DataProviderID":1,"UsageTypeID":4,"StatusTypeID":50,"Connections":[{"ID":448243,"ConnectionTypeID":2,"StatusTypeID":50,"LevelID":3,"Amps":60,"Voltage":400,"PowerKW":24,"CurrentTypeID":30,"Quantity":1}]},{"ID":264377,"UUID":"69921B82-CD79-4521-BF9D-1772D4A0D97E","NumberOfPoints":1,"UsageCost":"70LKR/kWh","AddressInfo":{"ID":264761,"Title":"Kandylines Equipment Catering Service","AddressLine1":"No. 40, Club Road, Kegalle","Town":"Kegalle","StateOrProvince":"Central Province","CountryID":211,"Latitude":7.248294424699523,"Longitude":80.34108477186231,"ContactTelephone1":"0354354050","DistanceUnit":0},"OperatorID":227,"DataProviderID":1,"UsageTypeID":4,"StatusTypeID":50,"Connections":[{"ID":448242,"ConnectionTypeID":1,"StatusTypeID":50,"LevelID":2,"Amps":30,"Voltage":220,"PowerKW":6.6,"CurrentTypeID":10,"Quantity":1}]},{"ID":264376,"UUID":"B8A68A54-F75E-460A-9083-8DD9346A242F","NumberOfPoints":2,"AddressInfo":{"ID":264760,"Title":"Currymuch Hotel and Restaurant","AddressLine1":"Palamagawa watta, Yattogoda, Nelundeniya","Town":"Nelundeniya","StateOrProvince":"Central Province","CountryID":211,"Latitude":7.237250713105548,"Longitude":80.27218015256545,"ContactTelephone1":"0770555553","DistanceUnit":0},"OperatorID":227,"DataProviderID":1,"UsageTypeID":4,"StatusTypeID":50,"Connections":[{"ID":448240,"ConnectionTypeID":2,"StatusTypeID":50,"LevelID":3,"Amps":60,"Voltage":400,"PowerKW":24,"CurrentTypeID":30,"Quantity":1},{"ID":448241,"ConnectionTypeID":1,"StatusTypeID":50,"LevelID":2,"Amps":30,"Voltage":220,"PowerKW":6.6,"CurrentTypeID":10,"Quantity":1}]},{"ID":264375,"UUID":"86F93814-6F5B-41D9-BF21-69E02F630E09","NumberOfPoints":1,"AddressInfo":{"ID":264759,"Title":"Wedamadura Medicare Charging Station","AddressLine1":"Wedamadura, Kuliyapitiya Road,Narammala","Town":"Narammala","StateOrProvince":"North Central","CountryID":211,"Latitude":7.433628737842412,"Longitude":80.21199903799015,"ContactTelephone1":"0714976692","ContactTelephone2":"0373143143","DistanceUnit":0},"OperatorID":227,"DataProviderID":1,"UsageTypeID":4,"StatusTypeID":50,"Connections":[{"ID":448238,"ConnectionTypeID":2,"StatusTypeID":50,"LevelID":3,"Amps":60,"Voltage":400,"PowerKW":24,"CurrentTypeID":30,"Quantity":1},{"ID":448239,"ConnectionTypeID":1,"StatusTypeID":50,"LevelID":2,"Amps":30,"Voltage":220,"PowerKW":6.6,"CurrentTypeID":10,"Quantity":1}]},{"ID":264374,"UUID":"F58C5A6A-9D3E-4C58-9C49-9653F9DC5E89","NumberOfPoints":1,"UsageCost":"70LKR/kWh","AddressInfo":{"ID":264758,"Title":"Technokaru - Dambulla","AddressLine1":"Technokaru Private Limited, Dambulla","Town":"Dambulla","StateOrProvince":"North Central Province","CountryID":211,"Latitude":7.777798216134769,"Longitude":80.66114760765367,"ContactTelephone1":"0773040370","DistanceUnit":0},"OperatorID":227,"DataProviderID":1,"UsageTypeID":4,"StatusTypeID":50,"Connections":[{"ID":448237,"ConnectionTypeID":1,"StatusTypeID":50,"LevelID":2,"Amps":30,"Voltage":220,"PowerKW":6.6,"CurrentTypeID":10,"Quantity":1}]},{"ID":264373,"UUID":"1130FCC9-D205-476D-89DB-BD5DC2EB05BE","NumberOfPoints":1,"UsageCost":"70LKR/kWh","AddressInfo":{"ID":264757,"Title":"Wood House Karuwalagaswewa","AddressLine1":"639/D, Palugassegama, Karuwalagaswewa","Town":"Karuwalagaswewa","StateOrProvince":"North Central Province","CountryID":211,"Latitude":8.174626539579904,"Longitude":80.0794668998069,"ContactTelephone1":"0772920991","DistanceUnit":0},"OperatorID":227,"DataProviderID":1,"UsageTypeID":4,"StatusTypeID":50,"Connections":[{"ID":448236,"ConnectionTypeID":1,"StatusTypeID":50,"LevelID":2,"Amps":30,"Voltage":220,"PowerKW":6.6,"CurrentTypeID":10,"Quantity":1}]},{"ID":264372,"UUID":"4BE4A565-D7E6-4120-ADD6-0862C0D3E4DA","NumberOfPoints":2,"UsageCost":"70LKR/kWh","AddressInfo":{"ID":264756,"Title":"Habarana Village by Cinnamon","AddressLine1":"PO Box 01, Habarana","Town":"Habarana","StateOrProvince":"North Central Province","CountryID":211,"Latitude":8.037399720106592,"Longitude":80.75116387661092,"ContactTelephone1":"0662270047","DistanceUnit":0},"OperatorID":227,"DataProviderID":1,"UsageTypeID":4,"StatusTypeID":50,"Connections":[{"ID":448234,"ConnectionTypeID":1,"StatusTypeID":50,"LevelID":2,"Amps":30,"Voltage":220,"PowerKW":6.6,"CurrentTypeID":10,"Quantity":1},{"ID":448235,"ConnectionTypeID":1,"StatusTypeID":50,"LevelID":2,"Amps":30,"Voltage":220,"PowerKW":6.6,"CurrentTypeID":10,"Quantity":1}]},{"ID":264371,"UUID":"C310DEC3-CA68-44B6-B518-BA18CE6618DD","NumberOfPoints":1,"UsageCost":"70LKR/kWh","AddressInfo":{"ID":264755,"Title":"SLNP Filling Station","AddressLine1":"SLNP Filling Station, No.155, 6th Mile Post, Nilaveli Main Road, Trincomalee","Town":"Trincomalee","StateOrProvince":"Eastern","CountryID":211,"Latitude":8.62833162137889,"Longitude":81.20549849379847,"DistanceUnit":0},"OperatorID":227,"DataProviderID":1,"UsageTypeID":4,"StatusTypeID":50,"Connections":[{"ID":448233,"ConnectionTypeID":1,"StatusTypeID":50,"LevelID":2,"Amps":30,"Voltage":220,"PowerKW":6.6,"CurrentTypeID":10,"Quantity":1}]},{"ID":264370,"UUID":"C6C074D2-E215-47D6-8526-76B2BD70C371","NumberOfPoints":1,"UsageCost":"70LKR/kWh","AddressInfo":{"ID":264754,"Title":"Trinco Blu by Cinnamon","AddressLine1":"Sampaltive Post, Uppuveli, Trincomalee","Town":"Trincomalee","StateOrProvince":"Eastern Province","CountryID":211,"Latitude":8.61783208279516,"Longitude":81.21750232354225,"ContactTelephone1":"0262222307","DistanceUnit":0},"OperatorID":227,"DataProviderID":1,"UsageTypeID":4,"StatusTypeID":50,"Connections":[{"ID":448232,"ConnectionTypeID":1,"StatusTypeID":50,"LevelID":2,"Amps":30,"Voltage":220,"PowerKW":6.6,"CurrentTypeID":10,"Quantity":1}]},{"ID":264369,"UUID":"86F8F875-FA51-4488-8CD0-32FD35624157","NumberOfPoints":1,"UsageCost":"70LKR/kWh","AddressInfo":{"ID":264753,"Title":"Riviera Resort","AddressLine1":"Riviera Resort, New Dutch Bar Road Kallady, Batticaloa","Town":"Batticaloa","StateOrProvince":"Eastern Province","CountryID":211,"Latitude":7.720057248004565,"Longitude":81.71012738138006,"ContactTelephone1":"0654929165","DistanceUnit":0},"OperatorID":227,"DataProviderID":1,"UsageTypeID":4,"StatusTypeID":50,"Connections":[{"ID":448231,"ConnectionTypeID":1,"StatusTypeID":50,"LevelID":2,"Amps":30,"Voltage":220,"PowerKW":6.6,"CurrentTypeID":10,"Quantity":1}]},{"ID":264368,"UUID":"27EBDE3E-3201-47F3-9068-7B8A7027E0AA","NumberOfPoints":1,"UsageCost":"70LKR/kWh","AddressInfo":{"ID":264752,"Title":"EVTopUpPoint - Wellawaya","AddressLine1":"No.100, Yalabowa, Wellawaya","Town":"Wellawaya","CountryID":211,"Latitude":6.719210786124748,"Longitude":81.1045585974004,"ContactTelephone1":"0777909498","DistanceUnit":0},"OperatorID":227,"DataProviderID":1,"UsageTypeID":4,"StatusTypeID":50,"Connections":[{"ID":448230,"ConnectionTypeID":1,"StatusTypeID":50,"LevelID":2,"Amps":30,"Voltage":220,"PowerKW":6.6,"CurrentTypeID":10,"Quantity":1}]},{"ID":263927,"UUID":"E0DF81DF-A313-419D-8DF9-3FCE855683AB","NumberOfPoints":1,"UsageCost":"70LKR/kWh","AddressInfo":{"ID":264311,"Title":"Cinnamon Wild - Yala","AddressLine1":"PO Box 01, Kirinda, Tissamaharama,","Town":"Tissamaharama","StateOrProvince":"Southern Province","CountryID":211,"Latitude":6.259201529568315,"Longitude":81.40469450276896,"ContactTelephone1":"0112306600","DistanceUnit":0},"OperatorID":227,"DataProviderID":1,"UsageTypeID":4,"StatusTypeID":50,"Connections":[{"ID":446911,"ConnectionTypeID":1,"StatusTypeID":50,"LevelID":2,"Amps":30,"Voltage":220,"PowerKW":6.6,"CurrentTypeID":10,"Quantity":1}]},{"ID":263926,"UUID":"05D97244-0DA0-4925-A83A-91C2F7A9ADF4","NumberOfPoints":2,"AddressInfo":{"ID":264310,"Title":"MEV Matara EV Charging Station","AddressLine1":"No. 92/1, Yehiya Road, Issadeen Town, Matara","Town":"Matara","StateOrProvince":"Southern Province","CountryID":211,"Latitude":5.955080690490959,"Longitude":80.52422555059604,"ContactTelephone1":"0710168151","DistanceUnit":0},"OperatorID":227,"DataProviderID":1,"UsageTypeID":4,"StatusTypeID":50,"Connections":[{"ID":446909,"ConnectionTypeID":2,"StatusTypeID":50,"LevelID":3,"Amps":60,"Voltage":400,"PowerKW":24,"CurrentTypeID":30,"Quantity":1},{"ID":446910,"ConnectionTypeID":1,"StatusTypeID":50,"LevelID":2,"Amps":30,"Voltage":220,"PowerKW":6.6,"CurrentTypeID":10,"Quantity":1}]},{"ID":263925,"UUID":"14EB8F61-F44A-4619-8EF6-7CDF0078FF06","NumberOfPoints":2,"AddressInfo":{"ID":264309,"Title":"EV Matara Malimbda Station","AddressLine1":"Tankiya Kade, Malimbada, Matara","Town":"Matara","StateOrProvince":"Southern Province","CountryID":211,"Latitude":6.0059245439870494,"Longitude":80.51823671437705,"ContactTelephone1":"0743644257","DistanceUnit":0},"OperatorID":227,"DataProviderID":1,"UsageTypeID":4,"StatusTypeID":50,"Connections":[{"ID":446907,"ConnectionTypeID":2,"StatusTypeID":50,"LevelID":3,"Amps":60,"Voltage":400,"PowerKW":24,"CurrentTypeID":30,"Quantity":1},{"ID":446908,"ConnectionTypeID":1,"StatusTypeID":50,"LevelID":2,"Amps":30,"Voltage":220,"PowerKW":6.6,"CurrentTypeID":10,"Quantity":1}]},{"ID":263924,"UUID":"B4645FEA-BCED-48E5-8AE1-7C56C2A992AF","NumberOfPoints":1,"UsageCost":"70LKR/kWh","AddressInfo":{"ID":264308,"Title":"Hikka Tranz by Cinnamon","AddressLine1":"Galle Road, Hikkaduwa","Town":"Hikkaduwa","StateOrProvince":"Southern Province","CountryID":211,"Latitude":6.131581484226828,"Longitude":80.10110874347635,"ContactTelephone1":"0912277188","DistanceUnit":0},"OperatorID":227,"DataProviderID":1,"UsageTypeID":4,"StatusTypeID":50,"Connections":[{"ID":446906,"ConnectionTypeID":1,"StatusTypeID":50,"LevelID":2,"Amps":30,"Voltage":220,"PowerKW":6.6,"CurrentTypeID":10,"Quantity":1}]},{"ID":263923,"UUID":"0A9BB204-24A1-413B-A2FE-99DF9D7E0AEE","NumberOfPoints":2,"AddressInfo":{"ID":264307,"Title":"Canowin Arcade Welipenna - Northbound Rest Stop","AddressLine1":"Canowin Arcade Welipenna","Town":"Welipenna","StateOrProvince":"Western Province","Postcode":"12100","CountryID":211,"Latitude":6.469595097031586,"Longitude":80.07680434600206,"ContactTelephone1":"0703727242","ContactTelephone2":"0703727243","DistanceUnit":0},"OperatorID":227,"DataProviderID":1,"UsageTypeID":4,"StatusTypeID":50,"Connections":[{"ID":446904,"ConnectionTypeID":2,"StatusTypeID":50,"LevelID":3,"Amps":60,"Voltage":400,"PowerKW":24,"CurrentTypeID":30,"Quantity":1},{"ID":446905,"ConnectionTypeID":1,"StatusTypeID":50,"LevelID":2,"Amps":30,"Voltage":220,"PowerKW":6.6,"CurrentTypeID":10,"Quantity":1}]},{"ID":263922,"UUID":"BD2A1998-0C16-4F6F-B377-15F6A235969E","NumberOfPoints":2,"AddressInfo":{"ID":264306,"Title":"Canowin Arcade Welipenna - Southbound Rest Stop","AddressLine1":"Canowin Arcade Welipenna","Town":"Welipenna","StateOrProvince":"Western Province","Postcode":"12100","CountryID":211,"Latitude":6.468380656163859,"Longitude":80.07944217756074,"DistanceUnit":0},"OperatorID":227,"DataProviderID":1,"UsageTypeID":4,"StatusTypeID":50,"Connections":[{"ID":446902,"ConnectionTypeID":2,"StatusTypeID":50,"LevelID":3,"Amps":60,"Voltage":400,"PowerKW":24,"CurrentTypeID":30,"Quantity":1},{"ID":446903,"ConnectionTypeID":1,"StatusTypeID":50,"LevelID":2,"Amps":30,"Voltage":220,"PowerKW":6.6,"CurrentTypeID":10,"Quantity":1}]},{"ID":263921,"UUID":"E689FAE8-8A00-4FF7-B53C-2C528A500215","NumberOfPoints":1,"UsageCost":"70LKR/kWh","AddressInfo":{"ID":264305,"Title":" US Power-Dharga Town","AddressLine1":"Thiloka Holdings, Galhena Junction, Beruwala","Town":"Beruwala","StateOrProvince":"Western","CountryID":211,"Latitude":6.452956842986239,"Longitude":80.00526029895468,"ContactTelephone1":"0777300688","DistanceUnit":0},"OperatorID":227,"DataProviderID":1,"UsageTypeID":4,"StatusTypeID":50,"Connections":[{"ID":446901,"ConnectionTypeID":1,"StatusTypeID":50,"LevelID":2,"Amps":30,"Voltage":220,"PowerKW":6.6,"CurrentTypeID":10,"Quantity":1}]},{"ID":263920,"UUID":"946956AB-D12A-4C39-AD6F-5A671518C1D1","NumberOfPoints":1,"UsageCost":"70LKR/kWh","AddressInfo":{"ID":264304,"Title":"Cinnamon Bey Beruwala","AddressLine1":"Moragalla, Beruwala","Town":"Beruwala","StateOrProvince":"Western","CountryID":211,"Latitude":6.4530212111372975,"Longitude":79.9790263949219,"ContactTelephone1":"0342297000","DistanceUnit":0},"OperatorID":227,"DataProviderID":1,"UsageTypeID":4,"StatusTypeID":50,"Connections":[{"ID":446900,"ConnectionTypeID":1,"StatusTypeID":50,"LevelID":2,"Amps":30,"Voltage":220,"PowerKW":6.6,"CurrentTypeID":10,"Quantity":1}]},{"ID":263919,"UUID":"0712C9BD-93F2-478D-80DB-F6EF9769832F","NumberOfPoints":1,"UsageCost":"70LKR/kWh","AddressInfo":{"ID":264303,"Title":"Fonseka Charging Station","AddressLine1":"2/82, Viharakanda Road, Maha Payagala, Payagala","Town":"Payagala","StateOrProvince":"Western","CountryID":211,"Latitude":6.52772782151942,"Longitude":79.97907414835322,"ContactTelephone1":"0778967331","DistanceUnit":0},"OperatorID":227,"DataProviderID":1,"UsageTypeID":4,"StatusTypeID":50,"Connections":[{"ID":446899,"ConnectionTypeID":1,"StatusTypeID":50,"LevelID":2,"Amps":30,"Voltage":220,"PowerKW":6.6,"CurrentTypeID":10,"Quantity":1}]},{"ID":263918,"UUID":"59D6C9CE-B725-48CE-93D3-A57AC7C09D51","NumberOfPoints":2,"UsageCost":"70LKR/kWh","AddressInfo":{"ID":264302,"Title":"Citrus Waskaduwa","AddressLine1":"427 Samanthara Rd, Waskaduwa","Town":"Kalutara","StateOrProvince":"Western","Postcode":"12580 ","CountryID":211,"Latitude":6.625280118774469,"Longitude":79.94220264688329,"ContactTelephone1":"0347634634","ContactTelephone2":"0769777989","DistanceUnit":0},"OperatorID":227,"DataProviderID":1,"UsageTypeID":4,"StatusTypeID":50,"Connections":[{"ID":446897,"ConnectionTypeID":1,"StatusTypeID":50,"LevelID":2,"Amps":30,"Voltage":220,"PowerKW":6.6,"CurrentTypeID":10,"Quantity":1},{"ID":446898,"ConnectionTypeID":1,"StatusTypeID":50,"LevelID":2,"Amps":30,"Voltage":220,"PowerKW":6.6,"CurrentTypeID":10,"Quantity":1}]},{"ID":263912,"UUID":"E02C24BC-8FCE-4734-A8D7-CFBA72D861FB","NumberOfPoints":2,"AddressInfo":{"ID":264296,"Title":"Ellakkala EV Charging Station","AddressLine1":"No.134C, Nahallawatta, Ellakkala.","Town":"Pasyala","StateOrProvince":"Western Province","CountryID":211,"Latitude":7.146629046778031,"Longitude":80.13148863061156,"ContactTelephone1":"0727453572","DistanceUnit":0},"OperatorID":227,"DataProviderID":1,"UsageTypeID":4,"StatusTypeID":50,"Connections":[{"ID":446881,"ConnectionTypeID":2,"StatusTypeID":50,"LevelID":3,"Amps":60,"Voltage":400,"PowerKW":24,"CurrentTypeID":30,"Quantity":1},{"ID":446882,"ConnectionTypeID":1,"StatusTypeID":50,"LevelID":2,"Amps":30,"Voltage":220,"PowerKW":6.6,"CurrentTypeID":10,"Quantity":1}]},{"ID":263911,"UUID":"8B1853F4-6517-4686-9420-504F4715BE1D","NumberOfPoints":1,"UsageCost":"80LKR/kWh","AddressInfo":{"ID":264295,"Title":"Veyangoda L2 Charger","AddressLine1":"No 162/5, Walpitamulla, Dewalapola, Veyangoda ","Town":"Veyangoda","StateOrProvince":"Western Province","CountryID":211,"Latitude":7.1609379894247525,"Longitude":80.01351561891147,"ContactTelephone1":"0773879037","ContactTelephone2":"0778379549","DistanceUnit":0},"OperatorID":227,"DataProviderID":1,"UsageTypeID":4,"StatusTypeID":50,"Connections":[{"ID":446880,"ConnectionTypeID":1,"StatusTypeID":50,"LevelID":2,"Amps":30,"Voltage":220,"PowerKW":6.6,"CurrentTypeID":10,"Quantity":1}]},{"ID":263910,"UUID":"A6EEB2D9-D7CC-48DD-B726-2797313306FC","NumberOfPoints":1,"UsageCost":"120LKR/kWh","AddressInfo":{"ID":264294,"Title":"NKR Minuwangoda","AddressLine1":"No : 459/D, MAHAGAM, HORAMPELLA, MINUWANGODA","Town":"Minuwangoda","StateOrProvince":"Western","CountryID":211,"Latitude":7.17872168795553,"Longitude":79.97274210568054,"ContactTelephone1":"0779442113","DistanceUnit":0},"OperatorID":227,"DataProviderID":1,"UsageTypeID":4,"StatusTypeID":50,"Connections":[{"ID":446879,"ConnectionTypeID":2,"StatusTypeID":50,"LevelID":3,"Amps":60,"Voltage":400,"PowerKW":24,"CurrentTypeID":30,"Quantity":1}]},{"ID":263909,"UUID":"40DBBD66-7750-44C8-9814-0D3B1CC1B851","NumberOfPoints":1,"UsageCost":"120LKR/kWh","AddressInfo":{"ID":264293,"Title":"Kurana Negambo Station","AddressLine1":"No 801A, Negombo Road, Kurana","Town":"Negombo","StateOrProvince":"Western","CountryID":211,"Latitude":7.186820402351884,"Longitude":79.8595374136496,"ContactTelephone1":"0775352759","DistanceUnit":0},"OperatorID":227,"DataProviderID":1,"UsageTypeID":4,"StatusTypeID":50,"Connections":[{"ID":446878,"ConnectionTypeID":2,"StatusTypeID":50,"LevelID":3,"Amps":60,"Voltage":400,"PowerKW":24,"CurrentTypeID":30,"Quantity":1}]},{"ID":263908,"UUID":"30225E28-0325-433F-932E-4D1FE884648E","NumberOfPoints":2,"AddressInfo":{"ID":264292,"Title":"K-Zone Ja-Ela","AddressLine1":"K Zone, Chilaw - Colombo Main Road, Kapuwatta, Ja-Ela","Town":"Ja-Ela","StateOrProvince":"Western Province","CountryID":211,"Latitude":7.059902306807743,"Longitude":79.89651359412966,"ContactTelephone1":"0770 555 553","DistanceUnit":0},"OperatorID":227,"DataProviderID":1,"UsageTypeID":4,"StatusTypeID":50,"Connections":[{"ID":446876,"ConnectionTypeID":2,"StatusTypeID":50,"LevelID":3,"Amps":60,"Voltage":400,"PowerKW":24,"CurrentTypeID":30,"Quantity":1},{"ID":446877,"ConnectionTypeID":1,"StatusTypeID":50,"LevelID":2,"Amps":30,"Voltage":220,"PowerKW":6.6,"CurrentTypeID":10,"Quantity":1}]},{"ID":263907,"UUID":"F6830D0E-6891-4AF1-96DD-CFE0196CF1A6","NumberOfPoints":2,"AddressInfo":{"ID":264291,"Title":"Saninro Hotel ","AddressLine1":"No : 7, Ketagawatte Road, Ragama.","Town":"Ragama","StateOrProvince":"Western Province","CountryID":211,"Latitude":7.0299667576491345,"Longitude":79.9230018259932,"ContactTelephone1":"0337 634000","ContactTelephone2":"0112 956656","DistanceUnit":0},"OperatorID":227,"DataProviderID":1,"UsageTypeID":4,"StatusTypeID":50,"Connections":[{"ID":446874,"ConnectionTypeID":2,"StatusTypeID":50,"LevelID":3,"Amps":60,"Voltage":400,"PowerKW":24,"CurrentTypeID":30,"Quantity":1},{"ID":446875,"ConnectionTypeID":1,"StatusTypeID":50,"LevelID":2,"Amps":30,"Voltage":220,"PowerKW":6.6,"CurrentTypeID":10,"Quantity":1}]},{"ID":263906,"UUID":"F1BAE800-4C4B-45DC-A4B8-26260D01A6E4","NumberOfPoints":3,"AddressInfo":{"ID":264290,"Title":" Strogella Restaurant - Kadawatha","AddressLine1":"Strogella Restaurant, Ganemulla Road, Kadawatha","Town":"Gampaha","StateOrProvince":"Western Province","CountryID":211,"Latitude":7.0063892185992955,"Longitude":79.95438805681437,"ContactTelephone1":"0773979214","DistanceUnit":0},"OperatorID":227,"DataProviderID":1,"UsageTypeID":4,"StatusTypeID":50,"Connections":[{"ID":446871,"ConnectionTypeID":2,"StatusTypeID":50,"LevelID":3,"Amps":60,"Voltage":400,"PowerKW":24,"CurrentTypeID":30,"Quantity":1},{"ID":446872,"ConnectionTypeID":1,"StatusTypeID":50,"LevelID":2,"Amps":30,"Voltage":220,"PowerKW":6.6,"CurrentTypeID":10,"Quantity":1},{"ID":446873,"ConnectionTypeID":1,"StatusTypeID":50,"LevelID":2,"Amps":30,"Voltage":220,"PowerKW":6.6,"CurrentTypeID":10,"Quantity":1}]},{"ID":263905,"UUID":"68995EB1-8B48-42E4-B9A2-F55AD09F3F1C","NumberOfPoints":1,"UsageCost":"120LKR/kWh","AddressInfo":{"ID":264289,"Title":"IOC - Wattala","AddressLine1":"Lanka IOC Petrol Shed, No 180, Station Rd, Hunupitiya, Wattala","Town":"Colombo","StateOrProvince":"Western Province","CountryID":211,"Latitude":6.988686263367967,"Longitude":79.89691008982857,"ContactTelephone1":"0770555553","ContactTelephone2":"0115 551 551","DistanceUnit":0},"OperatorID":227,"DataProviderID":1,"UsageTypeID":4,"StatusTypeID":50,"Connections":[{"ID":446870,"ConnectionTypeID":2,"StatusTypeID":50,"LevelID":3,"Amps":60,"Voltage":400,"PowerKW":24,"CurrentTypeID":30,"Quantity":1}]},{"ID":263903,"UUID":"3811A3A8-A1AB-4DDE-94A7-FAAEC40F1FFF","NumberOfPoints":2,"AddressInfo":{"ID":264287,"Title":"K-Zone Moratuwa","AddressLine1":"No. 340, Galle Road, Katubedda, Moratuwa","Town":"Colombo","StateOrProvince":"Western Province","CountryID":211,"Latitude":6.7951702843362085,"Longitude":79.88741411256888,"ContactTelephone1":"0770 555 553","DistanceUnit":0},"OperatorID":227,"DataProviderID":1,"UsageTypeID":4,"StatusTypeID":50,"Connections":[{"ID":446867,"ConnectionTypeID":2,"StatusTypeID":50,"LevelID":3,"Amps":60,"Voltage":400,"PowerKW":24,"CurrentTypeID":30,"Quantity":1},{"ID":446868,"ConnectionTypeID":1,"StatusTypeID":50,"LevelID":2,"Amps":30,"Voltage":220,"PowerKW":6.6,"CurrentTypeID":10,"Quantity":1}]},{"ID":263901,"UUID":"368CEA19-7798-45BD-9B67-F7C6EFC4D822","NumberOfPoints":2,"AddressInfo":{"ID":264285,"Title":"SLINTEC, Nanotechnology & Science Park","AddressLine1":"SLINTEC, Nanotechnology & Science Park, Mahewatta, Pitipana, Homagama ","Town":"Colombo","StateOrProvince":"Western Province","Postcode":"10200","CountryID":211,"Latitude":6.825838412683282,"Longitude":80.03806658834674,"ContactTelephone1":"0773671399","ContactTelephone2":"0115 551 551","DistanceUnit":0},"OperatorID":227,"DataProviderID":1,"UsageTypeID":4,"StatusTypeID":50,"Connections":[{"ID":446864,"ConnectionTypeID":2,"StatusTypeID":50,"LevelID":3,"Amps":60,"Voltage":400,"PowerKW":24,"CurrentTypeID":30,"Quantity":1},{"ID":446865,"ConnectionTypeID":1,"StatusTypeID":50,"LevelID":2,"Amps":30,"Voltage":220,"PowerKW":6.6,"CurrentTypeID":10,"Quantity":1}]},{"ID":263899,"UUID":"B229A882-5268-42A3-9481-1A44AA27A36C","NumberOfPoints":2,"AddressInfo":{"ID":264283,"Title":"KINRO EV EV Chargers","AddressLine1":"416/6A High level Rd, Makumbura, Pannipitiya.","Town":"Colombo","StateOrProvince":"Western Province","CountryID":211,"Latitude":6.838690843368482,"Longitude":79.97887778602808,"ContactTelephone1":"0774448232","DistanceUnit":0},"OperatorID":227,"DataProviderID":1,"UsageTypeID":4,"StatusTypeID":50,"Connections":[{"ID":446861,"ConnectionTypeID":2,"StatusTypeID":50,"LevelID":3,"Amps":60,"Voltage":400,"PowerKW":24,"CurrentTypeID":30,"Quantity":1},{"ID":446862,"ConnectionTypeID":1,"StatusTypeID":50,"LevelID":2,"Amps":30,"Voltage":220,"PowerKW":6.6,"CurrentTypeID":10,"Quantity":1}]},{"ID":263898,"UUID":"A8ABF686-6594-4F77-B126-47C44F4CEB32","NumberOfPoints":1,"UsageCost":"80LKR/kWh","AddressInfo":{"ID":264282,"Title":"Madawala Enterprises (Pvt) Ltd","AddressLine1":"370, High Level Road, Pannipitiya, Colomb","Town":"Colombo","StateOrProvince":"Western Province","CountryID":211,"Latitude":6.844936035511466,"Longitude":79.94046165233817,"ContactTelephone1":"0773864864","DistanceUnit":0},"OperatorID":227,"DataProviderID":1,"UsageTypeID":4,"StatusTypeID":50,"Connections":[{"ID":446860,"ConnectionTypeID":1,"StatusTypeID":50,"LevelID":2,"Amps":30,"Voltage":220,"PowerKW":6.6,"CurrentTypeID":10,"Quantity":1}]},{"ID":263896,"UUID":"34264A70-7622-437E-AFFB-9DB28C944701","NumberOfPoints":1,"UsageCost":"70LKR/kWh","AddressInfo":{"ID":264280,"Title":"Shanthi Plastic","AddressLine1":"Shanthi Plastic (Pvt) Ltd. Kawdana broadway, Dehiwala","Town":"Colombo","StateOrProvince":"Western Province","CountryID":211,"Latitude":6.842561905890761,"Longitude":79.88459230718775,"ContactTelephone1":"0759400017","DistanceUnit":0},"OperatorID":227,"DataProviderID":1,"UsageTypeID":4,"StatusTypeID":50,"Connections":[{"ID":446858,"ConnectionTypeID":1,"StatusTypeID":50,"LevelID":2,"Amps":30,"Voltage":220,"PowerKW":6.6,"CurrentTypeID":10,"Quantity":1}]},{"ID":263894,"UUID":"4877896C-FCD9-4D45-B25B-2EF7B5297228","NumberOfPoints":1,"UsageCost":"120LKR/kWh","AddressInfo":{"ID":264278,"Title":"IOC - Battaramulla","AddressLine1":"404/5A, Kaduwela Rd , Thalangama North, Battaramulla","Town":"Colombo","StateOrProvince":"Western Province","CountryID":211,"Latitude":6.908449367066481,"Longitude":79.93924937860436,"ContactTelephone1":"0115 551 551","DistanceUnit":0},"OperatorID":227,"DataProviderID":1,"UsageTypeID":4,"StatusTypeID":50,"Connections":[{"ID":446856,"ConnectionTypeID":2,"StatusTypeID":50,"LevelID":3,"Amps":60,"Voltage":400,"PowerKW":24,"CurrentTypeID":30,"Quantity":1}]},{"ID":263892,"UUID":"DD5F1E2A-1399-4C33-97BD-68C997D0D64B","NumberOfPoints":2,"AddressInfo":{"ID":264276,"Title":" Vortex Energy","AddressLine1":"No. 57, Pereira Lane, Colombo 06","Town":"Colombo","StateOrProvince":"Western","CountryID":211,"Latitude":6.870944621124039,"Longitude":79.86528065326968,"ContactTelephone1":"0704101258","DistanceUnit":0},"OperatorID":227,"DataProviderID":1,"UsageTypeID":4,"StatusTypeID":50,"Connections":[{"ID":446853,"ConnectionTypeID":2,"StatusTypeID":50,"LevelID":3,"Amps":60,"Voltage":400,"PowerKW":24,"CurrentTypeID":30,"Quantity":1},{"ID":446854,"ConnectionTypeID":1,"StatusTypeID":50,"LevelID":2,"Amps":30,"Voltage":220,"PowerKW":6.6,"CurrentTypeID":10,"Quantity":1}]},{"ID":263891,"UUID":"30BA290C-E1AE-43B5-956F-92CD74C906DE","NumberOfPoints":1,"UsageCost":"120LKR/kWh","AddressInfo":{"ID":264275,"Title":" IOC - Horton Place","AddressLine1":"Lanka IOC Fuel Filling Station, Horton Place","Town":"Colombo","StateOrProvince":"Western Province","Postcode":"00700","CountryID":211,"Latitude":6.911454013388436,"Longitude":79.86512193162997,"ContactTelephone1":"0770555553","DistanceUnit":0},"OperatorID":227,"DataProviderID":1,"UsageTypeID":4,"StatusTypeID":50,"Connections":[{"ID":446852,"ConnectionTypeID":2,"StatusTypeID":50,"LevelID":3,"Amps":60,"Voltage":400,"PowerKW":24,"CurrentTypeID":30,"Quantity":1}]},{"ID":263890,"UUID":"57CCF973-30B6-4365-81CA-CC8263E8A128","NumberOfPoints":1,"UsageCost":"120LKR/kWh","AddressInfo":{"ID":264274,"Title":"Ocean Combine (Pvt) Ltd","AddressLine1":"No. 49, Kopiyawatta Rd., Colombo 9","Town":"Colombo","StateOrProvince":"Western","CountryID":211,"Latitude":6.9336251671984,"Longitude":79.87915704175572,"ContactTelephone1":"0702233000","DistanceUnit":0},"OperatorID":227,"DataProviderID":1,"UsageTypeID":4,"StatusTypeID":50,"Connections":[{"ID":446851,"ConnectionTypeID":2,"StatusTypeID":50,"Amps":45,"Voltage":400,"PowerKW":18,"CurrentTypeID":30,"Quantity":1}]},{"ID":263889,"UUID":"17C40E6D-1E67-4041-BC11-7E3F0AF3BA37","NumberOfPoints":5,"AddressInfo":{"ID":264273,"Title":"TRACE Expert City, Maradana Road, Colombo 10","AddressLine1":"TRACE Expert City, Maradana Road, Colombo 10","Town":"Colombo","StateOrProvince":"Western Province","CountryID":211,"Latitude":6.92936077371219,"Longitude":79.86104428955178,"ContactTelephone1":"0115 551 551","DistanceUnit":0},"OperatorID":227,"DataProviderID":1,"UsageTypeID":4,"StatusTypeID":50,"Connections":[{"ID":446848,"ConnectionTypeID":1,"StatusTypeID":50,"LevelID":2,"Amps":30,"Voltage":220,"PowerKW":6.6,"CurrentTypeID":10,"Quantity":2},{"ID":446849,"ConnectionTypeID":25,"StatusTypeID":50,"LevelID":2,"Amps":30,"Voltage":220,"PowerKW":6.6,"CurrentTypeID":10,"Quantity":1},{"ID":446850,"ConnectionTypeID":2,"StatusTypeID":50,"LevelID":3,"Amps":60,"Voltage":400,"PowerKW":24,"CurrentTypeID":30,"Quantity":2}]},{"ID":263888,"UUID":"8B811AC2-50EC-4E81-A876-568DFE9E08CC","NumberOfPoints":2,"AddressInfo":{"ID":264272,"Title":"Colombo City Centre","AddressLine1":"137, Sir James Pieris Mawatha Colombo 02, Sri Lanka","Town":"Colombo","StateOrProvince":"Western Province","CountryID":211,"Latitude":6.917504142811708,"Longitude":79.85579917847951,"ContactTelephone1":"0770555553","DistanceUnit":0},"OperatorID":227,"DataProviderID":1,"UsageTypeID":4,"StatusTypeID":50,"Connections":[{"ID":446846,"ConnectionTypeID":1,"StatusTypeID":50,"LevelID":2,"Amps":30,"Voltage":220,"PowerKW":6.6,"Quantity":1},{"ID":446847,"ConnectionTypeID":2,"StatusTypeID":50,"LevelID":3,"Amps":60,"Voltage":400,"PowerKW":24,"CurrentTypeID":30,"Quantity":1}]},{"ID":263887,"UUID":"9B323B20-EF9A-40B1-A9A6-231EA0134082","NumberOfPoints":1,"UsageCost":"80LKR/kWh","AddressInfo":{"ID":264271,"Title":"Araliya Carpark","AddressLine1":" No89, Galle Road, Colombo 03","Town":"Colombo","StateOrProvince":"Western Province","CountryID":211,"Latitude":6.916571267723441,"Longitude":79.84931981544912,"ContactTelephone1":"0112152179","DistanceUnit":0},"OperatorID":227,"DataProviderID":1,"UsageTypeID":4,"StatusTypeID":50,"Connections":[{"ID":446845,"ConnectionTypeID":1,"StatusTypeID":50,"LevelID":2,"Amps":30,"Voltage":217,"PowerKW":6.6,"Quantity":1}]},{"ID":263886,"UUID":"11896AAB-2660-40AB-9F7F-BDE3E520F445","NumberOfPoints":1,"UsageCost":"80LKR/kWh","AddressInfo":{"ID":264270,"Title":"Fairway Colombo","AddressLine1":"No. 7, Hospital Street, Colombo 01.","Town":"Colombo","StateOrProvince":"Western Province","CountryID":211,"Latitude":6.9337401023704075,"Longitude":79.84410506852555,"ContactTelephone1":"0702440521","DistanceUnit":0},"OperatorID":227,"DataProviderID":1,"UsageTypeID":1,"StatusTypeID":50,"Connections":[{"ID":446844,"ConnectionTypeID":1,"StatusTypeID":50,"LevelID":2,"Amps":30,"Voltage":220,"PowerKW":6.6,"CurrentTypeID":10,"Quantity":1}]}]