[{"ID":311182,"UUID":"9C23A231-591D-4E1A-BBF1-33BC9FABBB41","NumberOfPoints":4,"AddressInfo":{"ID":311571,"Title":"DSK Systems","AddressLine1":"25 op de Géieren","Town":"Srinkange","Postcode":"4970","CountryID":132,"Latitude":49.58534468587328,"Longitude":5.971143447165446,"ContactTelephone1":"003524938721","AccessComments":"Open access on company car parc","RelatedURL":"http://www.dsk.lu","DistanceUnit":0},"OperatorID":1,"DataProviderID":1,"UsageTypeID":6,"StatusTypeID":50,"Connections":[{"ID":599612,"ConnectionTypeID":1036,"StatusTypeID":50,"LevelID":2,"Amps":16,"Voltage":400,"PowerKW":11,"CurrentTypeID":20,"Quantity":4}]},{"ID":273547,"UUID":"31ED90BE-D474-46D6-9626-3F195EC0B7E9","NumberOfPoints":4,"AddressInfo":{"ID":273931,"Title":"Grand-Rue","AddressLine1":"Grand-Rue","Postcode":"6310","CountryID":132,"Latitude":49.84068720785342,"Longitude":6.288964346858052,"DistanceUnit":0},"OperatorID":1,"DataProviderID":1,"UsageTypeID":4,"StatusTypeID":50,"Connections":[{"ID":472425,"ConnectionTypeID":25,"StatusTypeID":50,"Quantity":4}]},{"ID":267114,"UUID":"F48D1EBC-ACEA-4D0B-90ED-EF6478C834B9","NumberOfPoints":2,"AddressInfo":{"ID":267498,"Title":"Chargy Op Tomm","AddressLine1":"2, Op Tomm","AddressLine2":"Wormeldange-Haut","Town":"Wormeldingen","StateOrProvince":"Canton Grevenmacher","Postcode":"5485","CountryID":132,"Latitude":49.61562503763952,"Longitude":6.396165883072172,"DistanceUnit":0},"OperatorID":3321,"DataProviderID":1,"UsageTypeID":4,"StatusTypeID":50,"Connections":[{"ID":455091,"ConnectionTypeID":25,"StatusTypeID":50,"LevelID":2,"PowerKW":22,"CurrentTypeID":20,"Quantity":2}],"MediaItems":[{"ID":38260,"ChargePointID":267114,"ItemURL":"https://media.openchargemap.io/images/LU/OCM267114/OCM-267114.orig.2023062108494339.png","ItemThumbnailURL":"https://media.openchargemap.io/images/LU/OCM267114/OCM-267114.thmb.2023062108494339.png","Comment":"","IsEnabled":true,"IsVideo":false,"IsFeaturedItem":false,"IsExternalResource":false,"User":{"ID":47024,"Username":"mbeigl"},"DateCreated":"2023-06-21T08:50:00Z"}]},{"ID":267113,"UUID":"869A8DF7-B84B-4B29-BDF5-00A63C1799B0","NumberOfPoints":2,"AddressInfo":{"ID":267497,"Title":"Chargy Rue de l'Église","AddressLine1":"13, Rue de l'Église","Town":"Machtum","Postcode":"6840","CountryID":132,"Latitude":49.659338542662226,"Longitude":6.43613042005336,"DistanceUnit":0},"OperatorID":3321,"DataProviderID":1,"UsageTypeID":4,"StatusTypeID":50,"Connections":[{"ID":455090,"ConnectionTypeID":25,"StatusTypeID":50,"LevelID":2,"PowerKW":22,"CurrentTypeID":20,"Quantity":2}],"UserComments":[{"ID":28669,"ChargePointID":267113,"CommentTypeID":10,"UserName":"mbeigl","Rating":4,"DateCreated":"2023-06-21T08:46:27.237Z","User":{"ID":47024,"Username":"mbeigl"},"CheckinStatusTypeID":10,"IsActionedByEditor":false}],"MediaItems":[{"ID":38259,"ChargePointID":267113,"ItemURL":"https://media.openchargemap.io/images/LU/OCM267113/OCM-267113.orig.2023062108474822.png","ItemThumbnailURL":"https://media.openchargemap.io/images/LU/OCM267113/OCM-267113.thmb.2023062108474822.png","Comment":"","IsEnabled":true,"IsVideo":false,"IsFeaturedItem":false,"IsExternalResource":false,"User":{"ID":47024,"Username":"mbeigl"},"DateCreated":"2023-06-21T08:48:00Z"}]},{"ID":267112,"UUID":"C2DCFC86-C1AD-48B9-9001-04267EC32281","NumberOfPoints":2,"AddressInfo":{"ID":267496,"Title":"Parking Cimetière","AddressLine1":"7, Rue du Cimetière","Town":"Wormeldange","Postcode":"5481","CountryID":132,"Latitude":49.611123721087665,"Longitude":6.40645231901749,"DistanceUnit":0},"OperatorID":3321,"DataProviderID":1,"UsageTypeID":4,"StatusTypeID":50,"Connections":[{"ID":455089,"ConnectionTypeID":25,"StatusTypeID":50,"LevelID":2,"PowerKW":22,"CurrentTypeID":20,"Quantity":2}],"UserComments":[{"ID":28668,"ChargePointID":267112,"CommentTypeID":10,"UserName":"mbeigl","DateCreated":"2023-06-21T08:24:27.673Z","User":{"ID":47024,"Username":"mbeigl"},"CheckinStatusTypeID":10,"IsActionedByEditor":false},{"ID":28667,"ChargePointID":267112,"CommentTypeID":10,"UserName":"mbeigl","DateCreated":"2023-06-21T08:23:50.23Z","User":{"ID":47024,"Username":"mbeigl"},"CheckinStatusTypeID":10,"IsActionedByEditor":false},{"ID":28666,"ChargePointID":267112,"CommentTypeID":10,"UserName":"Schett","Comment":"Know this position","Rating":5,"RelatedURL":"https://www.google.de/maps/place/Chargy+Charging+Station/@49.6109291,6.4063042,19.75z/data=!4m15!1m8!3m7!1s0x479569943e40d5e1:0x78fcddf7eeac9af9!2sWormeldingen!3b1!8m2!3d49.6120419!4d6.4060323!16zL20vMDhmXzZy!3m5!1s0x479569912b4b09e1:0xf824ad73d88528aa!8m2!3d49.611162!4d6.406367!16s%2Fg%2F11rgh74ygt?entry=ttu","DateCreated":"2023-06-21T08:02:05.023Z","User":{"ID":47025,"Username":"Schett"},"CheckinStatusTypeID":10,"IsActionedByEditor":false}],"MediaItems":[{"ID":38258,"ChargePointID":267112,"ItemURL":"https://media.openchargemap.io/images/LU/OCM267112/OCM-267112.orig.2023062108225313.png","ItemThumbnailURL":"https://media.openchargemap.io/images/LU/OCM267112/OCM-267112.thmb.2023062108225313.png","Comment":"","IsEnabled":true,"IsVideo":false,"IsFeaturedItem":false,"IsExternalResource":false,"User":{"ID":47024,"Username":"mbeigl"},"DateCreated":"2023-06-21T08:23:00Z"}]},{"ID":195372,"UUID":"0501F01E-09EC-44DE-901F-6E4DC55D56A3","NumberOfPoints":1,"UsageCost":"0.34 kWh + parking fee","AddressInfo":{"ID":195731,"Title":"43 Rue du Fort Neipperg","AddressLine1":"43 Rue du Fort Neipperg","Town":"Luxembourg","StateOrProvince":"","Postcode":"2230","CountryID":132,"Latitude":49.60219352618415,"Longitude":6.135005793619939,"AccessComments":"inside parking Fort Neipperg ","DistanceUnit":0},"OperatorID":3321,"DataProviderID":1,"UsageTypeID":4,"StatusTypeID":50,"Connections":[{"ID":325318,"ConnectionTypeID":25,"Reference":"www.chargy.lu","StatusTypeID":50,"LevelID":2,"PowerKW":22,"CurrentTypeID":20,"Quantity":20}]},{"ID":194234,"UUID":"6B0508F1-09D3-4B66-809F-D2503EDC5679","NumberOfPoints":4,"UsageCost":"0.47€/kWh","AddressInfo":{"ID":194593,"Title":"Rue Richard Coudenhove-Kalergi","AddressLine1":"Rue Richard Coudenhove-Kalergi","Town":"Luxembourg","Postcode":"1359","CountryID":132,"Latitude":49.62666232876782,"Longitude":6.160362494963238,"AccessComments":"Parking Uni","DistanceUnit":0},"OperatorID":3321,"DataProviderID":1,"UsageTypeID":1,"StatusTypeID":50,"Connections":[{"ID":316396,"ConnectionTypeID":33,"Reference":"Superchargy Uni Kirchberg","StatusTypeID":50,"LevelID":3,"PowerKW":350,"CurrentTypeID":30,"Quantity":1},{"ID":316397,"ConnectionTypeID":33,"StatusTypeID":50,"LevelID":3,"PowerKW":160,"CurrentTypeID":30,"Quantity":3,"Comments":"CCS"}],"MediaItems":[{"ID":32877,"ChargePointID":194234,"ItemURL":"https://media.openchargemap.io/images/LU/OCM194234/OCM-194234.orig.2022081213323335.jpg","ItemThumbnailURL":"https://media.openchargemap.io/images/LU/OCM194234/OCM-194234.thmb.2022081213323335.jpg","Comment":"","IsEnabled":true,"IsVideo":false,"IsFeaturedItem":false,"IsExternalResource":false,"User":{"ID":22100,"Username":"Sbrimmers "},"DateCreated":"2022-08-12T13:33:00Z"}]},{"ID":193985,"UUID":"0D2FEC54-5AAD-4207-A897-40FD8FBD4C25","NumberOfPoints":2,"AddressInfo":{"ID":194344,"Title":"Lidl Mondercange station de recharge","AddressLine1":"28 Rue du Brill","Town":"Mondercange","Postcode":"3895","CountryID":132,"Latitude":49.52087641688544,"Longitude":6.0138439768149965,"DistanceUnit":0},"OperatorID":38,"DataProviderID":1,"UsageTypeID":1,"StatusTypeID":50,"Connections":[{"ID":315906,"ConnectionTypeID":1036,"StatusTypeID":50,"Quantity":1},{"ID":315907,"ConnectionTypeID":2,"StatusTypeID":50,"Quantity":1},{"ID":315908,"ConnectionTypeID":0,"StatusTypeID":50,"Quantity":1}]},{"ID":193586,"UUID":"EBBAD607-B20F-44E6-9E78-ECEA1120D6C4","NumberOfPoints":4,"AddressInfo":{"ID":193945,"Title":"Rue des Martyrs","AddressLine1":"Rue des Martyrs","Town":"Steinfort","StateOrProvince":"","Postcode":"8442","CountryID":132,"Latitude":49.659207294305986,"Longitude":5.9182485256573045,"AccessComments":"Chargers are at the -2 level of the underground parking (it's the first level after entering)","DistanceUnit":0},"OperatorID":1,"DataProviderID":1,"UsageTypeID":1,"StatusTypeID":50,"Connections":[{"ID":315033,"ConnectionTypeID":1036,"StatusTypeID":50,"LevelID":2,"PowerKW":11,"Quantity":4,"Comments":"Free charge points operated by Pall Center"}]},{"ID":175568,"UUID":"000EE3AC-2E3E-4478-B4F1-67C59B158DF7","NumberOfPoints":2,"AddressInfo":{"ID":175927,"Title":"2, Rue Nicholas Wester","AddressLine1":"","Town":"Alzingen","Postcode":"5836","CountryID":132,"Latitude":49.565015575516526,"Longitude":6.161676927812664,"RelatedURL":"http://www.chargy.lu","DistanceUnit":0},"OperatorID":3321,"DataProviderID":1,"UsageTypeID":4,"StatusTypeID":50,"Connections":[{"ID":272565,"ConnectionTypeID":25,"Reference":"https://chargy.lu/fr/","StatusTypeID":50,"LevelID":2,"PowerKW":22,"CurrentTypeID":20,"Quantity":0}]},{"ID":148475,"UUID":"E244ECCC-02C1-4AF0-9A7E-13B2147D4AA8","NumberOfPoints":2,"UsageCost":"0,34€/kWh","AddressInfo":{"ID":148827,"Title":"Chargy Capellen","AddressLine1":"Rue Charles Risch","CountryID":132,"Latitude":49.64397536045195,"Longitude":5.988464108512517,"ContactTelephone1":"80062020","RelatedURL":"http://www.chargy.lu","DistanceUnit":0},"OperatorID":3321,"DataProviderID":1,"UsageTypeID":4,"StatusTypeID":50,"Connections":[{"ID":206130,"ConnectionTypeID":25,"StatusTypeID":50,"LevelID":2,"PowerKW":22,"CurrentTypeID":20,"Quantity":2}],"UserComments":[{"ID":26159,"ChargePointID":148475,"CommentTypeID":10,"UserName":"Sbrimmers ","Comment":"","Rating":5,"DateCreated":"2022-08-18T07:11:15.637Z","User":{"ID":22100,"Username":"Sbrimmers "},"CheckinStatusTypeID":10,"IsActionedByEditor":false}],"MediaItems":[{"ID":32902,"ChargePointID":148475,"ItemURL":"https://media.openchargemap.io/images/LU/OCM148475/OCM-148475.orig.2022081807200446.jpg","ItemThumbnailURL":"https://media.openchargemap.io/images/LU/OCM148475/OCM-148475.thmb.2022081807200446.jpg","Comment":"","IsEnabled":true,"IsVideo":false,"IsFeaturedItem":false,"IsExternalResource":false,"User":{"ID":22100,"Username":"Sbrimmers "},"DateCreated":"2022-08-18T07:20:00Z"}]},{"ID":148474,"UUID":"1EAB7CC6-BFCC-4318-BAEA-04D69C100CE8","NumberOfPoints":2,"UsageCost":"0,26cts/kWh","AddressInfo":{"ID":148826,"Title":"Chargy Capellen","AddressLine1":"Rue Charles Risch","Town":"Mamer","Postcode":"8336","CountryID":132,"Latitude":49.64397536045195,"Longitude":5.988464108512517,"ContactTelephone1":"80062020","RelatedURL":"http://www.chargy.lu","DistanceUnit":0},"OperatorID":3321,"DataProviderID":1,"UsageTypeID":4,"StatusTypeID":50,"Connections":[{"ID":206129,"ConnectionTypeID":25,"StatusTypeID":50,"LevelID":2,"PowerKW":22,"CurrentTypeID":20,"Quantity":2}]},{"ID":132965,"UUID":"A7A4E4C3-961F-42AD-A26C-7E2B5ACBE774","NumberOfPoints":2,"AddressInfo":{"ID":133311,"Title":"Chargy Windhof","AddressLine1":"Areler Straße","Town":"Windhof","StateOrProvince":"Kanton Kapellen","Postcode":"8399","CountryID":132,"Latitude":49.6476751376422,"Longitude":5.95584144436998,"RelatedURL":"https://chargy.lu","DistanceUnit":0},"OperatorID":3321,"DataProviderID":1,"UsageTypeID":1,"StatusTypeID":50,"Connections":[{"ID":186236,"ConnectionTypeID":25,"StatusTypeID":50,"LevelID":2,"Amps":32,"Voltage":400,"PowerKW":22,"CurrentTypeID":20,"Quantity":2}]},{"ID":131199,"UUID":"1DF1555A-ECB5-4685-8D87-3686B51860D8","NumberOfPoints":2,"UsageCost":"0.20 c/kWh mit Chargy Karte ","AddressInfo":{"ID":131545,"Title":"Parc d'Activités Capellen","AddressLine1":"Parc d'Activités Capellen","Town":"Capellen","StateOrProvince":"Kanton Capellen ","Postcode":"8308","CountryID":132,"Latitude":49.6408195970203,"Longitude":6.00937854135373,"RelatedURL":"https://chargy.lu","DistanceUnit":0},"OperatorID":3321,"DataProviderID":1,"UsageTypeID":1,"StatusTypeID":50,"Connections":[{"ID":183702,"ConnectionTypeID":25,"StatusTypeID":50,"LevelID":2,"Amps":32,"Voltage":400,"PowerKW":22,"CurrentTypeID":20,"Quantity":1},{"ID":183703,"ConnectionTypeID":25,"StatusTypeID":50,"LevelID":2,"Amps":32,"Voltage":400,"PowerKW":22,"CurrentTypeID":20,"Quantity":1}]},{"ID":131198,"UUID":"17E89982-B30F-42F1-8F58-FBAC470C7590","NumberOfPoints":2,"UsageCost":"Keine ","AddressInfo":{"ID":131544,"Title":"Aldi Capellen","AddressLine1":"2-4 Parc d'activites ","Town":"Capellen ","StateOrProvince":"Kanton Kapellen","Postcode":"8310","CountryID":132,"Latitude":49.6414545765915,"Longitude":6.00539873371702,"AccessComments":"Freie Lademöglichkeit auf dem Parkplatz.\r\nParkplatz während der Öffnungszeiten offen.","DistanceUnit":0},"OperatorID":1,"DataProviderID":1,"UsageTypeID":1,"StatusTypeID":50,"Connections":[{"ID":183700,"ConnectionTypeID":25,"StatusTypeID":50,"LevelID":2,"Amps":16,"Voltage":400,"PowerKW":11,"CurrentTypeID":20,"Quantity":1},{"ID":183701,"ConnectionTypeID":25,"StatusTypeID":50,"LevelID":2,"Amps":16,"Voltage":400,"PowerKW":11,"CurrentTypeID":20,"Quantity":1}]},{"ID":127493,"UUID":"B3CC7759-E5E6-4D32-A731-8FCE785D6847","NumberOfPoints":4,"AddressInfo":{"ID":127839,"Title":"Rue Docteur Nicolas Clasen","AddressLine1":"Rue Docteur Nicolas Clasen","AddressLine2":"Neudorf-Weimershof","Town":"Luxembourg","StateOrProvince":"Canton Luxembourg","Postcode":"2540","CountryID":132,"Latitude":49.6318136108015,"Longitude":6.17498990998592,"DistanceUnit":0},"OperatorID":3321,"DataProviderID":1,"UsageTypeID":1,"StatusTypeID":50,"Connections":[{"ID":178466,"ConnectionTypeID":25,"StatusTypeID":50,"LevelID":2,"CurrentTypeID":20,"Quantity":4}]},{"ID":113996,"UUID":"063FDFAE-8108-44DC-A823-DC1A270F88D9","NumberOfPoints":1,"AddressInfo":{"ID":114342,"Title":"Hostellerie Val Fleuri","AddressLine1":"28 Rue Lohr","Town":"Mersch","Postcode":"7545","CountryID":132,"Latitude":49.7502735,"Longitude":6.1149216,"ContactTelephone1":" +35 232 98 910","DistanceUnit":0},"OperatorID":23,"DataProviderID":1,"UsageTypeID":7,"StatusTypeID":50,"Connections":[{"ID":160566,"ConnectionTypeID":30,"StatusTypeID":50,"LevelID":2,"Amps":32,"Voltage":400,"PowerKW":22,"CurrentTypeID":20,"Quantity":1}]},{"ID":108235,"UUID":"0D392453-CF6A-4800-8987-626CDD22B736","NumberOfPoints":2,"AddressInfo":{"ID":108581,"Title":"Pall Center - Chargy","AddressLine1":"237 Route d'Arlon","Town":"Strassen","Postcode":"8010","CountryID":132,"Latitude":49.6202915879352,"Longitude":6.06888155085289,"ContactTelephone1":"+352 80062020","AccessComments":"Behind Pall Center, on the left.","RelatedURL":"https://www.chargy.lu","DistanceUnit":0},"OperatorID":3321,"DataProviderID":1,"UsageTypeID":4,"StatusTypeID":50,"Connections":[{"ID":152958,"ConnectionTypeID":25,"StatusTypeID":50,"LevelID":2,"Amps":32,"Voltage":400,"PowerKW":22,"CurrentTypeID":20,"Quantity":2}]},{"ID":107811,"UUID":"6F68AA9A-FB3B-46A5-867F-ABAD007BF080","NumberOfPoints":2,"UsageCost":"Free","AddressInfo":{"ID":108157,"Title":"37 Gruuss-Strooss","AddressLine1":"37 Gruuss-Strooss","Town":"Weiswampach","Postcode":"9991 ","CountryID":132,"Latitude":50.1422102,"Longitude":6.076569,"DistanceUnit":0},"DataProviderID":1,"UsageTypeID":0,"StatusTypeID":50,"Connections":[{"ID":152350,"ConnectionTypeID":25,"StatusTypeID":50,"LevelID":2,"Amps":32,"Voltage":400,"PowerKW":22,"CurrentTypeID":20,"Quantity":2}]},{"ID":106211,"UUID":"A294EE56-1368-467F-BD74-A758D3EACB86","NumberOfPoints":1,"AddressInfo":{"ID":106557,"Title":"Grand Hotel","AddressLine1":"27 Route de Diekirch","Town":"Echternach","Postcode":"L-6430","CountryID":132,"Latitude":49.81815,"Longitude":6.405839,"ContactTelephone1":"+352 72 96 72","DistanceUnit":0},"OperatorID":23,"DataProviderID":1,"UsageTypeID":4,"StatusTypeID":50,"Connections":[{"ID":149547,"ConnectionTypeID":30,"StatusTypeID":50,"LevelID":2,"Amps":32,"Voltage":230,"PowerKW":8,"CurrentTypeID":10,"Quantity":1}]},{"ID":102103,"UUID":"B0EF2A88-BD59-4123-B1C3-8C7B9F832B22","NumberOfPoints":4,"UsageCost":"Free 1 hour","AddressInfo":{"ID":102449,"Title":"Bauhaus Capellen","AddressLine1":"37, Parc d’activités Capellen","Town":"Capellen","Postcode":"8308","CountryID":132,"Latitude":49.640234,"Longitude":6.01524,"ContactTelephone1":"2886681","AccessComments":"Entry of Bauhaus parking on the right","DistanceUnit":0},"OperatorID":1,"DataProviderID":1,"UsageTypeID":1,"StatusTypeID":50,"Connections":[{"ID":144096,"ConnectionTypeID":25,"StatusTypeID":50,"LevelID":2,"Amps":32,"Voltage":400,"PowerKW":22,"CurrentTypeID":20,"Quantity":4}]},{"ID":100835,"UUID":"908967C4-7C0B-49DA-AA73-62795C7D295D","NumberOfPoints":1,"AddressInfo":{"ID":101181,"Title":"Temps d'Or Hotel","AddressLine1":"Vieux Chateau","Town":"Ansembourg","Postcode":"7411","CountryID":132,"Latitude":49.702653,"Longitude":6.037289,"ContactTelephone1":"+352 2610 2595","DistanceUnit":0},"OperatorID":23,"DataProviderID":1,"UsageTypeID":4,"StatusTypeID":50,"Connections":[{"ID":142415,"ConnectionTypeID":30,"StatusTypeID":50,"LevelID":2,"Amps":32,"Voltage":230,"PowerKW":14,"CurrentTypeID":20,"Quantity":1}]},{"ID":100761,"UUID":"E1F3CCC1-AB24-4093-9806-C488620C832D","NumberOfPoints":2,"UsageCost":"Depending on service charge card provider","AddressInfo":{"ID":101107,"Title":"Parking Frisange","AddressLine1":"Op der Gëll","AddressLine2":"","Town":"Frisange","Postcode":"5752","CountryID":132,"Latitude":49.519256,"Longitude":6.187272,"ContactTelephone1":"+352 800 62 020","AccessComments":"It is directly at the entrance of the parking, search for an orange charging station","RelatedURL":"https://chargy.lu/","DistanceUnit":0},"OperatorID":3321,"DataProviderID":1,"UsageTypeID":1,"StatusTypeID":50,"Connections":[{"ID":142338,"ConnectionTypeID":25,"StatusTypeID":50,"Quantity":2}]},{"ID":100014,"UUID":"3D8E24A2-0A5F-466D-86D4-3942B725A773","NumberOfPoints":1,"AddressInfo":{"ID":100360,"Title":"Hotel Meyer","AddressLine1":"120 Grand-Rue","Town":"Beaufort","Postcode":"6310","CountryID":132,"Latitude":49.843742,"Longitude":6.289031,"ContactTelephone1":"+352 83 62 62","DistanceUnit":0},"OperatorID":23,"DataProviderID":1,"UsageTypeID":4,"StatusTypeID":50,"Connections":[{"ID":141266,"ConnectionTypeID":30,"StatusTypeID":50,"LevelID":2,"Amps":32,"Voltage":230,"PowerKW":14,"CurrentTypeID":20,"Quantity":1}]},{"ID":94672,"UUID":"F20F2143-4539-48D4-B08A-E401A7775147","NumberOfPoints":1,"AddressInfo":{"ID":95018,"Title":"Hôtel Ecluse","AddressLine1":"29 Waistrooss","Town":"Stadtbredimus","Postcode":"5450","CountryID":132,"Latitude":49.567531,"Longitude":6.361007,"ContactTelephone1":"+352 23 61 91 91 ","DistanceUnit":0},"OperatorID":23,"DataProviderID":1,"UsageTypeID":4,"StatusTypeID":50,"Connections":[{"ID":133825,"ConnectionTypeID":30,"StatusTypeID":50,"LevelID":2,"Amps":32,"Voltage":230,"PowerKW":17,"CurrentTypeID":20,"Quantity":1}]},{"ID":94120,"UUID":"AB715353-A05C-46ED-94D1-29C7593332D2","NumberOfPoints":2,"UsageCost":"Free","AddressInfo":{"ID":94466,"Title":"Banque Européenne d‘Investissement","AddressLine1":"98 bd Konrad Adenauer","Town":"Luxembourg","Postcode":"2950","CountryID":132,"Latitude":49.6209422738297,"Longitude":6.13897562026978,"AccessComments":"EIB Visitor Parking East","DistanceUnit":0},"OperatorID":45,"DataProviderID":1,"UsageTypeID":6,"StatusTypeID":50,"Connections":[{"ID":133210,"ConnectionTypeID":25,"StatusTypeID":50,"LevelID":2,"Quantity":2}]},{"ID":93539,"UUID":"7A13B0BB-B7EF-4116-B7C9-83FA3B356627","NumberOfPoints":2,"AddressInfo":{"ID":93885,"Title":"Hôtel & Spa Saint-Nicolas","AddressLine1":"31 Esplanade","Town":"Remich","Postcode":"5533","CountryID":132,"Latitude":49.544969,"Longitude":6.370329,"ContactTelephone1":"+352 26 66 34 01","DistanceUnit":0},"OperatorID":23,"DataProviderID":1,"UsageTypeID":6,"StatusTypeID":50,"Connections":[{"ID":132476,"ConnectionTypeID":30,"StatusTypeID":50,"LevelID":2,"Amps":32,"Voltage":230,"PowerKW":14,"CurrentTypeID":20,"Quantity":2}]},{"ID":93006,"UUID":"75658F75-DB09-4FDC-87F4-13BEAB471E9A","NumberOfPoints":3,"AddressInfo":{"ID":93352,"Title":"Sporthotel Leweck","AddressLine1":"Sporthotel Leweck","Postcode":"9378","CountryID":132,"Latitude":49.923204,"Longitude":6.092848,"ContactTelephone1":"+352 99 00 22","DistanceUnit":0},"OperatorID":23,"DataProviderID":1,"UsageTypeID":4,"StatusTypeID":50,"Connections":[{"ID":131740,"ConnectionTypeID":30,"StatusTypeID":50,"LevelID":2,"Amps":32,"Voltage":400,"PowerKW":22,"CurrentTypeID":20,"Quantity":3}]},{"ID":91208,"UUID":"DDEFD1D1-F08A-48AF-9259-3A042B492BEA","NumberOfPoints":1,"AddressInfo":{"ID":91554,"Title":"Park Inn By Radisson Luxembourg City","AddressLine1":"45-47 Avenue de la Gare","Town":"Luxembourg","Postcode":"1611","CountryID":132,"Latitude":49.602352,"Longitude":6.133357,"ContactTelephone1":"+35 22 68 91 81","DistanceUnit":0},"OperatorID":23,"DataProviderID":1,"UsageTypeID":6,"StatusTypeID":50,"Connections":[{"ID":129339,"ConnectionTypeID":30,"StatusTypeID":50,"LevelID":2,"Amps":32,"Voltage":230,"PowerKW":14,"CurrentTypeID":20,"Quantity":1}]},{"ID":90592,"UUID":"E1FF8CED-ABC2-4395-BECC-208C295DEA6C","NumberOfPoints":4,"UsageCost":"Free","AddressInfo":{"ID":90938,"Title":"Enovos Esch","AddressLine1":"2 Domaine du Schlassgoard","Town":"Esch-sur-Alzette","Postcode":"4327","CountryID":132,"Latitude":49.499855785282115,"Longitude":5.98955460118872,"DistanceUnit":0},"OperatorID":52,"DataProviderID":1,"UsageTypeID":4,"StatusTypeID":50,"Connections":[{"ID":128283,"ConnectionTypeID":25,"StatusTypeID":50,"LevelID":2,"Amps":16,"Voltage":220,"PowerKW":11,"CurrentTypeID":20,"Quantity":4}]},{"ID":87463,"UUID":"76319170-C74A-477A-8BBE-C81B10D5E439","NumberOfPoints":1,"UsageCost":"Free. Parking fees apply","AddressInfo":{"ID":87809,"Title":"Centre Hospitalier Parking P3","AddressLine1":"4, rue Nicolas-Ernest Barblé","Town":"Luxembourg","Postcode":"1210","CountryID":132,"Latitude":49.6190829567843,"Longitude":6.10327005386352,"AccessComments":"Parking P3, left of the entrance","DistanceUnit":0},"OperatorID":1,"DataProviderID":1,"UsageTypeID":1,"StatusTypeID":50,"Connections":[{"ID":123988,"ConnectionTypeID":25,"StatusTypeID":0,"LevelID":2},{"ID":123989,"ConnectionTypeID":18,"StatusTypeID":0,"LevelID":2},{"ID":123990,"ConnectionTypeID":13,"StatusTypeID":0,"LevelID":2,"CurrentTypeID":10}]},{"ID":85513,"UUID":"3E05C9E8-010C-4E85-89F5-7B4907768C73","NumberOfPoints":4,"UsageCost":"Free","AddressInfo":{"ID":85859,"Title":"Conservatoire de Musique","AddressLine1":"33, rue Charles Martel","Town":"Luxembourg","Postcode":"2134","CountryID":132,"Latitude":49.604361,"Longitude":6.1051647,"AccessComments":"Underground parking, level -4, on the right side","DistanceUnit":0},"OperatorID":205,"DataProviderID":1,"UsageTypeID":1,"StatusTypeID":0,"Connections":[{"ID":121604,"ConnectionTypeID":25,"StatusTypeID":0,"LevelID":2},{"ID":121605,"ConnectionTypeID":13,"StatusTypeID":0,"LevelID":1,"CurrentTypeID":10}]},{"ID":85205,"UUID":"79602D6C-618A-4296-AFDB-DB2026F19CFC","NumberOfPoints":2,"UsageCost":"Free","AddressInfo":{"ID":85551,"Title":"BGL BNP Paribas","AddressLine1":"10, rue Edward Steichen","Town":"Luxembourg","Postcode":"2540","CountryID":132,"Latitude":49.6325761645003,"Longitude":6.17497622966766,"AccessComments":"Entrance Agence Kirchberg","DistanceUnit":0},"OperatorID":45,"DataProviderID":1,"UsageTypeID":2,"StatusTypeID":50,"Connections":[{"ID":121042,"ConnectionTypeID":25,"StatusTypeID":50,"LevelID":2,"Amps":16,"Voltage":400,"PowerKW":11,"CurrentTypeID":20,"Quantity":1},{"ID":121043,"ConnectionTypeID":26,"StatusTypeID":50,"LevelID":2,"Amps":16,"Voltage":400,"PowerKW":11,"CurrentTypeID":20,"Quantity":1}]},{"ID":84030,"UUID":"125ABDDF-1406-4375-AD2F-21603E4BEB95","NumberOfPoints":4,"AddressInfo":{"ID":84376,"Title":"Rue de la Tour Jacob","AddressLine1":"Rue de la Tour Jacob 73","Town":"Luxemburg","StateOrProvince":"Kanton Luxemburg","Postcode":"2165","CountryID":132,"Latitude":49.61223307128665,"Longitude":6.1420602948287595,"ContactTelephone1":"+352 2737-6699","AccessComments":"24/7 usable with 4 parking spaces.","RelatedURL":"http://enovos.lu/","DistanceUnit":0},"OperatorID":52,"DataProviderID":1,"UsageTypeID":4,"StatusTypeID":50,"Connections":[{"ID":119431,"ConnectionTypeID":25,"StatusTypeID":50,"LevelID":2,"Amps":32,"Voltage":400,"PowerKW":22,"CurrentTypeID":20,"Quantity":4}]},{"ID":81888,"UUID":"BE7B78A5-C86D-4406-B9AF-62A48B6548E1","NumberOfPoints":2,"AddressInfo":{"ID":82234,"Title":"Le Clervaux Boutique & Design Hotel","AddressLine1":"9 Grand Rue","Town":"Clervaux","StateOrProvince":"Diekirch","Postcode":"9710","CountryID":132,"Latitude":50.053043,"Longitude":6.030075,"ContactTelephone1":"+352 92 11 05","DistanceUnit":0},"OperatorID":23,"DataProviderID":1,"UsageTypeID":6,"StatusTypeID":50,"Connections":[{"ID":116647,"ConnectionTypeID":30,"StatusTypeID":50,"LevelID":2,"Amps":16,"Voltage":400,"PowerKW":11,"CurrentTypeID":20,"Quantity":2}]},{"ID":75273,"UUID":"35D72D94-3233-48B5-9378-FE076616D057","NumberOfPoints":3,"UsageCost":"Free","AddressInfo":{"ID":75619,"Title":"Château d'Urspelt","AddressLine1":"Am Schlass","Town":"Urspelt","Postcode":"9774","CountryID":132,"Latitude":50.074807,"Longitude":6.045232,"ContactTelephone1":"+352 26 90 56 10","DistanceUnit":0},"OperatorID":23,"DataProviderID":1,"UsageTypeID":6,"StatusTypeID":50,"Connections":[{"ID":108578,"ConnectionTypeID":30,"StatusTypeID":50,"LevelID":2,"Amps":32,"Voltage":400,"PowerKW":22,"CurrentTypeID":20,"Quantity":3}]},{"ID":75270,"UUID":"42B538D6-0978-423C-B4E0-68BC95C69386","NumberOfPoints":4,"UsageCost":"€0.25/kWh; aner Tariffer fir al Autoen","AddressInfo":{"ID":75616,"Title":"Mënsbech Supercharger","AddressLine1":"11 Rue Gabriel Lippmann","Town":"Mënsbech","Postcode":"5365","CountryID":132,"Latitude":49.640815,"Longitude":6.270681,"DistanceUnit":0},"OperatorID":23,"DataProviderID":1,"UsageTypeID":4,"StatusTypeID":50,"Connections":[{"ID":108575,"ConnectionTypeID":27,"StatusTypeID":50,"LevelID":3,"PowerKW":120,"CurrentTypeID":30,"Quantity":4}]},{"ID":72432,"UUID":"E9A5805D-21FF-4000-A073-8AE252CF8DF7","NumberOfPoints":3,"AddressInfo":{"ID":72778,"Title":"Chateau d'Urspelt ","AddressLine1":"Am Schlass","Town":"Urspelt","Postcode":"9774","CountryID":132,"Latitude":50.0751993641399,"Longitude":6.04550051904904,"ContactTelephone1":"+352 26 90 56 10","ContactTelephone2":"+352 26 90 56 11","ContactEmail":"info@chateau-urspelt.lu","AccessComments":"Award Winning Castle Hotel","RelatedURL":"http://www.chateau-urspelt.lu","DistanceUnit":0},"OperatorID":1,"DataProviderID":1,"UsageTypeID":6,"StatusTypeID":50,"Connections":[{"ID":103801,"ConnectionTypeID":1036,"StatusTypeID":50,"LevelID":2,"Amps":16,"Voltage":380,"PowerKW":10.5,"CurrentTypeID":20}],"MediaItems":[{"ID":8428,"ChargePointID":72432,"ItemURL":"https://media.openchargemap.io/images/LU/OCM72432/OCM-72432.orig.2016101410045018.jpg","ItemThumbnailURL":"https://media.openchargemap.io/images/LU/OCM72432/OCM-72432.thmb.2016101410045018.jpg","Comment":"Night Street View","IsEnabled":true,"IsVideo":false,"IsFeaturedItem":false,"IsExternalResource":false,"User":{"ID":11925,"Username":"Yannick Ruth"},"DateCreated":"2016-10-14T10:05:00Z"},{"ID":8427,"ChargePointID":72432,"ItemURL":"https://media.openchargemap.io/images/LU/OCM72432/OCM-72432.orig.2016101410033357.jpg","ItemThumbnailURL":"https://media.openchargemap.io/images/LU/OCM72432/OCM-72432.thmb.2016101410033357.jpg","Comment":"Urspelt Castle","IsEnabled":true,"IsVideo":false,"IsFeaturedItem":false,"IsExternalResource":false,"User":{"ID":11925,"Username":"Yannick Ruth"},"DateCreated":"2016-10-14T10:04:00Z"}]},{"ID":67869,"UUID":"167CA8D6-68EB-4A6A-A411-613F12DDFA44","NumberOfPoints":1,"UsageCost":"0.00 jaarabonnement","AddressInfo":{"ID":68215,"Title":"Kocherey","AddressLine1":"Kocherey","Town":"Clervaux","Postcode":"9749","CountryID":132,"Latitude":50.0714695,"Longitude":6.06926369999996,"ContactTelephone1":"088 0109500","RelatedURL":"http://thenewmotion.nl/","DistanceUnit":0},"OperatorID":157,"DataProviderID":26,"StatusTypeID":50,"Connections":[{"ID":94436,"ConnectionTypeID":25,"LevelID":2,"PowerKW":11,"CurrentTypeID":10}]},{"ID":66255,"UUID":"3BCFFFB7-2ED0-41B6-8AFB-1CFC239B7106","NumberOfPoints":1,"UsageCost":"Free","AddressInfo":{"ID":66601,"Title":"Nissan by Lentz","AddressLine1":"535, Route de Thionville","Town":"Luxembourg","Postcode":"5888 Alzingen","CountryID":132,"Latitude":49.56051384900443,"Longitude":6.166542776870759,"DistanceUnit":0},"OperatorID":45,"DataProviderID":1,"UsageTypeID":0,"StatusTypeID":50,"Connections":[{"ID":91577,"ConnectionTypeID":2,"StatusTypeID":0,"LevelID":3,"Amps":120,"Voltage":500,"PowerKW":50,"CurrentTypeID":30,"Quantity":1}]},{"ID":62788,"UUID":"5A726AAA-D794-4AF9-BDCE-20D0F39260CB","NumberOfPoints":1,"UsageCost":"0.00 afhankelijk van pas","AddressInfo":{"ID":63134,"Title":"Rue de Grass 1","AddressLine1":"Rue de Grass 1","Town":"Hobyo","Postcode":"6700","CountryID":132,"Latitude":49.63728,"Longitude":5.883882,"ContactTelephone1":"+32 (0)78 48 10 77","ContactEmail":"services@bluecorner.be","RelatedURL":"http://www.bluecorner.be","DistanceUnit":0},"OperatorID":36,"DataProviderID":26,"StatusTypeID":50,"Connections":[{"ID":79731,"ConnectionTypeID":25,"LevelID":2,"PowerKW":22,"CurrentTypeID":10},{"ID":79732,"ConnectionTypeID":25,"LevelID":2,"PowerKW":22},{"ID":79733,"ConnectionTypeID":25,"LevelID":2,"PowerKW":22},{"ID":79734,"ConnectionTypeID":25,"LevelID":2,"PowerKW":22},{"ID":79735,"ConnectionTypeID":25,"LevelID":2,"PowerKW":22},{"ID":79736,"ConnectionTypeID":25,"LevelID":2,"PowerKW":22}]},{"ID":62787,"UUID":"760E2F04-7DD2-4DBA-8320-A55FCA6A68B4","NumberOfPoints":1,"UsageCost":"0.00 jaarabonnement","AddressInfo":{"ID":63133,"Title":"Zone d'activités économiques Krakelshaff","AddressLine1":"Zone d'activités économiques Krakelshaff","Town":"Dudelange","Postcode":"3290","CountryID":132,"Latitude":49.5053005165511,"Longitude":6.1083984375,"RelatedURL":"http://www.ev-box.nl","DistanceUnit":0},"OperatorID":73,"DataProviderID":26,"StatusTypeID":50,"Connections":[{"ID":79729,"ConnectionTypeID":25,"LevelID":2,"PowerKW":11,"CurrentTypeID":10},{"ID":79730,"ConnectionTypeID":25,"LevelID":2,"PowerKW":11,"CurrentTypeID":10}]},{"ID":60573,"UUID":"2950E142-638C-482F-9D55-A0FBBA1DFFD5","NumberOfPoints":2,"AddressInfo":{"ID":60919,"Title":"Administration Communale","AddressLine1":"Route de Diekirch 1","Town":"Walferdange","StateOrProvince":"Kanton Luxemburg","Postcode":"7220","CountryID":132,"Latitude":49.6593126,"Longitude":6.13045250000005,"AccessComments":"Charger gratuitement de lundi a vendredi. Max. deux heures. Parking de centre culturelle.","RelatedURL":"http://www.enovos.lu/","DistanceUnit":0},"OperatorID":52,"DataProviderID":1,"UsageTypeID":4,"StatusTypeID":50,"Connections":[{"ID":76757,"ConnectionTypeID":25,"StatusTypeID":50,"LevelID":2,"PowerKW":11,"CurrentTypeID":20,"Quantity":2}]},{"ID":54262,"UUID":"A55F0A27-BA4F-4284-9FF0-C614D31DEDC5","NumberOfPoints":2,"AddressInfo":{"ID":54608,"Title":"Naturata Oikopolis","AddressLine1":"Rue Gabriel Lippmann","Town":"Munsbach","Postcode":"5365 ","CountryID":132,"Latitude":49.6407577286222,"Longitude":6.27242222428322,"DistanceUnit":0},"OperatorID":1,"DataProviderID":1,"UsageTypeID":1,"StatusTypeID":50,"Connections":[{"ID":68297,"ConnectionTypeID":25,"Amps":16}],"UserComments":[{"ID":26029,"ChargePointID":54262,"CommentTypeID":50,"UserName":"Sbrimmers ","Comment":"Chargers were removed .","DateCreated":"2022-07-20T09:48:53.167Z","User":{"ID":22100,"Username":"Sbrimmers "},"CheckinStatusTypeID":160,"IsActionedByEditor":false}]},{"ID":53620,"UUID":"D568A535-89A8-4A58-87AC-D9DF74BDA89E","NumberOfPoints":1,"UsageCost":"0.00 jaarabonnement","AddressInfo":{"ID":53966,"Title":"Rue de l'École 2","AddressLine1":"Rue de l'École 2","Town":"Itzig","Postcode":"5957","CountryID":132,"Latitude":49.587155,"Longitude":6.170041,"RelatedURL":"http://www.essent.nl","DistanceUnit":0},"OperatorID":78,"DataProviderID":26,"StatusTypeID":50,"Connections":[{"ID":66796,"ConnectionTypeID":25,"LevelID":2,"PowerKW":11,"CurrentTypeID":10}]},{"ID":53619,"UUID":"EC322EB0-3DD8-4A05-B4FF-C1CE5197CFD9","NumberOfPoints":1,"UsageCost":"0.00 jaarabonnement","AddressInfo":{"ID":53965,"Title":"chatel france","AddressLine1":"","Town":"Hesperange","Postcode":"2112","CountryID":132,"Latitude":49.58451,"Longitude":6.142168,"RelatedURL":"http://www.essent.nl","DistanceUnit":0},"OperatorID":78,"DataProviderID":1,"StatusTypeID":50,"Connections":[{"ID":66795,"ConnectionTypeID":25,"LevelID":2,"PowerKW":11,"CurrentTypeID":10}]},{"ID":53617,"UUID":"970CD025-ABFF-44A2-AE17-BDAB23621EFB","NumberOfPoints":1,"UsageCost":"0.00 jaarabonnement","AddressInfo":{"ID":53963,"Title":"Rue Charles Jacquinot","AddressLine1":"Rue Charles Jacquinot","Town":"Bettembourg","Postcode":"3290","CountryID":132,"Latitude":49.5081801,"Longitude":6.1032353,"RelatedURL":"http://www.essent.nl","DistanceUnit":0},"OperatorID":78,"DataProviderID":26,"StatusTypeID":50,"Connections":[{"ID":66792,"ConnectionTypeID":25,"LevelID":2,"PowerKW":11,"CurrentTypeID":10},{"ID":66793,"ConnectionTypeID":25,"LevelID":2,"PowerKW":11,"CurrentTypeID":10}]},{"ID":53592,"UUID":"419CC302-6E51-4680-8DBA-A4BF09DC28E3","NumberOfPoints":1,"UsageCost":"0.00 jaarabonnement","AddressInfo":{"ID":53938,"Title":"Rue du Mont Gédry","AddressLine1":"Rue du Mont Gédry","Town":"Arpenans","Postcode":"70200","CountryID":132,"Latitude":47.609219,"Longitude":6.403707,"RelatedURL":"http://www.essent.nl","DistanceUnit":0},"OperatorID":78,"DataProviderID":26,"StatusTypeID":50,"Connections":[{"ID":66741,"ConnectionTypeID":25,"LevelID":2,"PowerKW":11,"CurrentTypeID":10}]},{"ID":51676,"UUID":"7D3360D1-11AC-4686-9C3E-AC70BDDCFFFD","NumberOfPoints":2,"UsageCost":"Free","AddressInfo":{"ID":52022,"Title":"Parking ROND POINT SCHUMAN","AddressLine1":"49 Allée Scheffer","Town":"Letzebuerg","Postcode":"L-2520","CountryID":132,"Latitude":49.618,"Longitude":6.12517,"ContactTelephone1":"+352 48 13 36 331","DistanceUnit":0},"OperatorID":52,"DataProviderID":1,"UsageTypeID":4,"StatusTypeID":50,"Connections":[{"ID":64133,"ConnectionTypeID":25,"StatusTypeID":50,"LevelID":2,"Voltage":240,"PowerKW":11,"CurrentTypeID":10,"Quantity":2}]},{"ID":47287,"UUID":"90E4EBB4-B80B-43EE-97D6-371AD2FD3FB3","NumberOfPoints":2,"AddressInfo":{"ID":47633,"Title":"Parking at Rue du Parc, Mertert","AddressLine1":"Rue du Parc","Town":"Mertert","CountryID":132,"Latitude":49.70276,"Longitude":6.47633,"DistanceUnit":0},"OperatorID":52,"DataProviderID":1,"StatusTypeID":50,"Connections":[{"ID":58295,"ConnectionTypeID":25,"LevelID":2,"Amps":32,"PowerKW":22,"CurrentTypeID":20}]},{"ID":32050,"UUID":"AEDEADAE-FDDE-438A-8274-E8FB5DAF5FC0","NumberOfPoints":1,"UsageCost":"0.00 jaarabonnement","AddressInfo":{"ID":32396,"Title":"N 7","AddressLine1":"N 7","Town":"Erpeldange-sur-Sûre","Postcode":"9161","CountryID":132,"Latitude":49.85112,"Longitude":6.12739,"RelatedURL":"http://www.essent.nl","DistanceUnit":0},"OperatorID":78,"DataProviderID":26,"StatusTypeID":50,"Connections":[{"ID":35561,"ConnectionTypeID":25,"LevelID":2,"PowerKW":11,"CurrentTypeID":10},{"ID":46163,"ConnectionTypeID":25,"LevelID":2,"PowerKW":11,"CurrentTypeID":10}]},{"ID":32046,"UUID":"0F92B824-3D1F-4256-8759-D1F91AA787FF","NumberOfPoints":1,"UsageCost":"0.00 jaarabonnement","AddressInfo":{"ID":32392,"Title":"Rue Principale","AddressLine1":"Rue Principale","Town":"Bettborn","Postcode":"8606","CountryID":132,"Latitude":49.793933,"Longitude":5.937424,"RelatedURL":"http://www.essent.nl","DistanceUnit":0},"OperatorID":78,"DataProviderID":26,"StatusTypeID":50,"Connections":[{"ID":35557,"ConnectionTypeID":25,"LevelID":2,"PowerKW":11,"CurrentTypeID":10},{"ID":46159,"ConnectionTypeID":25,"LevelID":2,"PowerKW":11,"CurrentTypeID":10}]},{"ID":32043,"UUID":"96871B0A-9415-4496-BE31-3FF24F42AECC","NumberOfPoints":1,"UsageCost":"0.00 jaarabonnement","AddressInfo":{"ID":32389,"Title":"Rue de la Piscine","AddressLine1":"Rue de la Piscine","Town":"Redange/Attert","Postcode":"8501","CountryID":132,"Latitude":49.77143,"Longitude":5.89765,"RelatedURL":"http://www.essent.nl","DistanceUnit":0},"OperatorID":78,"DataProviderID":26,"StatusTypeID":50,"Connections":[{"ID":35554,"ConnectionTypeID":25,"LevelID":2,"PowerKW":11,"CurrentTypeID":10},{"ID":46157,"ConnectionTypeID":25,"LevelID":2,"PowerKW":11,"CurrentTypeID":10}]},{"ID":32037,"UUID":"D75B9105-A2F1-4CC7-8948-1FD2780014FE","NumberOfPoints":1,"UsageCost":"0.00 jaarabonnement","AddressInfo":{"ID":32383,"Title":"Rue de Larochette","AddressLine1":"Rue de Larochette","Town":"Mersch","Postcode":"7535","CountryID":132,"Latitude":49.748565,"Longitude":6.112918,"RelatedURL":"http://www.essent.nl","DistanceUnit":0},"OperatorID":78,"DataProviderID":26,"StatusTypeID":50,"Connections":[{"ID":35548,"ConnectionTypeID":25,"LevelID":2,"PowerKW":11,"CurrentTypeID":10},{"ID":46155,"ConnectionTypeID":25,"LevelID":2,"PowerKW":11,"CurrentTypeID":10}]},{"ID":32030,"UUID":"9C529F67-54A8-4C82-B760-7B2090E1ED4B","NumberOfPoints":1,"UsageCost":"0.00 jaarabonnement","AddressInfo":{"ID":32376,"Title":"Route de Luxembourg","AddressLine1":"Route de Luxembourg","Town":"Lorentzweiler","Postcode":"7378","CountryID":132,"Latitude":49.698432,"Longitude":6.140687,"RelatedURL":"http://www.essent.nl","DistanceUnit":0},"OperatorID":78,"DataProviderID":26,"StatusTypeID":50,"Connections":[{"ID":35541,"ConnectionTypeID":25,"LevelID":2,"PowerKW":11,"CurrentTypeID":10},{"ID":46150,"ConnectionTypeID":25,"LevelID":2,"PowerKW":11,"CurrentTypeID":10}]},{"ID":32029,"UUID":"62F4FBA7-FBE9-4EDE-A76C-8EF5B0FA4E3B","NumberOfPoints":1,"UsageCost":"0.00 jaarabonnement","AddressInfo":{"ID":32375,"Title":"N 10","AddressLine1":"N 10","Town":"Grevenmacher","Postcode":"6758","CountryID":132,"Latitude":49.679065,"Longitude":6.446574,"RelatedURL":"http://www.essent.nl","DistanceUnit":0},"OperatorID":78,"DataProviderID":26,"StatusTypeID":50,"Connections":[{"ID":35540,"ConnectionTypeID":25,"LevelID":2,"PowerKW":11,"CurrentTypeID":10},{"ID":46149,"ConnectionTypeID":25,"LevelID":2,"PowerKW":11,"CurrentTypeID":10}],"UserComments":[{"ID":6079,"ChargePointID":32029,"CommentTypeID":10,"UserName":"ragnarok","Comment":"mat 16a gelueden,  et brauch ee keng enovos kaart,  d'lueden ass gratis","Rating":5,"DateCreated":"2015-08-01T08:59:54.487Z","User":{"ID":5092,"Username":"ragnarok"},"CheckinStatusTypeID":10}]},{"ID":32023,"UUID":"441E4658-8640-42BE-AB1A-A8CE0CCC9019","NumberOfPoints":1,"UsageCost":"0.00 jaarabonnement","AddressInfo":{"ID":32369,"Title":"Rue de Neudorf","AddressLine1":"Rue de Neudorf","Town":"Luxembourg","Postcode":"1747","CountryID":132,"Latitude":49.622735,"Longitude":6.183594,"RelatedURL":"http://www.essent.nl","DistanceUnit":0},"OperatorID":78,"DataProviderID":26,"StatusTypeID":50,"Connections":[{"ID":35534,"ConnectionTypeID":25,"LevelID":2,"PowerKW":11,"CurrentTypeID":10},{"ID":46147,"ConnectionTypeID":25,"LevelID":2,"PowerKW":11}]},{"ID":32022,"UUID":"1C63A22E-9B72-4F43-ABB2-0A98418557A9","NumberOfPoints":1,"UsageCost":"0.00 jaarabonnement","AddressInfo":{"ID":32368,"Title":"shopping center La Belle Etoile ","AddressLine1":"Route d'Arlon","Town":"Bertrange","Postcode":"8088","CountryID":132,"Latitude":49.622444,"Longitude":6.04822,"AccessComments":"The charging station is located in the parking of the shopping center La Belle Etoile (new wing of the building, level -1).","RelatedURL":"http://www.belle-etoile.lu/","DistanceUnit":0},"OperatorID":52,"DataProviderID":1,"UsageTypeID":4,"StatusTypeID":50,"Connections":[{"ID":35533,"ConnectionTypeID":25,"StatusTypeID":50,"LevelID":2,"Amps":16,"Voltage":400,"PowerKW":11,"CurrentTypeID":20,"Quantity":1},{"ID":46146,"ConnectionTypeID":25,"StatusTypeID":50,"LevelID":2,"Amps":16,"Voltage":400,"PowerKW":11,"CurrentTypeID":20,"Quantity":1}],"UserComments":[{"ID":21457,"ChargePointID":32022,"CommentTypeID":10,"UserName":"Sbrimmers ","Comment":"Require now regestration, I used my chargy card.","Rating":5,"DateCreated":"2019-09-03T10:13:24.607Z","User":{"ID":22100,"Username":"Sbrimmers "},"CheckinStatusTypeID":10},{"ID":17349,"ChargePointID":32022,"CommentTypeID":10,"UserName":"Thierry","Comment":"","Rating":4,"DateCreated":"2017-05-29T10:32:42.357Z","User":{"ID":13412,"Username":"Thierry"},"CheckinStatusTypeID":10},{"ID":14394,"ChargePointID":32022,"CommentTypeID":110,"UserName":"Simon Hewison","Comment":"updated usage information (pre-registration/membership required)","DateCreated":"2016-10-13T08:20:43.527Z","User":{"ID":4575,"Username":"Simon Hewison"},"CheckinStatusTypeID":0},{"ID":14374,"ChargePointID":32022,"CommentTypeID":100,"UserName":"arturo","Comment":"The charging station is located in the parking of the shopping center La Belle Etoile (new wing of the building, level -1). http://www.belle-etoile.lu/. The parking is free of charge but it may be closed on Sundays. \n\nIn order to recharge you must register (http://www.enovos.lu/particuliers/ecomobilite). Registration is free as of Oct 2016\n","DateCreated":"2016-10-09T07:49:15.667Z","User":{"ID":11906,"Username":"arturo"},"CheckinStatusTypeID":210}],"MediaItems":[{"ID":19455,"ChargePointID":32022,"ItemURL":"https://media.openchargemap.io/images/LU/OCM32022/OCM-32022.orig.2019090310100753.png","ItemThumbnailURL":"https://media.openchargemap.io/images/LU/OCM32022/OCM-32022.thmb.2019090310100753.png","Comment":"","IsEnabled":true,"IsVideo":false,"IsFeaturedItem":false,"IsExternalResource":false,"User":{"ID":22100,"Username":"Sbrimmers "},"DateCreated":"2019-09-03T10:10:00Z"},{"ID":8404,"ChargePointID":32022,"ItemURL":"https://media.openchargemap.io/images/LU/OCM32022/OCM-32022.orig.2016100913362850.jpg","ItemThumbnailURL":"https://media.openchargemap.io/images/LU/OCM32022/OCM-32022.thmb.2016100913362850.jpg","Comment":"","IsEnabled":true,"IsVideo":false,"IsFeaturedItem":false,"IsExternalResource":false,"User":{"ID":11906,"Username":"arturo"},"DateCreated":"2016-10-09T13:37:00Z"},{"ID":8401,"ChargePointID":32022,"ItemURL":"https://media.openchargemap.io/images/LU/OCM32022/OCM-32022.orig.2016100907423767.jpg","ItemThumbnailURL":"https://media.openchargemap.io/images/LU/OCM32022/OCM-32022.thmb.2016100907423767.jpg","Comment":"","IsEnabled":true,"IsVideo":false,"IsFeaturedItem":false,"IsExternalResource":false,"User":{"ID":11906,"Username":"arturo"},"DateCreated":"2016-10-09T07:43:00Z"}]},{"ID":32021,"UUID":"256B25A7-27A0-45C6-80DD-208726826BE6","NumberOfPoints":1,"UsageCost":"0.00 jaarabonnement","AddressInfo":{"ID":32367,"Title":"Rue de Neudorf","AddressLine1":"Rue de Neudorf","Town":"Scheidhof","Postcode":"2517","CountryID":132,"Latitude":49.621391,"Longitude":6.189275,"RelatedURL":"http://www.essent.nl","DistanceUnit":0},"OperatorID":78,"DataProviderID":26,"StatusTypeID":50,"Connections":[{"ID":35532,"ConnectionTypeID":25,"LevelID":2,"PowerKW":11,"CurrentTypeID":10},{"ID":46145,"ConnectionTypeID":25,"LevelID":2,"PowerKW":11,"CurrentTypeID":10},{"ID":95315,"ConnectionTypeID":25,"LevelID":2,"PowerKW":11,"CurrentTypeID":10},{"ID":95316,"ConnectionTypeID":25,"LevelID":2,"PowerKW":11,"CurrentTypeID":10}]},{"ID":32020,"UUID":"8B22ED4E-1F2A-4528-84FA-96406C74521B","NumberOfPoints":1,"UsageCost":"0.00 jaarabonnement","AddressInfo":{"ID":32366,"Title":"Avenue John F. Kennedy","AddressLine1":"Avenue John F. Kennedy","Town":"Luxembourg","Postcode":"1499","CountryID":132,"Latitude":49.619168,"Longitude":6.141948,"RelatedURL":"http://www.essent.nl","DistanceUnit":0},"OperatorID":78,"DataProviderID":26,"StatusTypeID":50,"Connections":[{"ID":35531,"ConnectionTypeID":25,"LevelID":2,"PowerKW":11,"CurrentTypeID":10},{"ID":46142,"ConnectionTypeID":25,"LevelID":2,"PowerKW":11,"CurrentTypeID":10},{"ID":46143,"ConnectionTypeID":25,"LevelID":2,"PowerKW":11,"CurrentTypeID":10},{"ID":46144,"ConnectionTypeID":25,"LevelID":2,"PowerKW":11,"CurrentTypeID":10}]},{"ID":32019,"UUID":"D1243227-8EB7-4DA0-90A9-7C5AE4338FD5","NumberOfPoints":1,"UsageCost":"0.00 jaarabonnement","AddressInfo":{"ID":32365,"Title":"Rue Thomas Edison 2","AddressLine1":"Rue Thomas Edison 2","Town":"Strassen","Postcode":"1442","CountryID":132,"Latitude":49.62172,"Longitude":6.09577,"RelatedURL":"http://www.essent.nl","DistanceUnit":0},"OperatorID":78,"DataProviderID":1,"StatusTypeID":50,"Connections":[{"ID":35530,"ConnectionTypeID":25,"LevelID":2,"PowerKW":11},{"ID":46141,"ConnectionTypeID":25,"LevelID":2,"PowerKW":11}],"UserComments":[{"ID":4536,"ChargePointID":32019,"CommentTypeID":50,"UserName":"","Comment":"The location on the map is wrong, however the address (Rue Thomas Edison 2) is correct. The charge location is behind the Creos office building on Rue Thomas Edison 2, lat-lon: 49.62172, 6.09577.","DateCreated":"2015-05-24T09:38:37.97Z","CheckinStatusTypeID":200}]},{"ID":32011,"UUID":"E82C5CC1-3B47-492A-AE1B-058337BC24A8","NumberOfPoints":1,"UsageCost":"0.00 jaarabonnement","AddressInfo":{"ID":32357,"Title":"Route de Thionville","AddressLine1":"Route de Thionville","Town":"Hesperange","Postcode":"5887","CountryID":132,"Latitude":49.573372,"Longitude":6.158466,"RelatedURL":"http://www.essent.nl","DistanceUnit":0},"OperatorID":78,"DataProviderID":26,"StatusTypeID":50,"Connections":[{"ID":35522,"ConnectionTypeID":25,"LevelID":2,"PowerKW":11,"CurrentTypeID":10},{"ID":46137,"ConnectionTypeID":25,"LevelID":2,"PowerKW":11,"CurrentTypeID":10}]},{"ID":32010,"UUID":"B9BDCBC7-648F-4F97-83AD-D6D27026D7E9","NumberOfPoints":1,"UsageCost":"0.00 jaarabonnement","AddressInfo":{"ID":32356,"Title":"Reinard","AddressLine1":"Reinard","Town":"Leudelange","Postcode":"3364","CountryID":132,"Latitude":49.5647271,"Longitude":6.0792615,"RelatedURL":"http://www.ev-box.nl","DistanceUnit":0},"OperatorID":73,"DataProviderID":26,"StatusTypeID":50,"Connections":[{"ID":35521,"ConnectionTypeID":25,"LevelID":2,"PowerKW":11,"CurrentTypeID":10},{"ID":46136,"ConnectionTypeID":25,"LevelID":2,"PowerKW":11,"CurrentTypeID":10}]},{"ID":32009,"UUID":"8148606E-35E3-440D-AD67-227F428B0755","NumberOfPoints":1,"UsageCost":"0.00 jaarabonnement","AddressInfo":{"ID":32355,"Title":"Route de l'Europe","AddressLine1":"Route de l'Europe","Town":"Remich","Postcode":"5531","CountryID":132,"Latitude":49.5479,"Longitude":6.36058,"RelatedURL":"http://www.essent.nl","DistanceUnit":0},"OperatorID":78,"DataProviderID":26,"StatusTypeID":50,"Connections":[{"ID":35520,"ConnectionTypeID":25,"LevelID":2,"PowerKW":11,"CurrentTypeID":10},{"ID":46135,"ConnectionTypeID":25,"LevelID":2,"PowerKW":11,"CurrentTypeID":10}],"UserComments":[{"ID":6062,"ChargePointID":32009,"CommentTypeID":100,"UserName":"ragnarok","Comment":"For Cactus , you always need a membership card \"mobicard\" from enovos.....","Rating":4,"DateCreated":"2015-07-30T13:15:36.413Z","User":{"ID":5092,"Username":"ragnarok"},"CheckinStatusTypeID":10}]},{"ID":32007,"UUID":"082ADA12-1BD2-46A1-B3DC-EAD65C888B67","NumberOfPoints":1,"UsageCost":"0.00 jaarabonnement","AddressInfo":{"ID":32353,"Title":"Rue de Schifflange","AddressLine1":"Rue de Schifflange","Town":"Esch-sur-Alzette","Postcode":"4316","CountryID":132,"Latitude":49.499848,"Longitude":5.989523,"RelatedURL":"http://www.essent.nl","DistanceUnit":0},"OperatorID":78,"DataProviderID":26,"StatusTypeID":50,"Connections":[{"ID":35518,"ConnectionTypeID":25,"LevelID":2,"PowerKW":11,"CurrentTypeID":10},{"ID":46132,"ConnectionTypeID":25,"LevelID":2,"PowerKW":11,"CurrentTypeID":10},{"ID":46133,"ConnectionTypeID":25,"LevelID":2,"PowerKW":11,"CurrentTypeID":10},{"ID":46134,"ConnectionTypeID":25,"LevelID":2,"PowerKW":11,"CurrentTypeID":10}]},{"ID":24270,"UUID":"A6D7BA86-DE73-416E-B6BB-6829094B1D00","NumberOfPoints":4,"AddressInfo":{"ID":24615,"Title":"LuxConnect campus","AddressLine1":"4, Rue Graham Bell","Town":"Bettembourg","StateOrProvince":"Canton Esch-sur-Alzette","Postcode":"3235","CountryID":132,"Latitude":49.5045758,"Longitude":6.11336519999998,"DistanceUnit":0},"OperatorID":45,"DataProviderID":1,"UsageTypeID":6,"StatusTypeID":50,"Connections":[{"ID":26390,"ConnectionTypeID":25,"StatusTypeID":50,"LevelID":2,"Quantity":2},{"ID":26391,"ConnectionTypeID":13,"StatusTypeID":50,"LevelID":2,"CurrentTypeID":10,"Quantity":2}]},{"ID":24044,"UUID":"2E3A8F2A-BF30-4CF6-9457-F05072BC0BF6","NumberOfPoints":1,"AddressInfo":{"ID":24389,"Title":"Renault Garage Thommes - Heffingen","AddressLine1":"92 Op der Strooss","Town":"Heffingen","Postcode":"7650","CountryID":132,"Latitude":49.763456124517,"Longitude":6.24149919010949,"ContactTelephone1":"+(352)-(8781151)","AccessComments":"Accès aux horaires d'ouverture","RelatedURL":"http://www.renault.com","DistanceUnit":0},"OperatorID":1,"DataProviderID":1,"UsageTypeID":6,"StatusTypeID":50,"Connections":[{"ID":26039,"ConnectionTypeID":25,"StatusTypeID":50,"LevelID":2,"Amps":32,"Voltage":220,"PowerKW":22,"CurrentTypeID":20,"Quantity":1}]},{"ID":24043,"UUID":"C64AD5E4-88A8-49E9-B85B-543D817B0F61","NumberOfPoints":1,"AddressInfo":{"ID":24388,"Title":"Renault Garage Schneiders","AddressLine1":"Route de Luxembourg","Town":"Echternach","StateOrProvince":"Canton Echternach","Postcode":"6450","CountryID":132,"Latitude":49.8112318722296,"Longitude":6.41965135285282,"ContactTelephone1":"+(352)-(7290451)","AccessComments":"Accès aux horaires d'ouverture","RelatedURL":"http://www.renault.com","DistanceUnit":0},"OperatorID":1,"DataProviderID":1,"UsageTypeID":6,"StatusTypeID":50,"Connections":[{"ID":26038,"ConnectionTypeID":24,"StatusTypeID":50,"LevelID":2,"Amps":32,"Voltage":220,"PowerKW":22,"CurrentTypeID":20,"Quantity":1}]},{"ID":24042,"UUID":"2BD77E5B-E419-41AF-A3DD-232BA6173F8D","NumberOfPoints":1,"AddressInfo":{"ID":24387,"Title":"Renault Garage de l'Est","AddressLine1":"Rue Nicolas Glesener","Town":"Junglinster","StateOrProvince":"Canton Grevenmacher","Postcode":"6115","CountryID":132,"Latitude":49.7057533063539,"Longitude":6.25245214145763,"ContactTelephone1":"+(352)-(7882221)","AccessComments":"Accès aux horaires d'ouverture","DistanceUnit":0},"OperatorID":52,"DataProviderID":1,"UsageTypeID":6,"StatusTypeID":50,"Connections":[{"ID":26037,"ConnectionTypeID":25,"StatusTypeID":50,"LevelID":2,"Amps":32,"Voltage":220,"PowerKW":22,"CurrentTypeID":20,"Quantity":1}]},{"ID":22950,"UUID":"115F64BC-D57D-44AF-9096-B9BC9A915155","NumberOfPoints":1,"AddressInfo":{"ID":23295,"Title":"PWC","AddressLine1":"Route d'Esch 400","AddressLine2":"Gasperich","Town":"Luxemburg","StateOrProvince":"Luxembourg","Postcode":"L-2530","CountryID":132,"Latitude":49.5827074772722,"Longitude":6.11450364760743,"ContactTelephone1":" [352] 49 48 48 1","RelatedURL":"http://www.pwc.com/gx/en/office-locations/luxembourg.jhtml","DistanceUnit":0},"OperatorID":1,"DataProviderID":1,"UsageTypeID":0,"StatusTypeID":50,"Connections":[{"ID":24635,"ConnectionTypeID":2,"LevelID":3,"CurrentTypeID":30,"Quantity":1}]},{"ID":15317,"UUID":"56661CC7-D1CA-4C4F-9386-C9D0A01BBA65","NumberOfPoints":1,"UsageCost":"Free","AddressInfo":{"ID":15663,"Title":"Pall Center","AddressLine1":"2 Arelerstrooss","AddressLine2":"","Town":"Oberpallen","StateOrProvince":"","Postcode":"8552 ","CountryID":132,"Latitude":49.7606795,"Longitude":5.858467900000051,"ContactTelephone1":"+352 23 64 43 33","ContactTelephone2":"","ContactEmail":"contact@pallcenter.lu","AccessComments":"Ouvert du lundi au samedi de 8h à 20h, Le dimanche de 8h à 19h","RelatedURL":"http://www.pallcenter.lu/index.php","DistanceUnit":0},"OperatorID":1,"DataProviderID":1,"UsageTypeID":4,"StatusTypeID":50,"Connections":[]},{"ID":15316,"UUID":"5306423D-17A7-4A6C-9417-4ADCE6CC74B9","NumberOfPoints":1,"UsageCost":"Free","AddressInfo":{"ID":15662,"Title":"Hall sportif de Beckerich","AddressLine1":"Jos Seyler Strooss","AddressLine2":"","Town":" Beckerich","StateOrProvince":"","Postcode":"8522 ","CountryID":132,"Latitude":49.7243,"Longitude":5.8989500000000135,"ContactTelephone1":"23 62 21-890","ContactTelephone2":"","ContactEmail":"","AccessComments":"","RelatedURL":"","DistanceUnit":0},"OperatorID":1,"DataProviderID":1,"UsageTypeID":4,"StatusTypeID":50,"Connections":[]},{"ID":15315,"UUID":"F52D4B1E-8ED8-42A4-ABF4-565A646F5D20","NumberOfPoints":1,"UsageCost":"Free","AddressInfo":{"ID":15661,"Title":"d'millen","AddressLine1":" 103 Huewelerstrooss","AddressLine2":"","Town":"Beckerich","StateOrProvince":"","Postcode":"8521","CountryID":132,"Latitude":49.72696329999999,"Longitude":5.895567600000049,"ContactTelephone1":"+352/691 510 372","ContactTelephone2":"+352/691 510 370","ContactEmail":"info@dmillen.lu","AccessComments":"","RelatedURL":"http://dmillen.blogspot.be","DistanceUnit":0},"OperatorID":1,"DataProviderID":1,"UsageTypeID":4,"StatusTypeID":50,"Connections":[]},{"ID":15314,"UUID":"3A211B18-8023-4811-8F01-AC7E35440739","NumberOfPoints":1,"UsageCost":"Free","AddressInfo":{"ID":15660,"Title":"Eida SA","AddressLine1":"6 JOS SEYLER STROOSS","AddressLine2":"","Town":"Beckerich","StateOrProvince":"","Postcode":"8522","CountryID":132,"Latitude":49.7245584,"Longitude":5.898743800000034,"ContactTelephone1":"+352 26 62 07 72 44","ContactTelephone2":"","ContactEmail":"info@eida.lu","AccessComments":"","RelatedURL":"http://www.eida.lu","DistanceUnit":0},"OperatorID":1,"DataProviderID":1,"UsageTypeID":4,"StatusTypeID":50,"Connections":[]},{"ID":15299,"UUID":"E4CA3D59-F751-47C6-A25B-32DE33F5BCA3","NumberOfPoints":1,"UsageCost":"Free","AddressInfo":{"ID":15645,"Title":"Mairie d'Echternach","AddressLine1":"50, rue Alferweiher","AddressLine2":"","Town":"Echternach ","StateOrProvince":"","Postcode":"6460 ","CountryID":132,"Latitude":49.80056829999999,"Longitude":6.432262600000058,"ContactTelephone1":"","ContactTelephone2":"","ContactEmail":"","AccessComments":"","RelatedURL":"","DistanceUnit":0},"OperatorID":52,"DataProviderID":1,"UsageTypeID":0,"StatusTypeID":50,"Connections":[{"ID":13619,"ConnectionTypeID":25,"StatusTypeID":0,"Amps":32,"Quantity":1}]},{"ID":15298,"UUID":"10609B3F-7628-440B-8901-6CF72922F4D4","NumberOfPoints":1,"UsageCost":"Free","AddressInfo":{"ID":15644,"Title":"Renault RRG Esch","AddressLine1":"1 rue Joseph Kieffer","Town":"Esch-sur-Alzette","Postcode":"4176 ","CountryID":132,"Latitude":49.5105059,"Longitude":5.97650490000001,"ContactTelephone1":"57 29 76 1 ","AccessComments":" du lundi au vendredi de 8h00 à 12h00 et de 13h30 à 19h00 et le samedi de 9h00 à 12h00 et de 14h00 à 18h00.","DistanceUnit":0},"OperatorID":52,"DataProviderID":1,"UsageTypeID":6,"StatusTypeID":50,"Connections":[{"ID":13617,"ConnectionTypeID":25,"StatusTypeID":50,"LevelID":2,"Amps":32,"Voltage":220,"PowerKW":22,"CurrentTypeID":20,"Quantity":2}]},{"ID":15297,"UUID":"475BCA39-B7CD-4562-A098-FE66CA955286","NumberOfPoints":2,"UsageCost":"Free","AddressInfo":{"ID":15643,"Title":"Place Formann","AddressLine1":"","AddressLine2":"","Town":"Dudelange","StateOrProvince":"","Postcode":"3590","CountryID":132,"Latitude":49.478017,"Longitude":6.08392,"ContactTelephone1":"","ContactTelephone2":"","ContactEmail":"","AccessComments":"","RelatedURL":"","DistanceUnit":0},"OperatorID":52,"DataProviderID":1,"UsageTypeID":0,"StatusTypeID":50,"Connections":[{"ID":13615,"ConnectionTypeID":23,"StatusTypeID":0,"Amps":16,"Quantity":2},{"ID":13616,"ConnectionTypeID":28,"StatusTypeID":0,"Quantity":4}]},{"ID":15294,"UUID":"6A6F2A7A-D43D-4AAA-883A-BE208AF3665E","NumberOfPoints":2,"UsageCost":"Free","AddressInfo":{"ID":15640,"Title":"Foyer Assurances","AddressLine1":"12 rue Léon Laval","AddressLine2":"","Town":"Leudelange","StateOrProvince":"","Postcode":"3372","CountryID":132,"Latitude":49.56662710000001,"Longitude":6.080201799999941,"ContactTelephone1":"437 437","ContactTelephone2":"","ContactEmail":"","AccessComments":"Du Lundi au Vendredi : de 08h30 à 17h30","RelatedURL":"http://www.foyer.lu","DistanceUnit":0},"OperatorID":52,"DataProviderID":1,"UsageTypeID":0,"StatusTypeID":50,"Connections":[{"ID":13610,"ConnectionTypeID":25,"StatusTypeID":0,"Amps":32,"Quantity":4}]},{"ID":15293,"UUID":"439F1C54-799A-4B65-AE59-F366DC21F9CD","NumberOfPoints":2,"UsageCost":"Free","AddressInfo":{"ID":15639,"Title":"Renault RRG Luxembourg","AddressLine1":"2, rue Robert Stumper","Town":" Luxembourg","Postcode":"2557","CountryID":132,"Latitude":49.5849644,"Longitude":6.11861810000005,"ContactTelephone1":"+352 40 30 40 1","AccessComments":"du lundi au vendredi de 7h30 à 18h30 et le samedi de 8h00 à 17h00. ","DistanceUnit":0},"OperatorID":52,"DataProviderID":1,"UsageTypeID":6,"StatusTypeID":50,"Connections":[{"ID":13609,"ConnectionTypeID":25,"StatusTypeID":50,"LevelID":2,"Amps":32,"Voltage":220,"PowerKW":22,"CurrentTypeID":20,"Quantity":4}]},{"ID":15292,"UUID":"47DBA435-8AD2-4AB1-A491-7C9226B7EA72","NumberOfPoints":2,"UsageCost":"Free","AddressInfo":{"ID":15638,"Title":"P&T Luxembourg","AddressLine1":"1, rue Emile Bian","AddressLine2":"","Town":"Luxembourg ","StateOrProvince":"","Postcode":"2999","CountryID":132,"Latitude":49.5806638,"Longitude":6.115040700000009,"ContactTelephone1":"","ContactTelephone2":"","ContactEmail":"","AccessComments":"Carport photovoltaïque","RelatedURL":"http://www.pt.lu/portal/","DistanceUnit":0},"OperatorID":52,"DataProviderID":1,"UsageTypeID":0,"StatusTypeID":50,"Connections":[{"ID":13608,"ConnectionTypeID":25,"StatusTypeID":0,"Amps":32,"Quantity":4}]},{"ID":15291,"UUID":"931065A5-56BF-4DEC-87A2-9B7BA7B1C04D","NumberOfPoints":2,"UsageCost":"Free","AddressInfo":{"ID":15637,"Title":"Mercedes-Benz Leudelange","AddressLine1":"3, rue Nicolas Brosius","AddressLine2":"","Town":"Leudelange ","StateOrProvince":"","Postcode":"3372","CountryID":132,"Latitude":49.5673311,"Longitude":6.079009199999973,"ContactTelephone1":"+352 26 37 26 1","ContactTelephone2":"","ContactEmail":"","AccessComments":"Lu - Ve: 8h00-18h00; Sa: 9h00-13h00","RelatedURL":"","DistanceUnit":0},"OperatorID":52,"DataProviderID":1,"UsageTypeID":0,"StatusTypeID":50,"Connections":[{"ID":13607,"ConnectionTypeID":25,"StatusTypeID":0,"Amps":32,"Quantity":4}]},{"ID":15290,"UUID":"18F47589-71B4-4AC1-8EAF-5FA1A2BE5D79","NumberOfPoints":1,"UsageCost":"Free","AddressInfo":{"ID":15636,"Title":"Arval Luxembourg","AddressLine1":"36, route de Longwy","AddressLine2":"","Town":"Bertrange","StateOrProvince":"","Postcode":"8080","CountryID":132,"Latitude":49.60286139999999,"Longitude":6.0719662999999855,"ContactTelephone1":"+352 44 91 80 1","ContactTelephone2":"","ContactEmail":"info.lu@arval.lu","AccessComments":"","RelatedURL":"http://www.arval.lu/","DistanceUnit":0},"OperatorID":52,"DataProviderID":1,"UsageTypeID":0,"StatusTypeID":50,"Connections":[{"ID":13606,"ConnectionTypeID":25,"StatusTypeID":0,"Amps":32,"Quantity":2}]},{"ID":15288,"UUID":"DF39931F-F823-4F86-A595-0FD147767E36","NumberOfPoints":1,"UsageCost":"Free","AddressInfo":{"ID":15634,"Title":"Renault RRG Diekirch","AddressLine1":"26, rte d'Ettelbruck","Town":"Diekirch","Postcode":"9230","CountryID":132,"Latitude":49.8624556,"Longitude":6.14868260000003,"ContactTelephone1":"+3528088801","AccessComments":"- Show-room et vente : du lundi au vendredi de 8h00 à 18h30 et le samedi de 8h00 à 17h00.","DistanceUnit":0},"OperatorID":52,"DataProviderID":1,"UsageTypeID":6,"StatusTypeID":50,"Connections":[{"ID":13597,"ConnectionTypeID":25,"StatusTypeID":50,"LevelID":2,"Amps":32,"Voltage":220,"PowerKW":22,"CurrentTypeID":20,"Quantity":2}]},{"ID":15231,"UUID":"1A80FB1F-DA14-4353-BA00-0878D102DC55","NumberOfPoints":1,"UsageCost":"Free","AddressInfo":{"ID":15577,"Title":"Station ENOVOS Belvaux (Mairie de Belvaux)","AddressLine1":"60, rue de la poste ","AddressLine2":"","Town":"Belvaux","StateOrProvince":"","Postcode":"","CountryID":132,"Latitude":49.5103514,"Longitude":5.928529199999957,"ContactTelephone1":"","ContactTelephone2":"","ContactEmail":"","AccessComments":"","RelatedURL":"","DistanceUnit":0},"OperatorID":52,"DataProviderID":1,"UsageTypeID":0,"StatusTypeID":50,"Connections":[{"ID":13519,"ConnectionTypeID":0,"StatusTypeID":0,"Amps":16,"Quantity":2}]},{"ID":9253,"UUID":"6D938912-F23C-4609-8EBC-29B11C082E75","NumberOfPoints":1,"UsageCost":"Free","AddressInfo":{"ID":9150,"Title":"Nissan by Lentz","AddressLine1":"535 Route de Thionville  ","AddressLine2":"","Town":"ALZINGEN","StateOrProvince":"","Postcode":"5888 ","CountryID":132,"Latitude":49.560546,"Longitude":6.1666572000000315,"ContactTelephone1":"00/352/44 45 45-1","ContactTelephone2":"","ContactEmail":"vente@nissanbylentz.com","AccessComments":"Lundi: \t9.00-18.30 \t  Mardi: \t9.00-18.30 \t  Mercredi: \t9.00-18.30 \t  Jeudi: \t9.00-18.30 \t  Vendredi: \t9.00-18.30 \t  Samedi: \t09.00-12.00 \t14.00-17.00 Dimanche: \tfermé \t","RelatedURL":"http://www.lentz-nissan.lu/","DistanceUnit":0},"OperatorID":1,"DataProviderID":1,"UsageTypeID":2,"StatusTypeID":50,"Connections":[{"ID":6964,"ConnectionTypeID":2,"StatusTypeID":0,"LevelID":3,"Quantity":1}]},{"ID":9115,"UUID":"2FC08908-4C09-430F-9FBC-26A0AA99760C","NumberOfPoints":2,"UsageCost":"par heure  /   4€ pour voitures    2€ 2 roues","AddressInfo":{"ID":9012,"Title":"Cactus Bascharage","AddressLine1":"6, avenue de Luxembourg","AddressLine2":"","Town":"Bascharage","StateOrProvince":"","Postcode":"4950  ","CountryID":132,"Latitude":49.5629763,"Longitude":5.900891099999967,"ContactTelephone1":"+352 26 50 50 1","ContactTelephone2":"","ContactEmail":"","AccessComments":"En venant de Luxemboug- Ville, suivre la direction Dippach-Schouweiler,traverser Bascharage direction Pétange par l'avenue de Luxembourg. En venant de Esch/Alzette, prendre l'autoroute A13 direction Ehlerange-Petange, sortir à Bascharage, dans le rond point Biff, prendre la première à droite. En venant de France à partir du PED, suivre la direction Petange, direction Esch, sortir à Bascharage, dans le rond point Biff, prendre la quatrième à droite. En venant d'Athus, suivre la direction Petange sur A13, sortie rond point Biff à Bascharage.","RelatedURL":"http://www.cactus.lu/page.asp?id=231&langue=FR","DistanceUnit":0},"OperatorID":52,"DataProviderID":1,"UsageTypeID":4,"StatusTypeID":50,"Connections":[{"ID":6786,"ConnectionTypeID":25,"StatusTypeID":0,"Amps":32,"Quantity":4}]},{"ID":9109,"UUID":"69A8FC38-7903-4C61-AB25-38071B2DBDF1","NumberOfPoints":1,"UsageCost":"Free","AddressInfo":{"ID":9006,"Title":"Smart Center Luxembourg","AddressLine1":"45 rue de Bouillon","AddressLine2":"","Town":"Luxembourg","StateOrProvince":"","Postcode":"1248","CountryID":132,"Latitude":49.5990854,"Longitude":6.11152519999996,"ContactTelephone1":"+352 490966 -1","ContactTelephone2":"","ContactEmail":"info@smartcenter.lu","AccessComments":"","RelatedURL":"http://www.smartcenter.lu","DistanceUnit":0},"OperatorID":1,"DataProviderID":1,"UsageTypeID":3,"StatusTypeID":50,"Connections":[]}]