[{"ID":210008,"UUID":"182F3475-61D5-4506-9108-E11930662D48","NumberOfPoints":2,"UsageCost":"Free for customers","AddressInfo":{"ID":210388,"Title":"BMW Capital Motors","AddressLine1":"Plot: 1279 Luthuli Road","Town":"Gaborone","StateOrProvince":"Gaborone","Postcode":"010 109 3344","CountryID":34,"Latitude":-24.67559669414213,"Longitude":25.90604941834249,"ContactTelephone1":"010 109 3344","AccessComments":"The parking lot is located on Luthuli Road. Enquire at Capital Motors to charge.","DistanceUnit":0},"OperatorID":173,"DataProviderID":1,"UsageTypeID":6,"StatusTypeID":50,"Connections":[{"ID":349580,"ConnectionTypeID":25,"StatusTypeID":50,"LevelID":2,"Amps":32,"Voltage":400,"PowerKW":22,"CurrentTypeID":20,"Quantity":2}]}]