[{"ID":93733,"UUID":"10A09717-E913-4506-8757-F0E47D2B3D94","NumberOfPoints":1,"AddressInfo":{"ID":94079,"Title":"Business Aviation Complex","AddressLine1":"West Camp Road","Town":"Seletar","StateOrProvince":"Central","Postcode":"798273","CountryID":202,"Latitude":1.420811,"Longitude":103.865224,"DistanceUnit":0},"OperatorID":59,"DataProviderID":1,"UsageTypeID":4,"StatusTypeID":50,"Connections":[{"ID":132706,"ConnectionTypeID":1,"StatusTypeID":50,"LevelID":2,"CurrentTypeID":10,"Quantity":1}]},{"ID":93732,"UUID":"6936C7C4-ABC8-4B84-957F-45EDA4898E91","NumberOfPoints":1,"AddressInfo":{"ID":94078,"Title":"Biopolis","AddressLine1":"31 Biopolis Way","Town":"Biopolis","StateOrProvince":"Southwest","Postcode":"138669","CountryID":202,"Latitude":1.3045510000000002,"Longitude":103.792528,"DistanceUnit":0},"OperatorID":59,"DataProviderID":1,"UsageTypeID":4,"StatusTypeID":50,"Connections":[{"ID":132705,"ConnectionTypeID":1,"StatusTypeID":50,"LevelID":2,"CurrentTypeID":10,"Quantity":1}]},{"ID":93730,"UUID":"ECBA849B-8885-483A-917D-0D59F6810EDB","NumberOfPoints":1,"AddressInfo":{"ID":94076,"Title":"BCA Academy","AddressLine1":"Braddell Road","Town":"Toa Payoh","StateOrProvince":"Central","Postcode":"310221","CountryID":202,"Latitude":1.343664,"Longitude":103.857987,"DistanceUnit":0},"OperatorID":59,"DataProviderID":1,"UsageTypeID":4,"StatusTypeID":50,"Connections":[{"ID":132701,"ConnectionTypeID":1,"StatusTypeID":50,"LevelID":2,"CurrentTypeID":10,"Quantity":1}]},{"ID":93729,"UUID":"5046F2F4-7FBB-4973-A860-48E869121AEA","NumberOfPoints":1,"AddressInfo":{"ID":94075,"Title":"Technopreneur Centre","AddressLine1":"20 Ayer Rajah Crescent","Town":"Nepal Hill","StateOrProvince":"Southwest","Postcode":"139942","CountryID":202,"Latitude":1.295541,"Longitude":103.78969800000002,"DistanceUnit":0},"OperatorID":59,"DataProviderID":1,"UsageTypeID":4,"StatusTypeID":50,"Connections":[{"ID":132700,"ConnectionTypeID":1,"StatusTypeID":50,"LevelID":2,"CurrentTypeID":10,"Quantity":1}]},{"ID":93728,"UUID":"950A7A6E-DB2D-42E3-9DC1-91B079E85E65","NumberOfPoints":1,"AddressInfo":{"ID":94074,"Title":"Woodlands Loop","AddressLine1":"15 Woodlands Loop","Town":"Sembawang","StateOrProvince":"Northwest","Postcode":"737916","CountryID":202,"Latitude":1.4485818,"Longitude":103.80908309999995,"DistanceUnit":0},"OperatorID":59,"DataProviderID":1,"UsageTypeID":4,"StatusTypeID":50,"Connections":[{"ID":132699,"ConnectionTypeID":1,"StatusTypeID":50,"LevelID":2,"CurrentTypeID":10,"Quantity":1}]},{"ID":93627,"UUID":"C7563D24-1F37-4089-964E-F8A30CF5375B","NumberOfPoints":1,"AddressInfo":{"ID":93973,"Title":"The Heeren","AddressLine1":"260 Orchard Road","AddressLine2":"Orchard","Town":"Singapore","StateOrProvince":"Central","Postcode":"229650","CountryID":202,"Latitude":1.303063,"Longitude":103.8373661,"AccessComments":"Basement 2 car park, Lot #8, next to Lift Lobby to Robinson outlet","DistanceUnit":0},"OperatorID":59,"DataProviderID":1,"UsageTypeID":4,"StatusTypeID":50,"Connections":[{"ID":132576,"ConnectionTypeID":25,"StatusTypeID":50,"LevelID":2,"Quantity":1}]},{"ID":93626,"UUID":"D9711570-3FBD-4882-AE13-8054BDCAEE69","NumberOfPoints":1,"AddressInfo":{"ID":93972,"Title":"Galaxis Building","AddressLine1":"1 Fusionopolis Place","Town":"Southwest","Postcode":"138522","CountryID":202,"Latitude":1.300041,"Longitude":103.7879276,"DistanceUnit":0},"OperatorID":59,"DataProviderID":1,"UsageTypeID":4,"StatusTypeID":50,"Connections":[{"ID":132575,"ConnectionTypeID":25,"StatusTypeID":50,"LevelID":2,"Quantity":1}]},{"ID":93625,"UUID":"295AC828-48ED-418D-BE10-842A119A6EEE","NumberOfPoints":1,"AddressInfo":{"ID":93971,"Title":"One Raffles Quay","AddressLine1":"One Raffles Quay","AddressLine2":"Raffles Place","Town":"Singapore","StateOrProvince":"Central","Postcode":"018986","CountryID":202,"Latitude":1.281278,"Longitude":103.852089,"AccessComments":"Level 4 MSCP, located beside Lot #40, Green-painted lot","DistanceUnit":0},"OperatorID":59,"DataProviderID":1,"UsageTypeID":4,"StatusTypeID":50,"Connections":[{"ID":132574,"ConnectionTypeID":25,"StatusTypeID":50,"LevelID":2,"Quantity":1}]},{"ID":62520,"UUID":"8BBD20CE-2B7F-4A6B-A0BC-025C4F99E603","NumberOfPoints":1,"UsageCost":"0.00 onbekend","AddressInfo":{"ID":62866,"Title":"Central Expressway","AddressLine1":"Central Expressway","Town":"Central Singapore Community Development Council","Postcode":"556818","CountryID":202,"Latitude":1.344854,"Longitude":103.85862,"DistanceUnit":0},"OperatorID":162,"DataProviderID":26,"StatusTypeID":50,"Connections":[{"ID":79434,"ConnectionTypeID":2,"LevelID":3,"PowerKW":50,"CurrentTypeID":30}]}]