[{"ID":307649,"UUID":"80BD376A-7A3C-4014-B312-450909D4A0A3","NumberOfPoints":1,"AddressInfo":{"ID":308038,"Title":"3MG San Bernardino - Automotor","AddressLine1":"MPFC+73Q,","Town":"San Bernardino","StateOrProvince":"Central","Postcode":"031603","CountryID":175,"Latitude":-25.32709536921344,"Longitude":-57.27977533692351,"DistanceUnit":0},"OperatorID":1,"DataProviderID":1,"UsageTypeID":1,"StatusTypeID":50,"Connections":[{"ID":586852,"ConnectionTypeID":33,"StatusTypeID":50,"LevelID":3,"Amps":200,"Voltage":500,"PowerKW":100,"CurrentTypeID":30,"Quantity":2}]},{"ID":307571,"UUID":"2D3FB382-F3D9-4130-B250-C6C2AE4CF126","NumberOfPoints":2,"AddressInfo":{"ID":307960,"Title":"Casa Rica Los Laureles","AddressLine1":"Doctor Facundo Machaín","Town":"Asuncion","Postcode":"001415","CountryID":175,"Latitude":-25.307817141623502,"Longitude":-57.57637063147155,"DistanceUnit":0},"DataProviderID":1,"UsageTypeID":6,"StatusTypeID":50,"Connections":[{"ID":586706,"ConnectionTypeID":1039,"StatusTypeID":50,"LevelID":2,"PowerKW":7,"CurrentTypeID":10,"Quantity":1},{"ID":586707,"ConnectionTypeID":1036,"StatusTypeID":50,"LevelID":2,"Amps":16,"Voltage":380,"PowerKW":11,"CurrentTypeID":20,"Quantity":1}]},{"ID":307521,"UUID":"ED8C7D74-F602-4C6C-B9F2-BE63CE4685A7","NumberOfPoints":3,"UsageCost":"0","AddressInfo":{"ID":307910,"Title":"Estacion BYD","AddressLine1":"Avenida Aviador Silvio Pettirossi","Town":"Luque","StateOrProvince":"Central","Postcode":"001509","CountryID":175,"Latitude":-25.26241876044203,"Longitude":-57.527373722586276,"DistanceUnit":0},"OperatorID":1,"DataProviderID":1,"UsageTypeID":1,"StatusTypeID":50,"Connections":[{"ID":586608,"ConnectionTypeID":1038,"StatusTypeID":50,"LevelID":2,"Amps":32,"Voltage":220,"PowerKW":7,"CurrentTypeID":10,"Quantity":3}]},{"ID":306733,"UUID":"C7BC0B79-6BCF-423C-B4C8-D35EC67FFB55","NumberOfPoints":1,"AddressInfo":{"ID":307122,"Title":"Automotor S.A. Suc. Encarnación","AddressLine1":"Marginal Sur PY06","AddressLine2":"Chaipé","StateOrProvince":"Itapúa","CountryID":175,"Latitude":-27.31096742041869,"Longitude":-55.84270566820271,"DistanceUnit":0},"OperatorID":1,"DataProviderID":1,"UsageTypeID":1,"StatusTypeID":50,"Connections":[{"ID":585107,"ConnectionTypeID":33,"StatusTypeID":50,"LevelID":3,"Amps":200,"Voltage":1000,"PowerKW":100,"CurrentTypeID":30,"Quantity":2}]},{"ID":306057,"UUID":"1A504DCA-7F83-4631-B17C-9EE500A91DE9","NumberOfPoints":1,"AddressInfo":{"ID":306446,"Title":"Estación de Servicios Enex","AddressLine1":"Manuel del Castillo ","AddressLine2":"Av. República Argentina ","Town":"Asunción","CountryID":175,"Latitude":-25.29930029332897,"Longitude":-57.58002181837986,"ContactTelephone1":"+595217292900","ContactEmail":"hablemos@enex.com.py","RelatedURL":"https://enex.com.py/","DistanceUnit":0},"OperatorID":3461,"DataProviderID":1,"UsageTypeID":1,"StatusTypeID":50,"Connections":[{"ID":579902,"ConnectionTypeID":33,"StatusTypeID":50,"LevelID":3,"PowerKW":60,"CurrentTypeID":30,"Quantity":1},{"ID":579903,"ConnectionTypeID":1040,"StatusTypeID":50,"LevelID":3,"PowerKW":60,"CurrentTypeID":30,"Quantity":1}]},{"ID":304874,"UUID":"D94BBCB0-1B50-4DA4-8DD0-D7614EC3C98E","NumberOfPoints":1,"AddressInfo":{"ID":305263,"Title":"Petromax San José - EverGo","AddressLine1":"Circunvalación San José de los Arroyos","Town":"San José de los Arroyos","StateOrProvince":"Cordillera","CountryID":175,"Latitude":-25.524073984214354,"Longitude":-56.75520069670452,"DistanceUnit":0},"OperatorID":3500,"DataProviderID":1,"UsageTypeID":4,"StatusTypeID":50,"Connections":[{"ID":577070,"ConnectionTypeID":33,"StatusTypeID":50,"LevelID":3,"Amps":125,"Voltage":1000,"PowerKW":50,"CurrentTypeID":30,"Quantity":1},{"ID":577071,"ConnectionTypeID":2,"StatusTypeID":50,"LevelID":3,"Amps":125,"Voltage":500,"PowerKW":50,"CurrentTypeID":30,"Quantity":1}]},{"ID":301456,"UUID":"69109016-F4EB-4B77-9FC9-7C7DA8B0165B","NumberOfPoints":1,"AddressInfo":{"ID":301843,"Title":"Diesa Encarnación","AddressLine2":"Santa María Santillán","StateOrProvince":"Itapúa","CountryID":175,"Latitude":-27.305713427054933,"Longitude":-55.83857461180537,"DistanceUnit":0},"OperatorID":1,"DataProviderID":1,"UsageTypeID":1,"StatusTypeID":50,"Connections":[{"ID":563517,"ConnectionTypeID":33,"StatusTypeID":50,"LevelID":3,"Amps":200,"Voltage":1000,"PowerKW":60,"CurrentTypeID":30,"Quantity":1},{"ID":563518,"ConnectionTypeID":0,"StatusTypeID":50,"LevelID":3,"Amps":200,"Voltage":1000,"PowerKW":60,"CurrentTypeID":30,"Quantity":1,"Comments":"GB/T"}]},{"ID":300385,"UUID":"34F17954-CEB8-4CB2-8375-93896B38727C","NumberOfPoints":1,"UsageCost":"2.000Gs / kWh","AddressInfo":{"ID":300772,"Title":"Biggie Itá - EverGo","AddressLine1":"Ruta Departamental 027","Town":"Distrito de Itá","StateOrProvince":"Central","Postcode":"110510","CountryID":175,"Latitude":-25.50845247445099,"Longitude":-57.3568105566203,"DistanceUnit":0},"OperatorID":3500,"DataProviderID":1,"UsageTypeID":4,"StatusTypeID":50,"Connections":[{"ID":559334,"ConnectionTypeID":33,"StatusTypeID":50,"LevelID":3,"Amps":125,"Voltage":1000,"PowerKW":50,"CurrentTypeID":30,"Quantity":1},{"ID":559335,"ConnectionTypeID":2,"StatusTypeID":50,"LevelID":3,"Amps":125,"Voltage":500,"PowerKW":50,"CurrentTypeID":30,"Quantity":1}]},{"ID":300384,"UUID":"19A03A23-F9EC-4946-8084-6BD41F92D8BD","NumberOfPoints":1,"UsageCost":"2.000 Gs/kWh","AddressInfo":{"ID":300771,"Title":"Petropar Ayolas - EverGo","AddressLine1":"Avenida Costanera Arary","AddressLine2":"Mil Viviendas","StateOrProvince":"Misiones","CountryID":175,"Latitude":-27.386392276536952,"Longitude":-56.83369342219521,"DistanceUnit":0},"OperatorID":3500,"DataProviderID":1,"UsageTypeID":4,"StatusTypeID":50,"Connections":[{"ID":559332,"ConnectionTypeID":33,"StatusTypeID":50,"LevelID":3,"Amps":125,"Voltage":1000,"PowerKW":50,"CurrentTypeID":30,"Quantity":1},{"ID":559333,"ConnectionTypeID":2,"StatusTypeID":50,"LevelID":3,"Amps":125,"Voltage":500,"PowerKW":50,"CurrentTypeID":30,"Quantity":1}]},{"ID":300383,"UUID":"6DF0990B-2B38-4E79-8A5E-71D782ACE918","NumberOfPoints":1,"UsageCost":"2.000Gs / kWh","AddressInfo":{"ID":300770,"Title":"Petropar Cnel. Bogado - EverGo","AddressLine1":"Ruta Nacional Mariscal López","StateOrProvince":"Itapúa","CountryID":175,"Latitude":-27.181096852833917,"Longitude":-56.221997092518365,"DistanceUnit":0},"OperatorID":3500,"DataProviderID":1,"UsageTypeID":4,"StatusTypeID":50,"Connections":[{"ID":559330,"ConnectionTypeID":33,"StatusTypeID":50,"LevelID":3,"Amps":125,"Voltage":1000,"PowerKW":50,"CurrentTypeID":30,"Quantity":1},{"ID":559331,"ConnectionTypeID":2,"StatusTypeID":50,"LevelID":3,"Amps":125,"Voltage":500,"PowerKW":50,"CurrentTypeID":30,"Quantity":1}]},{"ID":299903,"UUID":"639C043F-D765-4AB3-B81C-2E79C06B59B0","NumberOfPoints":2,"AddressInfo":{"ID":300290,"Title":"Avenida Santa Teresa","AddressLine1":"Avenida Santa Teresa","AddressLine2":"Paseo Galeria","Town":"Asuncion","StateOrProvince":"Asuncion","Postcode":"001410","CountryID":175,"Latitude":-25.284536862421845,"Longitude":-57.56269870035891,"DistanceUnit":0},"OperatorID":1,"DataProviderID":1,"UsageTypeID":1,"StatusTypeID":50,"Connections":[{"ID":554634,"ConnectionTypeID":1036,"StatusTypeID":50,"LevelID":2,"Amps":32,"Voltage":216,"PowerKW":7,"CurrentTypeID":10,"Quantity":1},{"ID":554635,"ConnectionTypeID":0,"StatusTypeID":50,"LevelID":2,"Amps":32,"Voltage":217,"PowerKW":7,"CurrentTypeID":10,"Quantity":1}]},{"ID":299902,"UUID":"5E1086D2-22F6-40E4-BBA6-E01C36BC7E77","NumberOfPoints":1,"AddressInfo":{"ID":300289,"Title":"Monseñor Rodríguez","AddressLine1":"Monseñor Rodríguez","AddressLine2":"Ciudad Nueva","Town":"CIudad del Este","StateOrProvince":"Alto Parana","Postcode":"123100","CountryID":175,"Latitude":-25.500049759723936,"Longitude":-54.66291500521311,"DistanceUnit":0},"OperatorID":1,"DataProviderID":1,"UsageTypeID":4,"StatusTypeID":50,"Connections":[{"ID":554633,"ConnectionTypeID":1040,"Reference":"DIESA","StatusTypeID":50,"LevelID":3,"Amps":200,"Voltage":1000,"PowerKW":50,"CurrentTypeID":30,"Quantity":1}]},{"ID":299153,"UUID":"288F66C0-D47E-4131-ADD9-2ED7DEA29794","NumberOfPoints":1,"AddressInfo":{"ID":299540,"Title":"Parador Piringo - Diesa","AddressLine1":"Cabo Liborio Talavera","AddressLine2":"Loma Clavel","Town":"San Ignacio Guazú","StateOrProvince":"Misiones","CountryID":175,"Latitude":-26.880917876113436,"Longitude":-57.032397787932666,"DistanceUnit":0},"OperatorID":1,"DataProviderID":1,"UsageTypeID":1,"StatusTypeID":50,"Connections":[{"ID":549248,"ConnectionTypeID":33,"StatusTypeID":50,"LevelID":3,"Amps":200,"Voltage":1000,"PowerKW":120,"CurrentTypeID":30,"Quantity":1},{"ID":549249,"ConnectionTypeID":0,"StatusTypeID":50,"LevelID":3,"Amps":250,"Voltage":1000,"PowerKW":120,"CurrentTypeID":30,"Quantity":1,"Comments":"Conector GB/T"}]},{"ID":297186,"UUID":"744BDCF0-FD60-4041-82DB-289CEA0CA7D3","NumberOfPoints":1,"UsageCost":"1.650 Gs","AddressInfo":{"ID":297573,"Title":"Biggie Express Perú","AddressLine1":"Avenida Perú","Postcode":"001209","CountryID":175,"Latitude":-25.28923942647843,"Longitude":-57.61898022923823,"DistanceUnit":0},"OperatorID":3500,"DataProviderID":1,"UsageTypeID":4,"StatusTypeID":50,"Connections":[{"ID":535574,"ConnectionTypeID":33,"StatusTypeID":50,"LevelID":3,"Amps":125,"Voltage":1000,"PowerKW":50,"CurrentTypeID":30,"Quantity":1},{"ID":535575,"ConnectionTypeID":2,"StatusTypeID":50,"LevelID":3,"Amps":125,"Voltage":500,"PowerKW":50,"CurrentTypeID":30,"Quantity":1}]},{"ID":297185,"UUID":"02BF5B33-B3D9-4AA0-80FA-604010AEC1E7","NumberOfPoints":2,"UsageCost":"2.000Gs / kWh","AddressInfo":{"ID":297572,"Title":"Copetrol Caapucu - EverGo","AddressLine1":"5ta Proyectada","AddressLine2":"Santa Librada","Town":"Caapucú","StateOrProvince":"Paraguarí","CountryID":175,"Latitude":-26.23854390546262,"Longitude":-57.17481267581604,"DistanceUnit":0},"OperatorID":3500,"DataProviderID":1,"UsageTypeID":4,"StatusTypeID":50,"Connections":[{"ID":535572,"ConnectionTypeID":33,"StatusTypeID":50,"LevelID":3,"Amps":125,"Voltage":1000,"PowerKW":50,"CurrentTypeID":30,"Quantity":1},{"ID":535573,"ConnectionTypeID":2,"StatusTypeID":50,"LevelID":3,"Amps":125,"Voltage":500,"PowerKW":50,"CurrentTypeID":30,"Quantity":1}]},{"ID":296665,"UUID":"296EB60A-C2DE-4CB9-A7E4-A8F795981FF8","NumberOfPoints":1,"UsageCost":"2.000Gs / kWh","AddressInfo":{"ID":297052,"Title":"Fruteria Paraguari - EverGo","AddressLine1":"Mariscal Francisco Solano López","Town":"Distrito de paraguarí","StateOrProvince":"Paraguarí","Postcode":"090103","CountryID":175,"Latitude":-25.61298118488334,"Longitude":-57.168111257633825,"DistanceUnit":0},"OperatorID":3500,"DataProviderID":1,"UsageTypeID":4,"StatusTypeID":50,"Connections":[{"ID":532065,"ConnectionTypeID":33,"StatusTypeID":50,"LevelID":3,"Amps":125,"Voltage":1000,"PowerKW":50,"CurrentTypeID":30,"Quantity":1},{"ID":532066,"ConnectionTypeID":2,"StatusTypeID":50,"LevelID":3,"Amps":125,"Voltage":500,"PowerKW":50,"CurrentTypeID":30,"Quantity":1}]},{"ID":296091,"UUID":"1AF2C7BE-2BA6-41A0-A76C-DC41922C1657","NumberOfPoints":1,"AddressInfo":{"ID":296478,"Title":"Buting","AddressLine1":"46 San Guillermo","Town":"Pasig","StateOrProvince":"Metro Manila","Postcode":"1600","CountryID":175,"Latitude":14.4965632,"Longitude":121.0482688,"DistanceUnit":0},"OperatorID":1,"DataProviderID":1,"UsageTypeID":1,"StatusTypeID":50,"Connections":[{"ID":528158,"ConnectionTypeID":30,"StatusTypeID":50,"LevelID":2,"Amps":48,"Voltage":220,"PowerKW":11,"CurrentTypeID":10,"Quantity":1}]},{"ID":290166,"UUID":"119D65C3-EAEC-4DB5-AC73-939889A0C9B5","NumberOfPoints":1,"UsageCost":"2.000Gs / kWh","AddressInfo":{"ID":290553,"Title":"Biggie Express Ñemby - EverGo","AddressLine1":"Acceso Sur","AddressLine2":"Mbokajaty","StateOrProvince":"Central","Postcode":"111201","CountryID":175,"Latitude":-25.379436901084148,"Longitude":-57.554171007225364,"DistanceUnit":0},"OperatorID":3500,"DataProviderID":1,"UsageTypeID":4,"StatusTypeID":50,"Connections":[{"ID":512554,"ConnectionTypeID":33,"StatusTypeID":50,"LevelID":3,"Amps":125,"Voltage":1000,"PowerKW":50,"CurrentTypeID":30,"Quantity":1},{"ID":512555,"ConnectionTypeID":2,"StatusTypeID":50,"LevelID":3,"Amps":125,"Voltage":500,"PowerKW":50,"CurrentTypeID":30,"Quantity":1}]},{"ID":289596,"UUID":"26CEE197-7636-4245-AC60-783F97F564AC","NumberOfPoints":1,"UsageCost":"2.000Gs / kWh","AddressInfo":{"ID":289983,"Title":"Puma Shopping Pinedo - Evergo","AddressLine1":"Adela Speratti","StateOrProvince":"Central","Postcode":"111420","CountryID":175,"Latitude":-25.32428230351877,"Longitude":-57.52057118898006,"RelatedURL":"https://evergo.com/en/about-us/evergo-app/","DistanceUnit":0},"OperatorID":3500,"DataProviderID":1,"UsageTypeID":4,"StatusTypeID":50,"Connections":[{"ID":509979,"ConnectionTypeID":33,"StatusTypeID":50,"LevelID":3,"Amps":125,"Voltage":1000,"PowerKW":50,"CurrentTypeID":30,"Quantity":1},{"ID":509980,"ConnectionTypeID":2,"StatusTypeID":50,"LevelID":3,"Amps":125,"Voltage":500,"PowerKW":50,"CurrentTypeID":30,"Quantity":1}]},{"ID":289550,"UUID":"19F57426-BBBB-42F0-8A28-521D04844841","NumberOfPoints":2,"AddressInfo":{"ID":289937,"Title":"Petropar Coronel Oviedo","AddressLine1":"Cnrel","AddressLine2":"oviedo","Town":"coronel oviedo","StateOrProvince":"Caaguazú","CountryID":175,"Latitude":-25.475247717681142,"Longitude":-56.052099105016055,"DistanceUnit":0},"OperatorID":3461,"DataProviderID":1,"UsageTypeID":4,"StatusTypeID":50,"Connections":[{"ID":509672,"ConnectionTypeID":33,"StatusTypeID":50,"LevelID":3,"Amps":125,"Voltage":500,"PowerKW":50,"CurrentTypeID":30,"Quantity":1},{"ID":509673,"ConnectionTypeID":1036,"StatusTypeID":50,"LevelID":2,"PowerKW":22,"CurrentTypeID":20,"Quantity":1},{"ID":509674,"ConnectionTypeID":2,"StatusTypeID":50,"LevelID":3,"PowerKW":50,"CurrentTypeID":30,"Quantity":1}]},{"ID":280418,"UUID":"4A5FB39E-4A94-4DCB-B278-19EA08267F55","NumberOfPoints":3,"UsageCost":"","AddressInfo":{"ID":280805,"Title":"Volvo Rieder - EverGo","AddressLine1":"Doctor Francisco Morra","Postcode":"001411","CountryID":175,"Latitude":-25.286018108296616,"Longitude":-57.575755510862095,"DistanceUnit":0},"OperatorID":3500,"DataProviderID":1,"UsageTypeID":1,"StatusTypeID":50,"Connections":[{"ID":487775,"ConnectionTypeID":33,"StatusTypeID":50,"LevelID":3,"Amps":125,"Voltage":1000,"PowerKW":50,"CurrentTypeID":30,"Quantity":1},{"ID":487776,"ConnectionTypeID":2,"StatusTypeID":50,"LevelID":3,"Amps":125,"Voltage":500,"PowerKW":50,"CurrentTypeID":30,"Quantity":1},{"ID":487777,"ConnectionTypeID":1036,"StatusTypeID":50,"LevelID":2,"Amps":32,"Voltage":240,"PowerKW":22,"CurrentTypeID":20,"Quantity":2}]},{"ID":280327,"UUID":"F3DEC4E5-ACA3-4F99-BCFF-16D5181E961F","NumberOfPoints":1,"AddressInfo":{"ID":280714,"Title":"Puma Santani - Evergo","AddressLine1":"Ruta Nacional General Aquino","AddressLine2":"Nu Poi","StateOrProvince":"San Pedro","CountryID":175,"Latitude":-24.668833574461814,"Longitude":-56.4620946673146,"DistanceUnit":0},"OperatorID":3500,"DataProviderID":1,"UsageTypeID":4,"StatusTypeID":30,"Connections":[{"ID":487640,"ConnectionTypeID":33,"StatusTypeID":50,"LevelID":3,"Amps":125,"Voltage":1000,"PowerKW":50,"CurrentTypeID":30,"Quantity":1},{"ID":487641,"ConnectionTypeID":2,"StatusTypeID":50,"LevelID":3,"Amps":125,"Voltage":500,"PowerKW":50,"CurrentTypeID":30,"Quantity":1}]},{"ID":280326,"UUID":"E0F5DD55-BF75-4D6E-8E5E-8ACB4CA5C83B","NumberOfPoints":1,"UsageCost":"2.000Gs / kWh","AddressInfo":{"ID":280713,"Title":"Puma Katuete - Evergo","AddressLine1":"Ruta Nacional General Aquino","StateOrProvince":"Canindeyú","CountryID":175,"Latitude":-24.253989664381137,"Longitude":-54.77025119861321,"DistanceUnit":0},"OperatorID":3500,"DataProviderID":1,"UsageTypeID":4,"StatusTypeID":50,"Connections":[{"ID":487638,"ConnectionTypeID":33,"StatusTypeID":50,"LevelID":3,"Amps":125,"Voltage":1000,"PowerKW":50,"CurrentTypeID":30,"Quantity":1},{"ID":487639,"ConnectionTypeID":2,"StatusTypeID":50,"LevelID":3,"Amps":125,"Voltage":500,"PowerKW":50,"CurrentTypeID":30,"Quantity":1}]},{"ID":278501,"UUID":"021565C9-3FB4-4FB8-ACB5-E0A570391B76","NumberOfPoints":2,"UsageCost":"Cargador CCS2 y GB/T","AddressInfo":{"ID":278888,"Title":"Hotel Cooperativa MPAI Naranjito Ltda.","AddressLine1":"Ruta Nacional Juan León Mallorquín","Town":"Naranjito","StateOrProvince":"Itapúa","CountryID":175,"Latitude":-26.3605827462409,"Longitude":-55.24189067737454,"DistanceUnit":0},"OperatorID":45,"DataProviderID":1,"UsageTypeID":1,"StatusTypeID":50,"Connections":[{"ID":481206,"ConnectionTypeID":33,"StatusTypeID":50,"LevelID":3,"Amps":200,"Voltage":1000,"PowerKW":100,"CurrentTypeID":30,"Quantity":1},{"ID":481207,"ConnectionTypeID":1040,"StatusTypeID":50,"LevelID":3,"Amps":250,"Voltage":1000,"PowerKW":100,"CurrentTypeID":30,"Quantity":1}],"MediaItems":[{"ID":42478,"ChargePointID":278501,"ItemURL":"https://media.openchargemap.io/images/PY/OCM278501/OCM-278501.orig.2024060511543084.jpg","ItemThumbnailURL":"https://media.openchargemap.io/images/PY/OCM278501/OCM-278501.thmb.2024060511543084.jpg","Comment":"","IsEnabled":true,"IsVideo":false,"IsFeaturedItem":false,"IsExternalResource":false,"User":{"ID":52632,"Username":"Tang 2023"},"DateCreated":"2024-06-05T11:55:00Z"}]},{"ID":278500,"UUID":"0A73C6DE-1E72-4408-9ED5-8B6A645F1D86","NumberOfPoints":2,"AddressInfo":{"ID":278887,"Title":"Cargador BYD","AddressLine1":"Coronel Oviedo","Town":"Coronel Oviedo","StateOrProvince":"Caaguazú","CountryID":175,"Latitude":-25.46751310688063,"Longitude":-56.44609087746966,"DistanceUnit":0},"OperatorID":3500,"DataProviderID":1,"UsageTypeID":1,"StatusTypeID":50,"Connections":[{"ID":481204,"ConnectionTypeID":33,"StatusTypeID":50,"LevelID":3,"Amps":500,"Voltage":125,"PowerKW":50,"CurrentTypeID":30,"Quantity":1},{"ID":481205,"ConnectionTypeID":1040,"StatusTypeID":50,"LevelID":3,"Amps":125,"Voltage":500,"PowerKW":50,"CurrentTypeID":30,"Quantity":1}]},{"ID":278499,"UUID":"2DEB39C5-8882-4658-98E0-68A0CB719A78","NumberOfPoints":2,"AddressInfo":{"ID":278886,"Title":"Parador Del Touring","AddressLine1":"Ruta Nacional Mariscal López","AddressLine2":"Manga Yvyrá","Town":"Villa Florida","StateOrProvince":"Misiones","CountryID":175,"Latitude":-26.405460401730757,"Longitude":-57.12925165554077,"DistanceUnit":0},"OperatorID":3500,"DataProviderID":1,"UsageTypeID":1,"StatusTypeID":50,"Connections":[{"ID":481202,"ConnectionTypeID":33,"StatusTypeID":50,"LevelID":3,"Amps":500,"Voltage":125,"PowerKW":50,"CurrentTypeID":30,"Quantity":1},{"ID":481203,"ConnectionTypeID":0,"StatusTypeID":50,"LevelID":3,"Amps":125,"Voltage":500,"PowerKW":50,"CurrentTypeID":30,"Quantity":1,"Comments":"GB/T"}]},{"ID":278498,"UUID":"F33DCCFB-6AFF-4B72-9CDF-991E1C2118FB","NumberOfPoints":2,"AddressInfo":{"ID":278885,"Title":"Biggie Mcal. Lopez - EverGo","AddressLine1":"Mcal. Lopez","Town":"Asuncion","StateOrProvince":"Central","Postcode":"001408","CountryID":175,"Latitude":-25.298741419010014,"Longitude":-57.568433652582186,"DistanceUnit":0},"OperatorID":3500,"DataProviderID":1,"UsageTypeID":1,"StatusTypeID":50,"Connections":[{"ID":481200,"ConnectionTypeID":33,"StatusTypeID":50,"LevelID":3,"Amps":125,"Voltage":1000,"PowerKW":50,"CurrentTypeID":30,"Quantity":1},{"ID":481201,"ConnectionTypeID":2,"StatusTypeID":50,"LevelID":3,"Amps":125,"Voltage":500,"PowerKW":50,"CurrentTypeID":30,"Quantity":1}]},{"ID":278497,"UUID":"95ABB9A2-6F6E-42AA-9653-F79E8ADD2923","NumberOfPoints":2,"AddressInfo":{"ID":278884,"Title":"Biggie - Genaro Romero - EverGo","AddressLine1":"Genaro Romero","Postcode":"001520","CountryID":175,"Latitude":-25.268871048426035,"Longitude":-57.578842134744946,"DistanceUnit":0},"OperatorID":3500,"DataProviderID":1,"UsageTypeID":1,"StatusTypeID":50,"Connections":[{"ID":481198,"ConnectionTypeID":33,"StatusTypeID":50,"LevelID":3,"Amps":125,"Voltage":1000,"PowerKW":50,"CurrentTypeID":30,"Quantity":1},{"ID":481199,"ConnectionTypeID":2,"StatusTypeID":50,"LevelID":3,"Amps":125,"Voltage":500,"PowerKW":50,"CurrentTypeID":30,"Quantity":1}]},{"ID":278496,"UUID":"857B341A-28EC-4B23-BB1B-EC44F415744F","NumberOfPoints":2,"UsageCost":"2.000Gs / kWh","AddressInfo":{"ID":278883,"Title":"Biggie - Luque - EverGo","AddressLine1":"Avenida General Elizardo Aquino","AddressLine2":"Cuarto Barrio","StateOrProvince":"Central","Postcode":"110932","CountryID":175,"Latitude":-25.26384162565354,"Longitude":-57.51407832221206,"DistanceUnit":0},"OperatorID":3500,"DataProviderID":1,"UsageTypeID":4,"StatusTypeID":50,"Connections":[{"ID":481196,"ConnectionTypeID":33,"StatusTypeID":50,"LevelID":3,"Amps":125,"Voltage":1000,"PowerKW":50,"CurrentTypeID":30,"Quantity":1},{"ID":481197,"ConnectionTypeID":2,"StatusTypeID":50,"LevelID":3,"Amps":125,"Voltage":500,"PowerKW":50,"CurrentTypeID":30,"Quantity":1}]},{"ID":274798,"UUID":"C7D9E356-AF6A-47A5-9F01-1F2B82C4859B","NumberOfPoints":2,"UsageCost":"2.000Gs / kWh","AddressInfo":{"ID":275185,"Title":"Puma Ypacarai - Evergo","AddressLine1":"Bernardino Caballero Melgarejo","Town":"Distrito de Ypacarai","StateOrProvince":"Central","Postcode":"111702","CountryID":175,"Latitude":-25.39921308230376,"Longitude":-57.28161833269678,"DistanceUnit":0},"OperatorID":3500,"DataProviderID":1,"UsageTypeID":4,"StatusTypeID":50,"Connections":[{"ID":477042,"ConnectionTypeID":33,"StatusTypeID":50,"LevelID":3,"Amps":125,"Voltage":1000,"PowerKW":50,"CurrentTypeID":30,"Quantity":1},{"ID":477043,"ConnectionTypeID":2,"StatusTypeID":50,"LevelID":3,"Amps":125,"Voltage":500,"PowerKW":50,"CurrentTypeID":30,"Quantity":1}]},{"ID":274726,"UUID":"0784FDBA-2B34-4AF5-8E15-D84409B786A5","NumberOfPoints":2,"UsageCost":"2.000Gs / kWh","AddressInfo":{"ID":275110,"Title":"Puma Parador Campo 9 - Evergo","AddressLine1":"Ruta Nacional Mariscal Estigarribia","StateOrProvince":"Caaguazú","CountryID":175,"Latitude":-25.37979357882395,"Longitude":-55.70177207733133,"DistanceUnit":0},"OperatorID":3500,"DataProviderID":1,"UsageTypeID":4,"StatusTypeID":50,"Connections":[{"ID":476751,"ConnectionTypeID":33,"StatusTypeID":50,"LevelID":3,"Amps":125,"Voltage":1000,"PowerKW":50,"CurrentTypeID":30,"Quantity":1},{"ID":476752,"ConnectionTypeID":2,"StatusTypeID":50,"LevelID":3,"Amps":125,"Voltage":500,"PowerKW":50,"CurrentTypeID":30,"Quantity":1}]},{"ID":274595,"UUID":"960FFCD4-AF72-4FD2-BA5F-DCCC168050DA","NumberOfPoints":2,"UsageCost":"2.000 /kWh","AddressInfo":{"ID":274979,"Title":"Las Acacias","AddressLine1":"Las Acacias","Town":"Hernandarias","StateOrProvince":"Alto Paraná","CountryID":175,"Latitude":-25.38887252920945,"Longitude":-54.6401660142331,"DistanceUnit":0},"OperatorID":3500,"DataProviderID":1,"UsageTypeID":4,"StatusTypeID":50,"Connections":[{"ID":476340,"ConnectionTypeID":33,"StatusTypeID":50,"LevelID":3,"Amps":125,"Voltage":1000,"PowerKW":50,"CurrentTypeID":30,"Quantity":1},{"ID":476341,"ConnectionTypeID":2,"StatusTypeID":50,"LevelID":3,"Amps":125,"Voltage":500,"PowerKW":50,"CurrentTypeID":30,"Quantity":1}],"MediaItems":[{"ID":39632,"ChargePointID":274595,"ItemURL":"https://media.openchargemap.io/images/PY/OCM274595/OCM-274595.orig.2023091911583850.jpg","ItemThumbnailURL":"https://media.openchargemap.io/images/PY/OCM274595/OCM-274595.thmb.2023091911583850.jpg","Comment":"","IsEnabled":true,"IsVideo":false,"IsFeaturedItem":false,"IsExternalResource":false,"User":{"ID":45921,"Username":"Max"},"DateCreated":"2023-09-19T11:59:00Z"}]},{"ID":274272,"UUID":"72647F94-8130-4872-8799-851374EF4F02","NumberOfPoints":2,"AddressInfo":{"ID":274656,"Title":"Integral - Yby Yaú","AddressLine1":"2FM4+GWX, Yby Yaú, Paraguay","Town":"Yby Yaú","CountryID":175,"Latitude":-22.966153078169057,"Longitude":-56.54350680275019,"DistanceUnit":0},"OperatorID":3500,"DataProviderID":1,"UsageTypeID":1,"StatusTypeID":50,"Connections":[{"ID":475392,"ConnectionTypeID":33,"StatusTypeID":50,"LevelID":3,"Amps":200,"Voltage":500,"PowerKW":100,"CurrentTypeID":30,"Quantity":2,"Comments":""}]},{"ID":274271,"UUID":"34A04322-2DDB-4079-924E-891AB79AD41E","NumberOfPoints":1,"UsageCost":"1650000 Gs / kW","AddressInfo":{"ID":274655,"Title":"Biggie - Lillo Villa Morra","AddressLine1":"Eusebio Lillo Robles esq","Town":"Asuncion","StateOrProvince":"Central","CountryID":175,"Latitude":-25.28738708312177,"Longitude":-57.57951621034475,"DistanceUnit":0},"OperatorID":3500,"DataProviderID":1,"UsageTypeID":1,"StatusTypeID":50,"Connections":[{"ID":475390,"ConnectionTypeID":33,"StatusTypeID":50,"LevelID":3,"Amps":125,"Voltage":1000,"PowerKW":50,"CurrentTypeID":30,"Quantity":1},{"ID":475391,"ConnectionTypeID":2,"StatusTypeID":50,"LevelID":3,"Amps":125,"Voltage":500,"PowerKW":50,"CurrentTypeID":30,"Quantity":1}]},{"ID":274269,"UUID":"F4C6E605-0686-44C9-A8AA-C7A879A4685D","NumberOfPoints":1,"UsageCost":"2.000Gs / kWh","AddressInfo":{"ID":274653,"Title":"Biggie - Sargento Gauto","AddressLine1":"Diego de Silva y Velázquez","Town":"asuncion","StateOrProvince":"Central","Postcode":"001207","CountryID":175,"Latitude":-25.28191093867737,"Longitude":-57.59918786620145,"DistanceUnit":0},"OperatorID":3500,"DataProviderID":1,"UsageTypeID":4,"StatusTypeID":50,"Connections":[{"ID":475387,"ConnectionTypeID":33,"StatusTypeID":50,"LevelID":3,"Amps":125,"Voltage":1000,"PowerKW":50,"CurrentTypeID":30,"Quantity":1},{"ID":475388,"ConnectionTypeID":2,"StatusTypeID":50,"LevelID":3,"Amps":125,"Voltage":500,"PowerKW":50,"CurrentTypeID":30,"Quantity":1}]},{"ID":274268,"UUID":"5EE48E01-F4A6-4F15-A6BA-DDC09BB261C9","NumberOfPoints":2,"AddressInfo":{"ID":274652,"Title":"Biggie - De las Palmeras","AddressLine1":"De las Palmeras","Town":"Asuncion","StateOrProvince":"Central","Postcode":"001414","CountryID":175,"Latitude":-25.303193146097513,"Longitude":-57.584972445564006,"DistanceUnit":0},"OperatorID":3500,"DataProviderID":1,"UsageTypeID":1,"StatusTypeID":50,"Connections":[{"ID":475385,"ConnectionTypeID":33,"StatusTypeID":50,"LevelID":3,"Amps":125,"Voltage":1000,"PowerKW":50,"CurrentTypeID":30,"Quantity":1},{"ID":475386,"ConnectionTypeID":2,"StatusTypeID":50,"LevelID":3,"Amps":125,"Voltage":500,"PowerKW":50,"CurrentTypeID":30,"Quantity":1}]},{"ID":274267,"UUID":"20411D56-7A45-4B7A-9F45-2702530B979B","NumberOfPoints":1,"AddressInfo":{"ID":274651,"Title":"Biggie San Lorenzo","AddressLine1":"Avenida Mariscal Estigarribia","Town":"Asuncion","StateOrProvince":"Central","Postcode":"111420","CountryID":175,"Latitude":-25.341295451152078,"Longitude":-57.51617119079475,"DistanceUnit":0},"OperatorID":3500,"DataProviderID":1,"UsageTypeID":1,"StatusTypeID":50,"Connections":[{"ID":475383,"ConnectionTypeID":33,"StatusTypeID":50,"LevelID":3,"Amps":125,"Voltage":1000,"PowerKW":50,"CurrentTypeID":30,"Quantity":1},{"ID":475384,"ConnectionTypeID":2,"StatusTypeID":50,"LevelID":3,"Amps":125,"Voltage":500,"PowerKW":50,"CurrentTypeID":30,"Quantity":1}]},{"ID":274266,"UUID":"0798951A-85DE-422D-B266-94C9B0C2AC73","NumberOfPoints":2,"UsageCost":"2.000 /kWh","AddressInfo":{"ID":274650,"Title":"AGRIESA - Estación Puma","AddressLine1":"Ruta Nacional Juan León Mallorquín","Town":"Santa Rita","StateOrProvince":"Alto Paraná","CountryID":175,"Latitude":-25.88061448971642,"Longitude":-55.12176384709187,"DistanceUnit":0},"OperatorID":3500,"DataProviderID":1,"UsageTypeID":4,"StatusTypeID":50,"Connections":[{"ID":475381,"ConnectionTypeID":33,"StatusTypeID":50,"LevelID":3,"Amps":125,"Voltage":1000,"PowerKW":50,"CurrentTypeID":30,"Quantity":1},{"ID":475382,"ConnectionTypeID":2,"StatusTypeID":50,"LevelID":3,"Amps":125,"Voltage":500,"PowerKW":50,"CurrentTypeID":30,"Quantity":1}],"MediaItems":[{"ID":39676,"ChargePointID":274266,"ItemURL":"https://media.openchargemap.io/images/PY/OCM274266/OCM-274266.orig.2023092116150000.jpg","ItemThumbnailURL":"https://media.openchargemap.io/images/PY/OCM274266/OCM-274266.thmb.2023092116150000.jpg","Comment":"","IsEnabled":true,"IsVideo":false,"IsFeaturedItem":false,"IsExternalResource":false,"User":{"ID":45921,"Username":"Max"},"DateCreated":"2023-09-21T16:15:00Z"}]},{"ID":271603,"UUID":"777B5047-C098-43F8-B73C-7618C4230E5B","NumberOfPoints":2,"AddressInfo":{"ID":271987,"Title":"Estación Integral - Km 11","AddressLine1":"Ruta Nacional Mariscal Estigarribia","Town":"Ciudad del Este","StateOrProvince":"Alto Paraná","Postcode":"100122","CountryID":175,"Latitude":-25.493763095547095,"Longitude":-54.714019676948396,"AccessComments":"Solicitar la Tarjeta de liberación con los playeros","DistanceUnit":0},"OperatorID":1,"DataProviderID":1,"UsageTypeID":1,"StatusTypeID":50,"Connections":[{"ID":462099,"ConnectionTypeID":33,"StatusTypeID":50,"LevelID":3,"Amps":200,"Voltage":1000,"PowerKW":100,"CurrentTypeID":30,"Quantity":2}],"MediaItems":[{"ID":38631,"ChargePointID":271603,"ItemURL":"https://media.openchargemap.io/images/PY/OCM271603/OCM-271603.orig.2023071021405889.jpg","ItemThumbnailURL":"https://media.openchargemap.io/images/PY/OCM271603/OCM-271603.thmb.2023071021405889.jpg","Comment":"","IsEnabled":true,"IsVideo":false,"IsFeaturedItem":false,"IsExternalResource":false,"User":{"ID":45921,"Username":"Max"},"DateCreated":"2023-07-10T21:41:00Z"},{"ID":38632,"ChargePointID":271603,"ItemURL":"https://media.openchargemap.io/images/PY/OCM271603/OCM-271603.orig.2023071021411086.jpg","ItemThumbnailURL":"https://media.openchargemap.io/images/PY/OCM271603/OCM-271603.thmb.2023071021411086.jpg","Comment":"","IsEnabled":true,"IsVideo":false,"IsFeaturedItem":false,"IsExternalResource":false,"User":{"ID":45921,"Username":"Max"},"DateCreated":"2023-07-10T21:41:00Z"}]},{"ID":266364,"UUID":"7537BBE5-D279-4AF7-BACF-3771142E971D","NumberOfPoints":2,"AddressInfo":{"ID":266748,"Title":"Estación Integral - Sacramento","AddressLine1":"Sacramento","Town":"Asuncion","StateOrProvince":"Central","CountryID":175,"Latitude":-25.262192803833344,"Longitude":-57.58121840984978,"DistanceUnit":0},"OperatorID":1,"DataProviderID":1,"UsageTypeID":1,"StatusTypeID":50,"Connections":[{"ID":453252,"ConnectionTypeID":33,"StatusTypeID":50,"LevelID":3,"Amps":200,"Voltage":500,"PowerKW":100,"CurrentTypeID":30,"Quantity":2}]},{"ID":265778,"UUID":"9BB77F31-25E1-473E-A25A-8BE17FFDD3B3","NumberOfPoints":2,"AddressInfo":{"ID":266162,"Title":"Estación Integral - Santani","AddressLine1":"Entre Ruta 3 Gral. Elizardo Aquino y Ruta 10 Las Residentas Cruce Guaica ","Town":"San Estanislao","Postcode":"8210","CountryID":175,"Latitude":-24.68168890346233,"Longitude":-56.467944696911104,"DistanceUnit":0},"OperatorID":45,"DataProviderID":1,"UsageTypeID":1,"StatusTypeID":50,"Connections":[{"ID":452101,"ConnectionTypeID":33,"StatusTypeID":50,"LevelID":3,"Amps":200,"Voltage":1000,"PowerKW":100,"CurrentTypeID":30,"Quantity":2}]},{"ID":260688,"UUID":"D39EA2D0-043D-4991-951C-A7D85FE99856","NumberOfPoints":2,"AddressInfo":{"ID":261072,"Title":"Ruta Nacional Mariscal Estigarribia","AddressLine1":"Ruta Nacional Mariscal Estigarribia","StateOrProvince":"Caaguazú","CountryID":175,"Latitude":-25.40003584095342,"Longitude":-55.8093206573525,"AccessComments":"Solicitar tarjeta de carga en la tienda Integral GO al lado de la estación","DistanceUnit":0},"OperatorID":1,"DataProviderID":1,"UsageTypeID":1,"StatusTypeID":50,"Connections":[{"ID":472391,"ConnectionTypeID":33,"StatusTypeID":50,"LevelID":3,"Amps":200,"Voltage":500,"PowerKW":100,"CurrentTypeID":30,"Quantity":2,"Comments":"Solicitar tarjeta de carga en la tienda Integral GO al lado de la estación  Estación 100kW Dos punteras CCS2 para carga simultanea"}]},{"ID":260686,"UUID":"CC39D990-E947-40F4-80E4-F1B3D8AC45F9","NumberOfPoints":2,"AddressInfo":{"ID":261070,"Title":"Estacion de servicio Enex","AddressLine1":"JW7W+WH6, Kapi'Ipe, Paraguay","Town":"Piribebuy","CountryID":175,"Latitude":-25.38525884171075,"Longitude":-57.054174368908775,"DistanceUnit":0},"OperatorID":1,"DataProviderID":1,"UsageTypeID":1,"StatusTypeID":50,"Connections":[{"ID":438827,"ConnectionTypeID":33,"StatusTypeID":50,"LevelID":3,"Amps":125,"Voltage":400,"PowerKW":50,"CurrentTypeID":30,"Quantity":1},{"ID":438828,"ConnectionTypeID":2,"StatusTypeID":50,"LevelID":3,"Amps":125,"Voltage":400,"PowerKW":50,"CurrentTypeID":30,"Quantity":1},{"ID":438829,"ConnectionTypeID":25,"StatusTypeID":50,"LevelID":2,"Amps":32,"Voltage":400,"PowerKW":22,"CurrentTypeID":20,"Quantity":1}]},{"ID":260669,"UUID":"B55441FA-8612-4403-AB0E-D2011BD5577D","NumberOfPoints":1,"AddressInfo":{"ID":261053,"Title":"Hotel Staufenberg","AddressLine1":"6W36+22 Santa Rita","Town":"Santa Rita","StateOrProvince":"Alto Parana","Postcode":"7540","CountryID":175,"Latitude":-25.7976547845784,"Longitude":-55.090132417393804,"ContactTelephone1":"+595673220240","ContactTelephone2":"+595983608100","RelatedURL":"https://www.hotelstaufenberg.com","DistanceUnit":0},"OperatorID":1,"DataProviderID":1,"UsageTypeID":1,"StatusTypeID":50,"Connections":[{"ID":438797,"ConnectionTypeID":30,"StatusTypeID":50,"LevelID":2,"Amps":48,"Voltage":220,"PowerKW":11,"CurrentTypeID":10,"Quantity":1,"Comments":"Tesla Wall Connector Gen 3  - Potencia de carga 11kW - Longitud del cable 7,3m - Adaptadores para Tipo 2 y GB en recepción  Localizado a lado de la entrada"}],"UserComments":[{"ID":28537,"ChargePointID":260669,"CommentTypeID":10,"UserName":"Max","Comment":"Buena localización, en el centro de la ciudad, cargador funciona directamente al plugar en el EV","Rating":5,"DateCreated":"2023-05-19T15:22:08.9Z","User":{"ID":45921,"Username":"Max"},"CheckinStatusTypeID":10,"IsActionedByEditor":false}],"MediaItems":[{"ID":37828,"ChargePointID":260669,"ItemURL":"https://media.openchargemap.io/images/PY/OCM260669/OCM-260669.orig.2023051915205120.jpg","ItemThumbnailURL":"https://media.openchargemap.io/images/PY/OCM260669/OCM-260669.thmb.2023051915205120.jpg","Comment":"","IsEnabled":true,"IsVideo":false,"IsFeaturedItem":false,"IsExternalResource":false,"User":{"ID":45921,"Username":"Max"},"DateCreated":"2023-05-19T15:21:00Z"},{"ID":37829,"ChargePointID":260669,"ItemURL":"https://media.openchargemap.io/images/PY/OCM260669/OCM-260669.orig.2023051915210067.jpg","ItemThumbnailURL":"https://media.openchargemap.io/images/PY/OCM260669/OCM-260669.thmb.2023051915210067.jpg","Comment":"","IsEnabled":true,"IsVideo":false,"IsFeaturedItem":false,"IsExternalResource":false,"User":{"ID":45921,"Username":"Max"},"DateCreated":"2023-05-19T15:21:00Z"},{"ID":37830,"ChargePointID":260669,"ItemURL":"https://media.openchargemap.io/images/PY/OCM260669/OCM-260669.orig.2023051915211452.jpg","ItemThumbnailURL":"https://media.openchargemap.io/images/PY/OCM260669/OCM-260669.thmb.2023051915211452.jpg","Comment":"","IsEnabled":true,"IsVideo":false,"IsFeaturedItem":false,"IsExternalResource":false,"User":{"ID":45921,"Username":"Max"},"DateCreated":"2023-05-19T15:21:00Z"}]},{"ID":260329,"UUID":"6FEDD7C7-F896-4EF6-B333-37C7B3843902","NumberOfPoints":1,"AddressInfo":{"ID":260713,"Title":"Shell Recharge | Estación Shell Bahia Aviadores - ASU","AddressLine1":"Aviadores del Chaco esq. San Martín,","Town":"Asuncion","StateOrProvince":"Asuncion","CountryID":175,"Latitude":-25.286496017438424,"Longitude":-57.57114601857751,"AccessComments":"-El cargador tiene 2 conectores (CCS2 - CHAdeMO)\r\n-Posee espacio exclusivo para vehículos eléctricos.\r\n-Energía renovable certificada por Raízen.\r\n-El local está muy bien ubicado sobre la Avda. Aviadores del Chaco y San Martin, en diagonal a la Avda. España y a metros del Shopping del Sol y del Paseo La Galería. \r\n-Ofrece distintos servicios a los clientes: Tienda Shell Select, Baños, Centro de Lubricación, Tienda Bahia Store.\r\n-Para acceder a las estaciones de recarga el usuario tiene que descargar la aplicación Shell Recharge, conectar el enchufe en el auto e identificarse con el código QR que está en los cargadores, o por una Tag RFID registrada en su perfil de la aplicación.","DistanceUnit":0},"OperatorID":59,"DataProviderID":1,"UsageTypeID":1,"StatusTypeID":50,"Connections":[{"ID":437918,"ConnectionTypeID":33,"StatusTypeID":50,"LevelID":3,"Amps":125,"Voltage":1000,"PowerKW":50,"CurrentTypeID":30,"Quantity":1},{"ID":437938,"ConnectionTypeID":2,"StatusTypeID":50,"LevelID":3,"Amps":125,"Voltage":400,"PowerKW":50,"CurrentTypeID":30,"Quantity":1}],"MediaItems":[{"ID":37834,"ChargePointID":260329,"ItemURL":"https://media.openchargemap.io/images/PY/OCM260329/OCM-260329.orig.2023051915252808.jpg","ItemThumbnailURL":"https://media.openchargemap.io/images/PY/OCM260329/OCM-260329.thmb.2023051915252808.jpg","Comment":"","IsEnabled":true,"IsVideo":false,"IsFeaturedItem":false,"IsExternalResource":false,"User":{"ID":45921,"Username":"Max"},"DateCreated":"2023-05-19T15:26:00Z"},{"ID":37833,"ChargePointID":260329,"ItemURL":"https://media.openchargemap.io/images/PY/OCM260329/OCM-260329.orig.2023051915250346.jpg","ItemThumbnailURL":"https://media.openchargemap.io/images/PY/OCM260329/OCM-260329.thmb.2023051915250346.jpg","Comment":"","IsEnabled":true,"IsVideo":false,"IsFeaturedItem":false,"IsExternalResource":false,"User":{"ID":45921,"Username":"Max"},"DateCreated":"2023-05-19T15:25:00Z"}]}]