[{"ID":287923,"UUID":"7C321A17-4C2E-4DF8-91E8-5CBFB2C72C99","NumberOfPoints":1,"UsageCost":"<26kW: 0,16 €/minute <30 min, 0,19 €/minute supplémentaire. >=26kW: 0,30 €/minute <30 min, 0,40 €/minute supplémentaire","AddressInfo":{"ID":288310,"Title":"TotalEnergies, Boulevard Sud","AddressLine1":"2 rue de la Guadeloupe","Town":"Sainte Clotilde ","Postcode":"97490","CountryID":183,"Latitude":-20.901600991594194,"Longitude":55.4966747754022,"DistanceUnit":0},"OperatorID":3379,"DataProviderID":1,"UsageTypeID":4,"StatusTypeID":50,"Connections":[{"ID":503808,"ConnectionTypeID":1036,"StatusTypeID":50,"LevelID":3,"Amps":63,"Voltage":400,"PowerKW":44,"CurrentTypeID":20,"Quantity":1},{"ID":503809,"ConnectionTypeID":2,"StatusTypeID":50,"LevelID":3,"PowerKW":50,"CurrentTypeID":30,"Quantity":1},{"ID":503810,"ConnectionTypeID":33,"StatusTypeID":50,"LevelID":3,"PowerKW":50,"CurrentTypeID":30,"Quantity":1},{"ID":503811,"ConnectionTypeID":28,"StatusTypeID":50,"LevelID":2,"Amps":13,"Voltage":230,"PowerKW":3,"CurrentTypeID":10,"Quantity":1}]},{"ID":287920,"UUID":"A65A7961-E235-49E3-9FF8-29BC4E2C5C15","NumberOfPoints":1,"UsageCost":"Le prix dépend de l'énergie délivrée et du temps de branchement 0,38 € par kWh entamé puis 0,15 € par minute une fois la charge terminée La tarification continue tant que le véhicule reste branché","AddressInfo":{"ID":288307,"Title":"Engen, L'Eperon - Saint-Paul IES","AddressLine1":"2 rue Terrain-l'avion","Town":"Saint-Paul","Postcode":"97460","CountryID":183,"Latitude":-21.042377655731258,"Longitude":55.251354105892915,"DistanceUnit":0},"OperatorID":3379,"DataProviderID":1,"UsageTypeID":4,"StatusTypeID":50,"Connections":[{"ID":503802,"ConnectionTypeID":25,"StatusTypeID":50,"LevelID":2,"Voltage":400,"PowerKW":22,"CurrentTypeID":20,"Quantity":1},{"ID":503803,"ConnectionTypeID":2,"StatusTypeID":50,"LevelID":3,"PowerKW":24,"CurrentTypeID":30,"Quantity":1},{"ID":503804,"ConnectionTypeID":33,"StatusTypeID":50,"LevelID":3,"PowerKW":24,"CurrentTypeID":30,"Quantity":1},{"ID":503805,"ConnectionTypeID":28,"StatusTypeID":50,"LevelID":2,"Amps":13,"Voltage":230,"PowerKW":3,"CurrentTypeID":10,"Quantity":1}]},{"ID":273988,"UUID":"DE505F39-6C25-4642-AC50-4F80DACA3C3B","NumberOfPoints":1,"UsageCost":"Tarif  Le prix dépend de temps de branchement.  0,30 € par minute les trente premières minutes puis 0,40 € par minute La tarification continue tant que le véhicule reste  branché,  Solde minimum requis: 25,00 €, ou autorisation bancaire: 50,00 €","AddressInfo":{"ID":274372,"Title":"TotalEnergies, ZAC 2000","AddressLine1":"N1","StateOrProvince":"Le Port","Postcode":"97420","CountryID":183,"Latitude":-20.950182445856143,"Longitude":55.31915026108015,"DistanceUnit":0},"OperatorID":3379,"DataProviderID":1,"UsageTypeID":4,"StatusTypeID":50,"Connections":[{"ID":474374,"ConnectionTypeID":25,"StatusTypeID":50,"LevelID":3,"Voltage":400,"PowerKW":44,"CurrentTypeID":20,"Quantity":1},{"ID":474375,"ConnectionTypeID":0,"StatusTypeID":50,"LevelID":3,"PowerKW":50,"CurrentTypeID":30,"Quantity":1,"Comments":"chademo"},{"ID":474376,"ConnectionTypeID":33,"StatusTypeID":50,"LevelID":3,"PowerKW":50,"CurrentTypeID":30,"Quantity":1},{"ID":474377,"ConnectionTypeID":0,"StatusTypeID":50,"LevelID":2,"PowerKW":3,"CurrentTypeID":10,"Quantity":1}]},{"ID":273482,"UUID":"22DEA5AC-EC93-49D6-B598-D0152B03AAB6","NumberOfPoints":3,"UsageCost":"Le prix dépend de l'énergie délivrée et du temps de branchement 0,38 € par kWh entamé puis 0,15 € par minute une fois la charge terminée La tarification continue tant que le véhicule reste branché","AddressInfo":{"ID":273866,"Title":"Engen Saint Benoit Bras Fusil","AddressLine1":"11 RN3","Town":"Saint Benoît ","Postcode":"97470","CountryID":183,"Latitude":-21.052475671744176,"Longitude":55.71510187166558,"DistanceUnit":0},"OperatorID":3379,"DataProviderID":1,"UsageTypeID":4,"StatusTypeID":50,"Connections":[{"ID":472202,"ConnectionTypeID":33,"Reference":"WGEJ1","StatusTypeID":50,"LevelID":3,"PowerKW":100,"CurrentTypeID":30,"Quantity":1},{"ID":472203,"ConnectionTypeID":33,"Reference":"WGEJ2","StatusTypeID":50,"LevelID":3,"PowerKW":100,"CurrentTypeID":30,"Quantity":1},{"ID":472204,"ConnectionTypeID":25,"Reference":"WGEJ3","StatusTypeID":50,"LevelID":2,"PowerKW":22,"CurrentTypeID":20,"Quantity":1}]},{"ID":273395,"UUID":"100E57B5-8157-465D-BA3D-FAF9A397F452","NumberOfPoints":6,"UsageCost":"Tarification au kwh en fonction de l'horaire et de la puissance de recharge","AddressInfo":{"ID":273779,"Title":"OLA ENERY PIERREFONDS","AddressLine1":"2 Bis RN1","AddressLine2":"Zac Mon Repas","Town":"Saint Pierre ","Postcode":"97410","CountryID":183,"Latitude":-21.323842789136222,"Longitude":55.44712926215777,"DistanceUnit":0},"OperatorID":3379,"DataProviderID":1,"UsageTypeID":4,"StatusTypeID":50,"Connections":[{"ID":471631,"ConnectionTypeID":25,"StatusTypeID":50,"LevelID":2,"Amps":32,"Voltage":400,"PowerKW":22,"CurrentTypeID":20,"Quantity":2},{"ID":471632,"ConnectionTypeID":33,"StatusTypeID":50,"LevelID":3,"PowerKW":100,"CurrentTypeID":30,"Quantity":2},{"ID":471633,"ConnectionTypeID":33,"StatusTypeID":50,"LevelID":3,"PowerKW":25,"CurrentTypeID":30,"Quantity":2}]},{"ID":193319,"UUID":"4A5A60E0-5DF4-4EBD-BA00-69E7EC191F02","NumberOfPoints":4,"UsageCost":"30 min gratuit  puis  4 € par heure (facturé à la minute). La tarification continue tant que le véhicule reste branché.","AddressInfo":{"ID":193678,"Title":"Norauto Saint-Pierre","AddressLine1":"Rue Des Amphiboles","Town":"Saint Pierre","StateOrProvince":"Réunion","Postcode":"97410","CountryID":183,"Latitude":-21.328839182223575,"Longitude":55.46785938265134,"ContactTelephone1":"+33388688458","ContactTelephone2":"+33367470767","AccessComments":"Passer devant Norauto, puis tourner à droite, les bornes sont sur la droite","RelatedURL":"https://centres.norauto.fr/search?q=97410,%20St%20Pierre,%20La%20R%C3%A9union&lat=-21.317919&lng=55.49997","DistanceUnit":0},"OperatorID":3379,"DataProviderID":1,"UsageTypeID":4,"StatusTypeID":50,"Connections":[{"ID":314464,"ConnectionTypeID":25,"StatusTypeID":50,"LevelID":2,"Amps":32,"Voltage":400,"PowerKW":22,"CurrentTypeID":20,"Quantity":4}]},{"ID":84963,"UUID":"B2FAEC15-38B3-437E-9243-59E8A42CDABA","NumberOfPoints":2,"UsageCost":"0","AddressInfo":{"ID":85309,"Title":"Centre Commercial Carrefour","AddressLine1":"1 avenue des Océanites","Town":"Saint-Pierre","StateOrProvince":"Réunion","Postcode":"97410","CountryID":183,"Latitude":-21.3260168,"Longitude":55.4714364,"ContactTelephone1":"0262700909","ContactTelephone2":"0262700938","AccessComments":"Parking au sous-sol","RelatedURL":"http://www.carrefour-reunion.com","DistanceUnit":0},"OperatorID":1,"DataProviderID":1,"UsageTypeID":1,"StatusTypeID":50,"Connections":[{"ID":120707,"ConnectionTypeID":25,"StatusTypeID":50,"LevelID":2,"PowerKW":22}]},{"ID":25719,"UUID":"C66892D1-D711-4F83-93B3-65D1772C9A35","NumberOfPoints":4,"UsageCost":"Le prix dépend de l'énergie délivrée et du temps de branchement 0,38 € par kWh entamé puis 0,15 € par minute une fois la charge terminée La tarification continue tant que le véhicule reste branché","AddressInfo":{"ID":26065,"Title":"Centre Commercial Carrefour Sainte-Suzannz","AddressLine1":"26 Avenue Mahatma Gandhi ","Town":"Sainte-Suzanne","Postcode":"97441","CountryID":183,"Latitude":-20.9292396607394,"Longitude":55.6329213540161,"AccessComments":"Dans le parking du centre commercial, proche de l'entrée principale","DistanceUnit":0},"OperatorID":3379,"DataProviderID":1,"UsageTypeID":1,"StatusTypeID":50,"Connections":[{"ID":472272,"ConnectionTypeID":25,"StatusTypeID":50,"LevelID":2,"PowerKW":22,"Quantity":4}]}]