[{"ID":209744,"UUID":"A8810A50-3249-4F35-B73C-6F6CA5A71FC1","NumberOfPoints":1,"AddressInfo":{"ID":210124,"Title":"Marathon Motors","AddressLine1":"Debre Zeit Road","AddressLine2":"ጉለሌ ባታ","StateOrProvince":"አዲስ አበባ","Postcode":"1044","CountryID":75,"Latitude":8.959915562264058,"Longitude":38.76315930130079,"DistanceUnit":0},"OperatorID":45,"DataProviderID":1,"UsageTypeID":4,"StatusTypeID":50,"Connections":[{"ID":349000,"ConnectionTypeID":0,"StatusTypeID":50,"LevelID":2,"PowerKW":22,"CurrentTypeID":20,"Quantity":1}]}]