[{"ID":267507,"UUID":"6C719887-14DA-4C11-BEEC-9950CBDC7183","NumberOfPoints":1,"AddressInfo":{"ID":267891,"Title":"City Mall EvChaja","AddressLine1":"Malindi Road","AddressLine2":"Shanzu","StateOrProvince":"Mombasa","Postcode":"80295","CountryID":118,"Latitude":-4.020063746261869,"Longitude":39.72049098534319,"DistanceUnit":0},"OperatorID":45,"DataProviderID":1,"UsageTypeID":4,"StatusTypeID":50,"Connections":[{"ID":455773,"ConnectionTypeID":25,"StatusTypeID":50,"LevelID":2,"Amps":32,"Voltage":400,"PowerKW":22,"CurrentTypeID":20,"Quantity":1},{"ID":455774,"ConnectionTypeID":2,"StatusTypeID":50,"LevelID":3,"PowerKW":22,"CurrentTypeID":30,"Quantity":1}],"MediaItems":[{"ID":39259,"ChargePointID":267507,"ItemURL":"https://media.openchargemap.io/images/KE/OCM267507/OCM-267507.orig.2023082110554224.jpg","ItemThumbnailURL":"https://media.openchargemap.io/images/KE/OCM267507/OCM-267507.thmb.2023082110554224.jpg","Comment":"","IsEnabled":true,"IsVideo":false,"IsFeaturedItem":false,"IsExternalResource":false,"User":{"ID":32810,"Username":"Tom_Fred"},"DateCreated":"2023-08-21T10:56:00Z"},{"ID":39260,"ChargePointID":267507,"ItemURL":"https://media.openchargemap.io/images/KE/OCM267507/OCM-267507.orig.2023082110560029.jpg","ItemThumbnailURL":"https://media.openchargemap.io/images/KE/OCM267507/OCM-267507.thmb.2023082110560029.jpg","Comment":"","IsEnabled":true,"IsVideo":false,"IsFeaturedItem":false,"IsExternalResource":false,"User":{"ID":32810,"Username":"Tom_Fred"},"DateCreated":"2023-08-21T10:56:00Z"},{"ID":39257,"ChargePointID":267507,"ItemURL":"https://media.openchargemap.io/images/KE/OCM267507/OCM-267507.orig.2023082110551215.jpg","ItemThumbnailURL":"https://media.openchargemap.io/images/KE/OCM267507/OCM-267507.thmb.2023082110551215.jpg","Comment":"","IsEnabled":true,"IsVideo":false,"IsFeaturedItem":false,"IsExternalResource":false,"User":{"ID":32810,"Username":"Tom_Fred"},"DateCreated":"2023-08-21T10:55:00Z"},{"ID":39258,"ChargePointID":267507,"ItemURL":"https://media.openchargemap.io/images/KE/OCM267507/OCM-267507.orig.2023082110552302.jpg","ItemThumbnailURL":"https://media.openchargemap.io/images/KE/OCM267507/OCM-267507.thmb.2023082110552302.jpg","Comment":"","IsEnabled":true,"IsVideo":false,"IsFeaturedItem":false,"IsExternalResource":false,"User":{"ID":32810,"Username":"Tom_Fred"},"DateCreated":"2023-08-21T10:55:00Z"}]},{"ID":267505,"UUID":"82874B96-275E-48E5-B5E7-F7A070811811","NumberOfPoints":1,"AddressInfo":{"ID":267889,"Title":"Waiyaki Way","AddressLine1":"Waiyaki Way","AddressLine2":"Lavington","StateOrProvince":"Nairobi","Postcode":"97104","CountryID":118,"Latitude":-1.2596138872527831,"Longitude":36.77688341655994,"DistanceUnit":0},"OperatorID":45,"DataProviderID":1,"UsageTypeID":4,"StatusTypeID":50,"Connections":[{"ID":455771,"ConnectionTypeID":2,"StatusTypeID":50,"LevelID":3,"PowerKW":22,"CurrentTypeID":30,"Quantity":1}],"MediaItems":[{"ID":38472,"ChargePointID":267505,"ItemURL":"https://media.openchargemap.io/images/KE/OCM267505/OCM-267505.orig.2023062712135657.jpg","ItemThumbnailURL":"https://media.openchargemap.io/images/KE/OCM267505/OCM-267505.thmb.2023062712135657.jpg","Comment":"","IsEnabled":true,"IsVideo":false,"IsFeaturedItem":false,"IsExternalResource":false,"User":{"ID":32810,"Username":"Tom_Fred"},"DateCreated":"2023-06-27T12:14:00Z"}]},{"ID":194150,"UUID":"49777576-AEE6-4615-8578-9FB2C8175029","NumberOfPoints":1,"AddressInfo":{"ID":194509,"Title":"Waterfront Mall EvChaja","AddressLine1":"Karen Road","AddressLine2":"Karen","StateOrProvince":"Nairobi","Postcode":"00505","CountryID":118,"Latitude":-1.3294253809549588,"Longitude":36.71582042175214,"DistanceUnit":0},"OperatorID":45,"DataProviderID":1,"UsageTypeID":4,"StatusTypeID":50,"Connections":[{"ID":316247,"ConnectionTypeID":25,"StatusTypeID":50,"LevelID":2,"PowerKW":22,"CurrentTypeID":20,"Quantity":1},{"ID":455776,"ConnectionTypeID":2,"StatusTypeID":50,"LevelID":2,"PowerKW":22,"CurrentTypeID":20,"Quantity":1}],"MediaItems":[{"ID":32456,"ChargePointID":194150,"ItemURL":"https://media.openchargemap.io/images/KE/OCM194150/OCM-194150.orig.2022071610562440.jpg","ItemThumbnailURL":"https://media.openchargemap.io/images/KE/OCM194150/OCM-194150.thmb.2022071610562440.jpg","Comment":"","IsEnabled":true,"IsVideo":false,"IsFeaturedItem":false,"IsExternalResource":false,"User":{"ID":32810,"Username":"Tom_Fred"},"DateCreated":"2022-07-16T10:56:00Z"}]},{"ID":194149,"UUID":"3EEC160B-2285-46C1-805F-17587F8B2B31","NumberOfPoints":1,"AddressInfo":{"ID":194508,"Title":"Two Rivers Mall EvChaja","AddressLine1":"Northern Bypass","Town":"Gachie","StateOrProvince":"Nairobi","Postcode":"00606","CountryID":118,"Latitude":-1.210229175382878,"Longitude":36.79521607933293,"DistanceUnit":0},"OperatorID":45,"DataProviderID":1,"UsageTypeID":4,"StatusTypeID":50,"Connections":[{"ID":316246,"ConnectionTypeID":25,"StatusTypeID":50,"LevelID":2,"PowerKW":11,"CurrentTypeID":20,"Quantity":1}],"MediaItems":[{"ID":32457,"ChargePointID":194149,"ItemURL":"https://media.openchargemap.io/images/KE/OCM194149/OCM-194149.orig.2022071610564772.jpg","ItemThumbnailURL":"https://media.openchargemap.io/images/KE/OCM194149/OCM-194149.thmb.2022071610564772.jpg","Comment":"","IsEnabled":true,"IsVideo":false,"IsFeaturedItem":false,"IsExternalResource":false,"User":{"ID":32810,"Username":"Tom_Fred"},"DateCreated":"2022-07-16T10:57:00Z"}]},{"ID":189881,"UUID":"07BCBDC2-3515-4CD0-B5C8-9E0C5043912E","NumberOfPoints":1,"AddressInfo":{"ID":190240,"Title":"Nopea Ride Village Market","AddressLine1":"Limuru Road","Town":"Nairobi","StateOrProvince":"Nairobi","Postcode":"00606","CountryID":118,"Latitude":-1.2272773640824255,"Longitude":36.80522827242157,"DistanceUnit":0},"OperatorID":1,"DataProviderID":1,"UsageTypeID":4,"StatusTypeID":50,"Connections":[{"ID":307353,"ConnectionTypeID":2,"StatusTypeID":50,"LevelID":3,"PowerKW":22,"CurrentTypeID":30,"Quantity":1}],"MediaItems":[{"ID":38464,"ChargePointID":189881,"ItemURL":"https://media.openchargemap.io/images/KE/OCM189881/OCM-189881.orig.2023062709160357.jpg","ItemThumbnailURL":"https://media.openchargemap.io/images/KE/OCM189881/OCM-189881.thmb.2023062709160357.jpg","Comment":"","IsEnabled":true,"IsVideo":false,"IsFeaturedItem":false,"IsExternalResource":false,"User":{"ID":32810,"Username":"Tom_Fred"},"DateCreated":"2023-06-27T09:16:00Z"}]},{"ID":189880,"UUID":"D568E980-3849-4F12-991C-126413D6624C","NumberOfPoints":1,"AddressInfo":{"ID":190239,"Title":"Nopea JKIA Airport","AddressLine1":"Tower Road","Town":"Nairobi","StateOrProvince":"Nairobi","Postcode":"18291","CountryID":118,"Latitude":-1.3337311892567811,"Longitude":36.92833417114116,"DistanceUnit":0},"OperatorID":1,"DataProviderID":1,"UsageTypeID":4,"StatusTypeID":50,"Connections":[{"ID":307349,"ConnectionTypeID":2,"StatusTypeID":50,"LevelID":3,"PowerKW":22,"CurrentTypeID":30,"Quantity":1}]},{"ID":175802,"UUID":"8E91F85F-79DB-4656-BA05-8E1D36A629F5","NumberOfPoints":1,"AddressInfo":{"ID":176161,"Title":"Two Rivers Mall Nairobi (Nopea)","AddressLine1":"Limuru Road","Town":"Nairobi","StateOrProvince":"Nairobi","Postcode":"00606","CountryID":118,"Latitude":-1.2114489743082117,"Longitude":36.795807619887796,"DistanceUnit":0},"OperatorID":1,"DataProviderID":1,"UsageTypeID":4,"StatusTypeID":50,"Connections":[{"ID":273010,"ConnectionTypeID":2,"StatusTypeID":50,"LevelID":2,"PowerKW":11,"CurrentTypeID":20,"Quantity":1}]},{"ID":175801,"UUID":"921E8BBC-ABED-4FE5-914D-83B2C74E0EB9","NumberOfPoints":1,"AddressInfo":{"ID":176160,"Title":"Sarit Centre Nairobi","AddressLine1":"Sarit Centre","Town":"Nairobi","StateOrProvince":"Nairobi","Postcode":"97104","CountryID":118,"Latitude":-1.2612449893656787,"Longitude":36.802242501220235,"DistanceUnit":0},"OperatorID":1,"DataProviderID":1,"UsageTypeID":4,"StatusTypeID":50,"Connections":[{"ID":304209,"ConnectionTypeID":2,"StatusTypeID":50,"LevelID":3,"PowerKW":22,"CurrentTypeID":30,"Quantity":1}]},{"ID":175800,"UUID":"2C05C42B-8895-4499-9CD1-7E09B0C3BFF1","NumberOfPoints":2,"AddressInfo":{"ID":176159,"Title":"TRM Mall","AddressLine1":"TRM Mall","Town":"Nairobi","StateOrProvince":"Nairobi","Postcode":"00800","CountryID":118,"Latitude":-1.2198235590774824,"Longitude":36.88922372636315,"DistanceUnit":0},"OperatorID":1,"DataProviderID":1,"UsageTypeID":4,"StatusTypeID":50,"Connections":[{"ID":303903,"ConnectionTypeID":1,"StatusTypeID":50,"LevelID":2,"PowerKW":7,"CurrentTypeID":20,"Quantity":1},{"ID":304094,"ConnectionTypeID":2,"StatusTypeID":50,"LevelID":3,"PowerKW":22,"CurrentTypeID":30,"Quantity":2}],"MediaItems":[{"ID":28512,"ChargePointID":175800,"ItemURL":"https://media.openchargemap.io/images/KE/OCM175800/OCM-175800.orig.2021070813552723.jpg","ItemThumbnailURL":"https://media.openchargemap.io/images/KE/OCM175800/OCM-175800.thmb.2021070813552723.jpg","Comment":"","IsEnabled":true,"IsVideo":false,"IsFeaturedItem":false,"IsExternalResource":false,"User":{"ID":32810,"Username":"Tom_Fred"},"DateCreated":"2021-07-08T13:56:00Z"},{"ID":28513,"ChargePointID":175800,"ItemURL":"https://media.openchargemap.io/images/KE/OCM175800/OCM-175800.orig.2021070813554210.jpg","ItemThumbnailURL":"https://media.openchargemap.io/images/KE/OCM175800/OCM-175800.thmb.2021070813554210.jpg","Comment":"","IsEnabled":true,"IsVideo":false,"IsFeaturedItem":false,"IsExternalResource":false,"User":{"ID":32810,"Username":"Tom_Fred"},"DateCreated":"2021-07-08T13:56:00Z"}]},{"ID":175799,"UUID":"5D65F4C9-FDA1-4D13-B6E5-41AA869FECE6","NumberOfPoints":1,"AddressInfo":{"ID":176158,"Title":"Holy Family Basilica Parking Silo","AddressLine1":"Holy Family Basilica Parking Silo","Town":"Nairobi","StateOrProvince":"Nairobi","Postcode":"00100","CountryID":118,"Latitude":-1.287357925441313,"Longitude":36.820061240669475,"DistanceUnit":0},"OperatorID":1,"DataProviderID":1,"UsageTypeID":4,"StatusTypeID":50,"Connections":[{"ID":273007,"ConnectionTypeID":25,"StatusTypeID":50,"LevelID":2,"PowerKW":11,"CurrentTypeID":20,"Quantity":2}],"MediaItems":[{"ID":32322,"ChargePointID":175799,"ItemURL":"https://media.openchargemap.io/images/KE/OCM175799/OCM-175799.orig.2022070517353520.jpg","ItemThumbnailURL":"https://media.openchargemap.io/images/KE/OCM175799/OCM-175799.thmb.2022070517353520.jpg","Comment":"","IsEnabled":true,"IsVideo":false,"IsFeaturedItem":false,"IsExternalResource":false,"User":{"ID":32810,"Username":"Tom_Fred"},"DateCreated":"2022-07-05T17:36:00Z"},{"ID":32323,"ChargePointID":175799,"ItemURL":"https://media.openchargemap.io/images/KE/OCM175799/OCM-175799.orig.2022070517355982.jpg","ItemThumbnailURL":"https://media.openchargemap.io/images/KE/OCM175799/OCM-175799.thmb.2022070517355982.jpg","Comment":"","IsEnabled":true,"IsVideo":false,"IsFeaturedItem":false,"IsExternalResource":false,"User":{"ID":32810,"Username":"Tom_Fred"},"DateCreated":"2022-07-05T17:36:00Z"}]},{"ID":175798,"UUID":"B95C48B4-425E-4655-847F-203847370E67","NumberOfPoints":1,"AddressInfo":{"ID":176157,"Title":"The Hub Mall Karen","AddressLine1":"Rusty Nail","Town":"Mutuini","StateOrProvince":"Nairobi","CountryID":118,"Latitude":-1.3195027511687272,"Longitude":36.703527895559546,"DistanceUnit":0},"OperatorID":1,"DataProviderID":1,"UsageTypeID":4,"StatusTypeID":50,"Connections":[{"ID":273006,"ConnectionTypeID":2,"StatusTypeID":50,"LevelID":2,"Amps":16,"Voltage":400,"PowerKW":11,"CurrentTypeID":20,"Quantity":1}]},{"ID":94957,"UUID":"847AF0ED-2A6B-470C-931A-E480B1BF2DCB","NumberOfPoints":3,"AddressInfo":{"ID":95303,"Title":"Knights Energy","AddressLine1":"Great Jubilee Centre, Langata Road","AddressLine2":"Karen","Town":"Nairobi","StateOrProvince":"Nairobi","Postcode":"00509","CountryID":118,"Latitude":-1.340858359356397,"Longitude":36.75754696752846,"DistanceUnit":0},"OperatorID":45,"DataProviderID":1,"UsageTypeID":6,"StatusTypeID":50,"Connections":[{"ID":134564,"ConnectionTypeID":25,"StatusTypeID":50,"LevelID":2,"Voltage":230,"CurrentTypeID":10,"Quantity":1},{"ID":134565,"ConnectionTypeID":1,"StatusTypeID":50,"LevelID":2,"Voltage":230,"CurrentTypeID":10,"Quantity":1},{"ID":134566,"ConnectionTypeID":4,"StatusTypeID":50,"LevelID":2,"Amps":16,"Voltage":230,"PowerKW":3.6,"CurrentTypeID":10,"Quantity":1}]}]