[{"ID":163757,"UUID":"2629E818-9444-4814-BBF1-959CA1D62C75","NumberOfPoints":10,"UsageCost":"CNY 1.95/kWh;其他关税老车/other tariffs for older cars","AddressInfo":{"ID":164114,"Title":"Shanghai - Southern Bailian Supercharger","AddressLine1":"7388 Humin Road","Town":"Shanghai","CountryID":50,"Latitude":31.13140735,"Longitude":121.40009915,"DistanceUnit":0},"OperatorID":23,"DataProviderID":1,"UsageTypeID":4,"StatusTypeID":50,"Connections":[{"ID":235354,"ConnectionTypeID":27,"StatusTypeID":50,"LevelID":3,"PowerKW":120,"CurrentTypeID":30,"Quantity":10}]},{"ID":104373,"UUID":"1753A94D-8C7C-4E8D-9ED7-AA00FD180531","NumberOfPoints":1,"AddressInfo":{"ID":104719,"Title":"East Yan'an Road (Avenue Edward VII)","AddressLine1":"East Yan'an Road (Avenue Edward VII)","AddressLine2":"Baxianqiao","Town":"Huangpu","StateOrProvince":"Huangpu District","Postcode":"200021","CountryID":50,"Latitude":31.2289886,"Longitude":121.4793021,"DistanceUnit":0},"OperatorID":1,"DataProviderID":1,"UsageTypeID":6,"StatusTypeID":50,"Connections":[]},{"ID":79794,"UUID":"E3317ECF-FE12-4459-8E14-5651D4D0247F","NumberOfPoints":4,"UsageCost":"CNY 1.80/kWh;其他关税老车/other tariffs for older cars","AddressInfo":{"ID":80140,"Title":"Chengdu Yanlord Supercharger","AddressLine1":"No.1 Renmin South RD","Town":"Jinjiang District","StateOrProvince":"Chengdu","Postcode":"610016","CountryID":50,"Latitude":30.651599,"Longitude":104.067022,"DistanceUnit":0},"OperatorID":23,"DataProviderID":1,"UsageTypeID":4,"StatusTypeID":0,"Connections":[{"ID":114441,"ConnectionTypeID":27,"StatusTypeID":0,"LevelID":3,"PowerKW":120,"CurrentTypeID":30,"Quantity":4}]},{"ID":79216,"UUID":"3BDE223D-719D-45AA-8863-4FCD64FE71E5","NumberOfPoints":4,"UsageCost":"CNY 1.80/kWh;其他关税老车/other tariffs for older cars","AddressInfo":{"ID":79562,"Title":"Yiwu Your World Plaza Supercharger","AddressLine1":"180 Binjiang Mid RD","Town":"Yiwu","StateOrProvince":"Zhejiang","Postcode":"322000","CountryID":50,"Latitude":29.301123,"Longitude":120.084763,"DistanceUnit":0},"OperatorID":23,"DataProviderID":1,"UsageTypeID":4,"StatusTypeID":0,"Connections":[{"ID":113835,"ConnectionTypeID":27,"StatusTypeID":0,"LevelID":3,"PowerKW":120,"CurrentTypeID":30,"Quantity":4}]},{"ID":78610,"UUID":"51858FAA-EC73-43A7-8ADD-B6AC394709C4","NumberOfPoints":1,"UsageCost":"Free","AddressInfo":{"ID":78956,"Title":"Qijianli Chuangxiang Hotel Changsha","AddressLine1":"湖南省长沙市雨花区迎新路与万芙路交汇处青园小学旁无号","Town":"Changsha City","StateOrProvince":"Hunan Province","CountryID":50,"Latitude":28.115022,"Longitude":113.001719,"ContactTelephone1":"0731-88706777","DistanceUnit":0},"OperatorID":23,"DataProviderID":1,"UsageTypeID":6,"StatusTypeID":0,"Connections":[{"ID":113228,"ConnectionTypeID":1036,"StatusTypeID":0,"LevelID":2,"PowerKW":6,"CurrentTypeID":20,"Quantity":1}]},{"ID":54989,"UUID":"62131242-6D75-43DB-B13F-EB583492259D","NumberOfPoints":1,"AddressInfo":{"ID":55335,"Title":"英贤街18号附近","AddressLine1":"英贤街18号附近","Town":"济南","StateOrProvince":"山东省","Postcode":"250012","CountryID":50,"Latitude":36.66823,"Longitude":117.008772,"RelatedURL":"http://carstations.com/30438","DistanceUnit":0},"OperatorID":1,"DataProviderID":1,"UsageTypeID":1,"StatusTypeID":0,"Connections":[{"ID":69471,"ConnectionTypeID":1,"Reference":"J1772","LevelID":2,"CurrentTypeID":10}]},{"ID":18817,"UUID":"5BF5941E-4395-4ACB-84BF-40D795C4BDE3","NumberOfPoints":1,"AddressInfo":{"ID":19162,"Title":"宝安大道辅路","AddressLine1":"宝安大道辅路","AddressLine2":"福永街道","StateOrProvince":"广东省","Postcode":"518100","CountryID":50,"Latitude":22.649116,"Longitude":113.820076,"DistanceUnit":0},"OperatorID":1,"DataProviderID":1,"UsageTypeID":1,"StatusTypeID":0,"Connections":[{"ID":19050,"ConnectionTypeID":1,"Reference":"J1772","LevelID":2,"Quantity":1}],"UserComments":[{"ID":29337,"ChargePointID":18817,"CommentTypeID":10,"UserName":"gixadmin","Comment":"","DateCreated":"2023-12-13T04:11:50.467Z","User":{"ID":49762,"Username":"gixadmin"},"CheckinStatusTypeID":10,"IsActionedByEditor":false},{"ID":29336,"ChargePointID":18817,"CommentTypeID":10,"UserName":"gixadmin","Comment":"测试","Rating":3,"DateCreated":"2023-12-13T04:10:44.167Z","User":{"ID":49762,"Username":"gixadmin"},"CheckinStatusTypeID":10,"IsActionedByEditor":false}]},{"ID":18800,"UUID":"2372BB05-8678-4289-B26A-BB6B1DF259F6","NumberOfPoints":1,"AddressInfo":{"ID":19145,"Title":"????????","AddressLine1":"????????","Town":"Chongqing","StateOrProvince":"","Postcode":"401336","CountryID":50,"Latitude":29.498771,"Longitude":106.633971,"ContactTelephone1":"","RelatedURL":"http://carstations.com/30495","DistanceUnit":0},"OperatorID":1,"DataProviderID":15,"UsageTypeID":1,"StatusTypeID":0,"Connections":[{"ID":19033,"ConnectionTypeID":1,"Reference":"J1772","LevelID":2,"Quantity":1}],"MediaItems":[{"ID":518,"ChargePointID":18800,"ItemURL":"https://media.openchargemap.io/images/CN/OCM18800/OCM-18800.orig.2014071317594043.jpg","ItemThumbnailURL":"https://media.openchargemap.io/images/CN/OCM18800/OCM-18800.thmb.2014071317594043.jpg","Comment":"","IsEnabled":true,"IsVideo":false,"IsFeaturedItem":false,"IsExternalResource":false,"User":{"ID":2146,"Username":"Sheikh Aijaz"},"DateCreated":"2014-07-13T18:00:00Z"}]},{"ID":18798,"UUID":"B59E3113-8D99-4156-9C1C-E7F86C1BFE12","NumberOfPoints":1,"AddressInfo":{"ID":19143,"Title":"hhh","AddressLine1":"????????? ???","Town":"??","StateOrProvince":"","Postcode":"335001","CountryID":50,"Latitude":28.122568,"Longitude":116.985147,"ContactTelephone1":"","RelatedURL":"http://carstations.com/30585","DistanceUnit":0},"OperatorID":1,"DataProviderID":1,"UsageTypeID":1,"StatusTypeID":0,"Connections":[{"ID":19031,"ConnectionTypeID":1,"Reference":"J1772","LevelID":2,"Quantity":1}],"UserComments":[{"ID":27574,"ChargePointID":18798,"CommentTypeID":10,"UserName":"Jamie","Comment":"hhh","DateCreated":"2022-11-11T05:30:15.983Z","User":{"ID":42325,"Username":"Jamie"},"CheckinStatusTypeID":10,"IsActionedByEditor":false}],"MediaItems":[{"ID":35340,"ChargePointID":18798,"ItemURL":"https://media.openchargemap.io/images/CN/OCM18798/OCM-18798.orig.2022111105294577.jpg","ItemThumbnailURL":"https://media.openchargemap.io/images/CN/OCM18798/OCM-18798.thmb.2022111105294577.jpg","Comment":"","IsEnabled":true,"IsVideo":false,"IsFeaturedItem":false,"IsExternalResource":false,"User":{"ID":42325,"Username":"Jamie"},"DateCreated":"2022-11-11T05:30:00Z"}]},{"ID":18762,"UUID":"97D5FDC0-232A-4972-8602-0A145C08353A","NumberOfPoints":1,"AddressInfo":{"ID":19107,"Title":"???????????????","AddressLine1":"???????????????","Town":"??","StateOrProvince":"","Postcode":"210001","CountryID":50,"Latitude":32.022413,"Longitude":118.789415,"ContactTelephone1":"","RelatedURL":"http://carstations.com/30179","DistanceUnit":0},"OperatorID":1,"DataProviderID":1,"UsageTypeID":1,"StatusTypeID":0,"Connections":[{"ID":18995,"ConnectionTypeID":27,"Reference":"J1772","LevelID":2,"Quantity":1}]},{"ID":18755,"UUID":"B137C7B7-4E95-4CAA-92BD-E7ADFA98FD2C","NumberOfPoints":1,"UsageCost":"","AddressInfo":{"ID":19100,"Title":"????????????","AddressLine1":"????????????","AddressLine2":"","Town":"??","StateOrProvince":"","Postcode":"730030","CountryID":50,"Latitude":36.046687,"Longitude":103.898161,"ContactTelephone1":"","ContactTelephone2":"","ContactEmail":"","AccessComments":"","RelatedURL":"http://carstations.com/30640","DistanceUnit":0},"OperatorID":1,"DataProviderID":1,"UsageTypeID":1,"StatusTypeID":0,"Connections":[{"ID":18988,"ConnectionTypeID":1,"Reference":"J1772","StatusTypeID":0,"LevelID":2,"Quantity":1}]},{"ID":15566,"UUID":"BC0B392A-FB98-4818-85DD-E27DC8EAE4FB","NumberOfPoints":2,"UsageCost":"Included in parking charge. Spend 150 HKD, one hour free, spend 300 HKD, 2 hours free","DateLastConfirmed":"2011-05-21T00:00:00Z","AddressInfo":{"ID":15911,"Title":"On Shing Street","AddressLine1":"On Shing Street","AddressLine2":"Wu Kai Sha","Town":"New Territories","StateOrProvince":"Hong Kong","Postcode":"NT","CountryID":50,"Latitude":22.42426863009452,"Longitude":114.23319232463837,"ContactTelephone1":"2630 5693","AccessComments":"There are TWO entries for this car park, right next to each other. Choose the FIRST and smaller one, \"Sunshine City Phase 4\" with \"Hourly carpark\", do NOT enter the next one, \"Loading and unloading zone\". Call the number 2630 5693 a few minutes before entering, and a parking staff will go to the spot to unlock the charger. The first level you enter is the level where the EV chargers are, spot 229 and 230 (level 1).","DistanceUnit":0},"OperatorID":1,"DataProviderID":1,"UsageTypeID":1,"StatusTypeID":50,"Connections":[{"ID":13883,"ConnectionTypeID":3,"StatusTypeID":50,"LevelID":2,"Amps":13,"Voltage":210,"PowerKW":2.7,"CurrentTypeID":10,"Quantity":2}],"UserComments":[{"ID":13790,"ChargePointID":15566,"CommentTypeID":100,"UserName":"74pilot","Comment":"Please correct the notes: The 2 X 2kW (13A) chargers are CLOSED. A new one is installed, ChaDeMo/CCS/Type-2 IEC (triple standard CLP charger). 4 spots are reserved for EVs, although only three can plug in and two charge (1 DC and 1 AC)","Rating":5,"DateCreated":"2016-07-10T11:24:39.547Z","User":{"ID":3420,"Username":"74pilot"},"CheckinStatusTypeID":15}],"MediaItems":[{"ID":7735,"ChargePointID":15566,"ItemURL":"https://media.openchargemap.io/images/CN/OCM15566/OCM-15566.orig.2016071011211811.jpeg","ItemThumbnailURL":"https://media.openchargemap.io/images/CN/OCM15566/OCM-15566.thmb.2016071011211811.jpeg","Comment":"New charger installed. Triple standard CLP, ChaDeMo/CCS/3-phase 43A. Near the exit","IsEnabled":true,"IsVideo":false,"IsFeaturedItem":false,"IsExternalResource":false,"User":{"ID":3420,"Username":"74pilot"},"DateCreated":"2016-07-10T11:22:00Z"}]}]