[{"ID":288087,"UUID":"11144C64-9F6E-4547-AE3E-4100993D1420","NumberOfPoints":1,"AddressInfo":{"ID":288474,"Title":"Autovía Juan Manuel Fangio","AddressLine1":"Autovía Juan Manuel Fangio","StateOrProvince":"Buenos Aires","Postcode":"7101","CountryID":15,"Latitude":-36.25744394473728,"Longitude":-57.709523403329,"DistanceUnit":0},"OperatorID":3300,"DataProviderID":1,"UsageTypeID":4,"StatusTypeID":50,"Connections":[{"ID":504273,"ConnectionTypeID":33,"StatusTypeID":50,"LevelID":3,"PowerKW":60,"CurrentTypeID":30,"Quantity":1},{"ID":504274,"ConnectionTypeID":2,"StatusTypeID":50,"Quantity":1},{"ID":504275,"ConnectionTypeID":1036,"StatusTypeID":50,"Quantity":1}]},{"ID":288086,"UUID":"C0FFF756-5C49-4361-9980-C79DFF084A45","NumberOfPoints":1,"AddressInfo":{"ID":288473,"Title":"Avenida Constitución","AddressLine1":"Avenida Constitución","AddressLine2":"Parque Luro","StateOrProvince":"Buenos Aires","Postcode":"7600","CountryID":15,"Latitude":-37.965878536321036,"Longitude":-57.553060177545376,"DistanceUnit":0},"OperatorID":3300,"DataProviderID":1,"UsageTypeID":4,"StatusTypeID":50,"Connections":[{"ID":504271,"ConnectionTypeID":33,"StatusTypeID":50,"LevelID":2,"PowerKW":22,"Quantity":1},{"ID":504272,"ConnectionTypeID":2,"StatusTypeID":50,"LevelID":2,"PowerKW":22,"Quantity":1}]},{"ID":281123,"UUID":"91414722-C8D5-459E-89FA-94E4B16D1E77","NumberOfPoints":1,"AddressInfo":{"ID":281510,"Title":"Acceso Norte","AddressLine1":"Acceso Norte","Town":"Boulogne Sur Mer","StateOrProvince":"Buenos Aires","Postcode":"B8002HGJ","CountryID":15,"Latitude":-34.4871914022005,"Longitude":-58.5919856163292,"DistanceUnit":0},"OperatorID":3300,"DataProviderID":1,"UsageTypeID":4,"StatusTypeID":50,"Connections":[{"ID":488921,"ConnectionTypeID":33,"StatusTypeID":50,"LevelID":3,"PowerKW":50,"CurrentTypeID":30,"Quantity":1},{"ID":488922,"ConnectionTypeID":32,"StatusTypeID":50,"LevelID":2,"PowerKW":22,"CurrentTypeID":20,"Quantity":1}]},{"ID":274590,"UUID":"CF85D280-B564-47CD-B75A-3F510EBC3D67","NumberOfPoints":1,"AddressInfo":{"ID":274974,"Title":"Avenida Eva Perón","AddressLine1":"Avenida Eva Perón","AddressLine2":"Antártida Argentina","StateOrProvince":"Santa Fe","Postcode":"S2008","CountryID":15,"Latitude":-32.93045352626933,"Longitude":-60.727140747898886,"DistanceUnit":0},"OperatorID":1,"DataProviderID":1,"UsageTypeID":4,"StatusTypeID":50,"Connections":[{"ID":476328,"ConnectionTypeID":33,"StatusTypeID":50,"CurrentTypeID":20,"Quantity":1},{"ID":476329,"ConnectionTypeID":33,"StatusTypeID":50,"LevelID":3,"PowerKW":50,"CurrentTypeID":30,"Quantity":1},{"ID":476330,"ConnectionTypeID":2,"StatusTypeID":50,"LevelID":3,"PowerKW":50,"CurrentTypeID":30,"Quantity":1}],"MediaItems":[{"ID":39635,"ChargePointID":274590,"ItemURL":"https://media.openchargemap.io/images/AR/OCM274590/OCM-274590.orig.2023092002543810.jpg","ItemThumbnailURL":"https://media.openchargemap.io/images/AR/OCM274590/OCM-274590.thmb.2023092002543810.jpg","Comment":"","IsEnabled":true,"IsVideo":false,"IsFeaturedItem":false,"IsExternalResource":false,"User":{"ID":47174,"Username":"Ripido "},"DateCreated":"2023-09-20T02:55:00Z"}]},{"ID":274589,"UUID":"B414CC44-B484-466C-A874-F97BEEF65CA7","NumberOfPoints":1,"AddressInfo":{"ID":274973,"Title":"Autopista Pedro Eugenio Aramburu","AddressLine1":"Autopista Pedro Eugenio Aramburu","StateOrProvince":"Buenos Aires","CountryID":15,"Latitude":-33.764784306511906,"Longitude":-59.71299144649947,"DistanceUnit":0},"OperatorID":1,"DataProviderID":1,"UsageTypeID":4,"StatusTypeID":50,"Connections":[{"ID":476325,"ConnectionTypeID":33,"StatusTypeID":50,"CurrentTypeID":20,"Quantity":1},{"ID":476326,"ConnectionTypeID":2,"StatusTypeID":50,"LevelID":3,"PowerKW":50,"CurrentTypeID":30,"Quantity":1},{"ID":476327,"ConnectionTypeID":33,"StatusTypeID":50,"LevelID":2,"PowerKW":50,"Quantity":1}],"MediaItems":[{"ID":39833,"ChargePointID":274589,"ItemURL":"https://media.openchargemap.io/images/AR/OCM274589/OCM-274589.orig.2023101000580123.jpg","ItemThumbnailURL":"https://media.openchargemap.io/images/AR/OCM274589/OCM-274589.thmb.2023101000580123.jpg","Comment":"","IsEnabled":true,"IsVideo":false,"IsFeaturedItem":false,"IsExternalResource":false,"User":{"ID":47174,"Username":"Ripido "},"DateCreated":"2023-10-10T00:58:00Z"}]},{"ID":273373,"UUID":"12266D28-78F3-4920-8F27-1C72D69976C5","NumberOfPoints":1,"AddressInfo":{"ID":273757,"Title":"Manuel Álvarez Prado","AddressLine1":"Manuel Álvarez Prado","AddressLine2":"Villa Pueyrredón","StateOrProvince":"Ciudad Autónoma de Buenos Aires","Postcode":"C1419DVM","CountryID":15,"Latitude":-34.57172611040053,"Longitude":-58.507013879602425,"DistanceUnit":0},"OperatorID":3300,"DataProviderID":1,"UsageTypeID":4,"StatusTypeID":50,"Connections":[{"ID":471557,"ConnectionTypeID":33,"StatusTypeID":50,"LevelID":3,"PowerKW":50,"CurrentTypeID":30,"Quantity":1},{"ID":471558,"ConnectionTypeID":2,"StatusTypeID":50,"LevelID":3,"PowerKW":50,"CurrentTypeID":30,"Quantity":1},{"ID":471559,"ConnectionTypeID":1036,"StatusTypeID":50,"LevelID":2,"PowerKW":22,"CurrentTypeID":20,"Quantity":1}],"UserComments":[{"ID":28846,"ChargePointID":273373,"CommentTypeID":10,"UserName":"Ripido ","Comment":"la carga se corta y hay que pedir que la vuelvan a activar. estar atentos, me pasó más de una vez ir a comer y volver cuando debería estar por completar la carga y ver que cargo muy poco y se cortó ","DateCreated":"2023-08-08T20:01:17.587Z","User":{"ID":47174,"Username":"Ripido "},"CheckinStatusTypeID":10,"IsActionedByEditor":false}],"MediaItems":[{"ID":39013,"ChargePointID":273373,"ItemURL":"https://media.openchargemap.io/images/AR/OCM273373/OCM-273373.orig.2023080620265955.jpg","ItemThumbnailURL":"https://media.openchargemap.io/images/AR/OCM273373/OCM-273373.thmb.2023080620265955.jpg","Comment":"","IsEnabled":true,"IsVideo":false,"IsFeaturedItem":false,"IsExternalResource":false,"User":{"ID":47174,"Username":"Ripido "},"DateCreated":"2023-08-06T20:27:00Z"},{"ID":39014,"ChargePointID":273373,"ItemURL":"https://media.openchargemap.io/images/AR/OCM273373/OCM-273373.orig.2023080620271494.jpg","ItemThumbnailURL":"https://media.openchargemap.io/images/AR/OCM273373/OCM-273373.thmb.2023080620271494.jpg","Comment":"","IsEnabled":true,"IsVideo":false,"IsFeaturedItem":false,"IsExternalResource":false,"User":{"ID":47174,"Username":"Ripido "},"DateCreated":"2023-08-06T20:27:00Z"}]},{"ID":273026,"UUID":"2E8E6136-B153-4A9F-BF2E-F1E6911C7604","NumberOfPoints":2,"AddressInfo":{"ID":273410,"Title":"Autovía Juan Manuel Fangio","AddressLine1":"Autovía Juan Manuel Fangio","StateOrProvince":"Buenos Aires","Postcode":"7130","CountryID":15,"Latitude":-35.52889787612181,"Longitude":-58.012339323116976,"DistanceUnit":0},"OperatorID":3300,"DataProviderID":1,"UsageTypeID":4,"StatusTypeID":50,"Connections":[{"ID":469381,"ConnectionTypeID":33,"StatusTypeID":50,"LevelID":3,"PowerKW":150,"CurrentTypeID":30,"Quantity":2},{"ID":469382,"ConnectionTypeID":33,"StatusTypeID":50,"LevelID":3,"PowerKW":150,"CurrentTypeID":30,"Quantity":2},{"ID":469387,"ConnectionTypeID":1036,"StatusTypeID":50,"LevelID":2,"PowerKW":22,"CurrentTypeID":20,"Quantity":2}],"MediaItems":[{"ID":38845,"ChargePointID":273026,"ItemURL":"https://media.openchargemap.io/images/AR/OCM273026/OCM-273026.orig.2023072422075105.jpg","ItemThumbnailURL":"https://media.openchargemap.io/images/AR/OCM273026/OCM-273026.thmb.2023072422075105.jpg","Comment":"","IsEnabled":true,"IsVideo":false,"IsFeaturedItem":false,"IsExternalResource":false,"User":{"ID":47174,"Username":"Ripido "},"DateCreated":"2023-07-24T22:08:00Z"},{"ID":38828,"ChargePointID":273026,"ItemURL":"https://media.openchargemap.io/images/AR/OCM273026/OCM-273026.orig.2023072403472716.jpg","ItemThumbnailURL":"https://media.openchargemap.io/images/AR/OCM273026/OCM-273026.thmb.2023072403472716.jpg","Comment":"","IsEnabled":true,"IsVideo":false,"IsFeaturedItem":false,"IsExternalResource":false,"User":{"ID":47174,"Username":"Ripido "},"DateCreated":"2023-07-24T03:48:00Z"}]},{"ID":273025,"UUID":"DBD99871-B055-46F7-B3D0-9424A678BA0A","NumberOfPoints":2,"AddressInfo":{"ID":273409,"Title":"Autopista Doctor Ricardo Balbín","AddressLine1":"Autopista Doctor Ricardo Balbín","Town":"Wilde","StateOrProvince":"Buenos Aires","Postcode":"B1876","CountryID":15,"Latitude":-34.685076041961835,"Longitude":-58.30386420245566,"DistanceUnit":0},"OperatorID":3300,"DataProviderID":1,"UsageTypeID":4,"StatusTypeID":50,"Connections":[{"ID":469379,"ConnectionTypeID":33,"StatusTypeID":50,"LevelID":2,"PowerKW":50,"Quantity":1},{"ID":469380,"ConnectionTypeID":2,"StatusTypeID":50,"LevelID":3,"PowerKW":50,"CurrentTypeID":30,"Quantity":1},{"ID":469388,"ConnectionTypeID":1036,"StatusTypeID":50,"LevelID":2,"PowerKW":22,"CurrentTypeID":20,"Quantity":1}],"MediaItems":[{"ID":38829,"ChargePointID":273025,"ItemURL":"https://media.openchargemap.io/images/AR/OCM273025/OCM-273025.orig.2023072403524691.jpg","ItemThumbnailURL":"https://media.openchargemap.io/images/AR/OCM273025/OCM-273025.thmb.2023072403524691.jpg","Comment":"","IsEnabled":true,"IsVideo":false,"IsFeaturedItem":false,"IsExternalResource":false,"User":{"ID":47174,"Username":"Ripido "},"DateCreated":"2023-07-24T03:53:00Z"}]},{"ID":272718,"UUID":"A7CDC708-CAAF-49B4-9485-34825DB9C09C","NumberOfPoints":1,"AddressInfo":{"ID":273102,"Title":"Avenida Presidente Figueroa Alcorta","AddressLine1":"Avenida Presidente Figueroa Alcorta","AddressLine2":"Palermo","StateOrProvince":"Ciudad Autónoma de Buenos Aires","Postcode":"C1425AAR","CountryID":15,"Latitude":-34.580562,"Longitude":-58.398418,"DistanceUnit":0},"OperatorID":3597,"DataProviderID":1,"UsageTypeID":1,"StatusTypeID":50,"Connections":[{"ID":468695,"ConnectionTypeID":33,"StatusTypeID":50,"LevelID":3,"PowerKW":160,"CurrentTypeID":30,"Quantity":2}]},{"ID":270837,"UUID":"0B1DE81D-1525-484C-8BF8-31DC13C4280B","NumberOfPoints":2,"AddressInfo":{"ID":271221,"Title":"Colectora Sur","AddressLine1":"Colectora Sur","AddressLine2":"Las Colinas de Otamendi","StateOrProvince":"Buenos Aires","Postcode":"2804","CountryID":15,"Latitude":-34.19864251195249,"Longitude":-58.93807944417847,"DistanceUnit":0},"OperatorID":3300,"DataProviderID":1,"UsageTypeID":4,"StatusTypeID":50,"Connections":[{"ID":460751,"ConnectionTypeID":33,"StatusTypeID":50,"LevelID":2,"PowerKW":50,"Quantity":1},{"ID":460752,"ConnectionTypeID":33,"StatusTypeID":50,"LevelID":2,"PowerKW":60,"Quantity":1}],"MediaItems":[{"ID":38581,"ChargePointID":270837,"ItemURL":"https://media.openchargemap.io/images/AR/OCM270837/OCM-270837.orig.2023070514060608.jpg","ItemThumbnailURL":"https://media.openchargemap.io/images/AR/OCM270837/OCM-270837.thmb.2023070514060608.jpg","Comment":"","IsEnabled":true,"IsVideo":false,"IsFeaturedItem":false,"IsExternalResource":false,"User":{"ID":47174,"Username":"Ripido "},"DateCreated":"2023-07-05T14:06:00Z"}]},{"ID":95395,"UUID":"2EC7389F-1407-4824-B0D7-80541D1852C5","NumberOfPoints":2,"AddressInfo":{"ID":95741,"Title":"YPF ACA ","AddressLine1":"Godoy Cruz 3111","AddressLine2":"Palermo","Town":"Buenos Aires","Postcode":"C1426BWY","CountryID":15,"Latitude":-34.57446645071284,"Longitude":-58.421101883706626,"DistanceUnit":0},"OperatorID":3300,"DataProviderID":1,"UsageTypeID":4,"StatusTypeID":50,"Connections":[{"ID":135137,"ConnectionTypeID":2,"StatusTypeID":50,"LevelID":3,"Amps":125,"Voltage":500,"PowerKW":50,"CurrentTypeID":30,"Quantity":2},{"ID":135138,"ConnectionTypeID":1036,"StatusTypeID":50,"LevelID":3,"Amps":63,"Voltage":400,"PowerKW":50,"CurrentTypeID":20,"Quantity":2},{"ID":135139,"ConnectionTypeID":33,"StatusTypeID":50,"LevelID":3,"Amps":125,"Voltage":500,"PowerKW":50,"CurrentTypeID":30,"Quantity":2}]}]