[{"ID":302428,"UUID":"ABF602E6-1725-4884-AEBD-64CF9BBFB09A","NumberOfPoints":1,"AddressInfo":{"ID":302815,"Title":"Parking","AddressLine1":"Gospodar Jovanova ","Town":"Cacak","CountryID":199,"Latitude":43.89260209808509,"Longitude":20.34880352550374,"DistanceUnit":0},"OperatorID":1,"DataProviderID":1,"UsageTypeID":4,"StatusTypeID":50,"Connections":[{"ID":567591,"ConnectionTypeID":25,"StatusTypeID":50,"CurrentTypeID":10,"Quantity":1}]},{"ID":296382,"UUID":"2F8BCA82-79B2-4DEE-B9A7-EF49067A7067","NumberOfPoints":2,"AddressInfo":{"ID":296769,"Title":"Lidl Zlatibor","AddressLine1":"23","Town":"Златибор","StateOrProvince":"Централна Србија","Postcode":"31315","CountryID":199,"Latitude":43.728749271958435,"Longitude":19.707736015066303,"DistanceUnit":0},"OperatorID":1,"DataProviderID":1,"UsageTypeID":4,"StatusTypeID":50,"Connections":[{"ID":529946,"ConnectionTypeID":33,"StatusTypeID":50,"LevelID":3,"PowerKW":22,"CurrentTypeID":30,"Quantity":1},{"ID":529947,"ConnectionTypeID":25,"StatusTypeID":50,"LevelID":2,"PowerKW":22,"CurrentTypeID":20,"Quantity":1},{"ID":529948,"ConnectionTypeID":2,"StatusTypeID":50,"LevelID":2,"PowerKW":22,"CurrentTypeID":20,"Quantity":1}]},{"ID":287967,"UUID":"9DA27712-27C9-4C1B-9939-3EC60F8B7205","NumberOfPoints":2,"AddressInfo":{"ID":288354,"Title":"BIG Shopping Center Zrenjanin","AddressLine1":"Булевар Вељка Влаховића","AddressLine2":"Багљаш","StateOrProvince":"Војводина","Postcode":"23101","CountryID":199,"Latitude":45.378199113889735,"Longitude":20.353936354816682,"DistanceUnit":0},"OperatorID":136,"DataProviderID":1,"UsageTypeID":4,"StatusTypeID":50,"Connections":[{"ID":503863,"ConnectionTypeID":33,"StatusTypeID":50,"LevelID":3,"PowerKW":120,"CurrentTypeID":30,"Quantity":2}]},{"ID":287966,"UUID":"913135C6-67D0-4D54-938B-7578B1C5DACC","NumberOfPoints":1,"AddressInfo":{"ID":288353,"Title":"DDCPunjač","AddressLine1":"Саве Ковачевића","StateOrProvince":"Централна Србија","Postcode":"74600","CountryID":199,"Latitude":44.02852207041312,"Longitude":20.929709763785098,"DistanceUnit":0},"OperatorID":3585,"DataProviderID":1,"UsageTypeID":4,"StatusTypeID":50,"Connections":[{"ID":503861,"ConnectionTypeID":33,"StatusTypeID":50,"LevelID":3,"PowerKW":60,"CurrentTypeID":30,"Quantity":2},{"ID":503862,"ConnectionTypeID":25,"StatusTypeID":50,"LevelID":2,"PowerKW":22,"CurrentTypeID":20,"Quantity":1}]},{"ID":287965,"UUID":"705AC970-3955-4B40-9DAE-845BC21B5309","NumberOfPoints":2,"AddressInfo":{"ID":288352,"Title":"BIG Shopping Center Kruševac","AddressLine1":"Крфска","StateOrProvince":"Централна Србија","Postcode":"37000","CountryID":199,"Latitude":43.56954417078751,"Longitude":21.339513777978027,"DistanceUnit":0},"OperatorID":136,"DataProviderID":1,"UsageTypeID":4,"StatusTypeID":50,"Connections":[{"ID":503860,"ConnectionTypeID":33,"StatusTypeID":50,"LevelID":3,"PowerKW":180,"CurrentTypeID":30,"Quantity":2}]},{"ID":287964,"UUID":"86D788A1-3D0D-4BC3-B488-300ACA81EE00","NumberOfPoints":2,"AddressInfo":{"ID":288351,"Title":"OMV Bubanj Potok","AddressLine1":"Астрид Линдгрен","Town":"Градска општина Гроцка","StateOrProvince":"Централна Србија","Postcode":"11321","CountryID":199,"Latitude":44.70736915885442,"Longitude":20.56804671072649,"DistanceUnit":0},"OperatorID":3585,"DataProviderID":1,"UsageTypeID":4,"StatusTypeID":50,"Connections":[{"ID":503857,"ConnectionTypeID":33,"StatusTypeID":50,"LevelID":3,"PowerKW":60,"CurrentTypeID":30,"Quantity":1},{"ID":503858,"ConnectionTypeID":2,"StatusTypeID":50,"LevelID":3,"PowerKW":50,"CurrentTypeID":30,"Quantity":1},{"ID":503859,"ConnectionTypeID":25,"StatusTypeID":50,"LevelID":2,"PowerKW":22,"CurrentTypeID":20,"Quantity":1}]},{"ID":287963,"UUID":"48707BE3-AE15-43D6-9BD6-B865C1C1BDE8","NumberOfPoints":2,"AddressInfo":{"ID":288350,"Title":"BIG Inđija Charge & GO","AddressLine1":"Лукачева","StateOrProvince":"Војводина","Postcode":"22322","CountryID":199,"Latitude":45.068521015307766,"Longitude":20.13554031793302,"DistanceUnit":0},"OperatorID":136,"DataProviderID":1,"UsageTypeID":4,"StatusTypeID":50,"Connections":[{"ID":503856,"ConnectionTypeID":33,"StatusTypeID":50,"LevelID":3,"PowerKW":60,"CurrentTypeID":30,"Quantity":2}]},{"ID":287962,"UUID":"0A784B9C-7D5E-410F-9056-75D1A50DD4AB","NumberOfPoints":2,"AddressInfo":{"ID":288349,"Title":"OMV","AddressLine1":"Добривоја Радосављевића Бобија","StateOrProvince":"Централна Србија","Postcode":"19000","CountryID":199,"Latitude":43.91053373310382,"Longitude":22.26006178046032,"DistanceUnit":0},"OperatorID":3585,"DataProviderID":1,"UsageTypeID":4,"StatusTypeID":50,"Connections":[{"ID":503855,"ConnectionTypeID":33,"StatusTypeID":50,"LevelID":3,"PowerKW":120,"CurrentTypeID":30,"Quantity":2}]},{"ID":279536,"UUID":"3852BA99-460E-4C93-BFEC-DC3487AF7BB2","NumberOfPoints":2,"AddressInfo":{"ID":279923,"Title":"BIG Shopping Centar Novi Sad","AddressLine1":"Сентандрејски пут 11","AddressLine2":"МЗ Видовданско насеље","StateOrProvince":"Војводина","Postcode":"21138","CountryID":199,"Latitude":45.27603,"Longitude":19.825955,"DistanceUnit":0},"OperatorID":136,"DataProviderID":1,"UsageTypeID":4,"StatusTypeID":50,"Connections":[{"ID":485649,"ConnectionTypeID":33,"StatusTypeID":50,"LevelID":3,"PowerKW":60,"CurrentTypeID":30,"Quantity":2}]},{"ID":279315,"UUID":"3CB44EC2-7204-45B6-A724-5B01D63B7E44","NumberOfPoints":1,"AddressInfo":{"ID":279702,"Title":"Forma Ideale - Glecher 021","AddressLine1":"Краља Петра Првог 1a","StateOrProvince":"Централна Србија","Postcode":"11401","CountryID":199,"Latitude":44.45179620854725,"Longitude":20.68244742783463,"DistanceUnit":0},"OperatorID":136,"DataProviderID":1,"UsageTypeID":4,"StatusTypeID":50,"Connections":[{"ID":484303,"ConnectionTypeID":33,"StatusTypeID":50,"LevelID":3,"PowerKW":150,"CurrentTypeID":30,"Quantity":2}]},{"ID":279314,"UUID":"C54A63AE-B0D4-4767-B0A5-47C8CB3B6FD6","NumberOfPoints":1,"AddressInfo":{"ID":279701,"Title":"Kraljevi Čardaci - Garaža","AddressLine1":"Стефана Првовенчаног 79","StateOrProvince":"Централна Србија","Postcode":"36354","CountryID":199,"Latitude":43.27504,"Longitude":20.766691,"DistanceUnit":0},"OperatorID":136,"DataProviderID":1,"UsageTypeID":4,"StatusTypeID":50,"Connections":[{"ID":484302,"ConnectionTypeID":25,"StatusTypeID":50,"LevelID":2,"PowerKW":22,"CurrentTypeID":20,"Quantity":2}]},{"ID":279313,"UUID":"C802E40D-5C7A-41E6-AB28-7AE75B993014","NumberOfPoints":1,"AddressInfo":{"ID":279700,"Title":"BIG Shopping Centar Pazova","AddressLine1":"Војачки пут 1a","StateOrProvince":"Војводина","Postcode":"22330","CountryID":199,"Latitude":44.955380154677385,"Longitude":20.199221511188597,"DistanceUnit":0},"OperatorID":136,"DataProviderID":1,"UsageTypeID":4,"StatusTypeID":50,"Connections":[{"ID":484301,"ConnectionTypeID":33,"StatusTypeID":50,"LevelID":3,"PowerKW":50,"CurrentTypeID":30,"Quantity":2}]},{"ID":279312,"UUID":"5F8012EA-CEF4-49CF-AF10-1CE2E745EFE3","NumberOfPoints":1,"AddressInfo":{"ID":279699,"Title":"BIG Shopping Centar Pančevo","AddressLine1":"Милоша Обреновића 12","AddressLine2":"МЗ Тесла","StateOrProvince":"Војводина","Postcode":"26000","CountryID":199,"Latitude":44.8685711511437,"Longitude":20.660431327507098,"DistanceUnit":0},"OperatorID":136,"DataProviderID":1,"UsageTypeID":4,"StatusTypeID":50,"Connections":[{"ID":484300,"ConnectionTypeID":33,"StatusTypeID":50,"LevelID":3,"PowerKW":60,"CurrentTypeID":30,"Quantity":2}]},{"ID":279311,"UUID":"82530118-5DE2-4B86-AB11-02B26E0E430C","NumberOfPoints":2,"AddressInfo":{"ID":279698,"Title":"BIG Shopping Centar Karabirma","AddressLine1":"Вишњичка 84","AddressLine2":"Београд (Палилула)","StateOrProvince":"Централна Србија","Postcode":"11060","CountryID":199,"Latitude":44.81699899999859,"Longitude":20.50747400000455,"DistanceUnit":0},"OperatorID":136,"DataProviderID":1,"UsageTypeID":4,"StatusTypeID":50,"Connections":[{"ID":484299,"ConnectionTypeID":33,"StatusTypeID":50,"LevelID":3,"PowerKW":120,"CurrentTypeID":30,"Quantity":2}]},{"ID":274114,"UUID":"D0E829C5-7306-4806-99F9-0F4AB0F029B0","NumberOfPoints":1,"UsageCost":"Free for Guests","AddressInfo":{"ID":274498,"Title":"International Inn","AddressLine1":"Михајла Пупина 16","Town":"Paraćin","StateOrProvince":"Pomoravlje","Postcode":"35250","CountryID":199,"Latitude":43.86688598212834,"Longitude":21.407684370057552,"ContactTelephone1":"+381 62 568230","DistanceUnit":0},"OperatorID":1,"DataProviderID":1,"UsageTypeID":6,"StatusTypeID":50,"Connections":[{"ID":474903,"ConnectionTypeID":25,"StatusTypeID":50,"LevelID":2,"Amps":32,"Voltage":400,"PowerKW":22,"CurrentTypeID":20,"Quantity":1}]},{"ID":273019,"UUID":"128BD1EF-7546-447A-A0E1-1F5215DABBB6","NumberOfPoints":2,"AddressInfo":{"ID":273403,"Title":"Crowne Plaza ","AddressLine1":"Владимира Поповића","AddressLine2":"Београд (Нови Београд)","StateOrProvince":"Централна Србија","Postcode":"11000","CountryID":199,"Latitude":44.80959646533205,"Longitude":20.43628781609425,"DistanceUnit":0},"OperatorID":3585,"DataProviderID":1,"UsageTypeID":4,"StatusTypeID":50,"Connections":[{"ID":469341,"ConnectionTypeID":33,"StatusTypeID":50,"LevelID":3,"PowerKW":75,"CurrentTypeID":30,"Quantity":1},{"ID":469342,"ConnectionTypeID":2,"StatusTypeID":50,"LevelID":3,"PowerKW":50,"CurrentTypeID":30,"Quantity":1},{"ID":469343,"ConnectionTypeID":25,"StatusTypeID":50,"LevelID":2,"PowerKW":22,"CurrentTypeID":20,"Quantity":1}]},{"ID":265795,"UUID":"EAB1D818-B85B-447B-BBC1-38F04EB31274","NumberOfPoints":3,"AddressInfo":{"ID":266179,"Title":"Sirius Office Building ","AddressLine1":"Милутина Миланковића","AddressLine2":"Београд (Нови Београд)","StateOrProvince":"Централна Србија","Postcode":"11000","CountryID":199,"Latitude":44.807284293487754,"Longitude":20.419833927182026,"DistanceUnit":0},"OperatorID":3585,"DataProviderID":1,"UsageTypeID":4,"StatusTypeID":50,"Connections":[{"ID":452124,"ConnectionTypeID":25,"StatusTypeID":50,"LevelID":2,"PowerKW":22,"CurrentTypeID":20,"Quantity":3}]},{"ID":265794,"UUID":"1DF47BF0-0273-468E-8945-99C91A2982B0","NumberOfPoints":1,"AddressInfo":{"ID":266178,"Title":"Duo-Pro","AddressLine1":"Анђе Ранковића ","Town":"Ћуприја","StateOrProvince":"Централна Србија","Postcode":"35230","CountryID":199,"Latitude":43.93259482396783,"Longitude":21.374688471431796,"DistanceUnit":0},"OperatorID":3585,"DataProviderID":1,"UsageTypeID":4,"StatusTypeID":50,"Connections":[{"ID":452123,"ConnectionTypeID":25,"StatusTypeID":50,"LevelID":2,"PowerKW":14,"CurrentTypeID":20,"Quantity":1}]},{"ID":265586,"UUID":"0D2CDF2D-7ED3-4248-B8ED-58F247BBDBA9","NumberOfPoints":1,"AddressInfo":{"ID":265970,"Title":"Jevtović Cars","AddressLine1":"Ибарски пут","StateOrProvince":"Централна Србија","Postcode":"32000","CountryID":199,"Latitude":43.93538835543205,"Longitude":20.412051055282063,"DistanceUnit":0},"OperatorID":3585,"DataProviderID":1,"UsageTypeID":4,"StatusTypeID":50,"Connections":[{"ID":451736,"ConnectionTypeID":25,"StatusTypeID":50,"LevelID":2,"PowerKW":22,"CurrentTypeID":20,"Quantity":1}]},{"ID":265534,"UUID":"0509D7B0-BE92-47B5-BCE6-B91DC0B2AFC4","NumberOfPoints":2,"AddressInfo":{"ID":265918,"Title":"Kemoimpex","AddressLine1":"Византијски булевар","AddressLine2":"Градска општина Медијана","StateOrProvince":"Централна Србија","Postcode":"70857","CountryID":199,"Latitude":43.32189082710039,"Longitude":21.93339743696231,"DistanceUnit":0},"OperatorID":3585,"DataProviderID":1,"UsageTypeID":4,"StatusTypeID":50,"Connections":[{"ID":451644,"ConnectionTypeID":25,"StatusTypeID":50,"LevelID":2,"PowerKW":22,"CurrentTypeID":20,"Quantity":2}]},{"ID":265533,"UUID":"9E163D38-9C61-4B7F-9696-8A8C340DE2FA","NumberOfPoints":1,"AddressInfo":{"ID":265917,"Title":"Ideal Auto Hyundai Niš","AddressLine1":"Стевана Синђелића","AddressLine2":"Трупале","StateOrProvince":"Централна Србија","Postcode":"18202","CountryID":199,"Latitude":43.36748054052231,"Longitude":21.838231676519285,"DistanceUnit":0},"OperatorID":3585,"DataProviderID":1,"UsageTypeID":4,"StatusTypeID":50,"Connections":[{"ID":451643,"ConnectionTypeID":25,"StatusTypeID":50,"LevelID":2,"PowerKW":22,"CurrentTypeID":20,"Quantity":1}]},{"ID":265532,"UUID":"7345A00D-7FC8-4D3F-ACBE-4C25B77D6863","NumberOfPoints":2,"AddressInfo":{"ID":265916,"Title":"AC Brajić Šabac","AddressLine1":"Светог Саве","StateOrProvince":"Централна Србија","Postcode":"15353","CountryID":199,"Latitude":44.76694,"Longitude":19.665668,"DistanceUnit":0},"OperatorID":3585,"DataProviderID":1,"UsageTypeID":4,"StatusTypeID":50,"Connections":[{"ID":451642,"ConnectionTypeID":25,"StatusTypeID":50,"LevelID":2,"PowerKW":22,"CurrentTypeID":20,"Quantity":2}]},{"ID":265531,"UUID":"CCF86EF4-0810-46D2-AC3C-0EC7194D1CCD","NumberOfPoints":2,"AddressInfo":{"ID":265915,"Title":"Mercedes-Benz Martinci","AddressLine1":"Војвођанска","StateOrProvince":"Војводина","CountryID":199,"Latitude":45.01309691390014,"Longitude":19.44216390196823,"DistanceUnit":0},"OperatorID":3585,"DataProviderID":1,"UsageTypeID":4,"StatusTypeID":50,"Connections":[{"ID":451641,"ConnectionTypeID":25,"StatusTypeID":50,"LevelID":2,"PowerKW":22,"CurrentTypeID":20,"Quantity":2}]},{"ID":265530,"UUID":"7E116284-D607-483C-B624-0CA58250D699","NumberOfPoints":1,"AddressInfo":{"ID":265914,"Title":"Kia centar Subotica","AddressLine1":"Теслина","AddressLine2":"Кертварош","StateOrProvince":"Војводина","Postcode":"24000","CountryID":199,"Latitude":46.10242010112054,"Longitude":19.67308007425561,"DistanceUnit":0},"OperatorID":3585,"DataProviderID":1,"UsageTypeID":4,"StatusTypeID":50,"Connections":[{"ID":451640,"ConnectionTypeID":25,"StatusTypeID":50,"LevelID":2,"PowerKW":22,"CurrentTypeID":20,"Quantity":1}]},{"ID":265385,"UUID":"9F1952D7-E1F8-43BD-96E7-8C78EFD9A618","NumberOfPoints":1,"AddressInfo":{"ID":265769,"Title":"charge&go Stop Shop Požarevac","AddressLine1":"Djure Djakovica","Town":"Пожаревац","StateOrProvince":"Централна Србија","Postcode":"12000","CountryID":199,"Latitude":44.61015723737273,"Longitude":21.17512118249374,"DistanceUnit":0},"OperatorID":136,"DataProviderID":1,"UsageTypeID":4,"StatusTypeID":50,"Connections":[{"ID":450389,"ConnectionTypeID":33,"StatusTypeID":50,"LevelID":3,"PowerKW":22,"CurrentTypeID":30,"Quantity":1}]},{"ID":265223,"UUID":"D3026B23-2E09-4125-835E-FEBF3620B657","NumberOfPoints":2,"AddressInfo":{"ID":265607,"Title":"Restoran Kapija Svrljiga","AddressLine1":"Душана Трифунца","StateOrProvince":"Централна Србија","Postcode":"18360","CountryID":199,"Latitude":43.409787836957065,"Longitude":22.103439305883512,"DistanceUnit":0},"OperatorID":3585,"DataProviderID":1,"UsageTypeID":4,"StatusTypeID":50,"Connections":[{"ID":449600,"ConnectionTypeID":1036,"StatusTypeID":50,"LevelID":2,"PowerKW":22,"CurrentTypeID":20,"Quantity":2}]},{"ID":265221,"UUID":"1498A098-A006-4665-AE9C-4C58C85A956D","NumberOfPoints":1,"AddressInfo":{"ID":265605,"Title":"Hyundai Svetozarevo promet doo","AddressLine1":"Рибарска 91","Town":"Jagodina","StateOrProvince":"Централна Србија","Postcode":"35000","CountryID":199,"Latitude":43.98729923744449,"Longitude":21.26184334001806,"DistanceUnit":0},"OperatorID":3585,"DataProviderID":1,"UsageTypeID":4,"StatusTypeID":50,"Connections":[{"ID":449597,"ConnectionTypeID":25,"StatusTypeID":50,"LevelID":2,"PowerKW":22,"CurrentTypeID":20,"Quantity":1}]},{"ID":265219,"UUID":"7E40E777-CA04-43D1-865C-712954674B56","NumberOfPoints":1,"AddressInfo":{"ID":265603,"Title":"Marić centar Hyundai","AddressLine1":"Прогорелица 74А","Town":"Конарево","StateOrProvince":"Централна Србија","Postcode":"36340","CountryID":199,"Latitude":43.68391319073703,"Longitude":20.57458565076945,"DistanceUnit":0},"OperatorID":3585,"DataProviderID":1,"UsageTypeID":4,"StatusTypeID":50,"Connections":[{"ID":449595,"ConnectionTypeID":25,"StatusTypeID":50,"LevelID":2,"PowerKW":22,"CurrentTypeID":20,"Quantity":1}]},{"ID":265217,"UUID":"FE6D050C-6BAA-4276-9AA6-FD2211C08794","NumberOfPoints":1,"AddressInfo":{"ID":265601,"Title":"Mercedes-Benz Biševac","AddressLine1":"Иванча бб","Town":"Нови Пазар","StateOrProvince":"Централна Србија","Postcode":"36300","CountryID":199,"Latitude":43.14991982178185,"Longitude":20.456908456700944,"DistanceUnit":0},"OperatorID":3585,"DataProviderID":1,"UsageTypeID":4,"StatusTypeID":50,"Connections":[{"ID":449592,"ConnectionTypeID":25,"StatusTypeID":50,"LevelID":2,"PowerKW":22,"CurrentTypeID":20,"Quantity":1}]},{"ID":265216,"UUID":"52E2C51C-E92D-42EE-8DC7-68040680F234","NumberOfPoints":1,"AddressInfo":{"ID":265600,"Title":"MIF Petrol Bajina Bašta","AddressLine1":"Миленка Топаловића","StateOrProvince":"Централна Србија","Postcode":"31250","CountryID":199,"Latitude":43.9812134304251,"Longitude":19.569073440873524,"DistanceUnit":0},"OperatorID":3585,"DataProviderID":1,"UsageTypeID":4,"StatusTypeID":50,"Connections":[{"ID":449591,"ConnectionTypeID":25,"StatusTypeID":50,"LevelID":2,"PowerKW":22,"CurrentTypeID":20,"Quantity":1}]},{"ID":265215,"UUID":"DAEF02F9-F167-41A5-9C2B-688ED47EFF01","NumberOfPoints":1,"AddressInfo":{"ID":265599,"Title":"Коњовићева","AddressLine1":"Коњовићева 69","AddressLine2":"Црвенка","StateOrProvince":"Војводина","Postcode":"25000","CountryID":199,"Latitude":45.7820235634274,"Longitude":19.1184085224578,"DistanceUnit":0},"OperatorID":3585,"DataProviderID":1,"UsageTypeID":4,"StatusTypeID":50,"Connections":[{"ID":449599,"ConnectionTypeID":25,"StatusTypeID":50,"LevelID":2,"PowerKW":22,"CurrentTypeID":20,"Quantity":1}]},{"ID":265214,"UUID":"DE956159-1093-43B9-9E0B-C1E2A15DE5DB","NumberOfPoints":1,"AddressInfo":{"ID":265598,"Title":"KPM Automobili Hyundai","AddressLine1":"Пере Добриновића","AddressLine2":"МЗ Доситеј Обрадовић","StateOrProvince":"Војводина","Postcode":"23101","CountryID":199,"Latitude":45.369938,"Longitude":20.410082,"DistanceUnit":0},"OperatorID":3585,"DataProviderID":1,"UsageTypeID":4,"StatusTypeID":50,"Connections":[{"ID":449588,"ConnectionTypeID":25,"StatusTypeID":50,"LevelID":2,"PowerKW":22,"Quantity":1}]},{"ID":265213,"UUID":"E1E7FBAF-B4E0-487B-B76D-2E731B0CB280","NumberOfPoints":2,"AddressInfo":{"ID":265597,"Title":"Golubački Trg","AddressLine1":"Голубачки трг","Town":"Голубац","StateOrProvince":"Централна Србија","Postcode":"12223","CountryID":199,"Latitude":44.65357975235787,"Longitude":21.627891529591352,"DistanceUnit":0},"OperatorID":3585,"DataProviderID":1,"UsageTypeID":4,"StatusTypeID":50,"Connections":[{"ID":449587,"ConnectionTypeID":25,"StatusTypeID":50,"LevelID":2,"PowerKW":22,"CurrentTypeID":20,"Quantity":2}]},{"ID":265202,"UUID":"ADDFCBDC-E8A4-4F6A-B90B-271EA60A8432","NumberOfPoints":2,"AddressInfo":{"ID":265586,"Title":"charge&go Stop Shop Leskovac","AddressLine1":"Двадесетосми март","StateOrProvince":"Централна Србија","Postcode":"16000","CountryID":199,"Latitude":43.00032530631992,"Longitude":21.95201204982959,"DistanceUnit":0},"OperatorID":136,"DataProviderID":1,"UsageTypeID":4,"StatusTypeID":50,"Connections":[{"ID":449568,"ConnectionTypeID":33,"StatusTypeID":50,"LevelID":3,"PowerKW":50,"CurrentTypeID":30,"Quantity":1},{"ID":449569,"ConnectionTypeID":2,"StatusTypeID":50,"LevelID":3,"PowerKW":50,"CurrentTypeID":30,"Quantity":1},{"ID":449570,"ConnectionTypeID":25,"StatusTypeID":50,"LevelID":2,"PowerKW":22,"CurrentTypeID":20,"Quantity":1}]},{"ID":265201,"UUID":"756682BB-7385-4076-90E0-E60D84DCB4F4","NumberOfPoints":2,"AddressInfo":{"ID":265585,"Title":"charge&go BS OMV Vranje","AddressLine1":"Партизански пут","AddressLine2":"Врање","StateOrProvince":"Централна Србија","Postcode":"17000","CountryID":199,"Latitude":42.5442777429526,"Longitude":21.900630954644498,"DistanceUnit":0},"OperatorID":136,"DataProviderID":1,"UsageTypeID":4,"StatusTypeID":50,"Connections":[{"ID":449567,"ConnectionTypeID":33,"StatusTypeID":50,"LevelID":3,"PowerKW":120,"CurrentTypeID":30,"Quantity":2}],"UserComments":[{"ID":28682,"ChargePointID":265201,"CommentTypeID":1000,"UserName":"Skoda enyaq","Comment":"I will be travelling to Greece and have saved this location. Therefore just had a call with OMV station at this address and they confirmed that charging point is there and in use. To use it, see info on FAQ of charge&go Serbia. https://chargego.rs/en/support/. Hope that this will help.","DateCreated":"2023-06-23T12:40:22.853Z","User":{"ID":46981,"Username":"Skoda enyaq"},"CheckinStatusTypeID":110,"IsActionedByEditor":false},{"ID":28670,"ChargePointID":265201,"CommentTypeID":50,"UserName":"Bernhard","Comment":"under virta.fi there is this location not listet. Please provide more information which platform is linked to this location.","DateCreated":"2023-06-21T13:26:29.787Z","User":{"ID":32395,"Username":"Bernhard"},"CheckinStatusTypeID":130,"IsActionedByEditor":false}]},{"ID":265200,"UUID":"53E87F0B-2694-47EF-A5F0-EF139F84EF2E","NumberOfPoints":2,"AddressInfo":{"ID":265584,"Title":"Free Charger at Toll Station direction Niš-Belgrad","AddressLine1":"E75 Motorway","Town":"Vrcin","StateOrProvince":"","Postcode":"11224","CountryID":199,"Latitude":44.66521521245028,"Longitude":20.611805840004223,"DistanceUnit":0},"OperatorID":3585,"DataProviderID":1,"UsageTypeID":4,"StatusTypeID":50,"Connections":[{"ID":449565,"ConnectionTypeID":33,"StatusTypeID":50,"LevelID":3,"PowerKW":25,"CurrentTypeID":30,"Quantity":1},{"ID":449566,"ConnectionTypeID":2,"StatusTypeID":50,"LevelID":3,"PowerKW":25,"CurrentTypeID":30,"Quantity":1}]},{"ID":265198,"UUID":"EA56BF6A-3543-4549-9B96-1A2C39B217C7","NumberOfPoints":1,"AddressInfo":{"ID":265582,"Title":"charge&go Roaming Networks","AddressLine1":"Јужни булевар","AddressLine2":"Београд (Врачар)","StateOrProvince":"Централна Србија","Postcode":"11000","CountryID":199,"Latitude":44.791879,"Longitude":20.470794,"DistanceUnit":0},"OperatorID":136,"DataProviderID":1,"UsageTypeID":4,"StatusTypeID":50,"Connections":[{"ID":449562,"ConnectionTypeID":33,"StatusTypeID":50,"LevelID":3,"PowerKW":24,"CurrentTypeID":30,"Quantity":1}]},{"ID":265197,"UUID":"CCB3B438-D460-44AE-A01F-ACFEA17E37AC","NumberOfPoints":2,"AddressInfo":{"ID":265581,"Title":"charge&go ABB Beograd","AddressLine1":"Булевар Пека Дапчевића","AddressLine2":"Београд (Вождовац)","StateOrProvince":"Централна Србија","Postcode":"11000","CountryID":199,"Latitude":44.768737,"Longitude":20.485727,"DistanceUnit":0},"OperatorID":136,"DataProviderID":1,"UsageTypeID":4,"StatusTypeID":50,"Connections":[{"ID":449559,"ConnectionTypeID":33,"StatusTypeID":50,"LevelID":3,"PowerKW":30,"CurrentTypeID":30,"Quantity":1},{"ID":449560,"ConnectionTypeID":25,"StatusTypeID":50,"LevelID":2,"PowerKW":22,"CurrentTypeID":20,"Quantity":1},{"ID":449561,"ConnectionTypeID":2,"StatusTypeID":50,"LevelID":3,"PowerKW":30,"CurrentTypeID":30,"Quantity":1}]},{"ID":265196,"UUID":"5C906F64-33DE-430B-8CE0-D64889C4199B","NumberOfPoints":2,"AddressInfo":{"ID":265580,"Title":"charge&go Stop Shop Čačak","AddressLine1":"Булевар Вука Караџића","AddressLine2":"МЗ Парк","StateOrProvince":"Централна Србија","Postcode":"32103","CountryID":199,"Latitude":43.88366360951858,"Longitude":20.331035958295615,"DistanceUnit":0},"OperatorID":136,"DataProviderID":1,"UsageTypeID":4,"StatusTypeID":50,"Connections":[{"ID":449558,"ConnectionTypeID":33,"StatusTypeID":50,"LevelID":3,"PowerKW":150,"CurrentTypeID":30,"Quantity":2}]},{"ID":265195,"UUID":"A2159FA1-C78A-4B42-A433-F8FA78B2DBA5","NumberOfPoints":1,"AddressInfo":{"ID":265579,"Title":"Hotel Royal Čačak - eDrive App","AddressLine1":"Булевар ослободилаца Чачка","AddressLine2":"МЗ 3. децембар","StateOrProvince":"Централна Србија","Postcode":"32104","CountryID":199,"Latitude":43.877897267922634,"Longitude":20.35046917214538,"DistanceUnit":0},"OperatorID":1,"DataProviderID":1,"UsageTypeID":4,"StatusTypeID":50,"Connections":[{"ID":449555,"ConnectionTypeID":33,"StatusTypeID":50,"LevelID":3,"PowerKW":120,"CurrentTypeID":30,"Quantity":1},{"ID":449556,"ConnectionTypeID":33,"StatusTypeID":50,"LevelID":3,"PowerKW":60,"CurrentTypeID":30,"Quantity":1},{"ID":449557,"ConnectionTypeID":25,"StatusTypeID":50,"LevelID":2,"PowerKW":22,"CurrentTypeID":20,"Quantity":1}]},{"ID":264497,"UUID":"4A5B88ED-389B-4FD5-B1CF-54FD39210558","NumberOfPoints":1,"AddressInfo":{"ID":264881,"Title":"BS EVOIL Preljina","AddressLine1":"Ибарски пут","StateOrProvince":"Централна Србија","Postcode":"32212","CountryID":199,"Latitude":43.89866536969143,"Longitude":20.419682902718478,"DistanceUnit":0},"OperatorID":3585,"DataProviderID":1,"UsageTypeID":4,"StatusTypeID":50,"Connections":[{"ID":448494,"ConnectionTypeID":33,"StatusTypeID":50,"LevelID":3,"PowerKW":40,"CurrentTypeID":30,"Quantity":1}]},{"ID":264474,"UUID":"56ECB0B4-753A-424B-9B12-07CD8902CB9F","NumberOfPoints":2,"AddressInfo":{"ID":264858,"Title":"NIS Zmaj 1 - Orion eMobility","AddressLine1":"Аутопут за Загреб","AddressLine2":"Београд (Земун)","StateOrProvince":"Централна Србија","Postcode":"11000","CountryID":199,"Latitude":44.8319366803438,"Longitude":20.36927291695315,"DistanceUnit":0},"OperatorID":3585,"DataProviderID":1,"UsageTypeID":4,"StatusTypeID":50,"Connections":[{"ID":448448,"ConnectionTypeID":33,"StatusTypeID":50,"LevelID":3,"PowerKW":75,"CurrentTypeID":30,"Quantity":1},{"ID":448449,"ConnectionTypeID":2,"StatusTypeID":50,"LevelID":3,"PowerKW":50,"CurrentTypeID":30,"Quantity":1},{"ID":448450,"ConnectionTypeID":1036,"StatusTypeID":50,"LevelID":2,"PowerKW":22,"CurrentTypeID":20,"Quantity":1}]},{"ID":264473,"UUID":"D01CA2DD-795A-4629-9670-2E61C4C29FFD","NumberOfPoints":2,"AddressInfo":{"ID":264857,"Title":"OMV - Orion eMobility","AddressLine1":"A3","StateOrProvince":"Војводина","Postcode":"22440","CountryID":199,"Latitude":44.93491915004239,"Longitude":19.91458696089012,"DistanceUnit":0},"OperatorID":3585,"DataProviderID":1,"UsageTypeID":4,"StatusTypeID":50,"Connections":[{"ID":448445,"ConnectionTypeID":33,"StatusTypeID":50,"LevelID":3,"PowerKW":75,"CurrentTypeID":30,"Quantity":1},{"ID":448446,"ConnectionTypeID":2,"StatusTypeID":50,"LevelID":3,"PowerKW":50,"CurrentTypeID":30,"Quantity":1},{"ID":448447,"ConnectionTypeID":1036,"StatusTypeID":50,"LevelID":2,"PowerKW":22,"CurrentTypeID":20,"Quantity":1}]},{"ID":264472,"UUID":"652850BB-BE93-4875-B640-CAEACFB2D0E0","NumberOfPoints":2,"AddressInfo":{"ID":264856,"Title":"Gazprom Petrol - Orion eMobility","AddressLine1":"A3","StateOrProvince":"Војводина","Postcode":"22314","CountryID":199,"Latitude":44.87925641718314,"Longitude":20.121641071912222,"DistanceUnit":0},"OperatorID":3585,"DataProviderID":1,"UsageTypeID":4,"StatusTypeID":50,"Connections":[{"ID":448442,"ConnectionTypeID":33,"StatusTypeID":50,"LevelID":3,"PowerKW":75,"CurrentTypeID":30,"Quantity":1},{"ID":448443,"ConnectionTypeID":2,"StatusTypeID":50,"LevelID":3,"PowerKW":50,"CurrentTypeID":30,"Quantity":1},{"ID":448444,"ConnectionTypeID":1036,"StatusTypeID":50,"LevelID":2,"PowerKW":22,"CurrentTypeID":20,"Quantity":1}]},{"ID":264471,"UUID":"106854A3-9D86-48A8-85AF-7D679E39ABF6","NumberOfPoints":2,"AddressInfo":{"ID":264855,"Title":"Gazprom Petrol - Orion eMobility","AddressLine1":"A1","StateOrProvince":"Војводина","Postcode":"24415","CountryID":199,"Latitude":46.124172494406594,"Longitude":19.825128596440777,"DistanceUnit":0},"OperatorID":3585,"DataProviderID":1,"UsageTypeID":4,"StatusTypeID":50,"Connections":[{"ID":448439,"ConnectionTypeID":33,"StatusTypeID":50,"LevelID":3,"PowerKW":75,"CurrentTypeID":30,"Quantity":1},{"ID":448440,"ConnectionTypeID":2,"StatusTypeID":50,"LevelID":3,"PowerKW":50,"CurrentTypeID":30,"Quantity":1},{"ID":448441,"ConnectionTypeID":1036,"StatusTypeID":50,"LevelID":2,"PowerKW":22,"CurrentTypeID":20,"Quantity":1}]},{"ID":264470,"UUID":"A3E00CBF-2901-4A4F-9504-7AD1F8E37074","NumberOfPoints":4,"AddressInfo":{"ID":264854,"Title":"Ledi MS Brestovac","AddressLine1":"Лесковачка","StateOrProvince":"Централна Србија","CountryID":199,"Latitude":43.14957069868689,"Longitude":21.88955865989203,"DistanceUnit":0},"OperatorID":1,"DataProviderID":1,"UsageTypeID":4,"StatusTypeID":50,"Connections":[{"ID":448438,"ConnectionTypeID":33,"StatusTypeID":50,"LevelID":3,"PowerKW":120,"CurrentTypeID":30,"Quantity":4}]},{"ID":264446,"UUID":"C356EB75-895A-4488-962F-BC2F9ADBD1C3","NumberOfPoints":2,"AddressInfo":{"ID":264830,"Title":"charge&go Stop Shop Niš","AddressLine1":"Булевар светог Цара Константина","AddressLine2":"Градска општина Медијана","StateOrProvince":"Централна Србија","Postcode":"18000","CountryID":199,"Latitude":43.31086559432566,"Longitude":21.93651677788239,"DistanceUnit":0},"OperatorID":136,"DataProviderID":1,"UsageTypeID":4,"StatusTypeID":50,"Connections":[{"ID":448400,"ConnectionTypeID":33,"StatusTypeID":50,"LevelID":3,"PowerKW":120,"CurrentTypeID":30,"Quantity":2}]},{"ID":264445,"UUID":"B7AAAA5D-3FA5-4AB0-BC06-23A444199730","NumberOfPoints":1,"AddressInfo":{"ID":264829,"Title":"charge&go Termovent","AddressLine1":"35","StateOrProvince":"Централна Србија","Postcode":"19320","CountryID":199,"Latitude":44.625100947146564,"Longitude":22.581927091095963,"DistanceUnit":0},"OperatorID":136,"DataProviderID":1,"UsageTypeID":4,"StatusTypeID":50,"Connections":[{"ID":448399,"ConnectionTypeID":25,"StatusTypeID":50,"LevelID":2,"PowerKW":22,"CurrentTypeID":20,"Quantity":1}]},{"ID":264444,"UUID":"4E43C6ED-2ACE-4DB0-BA52-EE63B34B5A8B","NumberOfPoints":2,"AddressInfo":{"ID":264828,"Title":"charge&go Stop Shop Zaječar","AddressLine1":"Чупићева","StateOrProvince":"Централна Србија","Postcode":"19000","CountryID":199,"Latitude":43.90250373043699,"Longitude":22.26864152547546,"DistanceUnit":0},"OperatorID":136,"DataProviderID":1,"UsageTypeID":4,"StatusTypeID":50,"Connections":[{"ID":448398,"ConnectionTypeID":33,"StatusTypeID":50,"LevelID":3,"PowerKW":60,"CurrentTypeID":30,"Quantity":2}]},{"ID":264443,"UUID":"D25493D4-8E26-4C2D-B4F1-7E344C21E758","NumberOfPoints":1,"AddressInfo":{"ID":264827,"Title":"charge&go Podrum Pevac","AddressLine1":"Железничка","StateOrProvince":"Централна Србија","Postcode":"34225","CountryID":199,"Latitude":44.080591591121134,"Longitude":20.98311571605018,"DistanceUnit":0},"OperatorID":136,"DataProviderID":1,"UsageTypeID":4,"StatusTypeID":50,"Connections":[{"ID":448397,"ConnectionTypeID":25,"StatusTypeID":50,"LevelID":2,"PowerKW":22,"CurrentTypeID":20,"Quantity":1}]},{"ID":264442,"UUID":"EEBF602B-9755-49C7-B16C-834D0971D74D","NumberOfPoints":2,"AddressInfo":{"ID":264826,"Title":"charge&go Stop Shop Subotica","AddressLine1":"Сегедински пут","AddressLine2":"Нови град","StateOrProvince":"Војводина","Postcode":"24105","CountryID":199,"Latitude":46.100479644927134,"Longitude":19.698238125347416,"DistanceUnit":0},"OperatorID":136,"DataProviderID":1,"UsageTypeID":4,"StatusTypeID":50,"Connections":[{"ID":448395,"ConnectionTypeID":33,"StatusTypeID":50,"LevelID":3,"PowerKW":120,"CurrentTypeID":30,"Quantity":2},{"ID":448396,"ConnectionTypeID":1036,"StatusTypeID":50,"LevelID":2,"PowerKW":7.4,"CurrentTypeID":10,"Quantity":1}]},{"ID":263904,"UUID":"8EA9F0B4-1457-4EB9-89AD-E3D9E070A35D","NumberOfPoints":2,"AddressInfo":{"ID":264288,"Title":"charge&go BS OMV Gradina","AddressLine1":"A4","StateOrProvince":"Централна Србија","Postcode":"18320","CountryID":199,"Latitude":43.00036077821011,"Longitude":22.819310874553935,"DistanceUnit":0},"OperatorID":136,"DataProviderID":1,"UsageTypeID":4,"StatusTypeID":50,"Connections":[{"ID":446869,"ConnectionTypeID":33,"StatusTypeID":50,"LevelID":3,"PowerKW":90,"CurrentTypeID":30,"Quantity":2}]},{"ID":263902,"UUID":"6722751C-34A7-4B53-BD94-EE07C8280D95","NumberOfPoints":2,"AddressInfo":{"ID":264286,"Title":"charge&go Stop Shop Vršac","AddressLine1":"Милоша Обилића","AddressLine2":"МЗ Жива Јовановић","StateOrProvince":"Војводина","Postcode":"26200","CountryID":199,"Latitude":45.13173118279789,"Longitude":21.286206216220762,"DistanceUnit":0},"OperatorID":136,"DataProviderID":1,"UsageTypeID":4,"StatusTypeID":50,"Connections":[{"ID":446866,"ConnectionTypeID":33,"StatusTypeID":50,"LevelID":3,"PowerKW":120,"CurrentTypeID":30,"Quantity":2}]},{"ID":263900,"UUID":"F70A9CA9-ACEC-4841-A18C-4DA2D9A501EB","NumberOfPoints":2,"AddressInfo":{"ID":264284,"Title":"charge&go BS OMV Doljevac","AddressLine1":"A1","StateOrProvince":"Централна Србија","Postcode":"18410","CountryID":199,"Latitude":43.182868493508124,"Longitude":21.86251736660904,"DistanceUnit":0},"OperatorID":136,"DataProviderID":1,"UsageTypeID":4,"StatusTypeID":50,"Connections":[{"ID":446863,"ConnectionTypeID":33,"StatusTypeID":50,"LevelID":3,"PowerKW":140,"CurrentTypeID":30,"Quantity":2}]},{"ID":263897,"UUID":"189E6E22-901C-40A3-B98D-D850597DC4AB","NumberOfPoints":2,"AddressInfo":{"ID":264281,"Title":"charge&go BS OMV Kruševac","AddressLine1":"Јасички пут","StateOrProvince":"Централна Србија","Postcode":"37000","CountryID":199,"Latitude":43.59544538006483,"Longitude":21.315396669652728,"DistanceUnit":0},"OperatorID":136,"DataProviderID":1,"UsageTypeID":4,"StatusTypeID":50,"Connections":[{"ID":446859,"ConnectionTypeID":33,"StatusTypeID":50,"LevelID":3,"PowerKW":130,"CurrentTypeID":30,"Quantity":2}],"UserComments":[{"ID":28806,"ChargePointID":263897,"CommentTypeID":10,"UserName":"Skoda enyaq","Comment":"vast charger, good location but you need Charge&go charging card, app not working yet. Customer service is very good.","Rating":4,"DateCreated":"2023-07-27T10:33:12.03Z","User":{"ID":46981,"Username":"Skoda enyaq"},"CheckinStatusTypeID":10,"IsActionedByEditor":false}],"MediaItems":[{"ID":38858,"ChargePointID":263897,"ItemURL":"https://media.openchargemap.io/images/RS/OCM263897/OCM-263897.orig.2023072511394379.jpg","ItemThumbnailURL":"https://media.openchargemap.io/images/RS/OCM263897/OCM-263897.thmb.2023072511394379.jpg","Comment":"","IsEnabled":true,"IsVideo":false,"IsFeaturedItem":false,"IsExternalResource":false,"User":{"ID":46981,"Username":"Skoda enyaq"},"DateCreated":"2023-07-25T11:40:00Z"}]},{"ID":263895,"UUID":"A8EACE1F-2115-47BA-B737-44D8819E5EF4","NumberOfPoints":5,"AddressInfo":{"ID":264279,"Title":"charge&go Big Fashion Kragujevac","AddressLine1":"Булевар краљице Марије","StateOrProvince":"Централна Србија","Postcode":"34000","CountryID":199,"Latitude":44.008556,"Longitude":20.896386,"DistanceUnit":0},"OperatorID":136,"DataProviderID":1,"UsageTypeID":4,"StatusTypeID":50,"Connections":[{"ID":446857,"ConnectionTypeID":25,"StatusTypeID":50,"LevelID":2,"PowerKW":22,"CurrentTypeID":20,"Quantity":5}]},{"ID":263893,"UUID":"F1CF7937-02C3-4C80-A091-0D21EC5E7ABA","NumberOfPoints":5,"AddressInfo":{"ID":264277,"Title":"charge&go TC Promenada Novi Sad","AddressLine1":"Булевар ослобођења","AddressLine2":"МЗ Прва војвођанска бригада","StateOrProvince":"Војводина","Postcode":"21000","CountryID":199,"Latitude":45.245186283006745,"Longitude":19.841350746784656,"DistanceUnit":0},"OperatorID":136,"DataProviderID":1,"UsageTypeID":4,"StatusTypeID":50,"Connections":[{"ID":446855,"ConnectionTypeID":25,"StatusTypeID":50,"LevelID":2,"PowerKW":22,"CurrentTypeID":20,"Quantity":5}]},{"ID":262197,"UUID":"A1CCE7BB-A099-4803-B670-C6B74549BB72","NumberOfPoints":2,"AddressInfo":{"ID":262581,"Title":"charge&go BS OMV Martinci 1","AddressLine1":"A3","StateOrProvince":"Војводина","CountryID":199,"Latitude":45.03558666866181,"Longitude":19.449863404379585,"DistanceUnit":0},"OperatorID":136,"DataProviderID":1,"UsageTypeID":4,"StatusTypeID":50,"Connections":[{"ID":444871,"ConnectionTypeID":33,"StatusTypeID":50,"LevelID":3,"PowerKW":180,"CurrentTypeID":30,"Quantity":2},{"ID":444872,"ConnectionTypeID":1036,"StatusTypeID":50,"LevelID":2,"PowerKW":22,"CurrentTypeID":20,"Quantity":1}]},{"ID":262055,"UUID":"090BC6F0-8B41-4918-9DF1-B2CF008F205A","NumberOfPoints":2,"AddressInfo":{"ID":262439,"Title":"Charge&GO, Renault Hit Auto","AddressLine1":"Сајмиште","AddressLine2":"Београд (Нови Београд)","StateOrProvince":"Централна Србија","Postcode":"11000","CountryID":199,"Latitude":44.812903,"Longitude":20.441293,"DistanceUnit":0},"OperatorID":136,"DataProviderID":1,"UsageTypeID":4,"StatusTypeID":50,"Connections":[{"ID":444713,"ConnectionTypeID":25,"StatusTypeID":50,"LevelID":2,"PowerKW":22,"CurrentTypeID":20,"Quantity":2}]},{"ID":260810,"UUID":"B1EF8199-2AA8-4F23-AEC8-78C44EDF26CB","NumberOfPoints":2,"AddressInfo":{"ID":261194,"Title":"Charge&GO Stop Shop Šabac","AddressLine1":"Западна трансверзала I","StateOrProvince":"Централна Србија","Postcode":"15000","CountryID":199,"Latitude":44.75445826317258,"Longitude":19.66257986636583,"DistanceUnit":0},"OperatorID":136,"DataProviderID":1,"UsageTypeID":4,"StatusTypeID":50,"Connections":[{"ID":439076,"ConnectionTypeID":33,"StatusTypeID":50,"LevelID":3,"PowerKW":60,"CurrentTypeID":30,"Quantity":2}]},{"ID":260809,"UUID":"ABA4E464-4ABE-49BC-B125-F7DD39156A38","NumberOfPoints":2,"AddressInfo":{"ID":261193,"Title":"Charge&GO Stop Shop Valjevo","AddressLine1":"Узун Миркова","AddressLine2":"Градац","StateOrProvince":"Централна Србија","Postcode":"14000","CountryID":199,"Latitude":44.27073164281251,"Longitude":19.898257376144556,"DistanceUnit":0},"OperatorID":136,"DataProviderID":1,"UsageTypeID":4,"StatusTypeID":50,"Connections":[{"ID":439075,"ConnectionTypeID":33,"StatusTypeID":50,"LevelID":3,"PowerKW":22,"CurrentTypeID":30,"Quantity":1}]},{"ID":260808,"UUID":"A83DE767-B1F1-415E-AE4E-319DB78B634A","NumberOfPoints":2,"AddressInfo":{"ID":261192,"Title":"Charge&GO Intertrans Lučani","AddressLine1":"Доситејева","Town":"Лучани","StateOrProvince":"Централна Србија","Postcode":"32240","CountryID":199,"Latitude":43.86237838018485,"Longitude":20.131119310694203,"DistanceUnit":0},"OperatorID":136,"DataProviderID":1,"UsageTypeID":4,"StatusTypeID":50,"Connections":[{"ID":439073,"ConnectionTypeID":33,"StatusTypeID":50,"LevelID":3,"PowerKW":22,"CurrentTypeID":30,"Quantity":1},{"ID":439074,"ConnectionTypeID":1036,"StatusTypeID":50,"LevelID":2,"PowerKW":22,"CurrentTypeID":20,"Quantity":1}]},{"ID":260807,"UUID":"9D6A48B3-684E-4AE8-95D2-551087E96754","NumberOfPoints":2,"AddressInfo":{"ID":261191,"Title":"Charge&GO Autočačak, Konjevići","AddressLine1":"Обилазни пут","AddressLine2":"Коњевићи","StateOrProvince":"Централна Србија","Postcode":"32212","CountryID":199,"Latitude":43.90324656235103,"Longitude":20.398731961789736,"DistanceUnit":0},"OperatorID":136,"DataProviderID":1,"UsageTypeID":4,"StatusTypeID":50,"Connections":[{"ID":439071,"ConnectionTypeID":33,"StatusTypeID":50,"LevelID":3,"PowerKW":50,"CurrentTypeID":30,"Quantity":1},{"ID":439072,"ConnectionTypeID":1036,"StatusTypeID":50,"LevelID":2,"PowerKW":22,"CurrentTypeID":20,"Quantity":1}]},{"ID":260806,"UUID":"82C4B5A4-7A80-48F6-950C-91FDE757A9B5","NumberOfPoints":2,"AddressInfo":{"ID":261190,"Title":"Charge&GO BS Gazprom Sokolići","AddressLine1":"Милош Велики","StateOrProvince":"Централна Србија","Postcode":"32212","CountryID":199,"Latitude":43.93684276874788,"Longitude":20.399981988616673,"DistanceUnit":0},"OperatorID":136,"DataProviderID":1,"UsageTypeID":4,"StatusTypeID":50,"Connections":[{"ID":439068,"ConnectionTypeID":33,"StatusTypeID":50,"LevelID":3,"PowerKW":50,"CurrentTypeID":30,"Quantity":1},{"ID":439069,"ConnectionTypeID":2,"StatusTypeID":50,"LevelID":3,"PowerKW":50,"CurrentTypeID":30,"Quantity":1},{"ID":439070,"ConnectionTypeID":1036,"StatusTypeID":50,"LevelID":2,"PowerKW":22,"CurrentTypeID":20,"Quantity":1}]},{"ID":260805,"UUID":"C4E0C5AE-DF3D-405F-9F79-74FBD6BEE249","NumberOfPoints":1,"AddressInfo":{"ID":261189,"Title":"Charge&GO Stop Shop Lazarevac","AddressLine1":"Железничка","StateOrProvince":"Централна Србија","Postcode":"11550","CountryID":199,"Latitude":44.38689558433765,"Longitude":20.251775864624847,"DistanceUnit":0},"OperatorID":136,"DataProviderID":1,"UsageTypeID":4,"StatusTypeID":50,"Connections":[{"ID":439067,"ConnectionTypeID":33,"StatusTypeID":50,"LevelID":3,"PowerKW":22,"CurrentTypeID":30,"Quantity":1}]},{"ID":260786,"UUID":"C3B18B7A-0EB6-480A-A573-F40B40BD783A","NumberOfPoints":1,"AddressInfo":{"ID":261170,"Title":"Charge&GO Stop Shop Smederevo","AddressLine1":"Шалиначка","AddressLine2":"Славија","StateOrProvince":"Централна Србија","CountryID":199,"Latitude":44.67568146522939,"Longitude":20.945509212814613,"DistanceUnit":0},"OperatorID":136,"DataProviderID":1,"UsageTypeID":4,"StatusTypeID":50,"Connections":[{"ID":439037,"ConnectionTypeID":33,"StatusTypeID":50,"LevelID":3,"PowerKW":22,"CurrentTypeID":30,"Quantity":1}]},{"ID":260785,"UUID":"7D0A9AF9-9FDD-4683-9AD4-34E1877F7740","NumberOfPoints":2,"AddressInfo":{"ID":261169,"Title":"charge&go Stop Shop Borča","AddressLine1":"Братства и јединства","Town":"Борча","StateOrProvince":"Централна Србија","Postcode":"11000","CountryID":199,"Latitude":44.888077533909694,"Longitude":20.458737136713694,"DistanceUnit":0},"OperatorID":136,"DataProviderID":1,"UsageTypeID":4,"StatusTypeID":50,"Connections":[{"ID":439035,"ConnectionTypeID":33,"StatusTypeID":50,"LevelID":3,"PowerKW":75,"CurrentTypeID":30,"Quantity":1},{"ID":439036,"ConnectionTypeID":2,"StatusTypeID":50,"LevelID":3,"PowerKW":63,"CurrentTypeID":30,"Quantity":1}]},{"ID":260784,"UUID":"01C58C37-284A-4B3F-8DCA-8BCDDDBB98F7","NumberOfPoints":2,"AddressInfo":{"ID":261168,"Title":"Charge&GO Airport City Beograd","AddressLine2":"Београд (Нови Београд)","StateOrProvince":"Централна Србија","Postcode":"11000","CountryID":199,"Latitude":44.812399905453816,"Longitude":20.396783086292203,"DistanceUnit":0},"OperatorID":136,"DataProviderID":1,"UsageTypeID":4,"StatusTypeID":50,"Connections":[{"ID":439034,"ConnectionTypeID":33,"StatusTypeID":50,"LevelID":3,"PowerKW":30,"CurrentTypeID":30,"Quantity":2}]},{"ID":260782,"UUID":"35103110-0F81-42F1-91E9-B0DE36B47F8D","NumberOfPoints":8,"AddressInfo":{"ID":261166,"Title":"Ledi MS Nova Pazova","AddressLine1":"A1","StateOrProvince":"Војводина","Postcode":"22330","CountryID":199,"Latitude":44.969349007617154,"Longitude":20.23301333453651,"DistanceUnit":0},"OperatorID":1,"DataProviderID":1,"UsageTypeID":4,"StatusTypeID":50,"Connections":[{"ID":439027,"ConnectionTypeID":33,"StatusTypeID":50,"LevelID":3,"PowerKW":350,"CurrentTypeID":30,"Quantity":2},{"ID":439028,"ConnectionTypeID":33,"StatusTypeID":50,"LevelID":3,"PowerKW":175,"CurrentTypeID":30,"Quantity":1},{"ID":439029,"ConnectionTypeID":2,"StatusTypeID":50,"LevelID":3,"PowerKW":50,"CurrentTypeID":30,"Quantity":6},{"ID":439030,"ConnectionTypeID":33,"StatusTypeID":50,"LevelID":3,"PowerKW":50,"CurrentTypeID":30,"Quantity":3},{"ID":439031,"ConnectionTypeID":25,"StatusTypeID":50,"LevelID":2,"PowerKW":22,"CurrentTypeID":20,"Quantity":3}]},{"ID":260781,"UUID":"18B09AAB-405C-4CAB-BBFE-2E563C86714F","NumberOfPoints":2,"AddressInfo":{"ID":261165,"Title":"Charge&GO Gazprom Stari Banovci","AddressLine1":"A1","StateOrProvince":"Војводина","Postcode":"22330","CountryID":199,"Latitude":44.97140029677786,"Longitude":20.233369409867805,"DistanceUnit":0},"OperatorID":136,"DataProviderID":1,"UsageTypeID":4,"StatusTypeID":50,"Connections":[{"ID":439024,"ConnectionTypeID":33,"StatusTypeID":50,"LevelID":3,"PowerKW":50,"CurrentTypeID":30,"Quantity":1},{"ID":439025,"ConnectionTypeID":2,"StatusTypeID":50,"LevelID":3,"PowerKW":50,"CurrentTypeID":30,"Quantity":1},{"ID":439026,"ConnectionTypeID":1036,"StatusTypeID":50,"LevelID":2,"PowerKW":22,"CurrentTypeID":20,"Quantity":1}]},{"ID":260780,"UUID":"E47E2F53-3E1A-4E37-872E-C5B509AF1194","NumberOfPoints":2,"AddressInfo":{"ID":261164,"Title":"Charge&GO Gazprom Novi Sad 16","AddressLine1":"A1","AddressLine2":"МЗ Каћ","StateOrProvince":"Војводина","Postcode":"21241","CountryID":199,"Latitude":45.276008383682324,"Longitude":19.921528233484423,"DistanceUnit":0},"OperatorID":136,"DataProviderID":1,"UsageTypeID":4,"StatusTypeID":50,"Connections":[{"ID":439022,"ConnectionTypeID":33,"StatusTypeID":50,"LevelID":3,"PowerKW":50,"CurrentTypeID":30,"Quantity":2},{"ID":439023,"ConnectionTypeID":1036,"StatusTypeID":50,"LevelID":2,"PowerKW":22,"CurrentTypeID":20,"Quantity":1}]},{"ID":260779,"UUID":"7F91FEAD-1E23-4978-B81B-97AEE4B77403","NumberOfPoints":2,"AddressInfo":{"ID":261163,"Title":"Charge&GO OMV Bačka Topola","AddressLine1":"A1","StateOrProvince":"Војводина","Postcode":"24301","CountryID":199,"Latitude":45.792662744804005,"Longitude":19.69317257263799,"DistanceUnit":0},"OperatorID":136,"DataProviderID":1,"UsageTypeID":4,"StatusTypeID":50,"Connections":[{"ID":439021,"ConnectionTypeID":0,"StatusTypeID":50,"LevelID":3,"PowerKW":180,"CurrentTypeID":30,"Quantity":2}]},{"ID":260778,"UUID":"7A11D8B6-E1F5-4DE4-8CD9-6DE466D1CF90","NumberOfPoints":1,"AddressInfo":{"ID":261162,"Title":"Naplatna Stanica Subotica","AddressLine1":"A1","Town":"Биково","StateOrProvince":"Војводина","Postcode":"24206","CountryID":199,"Latitude":46.020781167143355,"Longitude":19.73342591326275,"DistanceUnit":0},"OperatorID":3585,"DataProviderID":1,"UsageTypeID":4,"StatusTypeID":50,"Connections":[{"ID":439018,"ConnectionTypeID":33,"StatusTypeID":50,"LevelID":3,"PowerKW":50,"CurrentTypeID":30,"Quantity":1},{"ID":439019,"ConnectionTypeID":2,"StatusTypeID":50,"LevelID":3,"PowerKW":50,"CurrentTypeID":30,"Quantity":1},{"ID":439020,"ConnectionTypeID":1036,"StatusTypeID":50,"LevelID":3,"PowerKW":44,"CurrentTypeID":20,"Quantity":1}]},{"ID":260771,"UUID":"2E0A3771-9FA7-4C49-9028-AB78A16872B9","NumberOfPoints":2,"AddressInfo":{"ID":261155,"Title":"Владике Николаја","AddressLine1":"Владике Николаја","AddressLine2":"Млаке","Town":"Сомбор","StateOrProvince":"Војводина","Postcode":"25000","CountryID":199,"Latitude":45.76400094978507,"Longitude":19.124844937520834,"DistanceUnit":0},"OperatorID":136,"DataProviderID":1,"UsageTypeID":1,"StatusTypeID":50,"Connections":[{"ID":439002,"ConnectionTypeID":33,"StatusTypeID":50,"LevelID":3,"PowerKW":120,"CurrentTypeID":30,"Quantity":2}]},{"ID":260290,"UUID":"9AC08311-8986-402F-AA35-0CABC330C02A","NumberOfPoints":2,"UsageCost":"free","AddressInfo":{"ID":260674,"Title":"Pirot EV","AddressLine1":"Vojvode Momčila","Town":"Pirot","Postcode":"18300","CountryID":199,"Latitude":43.15743398851052,"Longitude":22.58061112889675,"RelatedURL":"http://www.emobility.rs","DistanceUnit":0},"OperatorID":3261,"DataProviderID":1,"UsageTypeID":1,"StatusTypeID":50,"Connections":[{"ID":437794,"ConnectionTypeID":25,"StatusTypeID":50,"LevelID":2,"Amps":32,"Voltage":400,"PowerKW":22,"CurrentTypeID":20,"Quantity":2}],"MediaItems":[{"ID":37492,"ChargePointID":260290,"ItemURL":"https://media.openchargemap.io/images/RS/OCM260290/OCM-260290.orig.2023042514455694.jpg","ItemThumbnailURL":"https://media.openchargemap.io/images/RS/OCM260290/OCM-260290.thmb.2023042514455694.jpg","Comment":"","IsEnabled":true,"IsVideo":false,"IsFeaturedItem":false,"IsExternalResource":false,"User":{"ID":32268,"Username":"EMobilityDoo"},"DateCreated":"2023-04-25T14:46:00Z"}]},{"ID":213274,"UUID":"99C19737-4D6A-402F-BACD-1E269843EF84","NumberOfPoints":1,"AddressInfo":{"ID":213654,"Title":"Партизанска","AddressLine1":"Партизанска","AddressLine2":"МЗ Раднички","Town":"Novi Sad","StateOrProvince":"Војводина","Postcode":"21000","CountryID":199,"Latitude":45.26901192510172,"Longitude":19.824717725266282,"DistanceUnit":0},"OperatorID":3585,"DataProviderID":1,"UsageTypeID":4,"StatusTypeID":50,"Connections":[{"ID":355252,"ConnectionTypeID":33,"StatusTypeID":50,"LevelID":3,"Amps":200,"Voltage":400,"PowerKW":75,"CurrentTypeID":30,"Quantity":1},{"ID":355253,"ConnectionTypeID":2,"StatusTypeID":50,"LevelID":3,"Amps":125,"Voltage":400,"PowerKW":50,"CurrentTypeID":30,"Quantity":1},{"ID":355254,"ConnectionTypeID":25,"StatusTypeID":50,"LevelID":2,"Amps":32,"Voltage":400,"PowerKW":22,"CurrentTypeID":20,"Quantity":1}]},{"ID":210550,"UUID":"0508D0D3-0B53-46BE-946C-26E0447B45EE","NumberOfPoints":1,"AddressInfo":{"ID":210930,"Title":"OMV Beška","AddressLine1":"Партизанска","AddressLine2":"МЗ Раднички","Town":"Novi Sad","StateOrProvince":"Војводина","Postcode":"21000","CountryID":199,"Latitude":45.1489561631295,"Longitude":20.08280432852075,"RelatedURL":"https://oriontelekom.rs/emobility/","DistanceUnit":0},"OperatorID":3585,"DataProviderID":1,"UsageTypeID":4,"StatusTypeID":50,"Connections":[{"ID":350717,"ConnectionTypeID":33,"Reference":"1127","StatusTypeID":50,"LevelID":3,"Amps":200,"Voltage":400,"PowerKW":75,"CurrentTypeID":30,"Quantity":1},{"ID":350718,"ConnectionTypeID":2,"Reference":"1128","StatusTypeID":50,"LevelID":3,"Amps":125,"Voltage":400,"PowerKW":50,"CurrentTypeID":30,"Quantity":1},{"ID":350719,"ConnectionTypeID":25,"Reference":"1129","StatusTypeID":50,"LevelID":2,"Amps":32,"Voltage":400,"PowerKW":22,"CurrentTypeID":20,"Quantity":1}]},{"ID":202430,"UUID":"9129C324-32D5-4259-9D2E-7849830A5AFE","NumberOfPoints":1,"UsageCost":"Free","AddressInfo":{"ID":202797,"Title":"Туристичка Организација Златибор","AddressLine1":"Туристичка Организација Златибор","Town":"Cajetina Municipality","StateOrProvince":"Central Serbia","Postcode":"31315","CountryID":199,"Latitude":43.72837334771174,"Longitude":19.704422063044603,"DistanceUnit":0},"OperatorID":1,"DataProviderID":1,"UsageTypeID":1,"StatusTypeID":50,"Connections":[{"ID":338550,"ConnectionTypeID":1036,"StatusTypeID":50,"LevelID":2,"PowerKW":22,"CurrentTypeID":20,"Quantity":1}]},{"ID":193121,"UUID":"125C9754-9CDC-4A0A-A1CF-5A250A646062","NumberOfPoints":1,"AddressInfo":{"ID":193480,"Title":"charge&GO 032 - ОМV Lapovo sever","AddressLine1":"ОМВ","Town":"Lapovo Municipality","StateOrProvince":"Central Serbia","Postcode":"11325","CountryID":199,"Latitude":44.20540429563897,"Longitude":21.10801473998572,"DistanceUnit":0},"OperatorID":136,"DataProviderID":1,"UsageTypeID":4,"StatusTypeID":50,"Connections":[{"ID":314030,"ConnectionTypeID":33,"StatusTypeID":50,"LevelID":3,"PowerKW":100,"CurrentTypeID":30,"Quantity":2}]},{"ID":190761,"UUID":"11D62F70-D8C8-44C9-AD0A-2E15A907E33A","NumberOfPoints":1,"UsageCost":"Free","AddressInfo":{"ID":191120,"Title":"42 Siriska","AddressLine1":"42 Siriska","Town":"Novi Sad","StateOrProvince":"Vojvodina","Postcode":"21000","CountryID":199,"Latitude":45.30068997057532,"Longitude":19.827989648701504,"DistanceUnit":0},"OperatorID":1,"DataProviderID":1,"UsageTypeID":1,"StatusTypeID":50,"Connections":[{"ID":309364,"ConnectionTypeID":1036,"StatusTypeID":50,"LevelID":2,"Amps":30,"PowerKW":22,"CurrentTypeID":20,"Quantity":1}]},{"ID":190760,"UUID":"9831CF31-3DBC-4A7A-86AD-BCD6F0A59C92","NumberOfPoints":1,"AddressInfo":{"ID":191119,"Title":"Pod lipom","AddressLine1":"Siriška 42","Town":"Novi Sad Municipality","StateOrProvince":"Vojvodina","Postcode":"21000","CountryID":199,"Latitude":45.298532225056476,"Longitude":19.82793440411504,"DistanceUnit":0},"OperatorID":1,"DataProviderID":1,"UsageTypeID":4,"StatusTypeID":50,"Connections":[{"ID":309363,"ConnectionTypeID":1036,"StatusTypeID":50,"LevelID":2,"PowerKW":22,"CurrentTypeID":20,"Quantity":1}]},{"ID":176249,"UUID":"14AF4235-2BA1-4EA6-B45A-40F75EB8A594","NumberOfPoints":1,"AddressInfo":{"ID":176608,"Title":"charge&GO 023 - 53167 - JP Putevi Srbije Trupale","AddressLine1":"A1","AddressLine2":"Autoput NIS-BG","Town":"Градска општина Црвени Крст","StateOrProvince":"Nisava Administrative District","Postcode":"18211","CountryID":199,"Latitude":43.39047156970622,"Longitude":21.801542540607784,"DistanceUnit":0},"OperatorID":136,"DataProviderID":1,"UsageTypeID":4,"StatusTypeID":50,"Connections":[{"ID":273911,"ConnectionTypeID":33,"Reference":"53165","StatusTypeID":50,"LevelID":3,"PowerKW":80,"CurrentTypeID":30,"Quantity":1},{"ID":273912,"ConnectionTypeID":2,"Reference":"53165","StatusTypeID":50,"LevelID":3,"PowerKW":80,"CurrentTypeID":30,"Quantity":1}]},{"ID":176246,"UUID":"240CA802-191F-4DE3-B8E9-67BD0497151A","NumberOfPoints":1,"AddressInfo":{"ID":176605,"Title":"Autoput NIS-BG","AddressLine1":"Градска општина Црвени Крст","Town":"Niš","Postcode":"18211","CountryID":199,"Latitude":43.390743,"Longitude":21.802055,"DistanceUnit":0},"OperatorID":136,"DataProviderID":1,"UsageTypeID":4,"StatusTypeID":50,"Connections":[{"ID":273905,"ConnectionTypeID":33,"Reference":"53167","StatusTypeID":50,"LevelID":3,"PowerKW":30,"CurrentTypeID":30,"Quantity":1},{"ID":273907,"ConnectionTypeID":2,"Reference":"53167","StatusTypeID":50,"LevelID":3,"PowerKW":30,"CurrentTypeID":30,"Quantity":1}]},{"ID":175829,"UUID":"1F407B19-644A-45A6-981B-512A45B2C3BA","NumberOfPoints":1,"AddressInfo":{"ID":176188,"Title":"Autokomerc","AddressLine1":"Oblakovska bb","Town":"Beograd","CountryID":199,"Latitude":44.794612933616435,"Longitude":20.459990899230093,"DistanceUnit":0},"OperatorID":1,"DataProviderID":1,"UsageTypeID":6,"StatusTypeID":50,"Connections":[{"ID":273057,"ConnectionTypeID":33,"StatusTypeID":50,"LevelID":3,"PowerKW":25,"CurrentTypeID":30,"Quantity":1}]},{"ID":175795,"UUID":"0BF42D04-8B03-40BA-B158-2A494168CF92","NumberOfPoints":1,"AddressInfo":{"ID":176154,"Title":"KOPAONIK HOTEL VICEROY","AddressLine1":"Brzeća bb","Postcode":"36350","CountryID":199,"Latitude":43.28474315174836,"Longitude":20.81052151342419,"DistanceUnit":0},"OperatorID":1,"DataProviderID":1,"UsageTypeID":6,"StatusTypeID":50,"Connections":[{"ID":273003,"ConnectionTypeID":25,"StatusTypeID":50,"LevelID":2,"PowerKW":22,"CurrentTypeID":20,"Quantity":1}]},{"ID":175794,"UUID":"89CF2603-802B-4357-AD82-B54F3FD9D86B","NumberOfPoints":1,"AddressInfo":{"ID":176153,"Title":"HOTEL VICEROY","AddressLine1":"brzeća 4B Kopaonik","Postcode":"36350","CountryID":199,"Latitude":43.28471874124634,"Longitude":20.810665197958087,"DistanceUnit":0},"OperatorID":1,"DataProviderID":1,"UsageTypeID":6,"StatusTypeID":50,"Connections":[{"ID":273002,"ConnectionTypeID":25,"StatusTypeID":50,"LevelID":2,"PowerKW":22,"CurrentTypeID":20,"Quantity":1}]},{"ID":175433,"UUID":"F5393E7D-074F-47B8-9970-761C96D93ACA","NumberOfPoints":1,"AddressInfo":{"ID":175792,"Title":"LAKE AUTO","AddressLine1":"Bulevar oslobodioca Čačka 96 a","Town":"Cacak","Postcode":"32000","CountryID":199,"Latitude":43.89166335683507,"Longitude":20.385715380104898,"DistanceUnit":0},"OperatorID":1,"DataProviderID":1,"UsageTypeID":6,"StatusTypeID":50,"Connections":[{"ID":272206,"ConnectionTypeID":33,"StatusTypeID":50,"LevelID":3,"PowerKW":25,"CurrentTypeID":30,"Quantity":1,"Comments":"Lake Auto DC 25kW CCS (Type 2)"}]},{"ID":156420,"UUID":"AF14DD3B-82B5-4601-9B53-A608FBCF7395","NumberOfPoints":1,"AddressInfo":{"ID":156774,"Title":"Autocentar SAVIN","AddressLine1":"Crnogorska 17","Town":"ZEMUN","Postcode":"11080","CountryID":199,"Latitude":44.843033245195755,"Longitude":20.39507784934301,"DistanceUnit":0},"OperatorID":1,"DataProviderID":1,"UsageTypeID":6,"StatusTypeID":50,"Connections":[{"ID":220091,"ConnectionTypeID":25,"StatusTypeID":0,"LevelID":2,"Amps":32,"Voltage":400,"PowerKW":22,"CurrentTypeID":20}],"MediaItems":[{"ID":22387,"ChargePointID":156420,"ItemURL":"https://media.openchargemap.io/images/RS/OCM156420/OCM-156420.orig.2020051916225620.jpg","ItemThumbnailURL":"https://media.openchargemap.io/images/RS/OCM156420/OCM-156420.thmb.2020051916225620.jpg","Comment":"","IsEnabled":true,"IsVideo":false,"IsFeaturedItem":false,"IsExternalResource":false,"User":{"ID":18305,"Username":"BP eCharge"},"DateCreated":"2020-05-19T16:23:00Z"},{"ID":22388,"ChargePointID":156420,"ItemURL":"https://media.openchargemap.io/images/RS/OCM156420/OCM-156420.orig.2020051916232360.jpg","ItemThumbnailURL":"https://media.openchargemap.io/images/RS/OCM156420/OCM-156420.thmb.2020051916232360.jpg","Comment":"","IsEnabled":true,"IsVideo":false,"IsFeaturedItem":false,"IsExternalResource":false,"User":{"ID":18305,"Username":"BP eCharge"},"DateCreated":"2020-05-19T16:23:00Z"}]},{"ID":156418,"UUID":"A8A96465-FE74-4280-A787-A60D42BE6502","NumberOfPoints":1,"AddressInfo":{"ID":156772,"Title":"Restaurant Ružo Rumena","AddressLine1":"Лоле Рибара 164","AddressLine2":"Zeleznik","Town":"Cukarica Urban Municipality","StateOrProvince":"City of Belgrade","Postcode":"11250","CountryID":199,"Latitude":44.72647090661991,"Longitude":20.369450428544724,"DistanceUnit":0},"OperatorID":1,"DataProviderID":1,"UsageTypeID":6,"StatusTypeID":50,"Connections":[{"ID":220089,"ConnectionTypeID":1036,"StatusTypeID":50,"LevelID":2,"Amps":16,"Voltage":400,"PowerKW":11,"CurrentTypeID":20,"Quantity":1}],"MediaItems":[{"ID":22392,"ChargePointID":156418,"ItemURL":"https://media.openchargemap.io/images/RS/OCM156418/OCM-156418.orig.2020051916472678.jpg","ItemThumbnailURL":"https://media.openchargemap.io/images/RS/OCM156418/OCM-156418.thmb.2020051916472678.jpg","Comment":"","IsEnabled":true,"IsVideo":false,"IsFeaturedItem":false,"IsExternalResource":false,"User":{"ID":18305,"Username":"BP eCharge"},"DateCreated":"2020-05-19T16:48:00Z"},{"ID":22391,"ChargePointID":156418,"ItemURL":"https://media.openchargemap.io/images/RS/OCM156418/OCM-156418.orig.2020051916470270.jpg","ItemThumbnailURL":"https://media.openchargemap.io/images/RS/OCM156418/OCM-156418.thmb.2020051916470270.jpg","Comment":"","IsEnabled":true,"IsVideo":false,"IsFeaturedItem":false,"IsExternalResource":false,"User":{"ID":18305,"Username":"BP eCharge"},"DateCreated":"2020-05-19T16:47:00Z"}]},{"ID":156416,"UUID":"7D4310A6-F737-467D-AC88-4F539EC6C57A","NumberOfPoints":1,"AddressInfo":{"ID":156770,"Title":"RUŽO RUMENA","AddressLine1":"164 Лоле Рибара","Town":"Belgrade","StateOrProvince":"Central Serbia","Postcode":"11000","CountryID":199,"Latitude":44.72659745981289,"Longitude":20.369458697239907,"DistanceUnit":0},"OperatorID":1,"DataProviderID":1,"UsageTypeID":6,"StatusTypeID":50,"Connections":[{"ID":220086,"ConnectionTypeID":1036,"StatusTypeID":50,"LevelID":2,"Amps":16,"Voltage":400,"PowerKW":11,"CurrentTypeID":20,"Quantity":1}],"MediaItems":[{"ID":22389,"ChargePointID":156416,"ItemURL":"https://media.openchargemap.io/images/RS/OCM156416/OCM-156416.orig.2020051916455949.jpg","ItemThumbnailURL":"https://media.openchargemap.io/images/RS/OCM156416/OCM-156416.thmb.2020051916455949.jpg","Comment":"","IsEnabled":true,"IsVideo":false,"IsFeaturedItem":false,"IsExternalResource":false,"User":{"ID":18305,"Username":"BP eCharge"},"DateCreated":"2020-05-19T16:46:00Z"},{"ID":22390,"ChargePointID":156416,"ItemURL":"https://media.openchargemap.io/images/RS/OCM156416/OCM-156416.orig.2020051916462636.jpg","ItemThumbnailURL":"https://media.openchargemap.io/images/RS/OCM156416/OCM-156416.thmb.2020051916462636.jpg","Comment":"","IsEnabled":true,"IsVideo":false,"IsFeaturedItem":false,"IsExternalResource":false,"User":{"ID":18305,"Username":"BP eCharge"},"DateCreated":"2020-05-19T16:46:00Z"}]},{"ID":150106,"UUID":"4F641EF8-9937-421A-BD94-1078973EB3FD","NumberOfPoints":6,"UsageCost":"0.00/kWh; other tariffs for older cars","AddressInfo":{"ID":150459,"Title":"Aleksinac Supercharger","AddressLine1":"Bosphorus hotel","Town":"Aleksinac Municipality","StateOrProvince":"Central Serbia","Postcode":"18220","CountryID":199,"Latitude":43.5280216609501,"Longitude":21.7093642363701,"AccessComments":"Hotel Bosphorus parking lot","RelatedURL":"http://www.teslamotors.com","DistanceUnit":0},"OperatorID":23,"DataProviderID":1,"UsageTypeID":4,"StatusTypeID":50,"Connections":[{"ID":208414,"ConnectionTypeID":27,"StatusTypeID":50,"LevelID":3,"Voltage":400,"PowerKW":125,"CurrentTypeID":30,"Quantity":6}]},{"ID":150105,"UUID":"C11BC6BC-7599-407A-A29D-C8477DBA95A5","NumberOfPoints":6,"UsageCost":"0.00/kWh; other tariffs for older cars","AddressInfo":{"ID":150458,"Title":"Belgrade Supercharger","AddressLine1":"Ikea Belgrade","Town":"Belgrade","StateOrProvince":"Central Serbia","Postcode":"11000","CountryID":199,"Latitude":44.7111764704237,"Longitude":20.5614140921627,"AccessComments":"Ikea parking lot","RelatedURL":"http://www.teslamotors.com","DistanceUnit":0},"OperatorID":23,"DataProviderID":1,"UsageTypeID":4,"StatusTypeID":50,"Connections":[{"ID":208413,"ConnectionTypeID":27,"StatusTypeID":50,"LevelID":3,"Voltage":400,"PowerKW":125,"CurrentTypeID":30,"Quantity":4}]},{"ID":135331,"UUID":"8E19267C-3C37-4A1D-815F-9E7F7EE7FB32","NumberOfPoints":1,"AddressInfo":{"ID":135677,"Title":"charge&go BS Gazprom Velika Plana","AddressLine1":"Velika Plana","Town":"Velika Plana Municipality","StateOrProvince":"Podunavlje Administrative District","CountryID":199,"Latitude":44.34484652081949,"Longitude":21.078571503597573,"AccessComments":"Gazprom Petrol station, motorway, west side, plug and charge","DistanceUnit":0},"OperatorID":1,"DataProviderID":1,"UsageTypeID":1,"StatusTypeID":50,"Connections":[{"ID":189601,"ConnectionTypeID":2,"StatusTypeID":50,"LevelID":3,"Amps":125,"Voltage":500,"PowerKW":50,"CurrentTypeID":30,"Quantity":1},{"ID":189602,"ConnectionTypeID":1036,"StatusTypeID":50,"LevelID":2,"Amps":63,"Voltage":400,"PowerKW":22,"CurrentTypeID":20,"Quantity":1},{"ID":189603,"ConnectionTypeID":33,"StatusTypeID":50,"LevelID":3,"Amps":125,"Voltage":500,"PowerKW":50,"CurrentTypeID":30,"Quantity":1}],"MediaItems":[{"ID":21435,"ChargePointID":135331,"ItemURL":"https://media.openchargemap.io/images/RS/OCM135331/OCM-135331.orig.2020030410593032.jpg","ItemThumbnailURL":"https://media.openchargemap.io/images/RS/OCM135331/OCM-135331.thmb.2020030410593032.jpg","Comment":"","IsEnabled":true,"IsVideo":false,"IsFeaturedItem":false,"IsExternalResource":false,"User":{"ID":22474,"Username":"DavorP"},"DateCreated":"2020-03-04T11:00:00Z"}]},{"ID":127691,"UUID":"9F167CF4-49F6-4A4C-8F79-5B27A6C77296","NumberOfPoints":1,"UsageCost":"Free","AddressInfo":{"ID":128037,"Title":"Roads of Serbia Charger","AddressLine1":"Just after the road toll station direction Belgrade","AddressLine2":"A1","Town":"Presevo","StateOrProvince":"Pcinja","Postcode":"17523","CountryID":199,"Latitude":42.30306516108922,"Longitude":21.70993665748415,"DistanceUnit":0},"OperatorID":3585,"DataProviderID":1,"UsageTypeID":1,"StatusTypeID":50,"Connections":[{"ID":178742,"ConnectionTypeID":2,"StatusTypeID":50,"LevelID":3,"PowerKW":40,"CurrentTypeID":30,"Quantity":1},{"ID":178743,"ConnectionTypeID":33,"StatusTypeID":50,"LevelID":3,"PowerKW":40,"CurrentTypeID":30,"Quantity":1}],"MediaItems":[{"ID":18591,"ChargePointID":127691,"ItemURL":"https://media.openchargemap.io/images/RS/OCM127691/OCM-127691.orig.2019060710303665.jpeg","ItemThumbnailURL":"https://media.openchargemap.io/images/RS/OCM127691/OCM-127691.thmb.2019060710303665.jpeg","Comment":"Looking backwards","IsEnabled":true,"IsVideo":false,"IsFeaturedItem":false,"IsExternalResource":false,"User":{"ID":19988,"Username":"pap"},"DateCreated":"2019-06-07T10:31:00Z"},{"ID":18590,"ChargePointID":127691,"ItemURL":"https://media.openchargemap.io/images/RS/OCM127691/OCM-127691.orig.2019060710271491.jpg","ItemThumbnailURL":"https://media.openchargemap.io/images/RS/OCM127691/OCM-127691.thmb.2019060710271491.jpg","Comment":"","IsEnabled":true,"IsVideo":false,"IsFeaturedItem":false,"IsExternalResource":false,"User":{"ID":19988,"Username":"pap"},"DateCreated":"2019-06-07T10:27:00Z"}]},{"ID":125973,"UUID":"CB3F4465-89C0-469E-8F3F-5BE26C4A84E1","NumberOfPoints":1,"AddressInfo":{"ID":126319,"Title":"Porsche Belgrad","AddressLine1":"Зрењанински пут","AddressLine2":"Krnjaca","Town":"Palilula Urban Municipality","StateOrProvince":"City of Belgrade","Postcode":"11210","CountryID":199,"Latitude":44.840639,"Longitude":20.489812,"DistanceUnit":0},"OperatorID":1,"DataProviderID":1,"UsageTypeID":0,"StatusTypeID":50,"Connections":[{"ID":176568,"ConnectionTypeID":2,"LevelID":3,"PowerKW":50,"CurrentTypeID":30,"Quantity":1},{"ID":176569,"ConnectionTypeID":33}]},{"ID":125797,"UUID":"872DDBE2-7D88-4D1C-8ED5-5CEC7FF6A325","NumberOfPoints":4,"UsageCost":"Parking price, cheaper for electric cars","AddressInfo":{"ID":126143,"Title":"Garage Obilićev venac","AddressLine1":" Obilićev venac 14-16 ","AddressLine2":"Dorcol","Town":"Stari Grad Urban Municipality","StateOrProvince":"City of Belgrade","Postcode":"11102","CountryID":199,"Latitude":44.8157106658083,"Longitude":20.457503157553,"ContactTelephone1":"+381 11 2630824","AccessComments":"Ask the guard in the booth nearby on floor 5 to remove blockage and plug you in, own cable needed.","RelatedURL":"https://parking-servis.co.rs/eng/garages-and-car-parks/garage-obilicev-venac/","DistanceUnit":0},"OperatorID":45,"DataProviderID":1,"UsageTypeID":1,"StatusTypeID":50,"Connections":[{"ID":176289,"ConnectionTypeID":25,"StatusTypeID":50,"LevelID":2,"Amps":32,"Voltage":400,"PowerKW":22,"CurrentTypeID":20,"Quantity":4}]},{"ID":117649,"UUID":"2F48AA0F-D205-4412-838E-C45EA54320AE","NumberOfPoints":1,"UsageCost":"0","AddressInfo":{"ID":117995,"Title":"Hotel Petrus","AddressLine1":"Nikole Pasica bb","Town":"Paracin","Postcode":"35250","CountryID":199,"Latitude":43.8631101346658,"Longitude":21.411452532533,"ContactTelephone1":"+38135572000","ContactTelephone2":"+381600572111","ContactEmail":"info@petrus.rs","RelatedURL":"http://www.petrus.rs","DistanceUnit":0},"OperatorID":1,"DataProviderID":1,"UsageTypeID":6,"StatusTypeID":50,"Connections":[{"ID":166434,"ConnectionTypeID":25,"StatusTypeID":50,"LevelID":2,"Amps":32,"Voltage":400,"PowerKW":22,"CurrentTypeID":20,"Quantity":1}],"MediaItems":[{"ID":17649,"ChargePointID":117649,"ItemURL":"https://media.openchargemap.io/images/RS/OCM117649/OCM-117649.orig.2019022413572759.png","ItemThumbnailURL":"https://media.openchargemap.io/images/RS/OCM117649/OCM-117649.thmb.2019022413572759.png","Comment":"","IsEnabled":true,"IsVideo":false,"IsFeaturedItem":false,"IsExternalResource":false,"User":{"ID":20018,"Username":"aradivojevic"},"DateCreated":"2019-02-24T13:58:00Z"}]},{"ID":112837,"UUID":"297EFD4E-8948-428B-8564-02A2CA7406FA","NumberOfPoints":1,"UsageCost":"Free go guest of hotel","AddressInfo":{"ID":113183,"Title":"Solaris Resort","AddressLine1":"Cerska 10","Town":"Vrnjacka Banja","Postcode":"36210","CountryID":199,"Latitude":43.6295945936694,"Longitude":20.896523717751506,"ContactTelephone1":"+38136426500","ContactTelephone2":"+38162667378","ContactEmail":"info@solarisresort.com","AccessComments":"Solaris Resort\r\nCerska 10, Vrnjacka Banja, Serbia ","RelatedURL":"https://www.solarisresort.com","DistanceUnit":0},"OperatorID":45,"DataProviderID":1,"UsageTypeID":6,"StatusTypeID":50,"Connections":[{"ID":158914,"ConnectionTypeID":25,"StatusTypeID":50,"LevelID":2,"CurrentTypeID":10}]},{"ID":107451,"UUID":"EA17136E-7D3D-43B9-92C2-FF3499EAC127","NumberOfPoints":3,"UsageCost":"Free for all, use any card for start","AddressInfo":{"ID":107797,"Title":"Roads of Serbia","AddressLine1":"Highway near toll gate E-80","Town":"Zeljusa","StateOrProvince":"Dimitrovgrad Municipality","Postcode":"18320","CountryID":199,"Latitude":43.0222825611622,"Longitude":22.7353191615813,"AccessComments":"Accesible directly on both direction","DistanceUnit":0},"OperatorID":45,"DataProviderID":1,"UsageTypeID":1,"StatusTypeID":50,"Connections":[{"ID":151598,"ConnectionTypeID":2,"StatusTypeID":50,"LevelID":3,"Amps":120,"Voltage":500,"PowerKW":43,"CurrentTypeID":30,"Quantity":1},{"ID":151599,"ConnectionTypeID":33,"StatusTypeID":50,"LevelID":3,"Amps":120,"Voltage":500,"PowerKW":43,"CurrentTypeID":30,"Quantity":1},{"ID":151600,"ConnectionTypeID":25,"StatusTypeID":50,"LevelID":2,"Amps":32,"Voltage":400,"PowerKW":22,"CurrentTypeID":20,"Quantity":1}],"UserComments":[{"ID":19938,"ChargePointID":107451,"CommentTypeID":50,"UserName":"Association for electromobility of the Czech Republic","Comment":"DC have issue with cooling/sensors - sometime falls only to 40A, restart of charging session will help... ","DateCreated":"2018-07-29T17:33:41.163Z","User":{"ID":13377,"Username":"Association for electromobility of the Czech Republic"},"CheckinStatusTypeID":10}]},{"ID":98070,"UUID":"7BA4594F-9F6D-46A6-834E-F62248B8E176","NumberOfPoints":1,"AddressInfo":{"ID":98416,"Title":"Hotel Crowne Plaza Belgrade","AddressLine1":"10 Vladimira Popovica","Town":"Belgrade","Postcode":"11070","CountryID":199,"Latitude":44.809413,"Longitude":20.434753,"ContactTelephone1":"+38 1112204004","DistanceUnit":0},"OperatorID":23,"DataProviderID":1,"UsageTypeID":4,"StatusTypeID":50,"Connections":[{"ID":138978,"ConnectionTypeID":30,"StatusTypeID":50,"LevelID":2,"Amps":32,"Voltage":400,"PowerKW":22,"CurrentTypeID":20,"Quantity":1}]},{"ID":97897,"UUID":"9D8DB04F-9937-4812-ABBB-ADF640143838","NumberOfPoints":1,"AddressInfo":{"ID":98243,"Title":"Hyatt Regency Belgrade","AddressLine1":"5 Milentija Popovica","Town":"Belgrade","Postcode":"11070","CountryID":199,"Latitude":44.812861,"Longitude":20.434342,"ContactTelephone1":"+381 11 301 1234","DistanceUnit":0},"OperatorID":23,"DataProviderID":1,"UsageTypeID":4,"StatusTypeID":50,"Connections":[{"ID":138805,"ConnectionTypeID":30,"StatusTypeID":50,"LevelID":2,"Amps":32,"Voltage":400,"PowerKW":22,"CurrentTypeID":20,"Quantity":1}]},{"ID":97615,"UUID":"D246801A-D28A-4F31-B79B-FFA0C70F6E1C","NumberOfPoints":1,"AddressInfo":{"ID":97961,"Title":"Hotel Tesla Smart Stay","AddressLine1":"42 Sumatovacka","Town":"Belgrade","Postcode":"11000","CountryID":199,"Latitude":44.795242,"Longitude":20.472455,"ContactTelephone1":"+381 63 412 669","DistanceUnit":0},"OperatorID":23,"DataProviderID":1,"UsageTypeID":4,"StatusTypeID":50,"Connections":[{"ID":138523,"ConnectionTypeID":30,"StatusTypeID":50,"LevelID":2,"Amps":32,"Voltage":400,"PowerKW":22,"CurrentTypeID":20,"Quantity":1}]},{"ID":94048,"UUID":"D76641AA-6041-4970-882C-92D786C88AC6","NumberOfPoints":1,"AddressInfo":{"ID":94394,"Title":"ADAŠEVCI Toll station - Šid","AddressLine1":"A3","Town":"Šid","StateOrProvince":"Syrmia District","CountryID":199,"Latitude":45.048383,"Longitude":19.1892832999999,"DistanceUnit":0},"OperatorID":1,"DataProviderID":1,"UsageTypeID":1,"StatusTypeID":30,"Connections":[{"ID":133104,"ConnectionTypeID":2,"StatusTypeID":100,"LevelID":3,"Amps":125,"Voltage":500,"PowerKW":50,"CurrentTypeID":30,"Quantity":1},{"ID":133105,"ConnectionTypeID":1036,"StatusTypeID":100,"LevelID":3,"Amps":63,"Voltage":400,"PowerKW":43,"CurrentTypeID":20,"Quantity":1},{"ID":133106,"ConnectionTypeID":33,"StatusTypeID":100,"LevelID":3,"Amps":125,"Voltage":500,"PowerKW":50,"CurrentTypeID":30,"Quantity":1}]},{"ID":84440,"UUID":"D685EDC2-EE78-405F-B665-111DEB554A51","NumberOfPoints":1,"UsageCost":"","AddressInfo":{"ID":84786,"Title":"Alex Galan","AddressLine1":"Baje Pivljanina 75-B","AddressLine2":"","Town":"Belgrade","StateOrProvince":"","Postcode":"11040","CountryID":199,"Latitude":44.7598132115426,"Longitude":20.4529032111168,"ContactTelephone1":"+ 381611396547","ContactTelephone2":"","ContactEmail":"galan@wiocor.com","AccessComments":"Please note that the entrance is from the Diane Budisavljevic street.","RelatedURL":"http://www.wioenergy.com","DistanceUnit":0},"OperatorID":44,"DataProviderID":1,"UsageTypeID":6,"StatusTypeID":50,"Connections":[{"ID":119894,"ConnectionTypeID":17,"StatusTypeID":50,"LevelID":2,"Amps":32,"Voltage":400,"PowerKW":22,"CurrentTypeID":20,"Quantity":1}]},{"ID":79019,"UUID":"8DD55190-9BC9-4F02-9505-4B12A8C98F47","NumberOfPoints":1,"UsageCost":"Free","AddressInfo":{"ID":79365,"Title":"Square Nine Hotel Belgrade","AddressLine1":"Studentski TRG 9","Town":"Beograd","Postcode":"11000","CountryID":199,"Latitude":44.819485,"Longitude":20.456304,"ContactTelephone1":"+38 111 333 3500","DistanceUnit":0},"OperatorID":23,"DataProviderID":1,"UsageTypeID":6,"StatusTypeID":50,"Connections":[{"ID":113638,"ConnectionTypeID":30,"StatusTypeID":50,"LevelID":2,"Amps":32,"Voltage":400,"PowerKW":22,"CurrentTypeID":20,"Quantity":1}]},{"ID":77175,"UUID":"B82A99FD-4365-4CDC-B517-9A298B86D89F","NumberOfPoints":2,"UsageCost":"free","AddressInfo":{"ID":77521,"Title":"Business Park","AddressLine1":"Industrijska zona bb, Backi Petrovac, Serbia","Town":"Backi Petrovac Municipality","StateOrProvince":"South Backa District","CountryID":199,"Latitude":45.3476655664114,"Longitude":19.5834289491177,"ContactEmail":"igor.tir@bpbp.rs","RelatedURL":"http://en.bpbp.rs/","DistanceUnit":0},"OperatorID":45,"DataProviderID":1,"UsageTypeID":1,"StatusTypeID":50,"Connections":[{"ID":110879,"ConnectionTypeID":17,"StatusTypeID":50,"LevelID":2,"Amps":16,"Voltage":400,"PowerKW":9}],"MediaItems":[{"ID":10557,"ChargePointID":77175,"ItemURL":"https://media.openchargemap.io/images/RS/OCM77175/OCM-77175.orig.2017030207243589.jpg","ItemThumbnailURL":"https://media.openchargemap.io/images/RS/OCM77175/OCM-77175.thmb.2017030207243589.jpg","Comment":"","IsEnabled":true,"IsVideo":false,"IsFeaturedItem":false,"IsExternalResource":false,"User":{"ID":12197,"Username":"Business park"},"DateCreated":"2017-03-02T07:25:00Z"},{"ID":10556,"ChargePointID":77175,"ItemURL":"https://media.openchargemap.io/images/RS/OCM77175/OCM-77175.orig.2017030207240513.jpg","ItemThumbnailURL":"https://media.openchargemap.io/images/RS/OCM77175/OCM-77175.thmb.2017030207240513.jpg","Comment":"","IsEnabled":true,"IsVideo":false,"IsFeaturedItem":false,"IsExternalResource":false,"User":{"ID":12197,"Username":"Business park"},"DateCreated":"2017-03-02T07:24:00Z"},{"ID":8958,"ChargePointID":77175,"ItemURL":"https://media.openchargemap.io/images/RS/OCM77175/OCM-77175.orig.2017010608211294.jpg","ItemThumbnailURL":"https://media.openchargemap.io/images/RS/OCM77175/OCM-77175.thmb.2017010608211294.jpg","Comment":"","IsEnabled":true,"IsVideo":false,"IsFeaturedItem":false,"IsExternalResource":false,"User":{"ID":12197,"Username":"Business park"},"DateCreated":"2017-01-06T08:21:00Z"}]},{"ID":75741,"UUID":"87A714F4-93A1-4221-AD42-F34FB047A585","NumberOfPoints":1,"AddressInfo":{"ID":76087,"Title":"CEEFOR","AddressLine1":"Bulevar oslobođenja 103","AddressLine2":"Vozdovac","Town":"Beograd","StateOrProvince":"Centralna Srbija","Postcode":"11000","CountryID":199,"Latitude":44.78188431958023,"Longitude":20.46765590446741,"ContactTelephone1":"+381117704566","ContactEmail":"info@mt-komex.co.rs","DistanceUnit":0},"OperatorID":44,"DataProviderID":1,"UsageTypeID":5,"StatusTypeID":50,"Connections":[{"ID":109228,"ConnectionTypeID":25,"StatusTypeID":50,"LevelID":2,"Amps":32,"Voltage":400,"PowerKW":22,"CurrentTypeID":20,"Quantity":1}],"UserComments":[{"ID":17317,"ChargePointID":75741,"CommentTypeID":10,"UserName":"Tamara","Comment":"","Rating":5,"DateCreated":"2017-05-23T12:24:00.65Z","User":{"ID":15533,"Username":"Tamara"},"CheckinStatusTypeID":10},{"ID":17309,"ChargePointID":75741,"CommentTypeID":10,"UserName":"ElectricChargers","DateCreated":"2017-05-20T20:59:56.447Z","User":{"ID":14045,"Username":"ElectricChargers"},"CheckinStatusTypeID":10},{"ID":17307,"ChargePointID":75741,"CommentTypeID":10,"UserName":"ElectricChargers","Comment":"ABB AC charger 22KW","Rating":5,"DateCreated":"2017-05-20T20:11:52.163Z","User":{"ID":14045,"Username":"ElectricChargers"},"CheckinStatusTypeID":10},{"ID":16233,"ChargePointID":75741,"CommentTypeID":10,"UserName":"ElectricChargers","DateCreated":"2017-04-21T16:06:00.083Z","User":{"ID":14045,"Username":"ElectricChargers"},"CheckinStatusTypeID":10}],"MediaItems":[{"ID":12253,"ChargePointID":75741,"ItemURL":"https://media.openchargemap.io/images/RS/OCM75741/OCM-75741.orig.2017052021002364.jpg","ItemThumbnailURL":"https://media.openchargemap.io/images/RS/OCM75741/OCM-75741.thmb.2017052021002364.jpg","Comment":"","IsEnabled":true,"IsVideo":false,"IsFeaturedItem":false,"IsExternalResource":false,"User":{"ID":14045,"Username":"ElectricChargers"},"DateCreated":"2017-05-20T21:01:00Z"},{"ID":12252,"ChargePointID":75741,"ItemURL":"https://media.openchargemap.io/images/RS/OCM75741/OCM-75741.orig.2017052020133467.jpg","ItemThumbnailURL":"https://media.openchargemap.io/images/RS/OCM75741/OCM-75741.thmb.2017052020133467.jpg","Comment":"","IsEnabled":true,"IsVideo":false,"IsFeaturedItem":false,"IsExternalResource":false,"User":{"ID":14045,"Username":"ElectricChargers"},"DateCreated":"2017-05-20T20:14:00Z"}]},{"ID":48798,"UUID":"5DEEBDD6-01F1-44B8-9A3C-7339D0FC3CB8","NumberOfPoints":8,"UsageCost":"Free","AddressInfo":{"ID":49144,"Title":"Merkator Centar Novi Sad","AddressLine1":"Bulevar Oslobodjenja 102","Town":"Novi Sad","StateOrProvince":"Vojvodina","Postcode":"21000","CountryID":199,"Latitude":45.242805193501,"Longitude":19.8407077789307,"AccessComments":"Underground Garage in Mercator Shopping Center has few Mennekes supplies. Can be used free of charge during opening times of Mall","DistanceUnit":0},"OperatorID":45,"DataProviderID":1,"UsageTypeID":7,"StatusTypeID":50,"Connections":[{"ID":60283,"ConnectionTypeID":25,"StatusTypeID":50,"LevelID":2}]},{"ID":31458,"UUID":"D0B9FD74-C602-434F-8709-59ED77D00118","NumberOfPoints":1,"UsageCost":"0.00 jaarabonnement","AddressInfo":{"ID":31804,"Title":"Serbien (Säule 1)","AddressLine1":"Serbien (Säule 1)","Town":"Belgrad","Postcode":"11000","CountryID":199,"Latitude":44.811207,"Longitude":20.431094,"RelatedURL":"http://www.essent.nl","DistanceUnit":0},"OperatorID":78,"DataProviderID":1,"StatusTypeID":50,"Connections":[{"ID":34969,"ConnectionTypeID":25,"LevelID":2,"PowerKW":11},{"ID":45881,"ConnectionTypeID":25,"LevelID":2,"PowerKW":11}]}]