[{"ID":300300,"UUID":"9C3AA8E9-BF1D-4D9B-881F-820AD8E4D555","NumberOfPoints":1,"UsageCost":"0.55 BYN/kWh","AddressInfo":{"ID":300687,"Title":"прспект Пераможцаў 102","AddressLine1":"Pobediteley 102","AddressLine2":"Радужны","Town":"Minsk","Postcode":"220062","CountryID":25,"Latitude":53.93837277353842,"Longitude":27.478256790707405,"DistanceUnit":0},"OperatorID":1,"DataProviderID":1,"UsageTypeID":5,"StatusTypeID":50,"Connections":[{"ID":558888,"ConnectionTypeID":33,"StatusTypeID":50,"LevelID":3,"PowerKW":90,"CurrentTypeID":30,"Quantity":1},{"ID":558889,"ConnectionTypeID":2,"StatusTypeID":50,"LevelID":3,"PowerKW":90,"CurrentTypeID":30,"Quantity":1},{"ID":558890,"ConnectionTypeID":1040,"StatusTypeID":50,"LevelID":3,"PowerKW":80,"CurrentTypeID":30,"Quantity":1},{"ID":558891,"ConnectionTypeID":25,"StatusTypeID":50,"LevelID":2,"PowerKW":22,"CurrentTypeID":20,"Quantity":1}]},{"ID":300299,"UUID":"87D8F7B7-61D7-4C95-867A-9139DAD35A40","NumberOfPoints":1,"AddressInfo":{"ID":300686,"Title":"проспект Победителей 115А","AddressLine1":"Pobediteley 115A","AddressLine2":"","Town":"Minsk","StateOrProvince":"MInskaya","Postcode":"220062","CountryID":25,"Latitude":53.935510718491685,"Longitude":27.477333943288897,"DistanceUnit":0},"OperatorID":1,"DataProviderID":1,"UsageTypeID":4,"StatusTypeID":50,"Connections":[{"ID":558887,"ConnectionTypeID":25,"StatusTypeID":50,"LevelID":2,"PowerKW":22,"CurrentTypeID":20,"Quantity":2,"Comments":"Need to call concierge to get inside "}]},{"ID":300074,"UUID":"70DBA118-50B1-4267-8F31-203ABA0488F8","NumberOfPoints":4,"UsageCost":"0,56","AddressInfo":{"ID":300461,"Title":"вуліца Шаранговіча","AddressLine1":"вуліца Шаранговіча","AddressLine2":"Сухарава","Postcode":"220022","CountryID":25,"Latitude":53.8847280309017,"Longitude":27.449657473114712,"DistanceUnit":0},"OperatorID":1,"DataProviderID":1,"UsageTypeID":4,"StatusTypeID":50,"Connections":[{"ID":556259,"ConnectionTypeID":33,"StatusTypeID":50,"LevelID":2,"PowerKW":60,"Quantity":1},{"ID":556260,"ConnectionTypeID":33,"StatusTypeID":50,"LevelID":2,"PowerKW":60,"Quantity":1},{"ID":556261,"ConnectionTypeID":33,"StatusTypeID":50,"LevelID":2,"PowerKW":60,"Quantity":1}]},{"ID":299581,"UUID":"7E51DB0C-770D-4BDA-B708-C16FA85EB5F8","NumberOfPoints":1,"UsageCost":"0.56","AddressInfo":{"ID":299968,"Title":"Мalanka 391 km","AddressLine1":"М1 391 km","StateOrProvince":"Мінская вобласць","Postcode":"222223","CountryID":25,"Latitude":53.963493472476074,"Longitude":28.02388986431197,"DistanceUnit":0},"OperatorID":3592,"DataProviderID":1,"UsageTypeID":4,"StatusTypeID":50,"Connections":[{"ID":552203,"ConnectionTypeID":33,"StatusTypeID":50,"LevelID":3,"PowerKW":120,"CurrentTypeID":30,"Quantity":1},{"ID":552204,"ConnectionTypeID":2,"StatusTypeID":50,"LevelID":3,"PowerKW":60,"CurrentTypeID":30,"Quantity":1}]},{"ID":299580,"UUID":"9711A1BD-E152-4AF4-A45D-3426F95BDA7C","NumberOfPoints":1,"UsageCost":"0.56","AddressInfo":{"ID":299967,"Title":"Malanka 494 km","AddressLine1":"M-1 494 km","StateOrProvince":"Мінская вобласць","Postcode":"222018","CountryID":25,"Latitude":54.37445981967812,"Longitude":29.315401042594942,"DistanceUnit":0},"OperatorID":3592,"DataProviderID":1,"UsageTypeID":4,"StatusTypeID":50,"Connections":[{"ID":552201,"ConnectionTypeID":33,"StatusTypeID":50,"LevelID":3,"PowerKW":50,"CurrentTypeID":30,"Quantity":1},{"ID":552202,"ConnectionTypeID":2,"StatusTypeID":50,"LevelID":3,"PowerKW":50,"CurrentTypeID":30,"Quantity":1}]},{"ID":299579,"UUID":"881CF8D4-8ED6-4219-8D35-5FD79A009E31","NumberOfPoints":1,"UsageCost":"0.56","AddressInfo":{"ID":299966,"Title":"Мalanka 550km","AddressLine1":"М1 550 km","StateOrProvince":"Віцебская вобласць","CountryID":25,"Latitude":54.51726047603003,"Longitude":30.145628454256354,"DistanceUnit":0},"OperatorID":3592,"DataProviderID":1,"UsageTypeID":4,"StatusTypeID":50,"Connections":[{"ID":552199,"ConnectionTypeID":33,"StatusTypeID":50,"LevelID":3,"PowerKW":120,"CurrentTypeID":30,"Quantity":1},{"ID":552200,"ConnectionTypeID":2,"StatusTypeID":50,"LevelID":3,"PowerKW":60,"CurrentTypeID":30,"Quantity":1}]},{"ID":299578,"UUID":"7939B17C-FF00-44BB-8058-BFC561B7D67C","NumberOfPoints":1,"UsageCost":"0.56","AddressInfo":{"ID":299965,"Title":"Malanka 574 км","AddressLine1":"М1-574 км","StateOrProvince":"Віцебская вобласць","Postcode":"211044","CountryID":25,"Latitude":54.6248403721456,"Longitude":30.453443300272227,"DistanceUnit":0},"OperatorID":3592,"DataProviderID":1,"UsageTypeID":4,"StatusTypeID":50,"Connections":[{"ID":552197,"ConnectionTypeID":33,"StatusTypeID":50,"LevelID":3,"PowerKW":50,"CurrentTypeID":30,"Quantity":1},{"ID":552198,"ConnectionTypeID":2,"StatusTypeID":50,"LevelID":3,"PowerKW":50,"CurrentTypeID":30,"Quantity":1}]},{"ID":290553,"UUID":"F57250B2-FD09-4311-8D3C-4B59C2B4B925","NumberOfPoints":3,"UsageCost":"0.56 byn/kWh","AddressInfo":{"ID":290940,"Title":"Palazzo Parking","AddressLine1":"улица Тимирязева 74А","AddressLine2":"Веснянка","Town":"Минск","Postcode":"220079","CountryID":25,"Latitude":53.926667400679264,"Longitude":27.511104732620993,"ContactTelephone1":"+375298888887","RelatedURL":"https://batteryfly.app","DistanceUnit":0},"OperatorID":1,"DataProviderID":1,"UsageTypeID":1,"StatusTypeID":50,"Connections":[{"ID":513265,"ConnectionTypeID":1040,"Reference":"https://batteryfly.app/station/65","StatusTypeID":50,"LevelID":3,"Amps":250,"Voltage":1000,"PowerKW":150,"CurrentTypeID":30,"Quantity":3},{"ID":513266,"ConnectionTypeID":33,"Reference":"https://batteryfly.app/station/65","StatusTypeID":50,"LevelID":2,"Amps":250,"Voltage":1000,"PowerKW":150,"Quantity":3}]},{"ID":257075,"UUID":"78797854-7B6B-4120-B673-B4ECA07BC0FD","NumberOfPoints":1,"UsageCost":"0.49 BYN/kWh","AddressInfo":{"ID":257459,"Title":"АЗС №20 (TZone)","AddressLine1":"Усходні абыход","AddressLine2":"Мельнікаў Луг","StateOrProvince":"Гомельская вобласць","Postcode":"246006","CountryID":25,"Latitude":52.44361406782462,"Longitude":31.023458039680975,"ContactTelephone1":"+375296431431","RelatedURL":"https://customer.malankabn.by/map","DistanceUnit":0},"OperatorID":3642,"DataProviderID":1,"UsageTypeID":5,"StatusTypeID":50,"Connections":[{"ID":428619,"ConnectionTypeID":33,"StatusTypeID":50,"LevelID":3,"PowerKW":50,"CurrentTypeID":30,"Quantity":1},{"ID":428620,"ConnectionTypeID":2,"StatusTypeID":50,"LevelID":3,"PowerKW":50,"CurrentTypeID":30,"Quantity":1}]},{"ID":257074,"UUID":"1C7A800D-A135-4A56-BD08-0BAAEBA24AC6","NumberOfPoints":4,"UsageCost":"0.4 BYN/kWh","AddressInfo":{"ID":257458,"Title":"Пр-т Дзержинского, 104 (TZone)","AddressLine1":"праспект Дзяржынскага, 104","AddressLine2":"Паўднёвы Захад","Postcode":"721921","CountryID":25,"Latitude":53.86009698632602,"Longitude":27.478013325643744,"ContactTelephone1":"+375296431431","RelatedURL":"https://customer.malankabn.by/map","DistanceUnit":0},"OperatorID":3642,"DataProviderID":1,"UsageTypeID":5,"StatusTypeID":50,"Connections":[{"ID":428618,"ConnectionTypeID":25,"StatusTypeID":50,"LevelID":2,"Amps":16,"Voltage":400,"PowerKW":11,"CurrentTypeID":20,"Quantity":1}]},{"ID":257042,"UUID":"911CFF84-F6FA-4BEF-B6C9-B3057F41BD6F","NumberOfPoints":2,"UsageCost":"0,49 BYN/kWh","AddressInfo":{"ID":257426,"Title":"Ул. Академика Куприевича, 3 (TZone)","AddressLine1":"Академика Куприевича, 3","Town":"Минск","CountryID":25,"Latitude":53.92711255204876,"Longitude":27.683479633981474,"ContactTelephone1":"+375296431431","RelatedURL":"https://customer.malankabn.by/map","DistanceUnit":0},"OperatorID":1,"DataProviderID":1,"UsageTypeID":5,"StatusTypeID":50,"Connections":[{"ID":428576,"ConnectionTypeID":33,"StatusTypeID":50,"LevelID":3,"PowerKW":50,"CurrentTypeID":30,"Quantity":1},{"ID":428577,"ConnectionTypeID":2,"StatusTypeID":50,"LevelID":3,"PowerKW":50,"CurrentTypeID":30,"Quantity":1}]},{"ID":257039,"UUID":"B7B19B90-6F7E-458D-93DB-778D719AABCB","NumberOfPoints":2,"UsageCost":"0.49 BYN/kWh","AddressInfo":{"ID":257423,"Title":"Ул. Тимирязева, 123/2 (TZone)","AddressLine1":"вуліца Ціміразева, 123/2","AddressLine2":"Ржавец","Postcode":"220062","CountryID":25,"Latitude":53.93267129521828,"Longitude":27.458229671704082,"ContactTelephone1":"+375296431431","RelatedURL":"https://customer.malankabn.by/map","DistanceUnit":0},"OperatorID":1,"DataProviderID":1,"UsageTypeID":5,"StatusTypeID":50,"Connections":[{"ID":428568,"ConnectionTypeID":33,"StatusTypeID":50,"LevelID":3,"PowerKW":50,"CurrentTypeID":30,"Quantity":1},{"ID":428569,"ConnectionTypeID":2,"StatusTypeID":50,"LevelID":3,"PowerKW":50,"CurrentTypeID":30,"Quantity":1}]},{"ID":257037,"UUID":"8CC66AAE-60D2-4283-AA8E-7F3224380A3E","NumberOfPoints":2,"UsageCost":"0.49 BYN/kWh","AddressInfo":{"ID":257421,"Title":"АЗС №3 (TZone/Vityaz)","AddressLine1":"М1","StateOrProvince":"Мінская вобласць","CountryID":25,"Latitude":54.27031123577497,"Longitude":28.690108643104622,"ContactTelephone1":"+375296431431","RelatedURL":"https://customer.malankabn.by/map","DistanceUnit":0},"OperatorID":1,"DataProviderID":1,"UsageTypeID":5,"StatusTypeID":50,"Connections":[{"ID":428562,"ConnectionTypeID":33,"StatusTypeID":50,"LevelID":3,"PowerKW":120,"CurrentTypeID":30,"Quantity":1},{"ID":428563,"ConnectionTypeID":2,"StatusTypeID":50,"LevelID":3,"PowerKW":60,"CurrentTypeID":30,"Quantity":1}]},{"ID":256956,"UUID":"C763A1BF-EC10-4070-9F12-7485D103E662","NumberOfPoints":1,"UsageCost":"0.49 BYN/kWh","AddressInfo":{"ID":257340,"Title":"Ул. Каменногорская, 3/1 (TZone)","AddressLine1":"Каменнагорская вуліца, 3/1","AddressLine2":"Красны Бор","Postcode":"223015","CountryID":25,"Latitude":53.91159402632181,"Longitude":27.414365972905596,"ContactTelephone1":"+375296431431","RelatedURL":"https://customer.malankabn.by/map","DistanceUnit":0},"OperatorID":1,"DataProviderID":1,"UsageTypeID":5,"StatusTypeID":50,"Connections":[{"ID":428330,"ConnectionTypeID":33,"StatusTypeID":50,"LevelID":3,"PowerKW":50,"CurrentTypeID":30,"Quantity":1},{"ID":428331,"ConnectionTypeID":2,"StatusTypeID":50,"LevelID":3,"PowerKW":50,"CurrentTypeID":30,"Quantity":1},{"ID":428332,"ConnectionTypeID":1036,"StatusTypeID":50,"LevelID":3,"Amps":63,"Voltage":400,"PowerKW":43,"CurrentTypeID":20,"Quantity":1}]},{"ID":256950,"UUID":"F15572D5-BD65-4C14-8E3D-3C592FA6441B","NumberOfPoints":1,"UsageCost":"0.49 BYN/kWh","AddressInfo":{"ID":257334,"Title":"Ул. Сурганова, 2а (TZone)","AddressLine1":"Сурганова, 2А","Town":"Минск","Postcode":"220012","CountryID":25,"Latitude":53.918679235086316,"Longitude":27.603542106330362,"ContactTelephone1":"+375296431431","RelatedURL":"https://customer.malankabn.by/map","DistanceUnit":0},"OperatorID":1,"DataProviderID":1,"UsageTypeID":5,"StatusTypeID":50,"Connections":[{"ID":428313,"ConnectionTypeID":33,"StatusTypeID":50,"LevelID":3,"PowerKW":50,"CurrentTypeID":30,"Quantity":1},{"ID":428314,"ConnectionTypeID":2,"StatusTypeID":50,"LevelID":3,"PowerKW":50,"CurrentTypeID":30,"Quantity":1}]},{"ID":256896,"UUID":"82E62F88-1C1E-44CC-B3BE-578AC5654170","NumberOfPoints":6,"UsageCost":"0.49 BYN/kWh","AddressInfo":{"ID":257280,"Title":"Пр-т Независимости, 179 (TZone)","AddressLine1":"проспект Независимости, 179","AddressLine2":"","Town":"Минск","Postcode":"220125","CountryID":25,"Latitude":53.94595782478248,"Longitude":27.689155478158487,"ContactTelephone1":"+375296431431","RelatedURL":"https://customer.malankabn.by/map","DistanceUnit":0},"OperatorID":1,"DataProviderID":1,"UsageTypeID":5,"StatusTypeID":50,"Connections":[{"ID":428188,"ConnectionTypeID":33,"StatusTypeID":50,"LevelID":3,"PowerKW":50,"CurrentTypeID":30,"Quantity":1},{"ID":428189,"ConnectionTypeID":2,"StatusTypeID":50,"LevelID":3,"PowerKW":50,"CurrentTypeID":30,"Quantity":1}]},{"ID":256835,"UUID":"9FE9EC60-B7AF-4440-B1EC-7B5ED02967CA","NumberOfPoints":1,"UsageCost":"0.49 BYN/kWh","AddressInfo":{"ID":257219,"Title":"АЗС №46 (Vityaz)","AddressLine1":"М2","StateOrProvince":"Мінская вобласць","Postcode":"220054","CountryID":25,"Latitude":53.89846634855342,"Longitude":28.021905617816614,"ContactTelephone1":"+375296431431","RelatedURL":"https://customer.malankabn.by/map","DistanceUnit":0},"OperatorID":1,"DataProviderID":1,"UsageTypeID":5,"StatusTypeID":50,"Connections":[{"ID":428066,"ConnectionTypeID":33,"StatusTypeID":50,"LevelID":3,"PowerKW":50,"CurrentTypeID":30,"Quantity":1},{"ID":428067,"ConnectionTypeID":2,"StatusTypeID":50,"LevelID":3,"PowerKW":50,"CurrentTypeID":30,"Quantity":1},{"ID":428068,"ConnectionTypeID":1040,"StatusTypeID":50,"LevelID":3,"PowerKW":50,"CurrentTypeID":30,"Quantity":1}]},{"ID":256809,"UUID":"1BCAA76A-4446-4E15-8556-A6DF6F14968E","NumberOfPoints":1,"UsageCost":"0.49 BYN/kWh","AddressInfo":{"ID":257193,"Title":"АЗС №17 (TZone)","AddressLine1":"Советская, 179А","Town":"д. Ерёмино","CountryID":25,"Latitude":52.489811599460786,"Longitude":30.966229326712494,"ContactTelephone1":"+375296431431","RelatedURL":"https://customer.malankabn.by/map","DistanceUnit":0},"OperatorID":1,"DataProviderID":1,"UsageTypeID":5,"StatusTypeID":50,"Connections":[{"ID":428008,"ConnectionTypeID":33,"StatusTypeID":50,"LevelID":3,"PowerKW":50,"CurrentTypeID":30,"Quantity":2},{"ID":428009,"ConnectionTypeID":2,"StatusTypeID":50,"LevelID":3,"PowerKW":60,"CurrentTypeID":30,"Quantity":1}]},{"ID":256769,"UUID":"BB109715-DE4D-427F-9A44-DEEF23AC424D","NumberOfPoints":1,"UsageCost":"0.49 BYN/kWh","AddressInfo":{"ID":257153,"Title":"ул. Матусевича, 35г (TZone)","AddressLine1":"ул. Матусевича, 35г","Town":"Минск","CountryID":25,"Latitude":53.91637130289331,"Longitude":27.458121096198774,"ContactTelephone1":"+375296431431","RelatedURL":"https://customer.malankabn.by/map","DistanceUnit":0},"OperatorID":1,"DataProviderID":1,"UsageTypeID":5,"StatusTypeID":50,"Connections":[{"ID":427895,"ConnectionTypeID":33,"StatusTypeID":50,"LevelID":3,"PowerKW":50,"CurrentTypeID":30,"Quantity":1},{"ID":427896,"ConnectionTypeID":2,"StatusTypeID":50,"LevelID":3,"PowerKW":50,"CurrentTypeID":30,"Quantity":1}]},{"ID":237901,"UUID":"F83AFD1D-0C68-407B-87BA-C3937C6324CA","NumberOfPoints":1,"AddressInfo":{"ID":238285,"Title":"120kWh | БЕЛОРУСНЕФТЬ | M1, 514-й км, 1","AddressLine1":"Муравничи, M1, 514-й км, 1","Town":"Толочинский район","StateOrProvince":"Віцебская вобласць","Postcode":"211062","CountryID":25,"Latitude":54.43686000898367,"Longitude":29.604831502539128,"RelatedURL":"https://malankabn.by","DistanceUnit":0},"OperatorID":3268,"DataProviderID":1,"UsageTypeID":4,"StatusTypeID":50,"Connections":[{"ID":391303,"ConnectionTypeID":33,"StatusTypeID":50,"LevelID":2,"PowerKW":120,"Quantity":1},{"ID":391304,"ConnectionTypeID":2,"StatusTypeID":50,"LevelID":2,"PowerKW":60,"Quantity":1}]},{"ID":237893,"UUID":"6374AAC0-0A00-4E28-AEA1-5DBA8A00E3BE","NumberOfPoints":1,"AddressInfo":{"ID":238277,"Title":"120kWh | БЕЛОРУСНЕФТЬ | М1, 514-й км, 2","AddressLine1":"Муравничи, М1, 514-й км, 2","Town":"Толочинский район","StateOrProvince":"Віцебская вобласць","CountryID":25,"Latitude":54.434649946438526,"Longitude":29.604515737164434,"RelatedURL":"https://malankabn.by/","DistanceUnit":0},"OperatorID":3268,"DataProviderID":1,"UsageTypeID":4,"StatusTypeID":50,"Connections":[{"ID":391289,"ConnectionTypeID":33,"StatusTypeID":50,"LevelID":3,"PowerKW":120,"CurrentTypeID":30,"Quantity":1},{"ID":391290,"ConnectionTypeID":2,"StatusTypeID":50,"LevelID":3,"PowerKW":60,"CurrentTypeID":30,"Quantity":1}]},{"ID":237892,"UUID":"14EBC3FE-5083-497F-B2A4-3A39D14C1A67","NumberOfPoints":2,"AddressInfo":{"ID":238276,"Title":"50kWh | БЕЛОРУСНЕФТЬ | ул. Володько, 3","AddressLine1":"ул. Володько, 3","Town":"Minsk","Postcode":"220006","CountryID":25,"Latitude":53.88401123576401,"Longitude":27.56288065714989,"RelatedURL":"https://malankabn.by/","DistanceUnit":0},"OperatorID":3268,"DataProviderID":1,"UsageTypeID":4,"StatusTypeID":50,"Connections":[{"ID":391287,"ConnectionTypeID":33,"StatusTypeID":50,"LevelID":2,"PowerKW":50,"Quantity":2},{"ID":391288,"ConnectionTypeID":2,"StatusTypeID":50,"LevelID":2,"PowerKW":50,"Quantity":2}]},{"ID":237891,"UUID":"B746AA1E-14DD-444F-A6D0-0861E4E30FB4","NumberOfPoints":7,"UsageCost":"0.49 BYN/kWh","AddressInfo":{"ID":238275,"Title":"ул. Наполеона Орды, 6 (BKM Holding)","AddressLine1":"ул. Наполеона Орды, 6","AddressLine2":"","Town":"Minsk","Postcode":"220045","CountryID":25,"Latitude":53.84310851478935,"Longitude":27.474706717910067,"ContactTelephone1":"+375296431431","RelatedURL":"https://customer.malankabn.by/map","DistanceUnit":0},"OperatorID":3268,"DataProviderID":1,"UsageTypeID":5,"StatusTypeID":50,"Connections":[{"ID":391285,"ConnectionTypeID":33,"StatusTypeID":50,"LevelID":3,"PowerKW":100,"CurrentTypeID":30,"Quantity":1},{"ID":391286,"ConnectionTypeID":2,"StatusTypeID":50,"LevelID":3,"PowerKW":60,"CurrentTypeID":30,"Quantity":1}]},{"ID":237890,"UUID":"08B9A50F-0797-4789-9EC6-2FE56BF06D60","NumberOfPoints":6,"AddressInfo":{"ID":238274,"Title":"50kWh | БЕЛОРУСНЕФТЬ | ул. Жуковского, 3","AddressLine1":"ул. Жуковского, 3","Town":"Minsk","Postcode":"220007","CountryID":25,"Latitude":53.88444553917043,"Longitude":27.55184066494928,"RelatedURL":"https://malankabn.by/","DistanceUnit":0},"OperatorID":3268,"DataProviderID":1,"UsageTypeID":4,"StatusTypeID":50,"Connections":[{"ID":391283,"ConnectionTypeID":33,"StatusTypeID":50,"LevelID":3,"PowerKW":50,"CurrentTypeID":30,"Quantity":6},{"ID":391284,"ConnectionTypeID":2,"StatusTypeID":50,"LevelID":3,"PowerKW":50,"CurrentTypeID":30,"Quantity":5},{"ID":536138,"ConnectionTypeID":1040,"LevelID":2,"PowerKW":50,"Quantity":6}]},{"ID":209814,"UUID":"4B199A76-EBE3-4243-AFC1-58A382F494DA","NumberOfPoints":1,"UsageCost":"0,40Byn/kWh","AddressInfo":{"ID":210194,"Title":"ул. Ландышева 17","AddressLine1":"улица Ландышева","AddressLine2":"17-й микрорайон","StateOrProvince":"Гомельская область","Postcode":"246028","CountryID":25,"Latitude":52.445969771889,"Longitude":31.00289126262419,"DistanceUnit":0},"OperatorID":1,"DataProviderID":1,"UsageTypeID":1,"StatusTypeID":50,"Connections":[{"ID":349161,"ConnectionTypeID":1036,"StatusTypeID":50,"LevelID":2,"Amps":16,"Voltage":400,"PowerKW":11,"CurrentTypeID":20,"Quantity":2}]},{"ID":209813,"UUID":"20E015F3-E542-424F-A9FA-81BBFA8D71BC","NumberOfPoints":1,"AddressInfo":{"ID":210193,"Title":"АЗС №83","AddressLine1":"улица Зайцева","AddressLine2":"Новобелицкий район","StateOrProvince":"Гомельская область","Postcode":"247001","CountryID":25,"Latitude":52.36714114865896,"Longitude":31.002902343249843,"DistanceUnit":0},"OperatorID":1,"DataProviderID":1,"UsageTypeID":4,"StatusTypeID":50,"Connections":[{"ID":349159,"ConnectionTypeID":2,"StatusTypeID":50,"LevelID":3,"Amps":125,"Voltage":400,"PowerKW":50,"CurrentTypeID":30,"Quantity":1},{"ID":349160,"ConnectionTypeID":33,"StatusTypeID":50,"LevelID":3,"Amps":125,"Voltage":400,"PowerKW":50,"CurrentTypeID":30,"Quantity":1}]},{"ID":209812,"UUID":"59E66130-AC35-4DFD-B038-810E02D14FF9","NumberOfPoints":1,"AddressInfo":{"ID":210192,"Title":"Дубравная улица 10","AddressLine1":"Дубравная улица 10","AddressLine2":"Новобелицкий район","StateOrProvince":"Гомельская область","Postcode":"246016","CountryID":25,"Latitude":52.354637708741734,"Longitude":31.0458298033966,"DistanceUnit":0},"OperatorID":1,"DataProviderID":1,"UsageTypeID":4,"StatusTypeID":50,"Connections":[{"ID":349154,"ConnectionTypeID":2,"StatusTypeID":50,"LevelID":3,"Amps":125,"Voltage":400,"PowerKW":50,"CurrentTypeID":30,"Quantity":3},{"ID":349155,"ConnectionTypeID":33,"StatusTypeID":50,"LevelID":3,"Amps":125,"Voltage":400,"PowerKW":50,"CurrentTypeID":30,"Quantity":3}]},{"ID":209810,"UUID":"659E3A1C-9BB6-448C-8409-BA31764F08BA","NumberOfPoints":1,"AddressInfo":{"ID":210190,"Title":"Ильича 333","AddressLine1":"Ильича 333","AddressLine2":"Новобелицкий район","StateOrProvince":"Гомельская область","Postcode":"246013","CountryID":25,"Latitude":52.35759836792525,"Longitude":31.02803789356892,"DistanceUnit":0},"OperatorID":1,"DataProviderID":1,"UsageTypeID":4,"StatusTypeID":50,"Connections":[{"ID":349148,"ConnectionTypeID":2,"StatusTypeID":50,"LevelID":3,"Amps":125,"Voltage":400,"PowerKW":50,"CurrentTypeID":30,"Quantity":1},{"ID":349149,"ConnectionTypeID":33,"StatusTypeID":50,"LevelID":3,"Amps":125,"Voltage":400,"PowerKW":50,"CurrentTypeID":30,"Quantity":1},{"ID":349150,"ConnectionTypeID":2,"StatusTypeID":50,"LevelID":3,"Amps":125,"Voltage":400,"PowerKW":50,"CurrentTypeID":30,"Quantity":1},{"ID":349151,"ConnectionTypeID":33,"StatusTypeID":50,"LevelID":3,"Amps":125,"Voltage":400,"PowerKW":50,"CurrentTypeID":30,"Quantity":1}]},{"ID":209809,"UUID":"CDFF0232-F990-4D11-B682-9B9589B7DDEE","NumberOfPoints":1,"AddressInfo":{"ID":210189,"Title":"АЗС №28","AddressLine1":"Н4105","StateOrProvince":"Гомельская область","Postcode":"247019","CountryID":25,"Latitude":52.10186273318757,"Longitude":30.972468689276297,"DistanceUnit":0},"OperatorID":1,"DataProviderID":1,"UsageTypeID":4,"StatusTypeID":50,"Connections":[{"ID":349145,"ConnectionTypeID":2,"StatusTypeID":50,"LevelID":3,"Amps":125,"Voltage":398,"PowerKW":50,"CurrentTypeID":30,"Quantity":1},{"ID":349146,"ConnectionTypeID":33,"StatusTypeID":50,"LevelID":3,"Amps":125,"Voltage":400,"PowerKW":50,"CurrentTypeID":30,"Quantity":1},{"ID":349147,"ConnectionTypeID":1036,"StatusTypeID":50,"LevelID":3,"Amps":64,"Voltage":230,"PowerKW":44,"CurrentTypeID":20,"Quantity":1}]},{"ID":209493,"UUID":"D2D00BAD-A974-4105-A800-35DA2A6891FF","NumberOfPoints":1,"AddressInfo":{"ID":209873,"Title":"площадь Восстания","AddressLine1":"площадь Восстания","AddressLine2":"18-й микрорайон","StateOrProvince":"Гомельская область","Postcode":"246022","CountryID":25,"Latitude":52.43547357862252,"Longitude":31.00882708564609,"DistanceUnit":0},"OperatorID":1,"DataProviderID":1,"UsageTypeID":4,"StatusTypeID":50,"Connections":[{"ID":348567,"ConnectionTypeID":2,"StatusTypeID":50,"LevelID":3,"Amps":125,"Voltage":400,"PowerKW":50,"CurrentTypeID":30,"Quantity":1},{"ID":348568,"ConnectionTypeID":33,"StatusTypeID":50,"LevelID":3,"Amps":125,"Voltage":400,"PowerKW":50,"CurrentTypeID":30,"Quantity":1}]},{"ID":207448,"UUID":"B090DE19-FC35-4630-B036-88627F9ABBB8","NumberOfPoints":1,"UsageCost":"0,40Byn/kWh","AddressInfo":{"ID":207828,"Title":"улица Билецкого 5","AddressLine1":"улица Билецкого","Town":"Homel","StateOrProvince":"Homel region","Postcode":"240000","CountryID":25,"Latitude":52.4270902083459,"Longitude":31.016981058086685,"DistanceUnit":0},"OperatorID":1,"DataProviderID":1,"UsageTypeID":1,"StatusTypeID":50,"Connections":[{"ID":345385,"ConnectionTypeID":1036,"StatusTypeID":50,"LevelID":2,"Amps":16,"Voltage":400,"PowerKW":11,"CurrentTypeID":20,"Quantity":2}]},{"ID":207446,"UUID":"D932F773-C5FE-4EEB-9560-6EB7B802F118","NumberOfPoints":1,"AddressInfo":{"ID":207826,"Title":"площадь Ленина 1","AddressLine1":"площадь Ленина","Town":"Homel","StateOrProvince":"Homel region","Postcode":"240000","CountryID":25,"Latitude":52.424838408294676,"Longitude":31.015515993798203,"DistanceUnit":0},"OperatorID":1,"DataProviderID":1,"UsageTypeID":4,"StatusTypeID":50,"Connections":[{"ID":345383,"ConnectionTypeID":1036,"StatusTypeID":50,"LevelID":2,"Amps":16,"Voltage":229,"PowerKW":11,"CurrentTypeID":20,"Quantity":2}]},{"ID":188506,"UUID":"81051761-6EE1-49F1-84F0-102AABF4B520","NumberOfPoints":1,"AddressInfo":{"ID":188865,"Title":"2-й Минский переулок","AddressLine1":"2-й Минский переулок","Town":"Brest","StateOrProvince":"Brest region","Postcode":"224012","CountryID":25,"Latitude":52.098052124993984,"Longitude":23.709410597468377,"DistanceUnit":0},"OperatorID":1,"DataProviderID":1,"UsageTypeID":4,"StatusTypeID":50,"Connections":[{"ID":304442,"ConnectionTypeID":0,"StatusTypeID":50,"Quantity":1}]},{"ID":95832,"UUID":"29DE86F5-EA6D-414F-BB56-2E0A4B03599F","NumberOfPoints":1,"AddressInfo":{"ID":96178,"Title":"АЗС № 59","AddressLine1":"М5","Town":"Gomel District","StateOrProvince":"Gomel District","Postcode":"247023","CountryID":25,"Latitude":52.49253562649586,"Longitude":30.68832770151369,"ContactTelephone1":"8 0152 68 35 18","RelatedURL":"http://www.belorusneft.by/beloil-map/?lang=en","DistanceUnit":0},"OperatorID":3268,"DataProviderID":1,"UsageTypeID":5,"StatusTypeID":50,"Connections":[{"ID":135743,"ConnectionTypeID":2,"StatusTypeID":50,"LevelID":3,"PowerKW":50,"CurrentTypeID":30,"Quantity":1},{"ID":135744,"ConnectionTypeID":33,"StatusTypeID":50,"LevelID":3,"PowerKW":50,"CurrentTypeID":30,"Quantity":1}]},{"ID":95831,"UUID":"516D8A06-D63F-4184-B6AF-3F8144913B28","NumberOfPoints":1,"AddressInfo":{"ID":96177,"Title":"Белоруснефть №84","AddressLine1":"М6","Town":"Grodno District","StateOrProvince":"Grodno District","CountryID":25,"Latitude":53.53192017666446,"Longitude":23.6849163857056,"ContactTelephone1":"8 0152 68 35 18","RelatedURL":"http://www.belorusneft.by/beloil-map/?lang=en","DistanceUnit":0},"OperatorID":3268,"DataProviderID":1,"UsageTypeID":5,"StatusTypeID":50,"Connections":[{"ID":135741,"ConnectionTypeID":2,"StatusTypeID":50,"LevelID":3,"PowerKW":50,"CurrentTypeID":30,"Quantity":1},{"ID":135742,"ConnectionTypeID":33,"StatusTypeID":50,"LevelID":3,"PowerKW":50,"CurrentTypeID":30,"Quantity":1}]},{"ID":95830,"UUID":"CB2A5C4B-4D65-4366-A1E9-9E511908410E","NumberOfPoints":1,"AddressInfo":{"ID":96176,"Title":"Белоруснефть № 52","AddressLine1":"Р87","Town":"Высокое","StateOrProvince":"Orsha District","Postcode":"211024","CountryID":25,"Latitude":54.62645917692065,"Longitude":30.435440188885526,"ContactTelephone1":"(0216) 279508","RelatedURL":"http://www.belorusneft.by/beloil-map/?lang=en","DistanceUnit":0},"OperatorID":3268,"DataProviderID":1,"UsageTypeID":5,"StatusTypeID":50,"Connections":[{"ID":135739,"ConnectionTypeID":2,"StatusTypeID":50,"LevelID":3,"PowerKW":50,"CurrentTypeID":30,"Quantity":1},{"ID":135740,"ConnectionTypeID":33,"StatusTypeID":50,"LevelID":3,"PowerKW":50,"CurrentTypeID":30,"Quantity":1}]},{"ID":81388,"UUID":"985F3EC4-30BC-4597-AA97-D882A9DDE1D6","NumberOfPoints":1,"AddressInfo":{"ID":81734,"Title":"Belorusneft station 81","AddressLine1":"Ольховка","Town":"Ashmyany District","StateOrProvince":"Ashmyany District","Postcode":"231103","CountryID":25,"Latitude":54.4400657348601,"Longitude":25.9661017354431,"ContactTelephone1":"(01772) 63608","RelatedURL":"http://www.belorusneft.by/beloil-map/?lang=en","DistanceUnit":0},"OperatorID":3268,"DataProviderID":1,"UsageTypeID":5,"StatusTypeID":50,"Connections":[{"ID":116105,"ConnectionTypeID":2,"StatusTypeID":50,"LevelID":3,"PowerKW":50,"CurrentTypeID":30,"Quantity":1},{"ID":116106,"ConnectionTypeID":33,"StatusTypeID":50,"LevelID":3,"PowerKW":50,"CurrentTypeID":30,"Quantity":1}]},{"ID":81387,"UUID":"EFD9A378-826D-45FD-92FE-7F266A47F602","NumberOfPoints":1,"AddressInfo":{"ID":81733,"Title":"Belorusneft station 38","AddressLine1":"М6","Town":"Valozhyn District","StateOrProvince":"Valozhyn District","Postcode":"222362","CountryID":25,"Latitude":54.0514268,"Longitude":26.7694581000001,"ContactTelephone1":"(01772) 63608","RelatedURL":"http://www.belorusneft.by/beloil-map/?lang=en","DistanceUnit":0},"OperatorID":3268,"DataProviderID":1,"UsageTypeID":5,"StatusTypeID":50,"Connections":[{"ID":116103,"ConnectionTypeID":2,"StatusTypeID":50,"LevelID":3,"PowerKW":50,"CurrentTypeID":30,"Quantity":1},{"ID":116104,"ConnectionTypeID":33,"StatusTypeID":50,"LevelID":3,"PowerKW":50,"CurrentTypeID":30,"Quantity":1}]},{"ID":81386,"UUID":"1272C2C2-FE2D-48A8-B45A-0405F4DD9E81","NumberOfPoints":1,"AddressInfo":{"ID":81732,"Title":"улица Косарева","AddressLine1":"улица Косарева","AddressLine2":"Давыдовка","StateOrProvince":"Гомельская область","Postcode":"246012","CountryID":25,"Latitude":52.4068746132383,"Longitude":30.915344818754534,"DistanceUnit":0},"OperatorID":3268,"DataProviderID":1,"UsageTypeID":5,"StatusTypeID":50,"Connections":[{"ID":349156,"ConnectionTypeID":2,"StatusTypeID":50,"LevelID":3,"Amps":125,"Voltage":395,"PowerKW":50,"CurrentTypeID":30,"Quantity":2},{"ID":349157,"ConnectionTypeID":33,"StatusTypeID":50,"LevelID":3,"Amps":125,"Voltage":400,"PowerKW":50,"CurrentTypeID":30,"Quantity":2}]},{"ID":81385,"UUID":"3BE185F2-7DF1-4570-8065-C0623B8F027D","NumberOfPoints":1,"AddressInfo":{"ID":81731,"Title":"Belorusneft station 18","AddressLine1":"улица Героев Подпольщиков","AddressLine2":"Новая Жизнь","Town":"Homel","StateOrProvince":"Homel Region","Postcode":"246035","CountryID":25,"Latitude":52.4679492,"Longitude":30.9738659,"ContactTelephone1":"(0232)623101","RelatedURL":"http://www.belorusneft.by/beloil-map/?lang=en","DistanceUnit":0},"OperatorID":3268,"DataProviderID":1,"UsageTypeID":5,"StatusTypeID":50,"Connections":[{"ID":116101,"ConnectionTypeID":25,"StatusTypeID":50,"LevelID":2,"CurrentTypeID":10,"Quantity":1}]}]