[{"ID":302906,"UUID":"31DED5D1-952E-457E-895A-7A915A23AC1E","NumberOfPoints":6,"AddressInfo":{"ID":303293,"Title":"Tesla Supercharger Hamyang - Tire Pro","AddressLine1":"298 Goun-ro, Hamyang-eup","Town":"Hamyang-gun","Postcode":"50033","CountryID":121,"Latitude":35.5245841,"Longitude":127.7532126,"DistanceUnit":0},"OperatorID":23,"DataProviderID":1,"UsageTypeID":4,"StatusTypeID":50,"Connections":[{"ID":569521,"ConnectionTypeID":27,"StatusTypeID":50,"LevelID":3,"PowerKW":115,"CurrentTypeID":30,"Quantity":6}]},{"ID":302905,"UUID":"3F4AC5E5-BE1B-4C22-95CB-953BCD5FAF67","NumberOfPoints":6,"AddressInfo":{"ID":303292,"Title":"Tesla Supercharger Uijeongbu - Jangam Woorinara","AddressLine1":"128 Beon-gil 11 Dongil-ro","Town":"Uijeongbu-si","Postcode":"11725","CountryID":121,"Latitude":37.7003,"Longitude":127.056,"DistanceUnit":0},"OperatorID":3534,"DataProviderID":1,"UsageTypeID":4,"StatusTypeID":50,"Connections":[{"ID":569520,"ConnectionTypeID":33,"StatusTypeID":50,"LevelID":3,"PowerKW":250,"CurrentTypeID":30,"Quantity":6}]},{"ID":302904,"UUID":"B7067665-A65A-48DC-8102-1D09E553DBEA","NumberOfPoints":8,"AddressInfo":{"ID":303291,"Title":"Tesla Supercharger Yongin - Yangji Logistics","AddressLine1":"924 924 Yangji","Town":"Yongin-si","Postcode":"17163","CountryID":121,"Latitude":37.229946,"Longitude":127.297904,"DistanceUnit":0},"OperatorID":3534,"DataProviderID":1,"UsageTypeID":4,"StatusTypeID":50,"Connections":[{"ID":569519,"ConnectionTypeID":33,"StatusTypeID":50,"LevelID":3,"PowerKW":250,"CurrentTypeID":30,"Quantity":8}]},{"ID":302903,"UUID":"AEB196B7-B070-46DD-8770-C1E567E3278B","NumberOfPoints":8,"AddressInfo":{"ID":303290,"Title":"Tesla Supercharger Yongin - Pogok","AddressLine1":"1051 Seokseong-ro","Town":"Yongin-si","StateOrProvince":"Gyeonggi","Postcode":"17040","CountryID":121,"Latitude":37.27461,"Longitude":127.21222,"DistanceUnit":0},"OperatorID":3534,"DataProviderID":1,"UsageTypeID":4,"StatusTypeID":50,"Connections":[{"ID":569518,"ConnectionTypeID":33,"StatusTypeID":50,"LevelID":3,"PowerKW":250,"CurrentTypeID":30,"Quantity":8}]},{"ID":302902,"UUID":"83ED7FD1-31BD-4AF4-AFA6-878D45E919BD","NumberOfPoints":6,"AddressInfo":{"ID":303289,"Title":"Tesla Supercharger Yongin - Giheung","AddressLine1":"124 Shingomae-ro, Giheung-gu","Town":"Yongin-si","StateOrProvince":"Gyeonggi","Postcode":"17086","CountryID":121,"Latitude":37.225226,"Longitude":127.121328,"DistanceUnit":0},"OperatorID":23,"DataProviderID":1,"UsageTypeID":4,"StatusTypeID":50,"Connections":[{"ID":569517,"ConnectionTypeID":27,"StatusTypeID":50,"LevelID":3,"PowerKW":250,"CurrentTypeID":30,"Quantity":6}]},{"ID":302901,"UUID":"B5639E51-B122-4DF7-BFDF-BEE6D11DAAFE","NumberOfPoints":8,"AddressInfo":{"ID":303288,"Title":"Tesla Supercharger Yeosu - Hiddenbay Hotel","AddressLine1":"496-25 sinwolro","Town":"South Jeolla","Postcode":"59760","CountryID":121,"Latitude":34.72175,"Longitude":127.69938,"DistanceUnit":0},"OperatorID":3534,"DataProviderID":1,"UsageTypeID":4,"StatusTypeID":50,"Connections":[{"ID":569516,"ConnectionTypeID":33,"StatusTypeID":50,"LevelID":3,"PowerKW":250,"CurrentTypeID":30,"Quantity":8}]},{"ID":302900,"UUID":"CD667BB7-3F8A-4FDD-9EAA-FBB7C35AD423","NumberOfPoints":8,"AddressInfo":{"ID":303287,"Title":"Tesla Supercharger Yeongwol","AddressLine1":"782 Bangjeol-ri","Town":"Yeongwol-gun","StateOrProvince":"Gangwon State","Postcode":"26226","CountryID":121,"Latitude":37.179749,"Longitude":128.447012,"DistanceUnit":0},"OperatorID":3534,"DataProviderID":1,"UsageTypeID":4,"StatusTypeID":50,"Connections":[{"ID":569515,"ConnectionTypeID":33,"StatusTypeID":50,"LevelID":3,"PowerKW":250,"CurrentTypeID":30,"Quantity":8}]},{"ID":302899,"UUID":"C81BD762-91D6-4D58-B0AB-0EB8FF65AC96","NumberOfPoints":6,"AddressInfo":{"ID":303286,"Title":"Tesla Supercharger Yeoju - Sun Valley Hotel","AddressLine1":"414 Yeonyang-dong","CountryID":121,"Latitude":37.292869,"Longitude":127.659924,"DistanceUnit":0},"OperatorID":3534,"DataProviderID":1,"UsageTypeID":4,"StatusTypeID":50,"Connections":[{"ID":569514,"ConnectionTypeID":33,"StatusTypeID":50,"LevelID":3,"PowerKW":250,"CurrentTypeID":30,"Quantity":6}]},{"ID":302898,"UUID":"B85E240E-E136-4D2A-B76E-91CC3628F5F1","NumberOfPoints":8,"AddressInfo":{"ID":303285,"Title":"Tesla Supercharger Yeoju - SSG Premium Outlet","AddressLine1":"360 Myeongpum-ro","Town":"Yeoju-si","Postcode":"12659","CountryID":121,"Latitude":37.2402517,"Longitude":127.6137826,"DistanceUnit":0},"OperatorID":23,"DataProviderID":1,"UsageTypeID":4,"StatusTypeID":50,"Connections":[{"ID":569513,"ConnectionTypeID":27,"StatusTypeID":50,"LevelID":3,"PowerKW":250,"CurrentTypeID":30,"Quantity":8}]},{"ID":302897,"UUID":"2257F3B2-D6E9-4268-893E-094A536C3C72","NumberOfPoints":8,"AddressInfo":{"ID":303284,"Title":"Tesla Supercharger Yangyang - Seolhaewon","AddressLine1":"230 Gonghang-ro","Town":"Yangyang-gun","StateOrProvince":"Gangwon State","Postcode":"25042","CountryID":121,"Latitude":38.0543,"Longitude":128.66041,"DistanceUnit":0},"OperatorID":3534,"DataProviderID":1,"UsageTypeID":4,"StatusTypeID":50,"Connections":[{"ID":569512,"ConnectionTypeID":33,"StatusTypeID":50,"LevelID":3,"PowerKW":250,"CurrentTypeID":30,"Quantity":8}]},{"ID":302896,"UUID":"C92DA66A-CFA7-4682-AB05-A3A1DD6E2DD5","NumberOfPoints":6,"AddressInfo":{"ID":303283,"Title":"Tesla Supercharger Yangyang - Mulchi Port","AddressLine1":"3594 Donghae-daero","Town":"Yangyang-gun","StateOrProvince":"Gangwon State","Postcode":"25061","CountryID":121,"Latitude":38.15794,"Longitude":128.609466,"DistanceUnit":0},"OperatorID":3534,"DataProviderID":1,"UsageTypeID":4,"StatusTypeID":50,"Connections":[{"ID":569511,"ConnectionTypeID":33,"StatusTypeID":50,"LevelID":3,"PowerKW":250,"CurrentTypeID":30,"Quantity":6}]},{"ID":302895,"UUID":"76653341-7369-4F5C-B001-4061E6A82E73","NumberOfPoints":6,"AddressInfo":{"ID":303282,"Title":"Tesla Supercharger Yangsan - Mulgeum Oslo Park","AddressLine1":"14 bumgu-ro","Town":"Yangsan-si","StateOrProvince":"South Gyeongsang","Postcode":"50606","CountryID":121,"Latitude":35.3275912,"Longitude":129.0118127,"DistanceUnit":0},"OperatorID":3534,"DataProviderID":1,"UsageTypeID":4,"StatusTypeID":50,"Connections":[{"ID":569510,"ConnectionTypeID":33,"StatusTypeID":50,"LevelID":3,"PowerKW":250,"CurrentTypeID":30,"Quantity":6}]},{"ID":302894,"UUID":"1BBC5F86-1EBC-421A-810F-B286E6AE3A02","NumberOfPoints":6,"AddressInfo":{"ID":303281,"Title":"Tesla Supercharger Wonju - Oak Valley","AddressLine1":"58 Oakvally2-gil, Wolsong-ri, Jijeong-myeon","Town":"Wonju-si","StateOrProvince":"Gangwon State","Postcode":"26357","CountryID":121,"Latitude":37.435072,"Longitude":127.818718,"DistanceUnit":0},"OperatorID":23,"DataProviderID":1,"UsageTypeID":4,"StatusTypeID":50,"Connections":[{"ID":569509,"ConnectionTypeID":27,"StatusTypeID":50,"LevelID":3,"PowerKW":115,"CurrentTypeID":30,"Quantity":6}]},{"ID":302893,"UUID":"3A708B03-EECB-41C0-BE72-92FB866F6F89","NumberOfPoints":9,"AddressInfo":{"ID":303280,"Title":"Tesla Supercharger Wonju - AK Plaza","AddressLine1":"1 Bonghwa-ro","Town":"Wonju-si","StateOrProvince":"Gangwon State","Postcode":"26437","CountryID":121,"Latitude":37.3455,"Longitude":127.9276,"DistanceUnit":0},"OperatorID":3534,"DataProviderID":1,"UsageTypeID":4,"StatusTypeID":50,"Connections":[{"ID":569508,"ConnectionTypeID":33,"StatusTypeID":50,"LevelID":3,"PowerKW":250,"CurrentTypeID":30,"Quantity":9}]},{"ID":302892,"UUID":"E3BB6636-C9B1-4461-BB97-CFB8BF890D41","NumberOfPoints":8,"AddressInfo":{"ID":303279,"Title":"Tesla Supercharger Wanju","AddressLine1":"23 Bongbi-ro Bongdong-eup","Town":"Wanju-gun","StateOrProvince":"Jeonbuk State","Postcode":"55314","CountryID":121,"Latitude":35.987115,"Longitude":127.117546,"DistanceUnit":0},"OperatorID":3534,"DataProviderID":1,"UsageTypeID":4,"StatusTypeID":50,"Connections":[{"ID":569507,"ConnectionTypeID":33,"StatusTypeID":50,"LevelID":3,"PowerKW":250,"CurrentTypeID":30,"Quantity":8}]},{"ID":302891,"UUID":"8ACF6DBE-EE4A-4916-A65E-078FC4A9249F","NumberOfPoints":6,"AddressInfo":{"ID":303278,"Title":"Tesla Supercharger Ulsan Moda Outlet","AddressLine1":"78-6 Jinjangyutong-ro","Town":"Ulsan","Postcode":"44248","CountryID":121,"Latitude":35.5771,"Longitude":129.3571,"DistanceUnit":0},"OperatorID":3534,"DataProviderID":1,"UsageTypeID":4,"StatusTypeID":50,"Connections":[{"ID":569506,"ConnectionTypeID":33,"StatusTypeID":50,"LevelID":3,"PowerKW":250,"CurrentTypeID":30,"Quantity":6}]},{"ID":302890,"UUID":"ADB1EFD9-D11B-4C46-AB90-C48E0FF5A66E","NumberOfPoints":8,"AddressInfo":{"ID":303277,"Title":"Tesla Supercharger Taebaek","AddressLine1":"15 Pyeonghwa-gil","Town":"Taebaek-si","Postcode":"26047","CountryID":121,"Latitude":37.099472,"Longitude":129.02228,"DistanceUnit":0},"OperatorID":3534,"DataProviderID":1,"UsageTypeID":4,"StatusTypeID":50,"Connections":[{"ID":569505,"ConnectionTypeID":33,"StatusTypeID":50,"LevelID":3,"PowerKW":250,"CurrentTypeID":30,"Quantity":8}]},{"ID":302889,"UUID":"DC53245A-32AC-4F0F-B6E7-C564AA74B931","NumberOfPoints":8,"AddressInfo":{"ID":303276,"Title":"Tesla Supercharger Suwon - Yeongtong Fantaseum","AddressLine1":"1566 Deogyeong-daero","Town":"Suwon-si","Postcode":"16693","CountryID":121,"Latitude":37.2456,"Longitude":127.0624,"DistanceUnit":0},"OperatorID":3534,"DataProviderID":1,"UsageTypeID":4,"StatusTypeID":50,"Connections":[{"ID":569504,"ConnectionTypeID":33,"StatusTypeID":50,"LevelID":3,"PowerKW":250,"CurrentTypeID":30,"Quantity":8}]},{"ID":302888,"UUID":"0B8581F5-CE43-4E52-8E97-0C92370BA714","NumberOfPoints":4,"AddressInfo":{"ID":303275,"Title":"Tesla Supercharger Suwon - Lotte Mall","AddressLine1":"134 Sehwa-ro, Gwonseon-gu","Town":"Suwon-si","StateOrProvince":"Gyeonggi","Postcode":"16621","CountryID":121,"Latitude":37.264011,"Longitude":126.996636,"DistanceUnit":0},"OperatorID":23,"DataProviderID":1,"UsageTypeID":4,"StatusTypeID":50,"Connections":[{"ID":569503,"ConnectionTypeID":27,"StatusTypeID":50,"LevelID":3,"PowerKW":115,"CurrentTypeID":30,"Quantity":4}]},{"ID":302887,"UUID":"21B2B406-6EC1-4A31-A9BB-055520DEA174","NumberOfPoints":3,"AddressInfo":{"ID":303274,"Title":"Tesla Supercharger Suwon - Gwanggyo Hadong","AddressLine1":"269 Beopjo-ro 149beon-gil","Town":"Suwon-si","Postcode":"16512","CountryID":121,"Latitude":37.2934237,"Longitude":127.0702317,"DistanceUnit":0},"OperatorID":23,"DataProviderID":1,"UsageTypeID":4,"StatusTypeID":50,"Connections":[{"ID":569502,"ConnectionTypeID":27,"StatusTypeID":50,"LevelID":3,"PowerKW":250,"CurrentTypeID":30,"Quantity":3}]},{"ID":302886,"UUID":"EE2285CE-3339-4485-B29E-CC37C063C092","NumberOfPoints":6,"AddressInfo":{"ID":303273,"Title":"Tesla Supercharger Suwon - AK Plaza","AddressLine1":"924 Deogyeong-daero","Town":"Suwon-si","Postcode":"16622","CountryID":121,"Latitude":37.2663,"Longitude":126.9997,"DistanceUnit":0},"OperatorID":3534,"DataProviderID":1,"UsageTypeID":4,"StatusTypeID":50,"Connections":[{"ID":569501,"ConnectionTypeID":33,"StatusTypeID":50,"LevelID":3,"PowerKW":250,"CurrentTypeID":30,"Quantity":6}]},{"ID":302885,"UUID":"ADB5A003-3370-4ADC-BA9A-BA123ADC8785","NumberOfPoints":8,"AddressInfo":{"ID":303272,"Title":"Tesla Supercharger Suncheon - Joryedong","AddressLine1":"640 Jorye-dong","Town":"Jorye-dong","Postcode":"57934","CountryID":121,"Latitude":34.96316,"Longitude":127.52554,"DistanceUnit":0},"OperatorID":3534,"DataProviderID":1,"UsageTypeID":4,"StatusTypeID":50,"Connections":[{"ID":569500,"ConnectionTypeID":33,"StatusTypeID":50,"LevelID":3,"PowerKW":250,"CurrentTypeID":30,"Quantity":8}]},{"ID":302884,"UUID":"4FC35729-9050-463D-BC8A-ADE799DE0716","NumberOfPoints":6,"AddressInfo":{"ID":303271,"Title":"Tesla Supercharger Sokcho-Hanwha Resort Seorak","AddressLine1":"88 Misiryeong-ro 2983beon-gil","Town":"Sokcho-si","StateOrProvince":"Gangwon State","Postcode":"24801","CountryID":121,"Latitude":38.2081,"Longitude":128.5265,"DistanceUnit":0},"OperatorID":3534,"DataProviderID":1,"UsageTypeID":4,"StatusTypeID":50,"Connections":[{"ID":569499,"ConnectionTypeID":33,"StatusTypeID":50,"LevelID":3,"PowerKW":250,"CurrentTypeID":30,"Quantity":6}]},{"ID":302883,"UUID":"7F3218D9-F9F2-4546-ACAE-9B2DF45B2387","NumberOfPoints":6,"AddressInfo":{"ID":303270,"Title":"Tesla Supercharger Seoul-SangAm","AddressLine1":"80 Maebongsan-ro","Town":"Seoul","Postcode":"03927","CountryID":121,"Latitude":37.5785,"Longitude":126.8944,"DistanceUnit":0},"OperatorID":3534,"DataProviderID":1,"UsageTypeID":4,"StatusTypeID":50,"Connections":[{"ID":569498,"ConnectionTypeID":33,"StatusTypeID":50,"LevelID":3,"PowerKW":250,"CurrentTypeID":30,"Quantity":6}]},{"ID":302882,"UUID":"593F5647-266D-4EB2-8164-962751434FD4","NumberOfPoints":6,"AddressInfo":{"ID":303269,"Title":"Tesla Supercharger Seoul-Jonggak","AddressLine1":"5-1 Gongpyeong-dong","Town":"Seoul","Postcode":"03150","CountryID":121,"Latitude":37.5717,"Longitude":126.9834,"DistanceUnit":0},"OperatorID":3534,"DataProviderID":1,"UsageTypeID":4,"StatusTypeID":50,"Connections":[{"ID":569497,"ConnectionTypeID":33,"StatusTypeID":50,"LevelID":3,"PowerKW":250,"CurrentTypeID":30,"Quantity":6}]},{"ID":302881,"UUID":"5D72F649-154E-490C-A08D-ACD0D1B90A02","NumberOfPoints":6,"AddressInfo":{"ID":303268,"Title":"Tesla Supercharger Seoul-Episode Seocho","AddressLine1":"1338-5 Seocho-dong","Town":"Seoul","Postcode":"06628","CountryID":121,"Latitude":37.4897,"Longitude":127.0298,"DistanceUnit":0},"OperatorID":3534,"DataProviderID":1,"UsageTypeID":4,"StatusTypeID":50,"Connections":[{"ID":569496,"ConnectionTypeID":33,"StatusTypeID":50,"LevelID":3,"PowerKW":250,"CurrentTypeID":30,"Quantity":6}]},{"ID":302880,"UUID":"28E4B128-B8E9-43FB-B76E-A276B874B05A","NumberOfPoints":9,"AddressInfo":{"ID":303267,"Title":"Tesla Supercharger Seoul-Daechi","AddressLine1":"416 416, Yeongdong-daero","Town":"Seoul","Postcode":"06176","CountryID":121,"Latitude":37.507,"Longitude":127.0654,"DistanceUnit":0},"OperatorID":3534,"DataProviderID":1,"UsageTypeID":4,"StatusTypeID":50,"Connections":[{"ID":569495,"ConnectionTypeID":33,"StatusTypeID":50,"LevelID":3,"PowerKW":250,"CurrentTypeID":30,"Quantity":9}]},{"ID":302879,"UUID":"0CA10A07-0065-4364-ADE5-643BCAC46117","NumberOfPoints":4,"AddressInfo":{"ID":303266,"Title":"Tesla Supercharger Seoul - Yongsan Grand Hyatt","AddressLine1":"322 Sowol-ro, Yongsan","AddressLine2":"Yongsan-gu","Town":"Seoul","Postcode":"04346","CountryID":121,"Latitude":37.539341,"Longitude":126.997137,"DistanceUnit":0},"OperatorID":23,"DataProviderID":1,"UsageTypeID":4,"StatusTypeID":50,"Connections":[{"ID":569494,"ConnectionTypeID":27,"StatusTypeID":50,"LevelID":3,"PowerKW":115,"CurrentTypeID":30,"Quantity":4}]},{"ID":302878,"UUID":"6121C4D6-8C22-4E53-9C37-FF9A27A3FA73","NumberOfPoints":12,"AddressInfo":{"ID":303265,"Title":"Tesla Supercharger Seoul - Yongsan Dragon City","AddressLine1":"95 Cheongpa-ro 20-gil","AddressLine2":"Yongsan-gu","Town":"Seoul","Postcode":"04377","CountryID":121,"Latitude":37.532244,"Longitude":126.961476,"DistanceUnit":0},"OperatorID":3534,"DataProviderID":1,"UsageTypeID":4,"StatusTypeID":50,"Connections":[{"ID":569493,"ConnectionTypeID":33,"StatusTypeID":50,"LevelID":3,"PowerKW":250,"CurrentTypeID":30,"Quantity":12}]},{"ID":302877,"UUID":"9D573D89-E3F5-424F-B256-348D3B6E6EF1","NumberOfPoints":4,"AddressInfo":{"ID":303264,"Title":"Tesla Supercharger Seoul - Yeouido IFC","AddressLine1":"10 Gukjegeumyung-ro,","AddressLine2":"Yeongdeungpo-gu","Town":"Seoul","Postcode":"07326","CountryID":121,"Latitude":37.52526,"Longitude":126.925714,"DistanceUnit":0},"OperatorID":3534,"DataProviderID":1,"UsageTypeID":4,"StatusTypeID":50,"Connections":[{"ID":569492,"ConnectionTypeID":33,"StatusTypeID":50,"LevelID":3,"PowerKW":250,"CurrentTypeID":30,"Quantity":4}]},{"ID":302876,"UUID":"C0706C58-9673-4F23-A294-E9C5BA3968E3","NumberOfPoints":6,"AddressInfo":{"ID":303263,"Title":"Tesla Supercharger Seoul - Wangshimni","AddressLine1":"17 Wangsimnigwangjang-ro, ","AddressLine2":"Seongdong-gu","Town":"Seoul","Postcode":"04744","CountryID":121,"Latitude":37.5604,"Longitude":127.0386,"DistanceUnit":0},"OperatorID":23,"DataProviderID":1,"UsageTypeID":4,"StatusTypeID":50,"Connections":[{"ID":569491,"ConnectionTypeID":27,"StatusTypeID":50,"LevelID":3,"PowerKW":250,"CurrentTypeID":30,"Quantity":6}]},{"ID":302875,"UUID":"9C9A6250-B336-404D-81CD-A9305316FD29","NumberOfPoints":6,"AddressInfo":{"ID":303262,"Title":"Tesla Supercharger Seoul - Times Stream","AddressLine1":"330 Sillim-ro","AddressLine2":"Gwanak-gu","Town":"Seoul","Postcode":"08754","CountryID":121,"Latitude":37.4839,"Longitude":126.9303,"DistanceUnit":0},"OperatorID":3534,"DataProviderID":1,"UsageTypeID":4,"StatusTypeID":50,"Connections":[{"ID":569490,"ConnectionTypeID":33,"StatusTypeID":50,"LevelID":3,"PowerKW":250,"CurrentTypeID":30,"Quantity":6}]},{"ID":302874,"UUID":"E2BF5418-720A-44F8-96F7-3D18957D27AB","NumberOfPoints":6,"AddressInfo":{"ID":303261,"Title":"Tesla Supercharger Seoul - Suyu","AddressLine1":"315 Dobong-ro","Town":"Seoul","Postcode":"01063","CountryID":121,"Latitude":37.63714,"Longitude":127.02334,"DistanceUnit":0},"OperatorID":3534,"DataProviderID":1,"UsageTypeID":4,"StatusTypeID":50,"Connections":[{"ID":569489,"ConnectionTypeID":33,"StatusTypeID":50,"LevelID":3,"PowerKW":250,"CurrentTypeID":30,"Quantity":6}]},{"ID":302873,"UUID":"A2EF1D15-4B3B-4794-8994-DB74796868EC","NumberOfPoints":6,"AddressInfo":{"ID":303260,"Title":"Tesla Supercharger Seoul - Songpa Sofitel","AddressLine1":"209 Jamsil-ro","AddressLine2":"Songpa-gu","Town":"Seoul","Postcode":"05552","CountryID":121,"Latitude":37.513534,"Longitude":127.106174,"DistanceUnit":0},"OperatorID":3534,"DataProviderID":1,"UsageTypeID":4,"StatusTypeID":50,"Connections":[{"ID":569488,"ConnectionTypeID":33,"StatusTypeID":50,"LevelID":3,"PowerKW":250,"CurrentTypeID":30,"Quantity":6}]},{"ID":302872,"UUID":"A68624B1-0C3B-49DE-A107-C7F66866B59A","NumberOfPoints":6,"AddressInfo":{"ID":303259,"Title":"Tesla Supercharger Seoul - Sinsa","AddressLine1":"652 Gangnam-daero","AddressLine2":"Gangnam-gu","Town":"Seoul","Postcode":"06034","CountryID":121,"Latitude":37.51996,"Longitude":127.01902,"DistanceUnit":0},"OperatorID":3534,"DataProviderID":1,"UsageTypeID":4,"StatusTypeID":50,"Connections":[{"ID":569487,"ConnectionTypeID":33,"StatusTypeID":50,"LevelID":3,"PowerKW":250,"CurrentTypeID":30,"Quantity":6}]},{"ID":302871,"UUID":"9A934DDF-3D2F-4C2F-AEB6-60A4A0DA89E9","NumberOfPoints":9,"AddressInfo":{"ID":303258,"Title":"Tesla Supercharger Seoul - Seongsu D Tower","AddressLine1":"83-21 Wangsimni-ro","AddressLine2":"Seongdong-gu","Town":"Seoul","Postcode":"04769","CountryID":121,"Latitude":37.544,"Longitude":127.0442,"DistanceUnit":0},"OperatorID":3534,"DataProviderID":1,"UsageTypeID":4,"StatusTypeID":50,"Connections":[{"ID":569486,"ConnectionTypeID":33,"StatusTypeID":50,"LevelID":3,"PowerKW":250,"CurrentTypeID":30,"Quantity":9}]},{"ID":302870,"UUID":"3BCBE2A8-1B9D-4DB0-9776-B4CB8956D081","NumberOfPoints":6,"AddressInfo":{"ID":303257,"Title":"Tesla Supercharger Seoul - Seocho Ssangyong Platinum","AddressLine1":"18 Seochochungang-ro","AddressLine2":"Seocho-gu","Town":"Seoul","Postcode":"06718","CountryID":121,"Latitude":37.48406,"Longitude":127.01732,"DistanceUnit":0},"OperatorID":23,"DataProviderID":1,"UsageTypeID":4,"StatusTypeID":50,"Connections":[{"ID":569485,"ConnectionTypeID":27,"StatusTypeID":50,"LevelID":3,"PowerKW":250,"CurrentTypeID":30,"Quantity":6}]},{"ID":302869,"UUID":"B4995D2F-FC00-4EAD-9AD7-ABA7241EB442","NumberOfPoints":6,"AddressInfo":{"ID":303256,"Title":"Tesla Supercharger Seoul - Lotte World Tower","AddressLine1":"300 Olympic-ro","AddressLine2":"Songpa-gu","Town":"Seoul","Postcode":"05551","CountryID":121,"Latitude":37.5132356,"Longitude":127.1024178,"DistanceUnit":0},"OperatorID":23,"DataProviderID":1,"UsageTypeID":4,"StatusTypeID":50,"Connections":[{"ID":569484,"ConnectionTypeID":27,"StatusTypeID":50,"LevelID":3,"PowerKW":115,"CurrentTypeID":30,"Quantity":6}]},{"ID":302868,"UUID":"B8130FD0-06DD-4FDA-9AA1-B367B3DFA18A","NumberOfPoints":6,"AddressInfo":{"ID":303255,"Title":"Tesla Supercharger Seoul - Jamsil Lotte World","AddressLine1":"240 Olympic-ro","AddressLine2":"Songpa-gu","Town":"Seoul","Postcode":"05553","CountryID":121,"Latitude":37.5121,"Longitude":127.0992,"DistanceUnit":0},"OperatorID":3534,"DataProviderID":1,"UsageTypeID":4,"StatusTypeID":50,"Connections":[{"ID":569483,"ConnectionTypeID":33,"StatusTypeID":50,"LevelID":3,"PowerKW":250,"CurrentTypeID":30,"Quantity":6}]},{"ID":302867,"UUID":"BB630903-E967-40D7-B081-E406DB24294E","NumberOfPoints":8,"AddressInfo":{"ID":303254,"Title":"Tesla Supercharger Seoul - Gocheok I Park Mall","AddressLine1":"49 Gyeongin-ro 43-gil","Town":"Seoul","Postcode":"08227","CountryID":121,"Latitude":37.4979721,"Longitude":126.8604851,"DistanceUnit":0},"OperatorID":3534,"DataProviderID":1,"UsageTypeID":4,"StatusTypeID":50,"Connections":[{"ID":569482,"ConnectionTypeID":32,"StatusTypeID":50,"LevelID":3,"PowerKW":250,"CurrentTypeID":30,"Quantity":8},{"ID":570570,"ConnectionTypeID":27,"StatusTypeID":50,"LevelID":3,"PowerKW":250,"CurrentTypeID":30,"Quantity":8}]},{"ID":302866,"UUID":"76699822-5D98-436D-B18F-E1B17EED9A81","NumberOfPoints":4,"AddressInfo":{"ID":303253,"Title":"Tesla Supercharger Seoul - Gimpo Airport Lotte Mall","AddressLine1":"38 Haneul-gil","AddressLine2":"Gangseo-gu","Town":"Seoul","Postcode":"07612","CountryID":121,"Latitude":37.563265,"Longitude":126.803108,"DistanceUnit":0},"OperatorID":23,"DataProviderID":1,"UsageTypeID":4,"StatusTypeID":50,"Connections":[{"ID":569481,"ConnectionTypeID":27,"StatusTypeID":50,"LevelID":3,"PowerKW":115,"CurrentTypeID":30,"Quantity":4}]},{"ID":302865,"UUID":"F0E79ADF-239E-492F-925C-2E7B4138AAC2","NumberOfPoints":9,"AddressInfo":{"ID":303252,"Title":"Tesla Supercharger Seoul - Geumcheon Mario Outlet","AddressLine1":"23 Digital-ro 9-gil","CountryID":121,"Latitude":37.478,"Longitude":126.8872,"DistanceUnit":0},"OperatorID":3534,"DataProviderID":1,"UsageTypeID":4,"StatusTypeID":50,"Connections":[{"ID":569480,"ConnectionTypeID":32,"StatusTypeID":50,"LevelID":3,"PowerKW":250,"CurrentTypeID":30,"Quantity":9},{"ID":570571,"ConnectionTypeID":27,"StatusTypeID":50,"LevelID":3,"PowerKW":250,"CurrentTypeID":30,"Quantity":9}]},{"ID":302864,"UUID":"466A6760-F474-495B-9E72-78D2863C490E","NumberOfPoints":5,"AddressInfo":{"ID":303251,"Title":"Tesla Supercharger Seoul - Gangnam Parnas","AddressLine1":"521 Teheran-ro, Gangnam-gu","Town":"Seoul","Postcode":"06164","CountryID":121,"Latitude":37.509215,"Longitude":127.06079,"DistanceUnit":0},"OperatorID":23,"DataProviderID":1,"UsageTypeID":4,"StatusTypeID":50,"Connections":[{"ID":569479,"ConnectionTypeID":27,"StatusTypeID":50,"LevelID":3,"PowerKW":115,"CurrentTypeID":30,"Quantity":5}]},{"ID":302863,"UUID":"7121A9B3-2EBF-481F-AE41-3D98A21A9555","NumberOfPoints":4,"AddressInfo":{"ID":303250,"Title":"Tesla Supercharger Seoul - Gangnam N Tower","AddressLine1":"129 Teheran-ro","AddressLine2":"Gangnam-gu","Town":"Seoul","Postcode":"06133","CountryID":121,"Latitude":37.499873,"Longitude":127.032354,"DistanceUnit":0},"OperatorID":23,"DataProviderID":1,"UsageTypeID":4,"StatusTypeID":50,"Connections":[{"ID":569478,"ConnectionTypeID":27,"StatusTypeID":50,"LevelID":3,"PowerKW":115,"CurrentTypeID":30,"Quantity":4}]},{"ID":302862,"UUID":"42E0CDD6-A4B0-4DDD-8DC1-2EFEA7CF164E","NumberOfPoints":9,"AddressInfo":{"ID":303249,"Title":"Tesla Supercharger Seoul - Gangdong DM Square","AddressLine1":"35 Godeokbizvalley-ro, 4-gil","AddressLine2":"Gangdong-gu","Town":"Seoul","Postcode":"05220","CountryID":121,"Latitude":37.567697,"Longitude":127.160247,"DistanceUnit":0},"OperatorID":3534,"DataProviderID":1,"UsageTypeID":4,"StatusTypeID":50,"Connections":[{"ID":569477,"ConnectionTypeID":32,"StatusTypeID":50,"LevelID":3,"PowerKW":250,"CurrentTypeID":30,"Quantity":9}]},{"ID":302861,"UUID":"9C27287F-6280-4B8F-899A-BA4EA0BCAC3F","NumberOfPoints":6,"AddressInfo":{"ID":303248,"Title":"Tesla Supercharger Seoul - Gangbuk Paraspara","AddressLine1":"689 Samyang-ro","Town":"Seoul","Postcode":"01006","CountryID":121,"Latitude":37.6632,"Longitude":127.0085,"DistanceUnit":0},"OperatorID":23,"DataProviderID":1,"UsageTypeID":4,"StatusTypeID":50,"Connections":[{"ID":569476,"ConnectionTypeID":27,"StatusTypeID":50,"LevelID":3,"PowerKW":250,"CurrentTypeID":30,"Quantity":6}]},{"ID":302860,"UUID":"CD17EDB1-E2A5-42CD-B372-4614D432F358","NumberOfPoints":3,"AddressInfo":{"ID":303247,"Title":"Tesla Supercharger Seoul - Factorial Seongsu","AddressLine1":"314-11 Seongsu-dong-2-ga","Town":"Seoul","Postcode":"04782","CountryID":121,"Latitude":37.5442,"Longitude":127.0544,"DistanceUnit":0},"OperatorID":3534,"DataProviderID":1,"UsageTypeID":4,"StatusTypeID":50,"Connections":[{"ID":569475,"ConnectionTypeID":33,"StatusTypeID":50,"LevelID":3,"PowerKW":250,"CurrentTypeID":30,"Quantity":3}]},{"ID":302859,"UUID":"B82022F9-08D5-4007-812D-AFEECC038B77","NumberOfPoints":3,"AddressInfo":{"ID":303246,"Title":"Tesla Supercharger Seoul - Cheongnyangri","AddressLine1":"214 Wangsan-ro","Town":"Seoul","Postcode":"02490","CountryID":121,"Latitude":37.5813,"Longitude":127.0489,"DistanceUnit":0},"OperatorID":3534,"DataProviderID":1,"UsageTypeID":4,"StatusTypeID":50,"Connections":[{"ID":569474,"ConnectionTypeID":33,"StatusTypeID":50,"LevelID":3,"PowerKW":250,"CurrentTypeID":30,"Quantity":3}]},{"ID":302858,"UUID":"A17598E5-2DC1-47EF-A906-C39BBDB26DE6","NumberOfPoints":6,"AddressInfo":{"ID":303245,"Title":"Tesla Supercharger Seoul - Center Field","AddressLine1":"231 Teheran-ro","AddressLine2":"Gangnam-gu","Town":"Seoul","Postcode":"06221","CountryID":121,"Latitude":37.503216,"Longitude":127.04162,"DistanceUnit":0},"OperatorID":23,"DataProviderID":1,"UsageTypeID":4,"StatusTypeID":50,"Connections":[{"ID":569473,"ConnectionTypeID":27,"StatusTypeID":50,"LevelID":3,"PowerKW":250,"CurrentTypeID":30,"Quantity":6}]},{"ID":302857,"UUID":"3899F895-45E5-4C5E-9C88-C56A7DD3E219","NumberOfPoints":6,"AddressInfo":{"ID":303244,"Title":"Tesla Supercharger Seoul - CCMM","AddressLine1":"101 Yeouigongwon-ro","AddressLine2":"Yeongdeungpo-gu","Town":"Seoul","Postcode":"07242","CountryID":121,"Latitude":37.52929,"Longitude":126.92484,"DistanceUnit":0},"OperatorID":3534,"DataProviderID":1,"UsageTypeID":4,"StatusTypeID":50,"Connections":[{"ID":569472,"ConnectionTypeID":33,"StatusTypeID":50,"LevelID":3,"PowerKW":250,"CurrentTypeID":30,"Quantity":6}]},{"ID":302856,"UUID":"E4ED19D1-9AC5-4B85-A442-04850E4654D0","NumberOfPoints":4,"AddressInfo":{"ID":303243,"Title":"Tesla Supercharger Seoul - Apgujeong","AddressLine1":"854 Nonhyeon-ro","AddressLine2":"Gangnam-gu","Town":"Seoul","Postcode":"06022","CountryID":121,"Latitude":37.5254181,"Longitude":127.0288703,"DistanceUnit":0},"OperatorID":23,"DataProviderID":1,"UsageTypeID":4,"StatusTypeID":50,"Connections":[{"ID":569471,"ConnectionTypeID":27,"StatusTypeID":50,"LevelID":3,"PowerKW":115,"CurrentTypeID":30,"Quantity":4}]},{"ID":302855,"UUID":"590EEC04-4963-466E-B80B-E53018FEC6AB","NumberOfPoints":9,"AddressInfo":{"ID":303242,"Title":"Tesla Supercharger Seongnam - Seohyun","AddressLine1":"28 Hwangsaeul-ro 311beon-gil","Town":"Seongnam-si","StateOrProvince":"Gyeonggi","Postcode":"13590","CountryID":121,"Latitude":37.3859842,"Longitude":127.1205949,"DistanceUnit":0},"OperatorID":3534,"DataProviderID":1,"UsageTypeID":4,"StatusTypeID":50,"Connections":[{"ID":569470,"ConnectionTypeID":33,"StatusTypeID":50,"LevelID":3,"PowerKW":250,"CurrentTypeID":30,"Quantity":9}]},{"ID":302854,"UUID":"3EE531DE-9822-4FBE-AF80-BAB4D9EDD066","NumberOfPoints":3,"AddressInfo":{"ID":303241,"Title":"Tesla Supercharger Seongnam - Pangyo Tech1","AddressLine1":"534 Baekhyeon-dong","AddressLine2":"Seongnam-si","Town":"Gyeonggi","Postcode":"13525","CountryID":121,"Latitude":37.3955193,"Longitude":127.112237,"DistanceUnit":0},"OperatorID":3534,"DataProviderID":1,"UsageTypeID":4,"StatusTypeID":50,"Connections":[{"ID":569469,"ConnectionTypeID":33,"StatusTypeID":50,"LevelID":3,"PowerKW":250,"CurrentTypeID":30,"Quantity":3}]},{"ID":302853,"UUID":"D25F9FE9-761B-4700-8F10-D717BE5966A4","NumberOfPoints":3,"AddressInfo":{"ID":303240,"Title":"Tesla Supercharger Seongnam - Pangyo KAKAO Azit","AddressLine1":"532 Baekhyeon-dong","AddressLine2":"Seongnam-si","Town":"Gyeonggi","Postcode":"13530","CountryID":121,"Latitude":37.3953,"Longitude":127.1104,"DistanceUnit":0},"OperatorID":3534,"DataProviderID":1,"UsageTypeID":4,"StatusTypeID":50,"Connections":[{"ID":569468,"ConnectionTypeID":33,"StatusTypeID":50,"LevelID":3,"PowerKW":250,"CurrentTypeID":30,"Quantity":3}]},{"ID":302852,"UUID":"73A17D30-6EBD-4EB7-BD47-02780BC88577","NumberOfPoints":9,"AddressInfo":{"ID":303239,"Title":"Tesla Supercharger Seongnam - Pangyo DeTerrace","AddressLine1":"691 Sampyeongdong","AddressLine2":"Seongnam-si","Town":"Gyeonggi","Postcode":"13488","CountryID":121,"Latitude":37.40366,"Longitude":127.109138,"DistanceUnit":0},"OperatorID":3534,"DataProviderID":1,"UsageTypeID":4,"StatusTypeID":50,"Connections":[{"ID":569467,"ConnectionTypeID":33,"StatusTypeID":50,"LevelID":3,"PowerKW":250,"CurrentTypeID":30,"Quantity":9}]},{"ID":302851,"UUID":"B4D87528-2A65-4842-A941-9F6EB7407401","NumberOfPoints":6,"AddressInfo":{"ID":303238,"Title":"Tesla Supercharger Seongnam - Ori","AddressLine1":"20 Tancheonsang-ro, 151 beon-gil, Bundang-gu","Town":"Seongnam-si","StateOrProvince":"Gyeonggi","Postcode":"13636","CountryID":121,"Latitude":37.340546,"Longitude":127.106848,"DistanceUnit":0},"OperatorID":23,"DataProviderID":1,"UsageTypeID":4,"StatusTypeID":50,"Connections":[{"ID":569466,"ConnectionTypeID":27,"StatusTypeID":50,"LevelID":3,"PowerKW":115,"CurrentTypeID":30,"Quantity":6}]},{"ID":302850,"UUID":"D1F5E8DB-9881-42D8-9240-E94D037AE177","NumberOfPoints":8,"AddressInfo":{"ID":303237,"Title":"Tesla Supercharger Seongnam - Bundang Korea Job World","AddressLine1":"501 Bundangsuseo-ro","Town":"Seongnam-si","StateOrProvince":"Gyeonggi","Postcode":"13554","CountryID":121,"Latitude":37.377553,"Longitude":127.105428,"DistanceUnit":0},"OperatorID":3534,"DataProviderID":1,"UsageTypeID":4,"StatusTypeID":50,"Connections":[{"ID":569465,"ConnectionTypeID":33,"StatusTypeID":50,"LevelID":3,"PowerKW":250,"CurrentTypeID":30,"Quantity":8}]},{"ID":302849,"UUID":"8001D5DA-649F-4081-97E2-5614EC874CA9","NumberOfPoints":9,"AddressInfo":{"ID":303236,"Title":"Tesla Supercharger Seongnam - Bundang AK Plaza","AddressLine1":"36 Hwangsaeul-ro 312beon-gil","Town":"Seongnam-si","StateOrProvince":"Gyeonggi","Postcode":"13591","CountryID":121,"Latitude":37.384,"Longitude":127.1234,"DistanceUnit":0},"OperatorID":3534,"DataProviderID":1,"UsageTypeID":4,"StatusTypeID":50,"Connections":[{"ID":569464,"ConnectionTypeID":33,"StatusTypeID":50,"LevelID":3,"PowerKW":250,"CurrentTypeID":30,"Quantity":9}]},{"ID":302848,"UUID":"C9E5BC6E-9C9B-4B2B-9349-AFEE46BAC26E","NumberOfPoints":6,"AddressInfo":{"ID":303235,"Title":"Tesla Supercharger Sejong - Daepyeong","AddressLine1":"29 Jonghabundongjang-ro","AddressLine2":"Yongpo-ri","Town":"Sejong","Postcode":"30154","CountryID":121,"Latitude":36.4691,"Longitude":127.26856,"DistanceUnit":0},"OperatorID":3534,"DataProviderID":1,"UsageTypeID":4,"StatusTypeID":50,"Connections":[{"ID":569463,"ConnectionTypeID":33,"StatusTypeID":50,"LevelID":3,"PowerKW":250,"CurrentTypeID":30,"Quantity":6}]},{"ID":302847,"UUID":"50AE99D3-F8A3-44DC-8CEB-4D0146550C81","NumberOfPoints":9,"AddressInfo":{"ID":303234,"Title":"Tesla Supercharger Sejong - AK Plaza","AddressLine1":"20 Dasom 1-ro","AddressLine2":"Dodam-dong","Town":"Sejong","Postcode":"30116","CountryID":121,"Latitude":36.5003,"Longitude":127.25686,"DistanceUnit":0},"OperatorID":3534,"DataProviderID":1,"UsageTypeID":4,"StatusTypeID":50,"Connections":[{"ID":569462,"ConnectionTypeID":33,"StatusTypeID":50,"LevelID":3,"PowerKW":250,"CurrentTypeID":30,"Quantity":9}]},{"ID":302846,"UUID":"10B55EBC-F9AC-43AB-B27B-D1FF33FA584D","NumberOfPoints":6,"AddressInfo":{"ID":303233,"Title":"Tesla Supercharger Samcheok","AddressLine1":"3852 3852, Donghae-daero","Town":"Samcheok-si","StateOrProvince":"Gangwon State","Postcode":"25930","CountryID":121,"Latitude":37.429375,"Longitude":129.182856,"DistanceUnit":0},"OperatorID":3534,"DataProviderID":1,"UsageTypeID":4,"StatusTypeID":50,"Connections":[{"ID":569461,"ConnectionTypeID":33,"StatusTypeID":50,"LevelID":3,"PowerKW":250,"CurrentTypeID":30,"Quantity":6}]},{"ID":302845,"UUID":"A5ACB02A-7FAB-4F40-8905-2384BE693733","NumberOfPoints":8,"AddressInfo":{"ID":303232,"Title":"Tesla Supercharger Pyeongtaek - Songtan","AddressLine1":"1409 Cheongwon-ro","Town":"Pyeongtaek-si","StateOrProvince":"Gyeonggi","Postcode":"17743","CountryID":121,"Latitude":37.053291,"Longitude":127.0802392,"DistanceUnit":0},"OperatorID":23,"DataProviderID":1,"UsageTypeID":4,"StatusTypeID":50,"Connections":[{"ID":569460,"ConnectionTypeID":27,"StatusTypeID":50,"LevelID":3,"PowerKW":250,"CurrentTypeID":30,"Quantity":8}]},{"ID":302844,"UUID":"D46F1CE6-3194-4F18-8FD2-2B2C9ADF25DC","NumberOfPoints":6,"AddressInfo":{"ID":303231,"Title":"Tesla Supercharger Pyeongtaek - AK Plaza","AddressLine1":"51 Pyeongtaek-ro","Town":"Pyeongtaek-si","StateOrProvince":"Gyeonggi","Postcode":"17919","CountryID":121,"Latitude":36.99065,"Longitude":127.08598,"DistanceUnit":0},"OperatorID":3534,"DataProviderID":1,"UsageTypeID":4,"StatusTypeID":50,"Connections":[{"ID":569459,"ConnectionTypeID":33,"StatusTypeID":50,"LevelID":3,"PowerKW":250,"CurrentTypeID":30,"Quantity":6}]},{"ID":302843,"UUID":"F02E0ACB-7652-40D0-AD9E-B91AF3C0BA9E","NumberOfPoints":9,"AddressInfo":{"ID":303230,"Title":"Tesla Supercharger Pyeongchang - Phoenix","AddressLine1":"106 Taegi-ro","Town":"Pyeongchang-gun","StateOrProvince":"Gangwon State","Postcode":"25307","CountryID":121,"Latitude":37.586293,"Longitude":128.322665,"DistanceUnit":0},"OperatorID":3534,"DataProviderID":1,"UsageTypeID":4,"StatusTypeID":50,"Connections":[{"ID":569458,"ConnectionTypeID":33,"StatusTypeID":50,"LevelID":3,"PowerKW":250,"CurrentTypeID":30,"Quantity":9}]},{"ID":302842,"UUID":"8458C1C9-1CE8-4E94-9E57-650CC61025DD","NumberOfPoints":12,"AddressInfo":{"ID":303229,"Title":"Tesla Supercharger Pohang - Autopark","AddressLine1":"878 Donghae-daero","Town":"Pohang-si","StateOrProvince":"Gyeongsang","Postcode":"37565","CountryID":121,"Latitude":36.059093,"Longitude":129.320555,"DistanceUnit":0},"OperatorID":23,"DataProviderID":1,"UsageTypeID":4,"StatusTypeID":50,"Connections":[{"ID":569457,"ConnectionTypeID":27,"StatusTypeID":50,"LevelID":3,"PowerKW":250,"CurrentTypeID":30,"Quantity":12}]},{"ID":302841,"UUID":"FD1D7C79-1853-4932-B7F9-B8793C149616","NumberOfPoints":8,"AddressInfo":{"ID":303228,"Title":"Tesla Supercharger Paju - Munsterdam","AddressLine1":"113-175 Unjeong-ro","Town":"Paju-si","StateOrProvince":"Gyeonggi","Postcode":"10250","CountryID":121,"Latitude":37.726815,"Longitude":126.783557,"DistanceUnit":0},"OperatorID":3534,"DataProviderID":1,"UsageTypeID":4,"StatusTypeID":50,"Connections":[{"ID":569456,"ConnectionTypeID":33,"StatusTypeID":50,"LevelID":3,"PowerKW":250,"CurrentTypeID":30,"Quantity":8}]},{"ID":302840,"UUID":"9C913B38-1B05-4578-BF96-B13A7C9E56A6","NumberOfPoints":6,"AddressInfo":{"ID":303227,"Title":"Tesla Supercharger Osan - Moda Outlet","AddressLine1":"822-22 Gyeonggidaero","Town":"Osan-si","Postcode":"18105","CountryID":121,"Latitude":37.192217,"Longitude":127.046432,"DistanceUnit":0},"OperatorID":3534,"DataProviderID":1,"UsageTypeID":4,"StatusTypeID":50,"Connections":[{"ID":569455,"ConnectionTypeID":33,"StatusTypeID":50,"LevelID":3,"PowerKW":250,"CurrentTypeID":30,"Quantity":6}]},{"ID":302839,"UUID":"68DDD780-6855-459E-A76A-02892497D1E1","NumberOfPoints":6,"AddressInfo":{"ID":303226,"Title":"Tesla Supercharger Nonsan - Laon Village","AddressLine1":"36 Dongan-ro 1113beon-gil, Yeonmu-eup","Town":"Nonsan-si","StateOrProvince":"South Chungcheong","Postcode":"33008","CountryID":121,"Latitude":36.1288243,"Longitude":127.1296202,"DistanceUnit":0},"OperatorID":23,"DataProviderID":1,"UsageTypeID":4,"StatusTypeID":50,"Connections":[{"ID":569454,"ConnectionTypeID":27,"StatusTypeID":50,"LevelID":3,"PowerKW":115,"CurrentTypeID":30,"Quantity":6}]},{"ID":302838,"UUID":"FA85A9E6-417E-4034-B809-517DB91A67F0","NumberOfPoints":6,"AddressInfo":{"ID":303225,"Title":"Tesla Supercharger Namyangju - Hwado This Plane","AddressLine1":"48-24 Soraebi-ro, Hwado-eup","Town":"Namyangju-si","StateOrProvince":"Gyeonggi","Postcode":"12190","CountryID":121,"Latitude":37.654,"Longitude":127.3198,"DistanceUnit":0},"OperatorID":3534,"DataProviderID":1,"UsageTypeID":4,"StatusTypeID":50,"Connections":[{"ID":569453,"ConnectionTypeID":33,"StatusTypeID":50,"LevelID":3,"PowerKW":250,"CurrentTypeID":30,"Quantity":6}]},{"ID":302837,"UUID":"BC2265FC-1D10-48F7-A436-0D59EDA8B908","NumberOfPoints":6,"AddressInfo":{"ID":303224,"Title":"Tesla Supercharger Jinju - Moda Outlet","AddressLine1":"46 Samil-ro 95beon-gil","Town":"Jinju-si","StateOrProvince":"South Gyeongsang","Postcode":"52844","CountryID":121,"Latitude":35.13275,"Longitude":128.0987,"DistanceUnit":0},"OperatorID":3534,"DataProviderID":1,"UsageTypeID":4,"StatusTypeID":50,"Connections":[{"ID":569452,"ConnectionTypeID":33,"StatusTypeID":50,"LevelID":3,"PowerKW":250,"CurrentTypeID":30,"Quantity":6}]},{"ID":302836,"UUID":"1FEC9B34-7D79-4EE7-8B99-DEFF5CF5FF2B","NumberOfPoints":9,"AddressInfo":{"ID":303223,"Title":"Tesla Supercharger Jinju - Lotte Mall","AddressLine1":"440 Dongjin-ro","Town":"Jinju-si","StateOrProvince":"South Gyeongsang","Postcode":"52851","CountryID":121,"Latitude":35.1802627,"Longitude":128.1397201,"DistanceUnit":0},"OperatorID":3534,"DataProviderID":1,"UsageTypeID":4,"StatusTypeID":50,"Connections":[{"ID":569451,"ConnectionTypeID":33,"StatusTypeID":50,"LevelID":3,"PowerKW":250,"CurrentTypeID":30,"Quantity":9}]},{"ID":302835,"UUID":"655EA9FC-EDC8-422A-80FA-C608D6B623EF","NumberOfPoints":8,"AddressInfo":{"ID":303222,"Title":"Tesla Supercharger Jincheon - Root Square","AddressLine1":"602-1 Naechon-ri, Iwol-myeon","Town":"Jincheon-gun","StateOrProvince":"North Chungcheong","Postcode":"27815","CountryID":121,"Latitude":36.9422,"Longitude":127.43131,"DistanceUnit":0},"OperatorID":23,"DataProviderID":1,"UsageTypeID":4,"StatusTypeID":50,"Connections":[{"ID":569450,"ConnectionTypeID":27,"StatusTypeID":50,"LevelID":3,"PowerKW":250,"CurrentTypeID":30,"Quantity":8}]},{"ID":302834,"UUID":"A164F096-9F92-4781-A48F-B34931A6E283","NumberOfPoints":8,"AddressInfo":{"ID":303221,"Title":"Tesla Supercharger Jeonju","AddressLine1":"45 Yongmeori-ro","Town":"Jeonju-si","StateOrProvince":"Jeonbuk State","Postcode":"55054","CountryID":121,"Latitude":35.80698,"Longitude":127.11566,"DistanceUnit":0},"OperatorID":3534,"DataProviderID":1,"UsageTypeID":4,"StatusTypeID":50,"Connections":[{"ID":569449,"ConnectionTypeID":33,"StatusTypeID":50,"LevelID":3,"PowerKW":250,"CurrentTypeID":30,"Quantity":8}]},{"ID":302833,"UUID":"BCA426B6-4C63-4B6A-BBD6-6E2AA067AEE4","NumberOfPoints":4,"AddressInfo":{"ID":303220,"Title":"Tesla Supercharger Jeonju - Migok Roastery","AddressLine1":"10 Geumsang-gil, Deokjin-gu","Town":"Jeonju-si","StateOrProvince":"Jeonbuk State","Postcode":"54915","CountryID":121,"Latitude":35.841771,"Longitude":127.173774,"DistanceUnit":0},"OperatorID":3534,"DataProviderID":1,"UsageTypeID":4,"StatusTypeID":50,"Connections":[{"ID":569448,"ConnectionTypeID":33,"StatusTypeID":50,"LevelID":3,"PowerKW":250,"CurrentTypeID":30,"Quantity":4}]},{"ID":302832,"UUID":"4B345C50-6B34-4926-9BC7-A86BE2E9764C","NumberOfPoints":12,"AddressInfo":{"ID":303219,"Title":"Tesla Supercharger Jeju - Seogwipo Lotte Hotel","AddressLine1":"35 Jungmungwangwang-ro 72beon-gil","Town":"Seogwipo-si","StateOrProvince":"Jeju","Postcode":"63538","CountryID":121,"Latitude":33.249844,"Longitude":126.409044,"DistanceUnit":0},"OperatorID":23,"DataProviderID":1,"UsageTypeID":4,"StatusTypeID":50,"Connections":[{"ID":569447,"ConnectionTypeID":27,"StatusTypeID":50,"LevelID":3,"PowerKW":115,"CurrentTypeID":30,"Quantity":12}]},{"ID":302831,"UUID":"68B933F6-A2F0-4832-9507-4C1548AFCF1C","NumberOfPoints":8,"AddressInfo":{"ID":303218,"Title":"Tesla Supercharger Jeju - Jeju Store","AddressLine1":"2108 Orasam-dong","Town":"Jeju","Postcode":"63148","CountryID":121,"Latitude":33.492611,"Longitude":126.50715,"DistanceUnit":0},"OperatorID":23,"DataProviderID":1,"UsageTypeID":4,"StatusTypeID":50,"Connections":[{"ID":569446,"ConnectionTypeID":27,"StatusTypeID":50,"LevelID":3,"PowerKW":250,"CurrentTypeID":30,"Quantity":8}]},{"ID":302830,"UUID":"13E0A14D-EF67-4671-AC60-926E43C315A9","NumberOfPoints":8,"AddressInfo":{"ID":303217,"Title":"Tesla Supercharger Jecheon","AddressLine1":"741 Cheongpungho-ro","Town":"Jecheon-si","StateOrProvince":"North Chungcheong","Postcode":"27209","CountryID":121,"Latitude":37.0719908,"Longitude":128.192024,"DistanceUnit":0},"OperatorID":23,"DataProviderID":1,"UsageTypeID":4,"StatusTypeID":50,"Connections":[{"ID":569445,"ConnectionTypeID":27,"StatusTypeID":50,"LevelID":3,"PowerKW":250,"CurrentTypeID":30,"Quantity":8}]},{"ID":302829,"UUID":"852F437F-756F-466F-8E6C-4DA135C7E0E3","NumberOfPoints":8,"AddressInfo":{"ID":303216,"Title":"Tesla Supercharger Jangheung - Water Science Museum","AddressLine1":"20 Haengwongangbyeon-gil","Town":"Jangheung-gun","StateOrProvince":"South Jeolla","Postcode":"59330","CountryID":121,"Latitude":34.686232,"Longitude":126.899384,"DistanceUnit":0},"OperatorID":3534,"DataProviderID":1,"UsageTypeID":4,"StatusTypeID":50,"Connections":[{"ID":569444,"ConnectionTypeID":33,"StatusTypeID":50,"LevelID":3,"PowerKW":250,"CurrentTypeID":30,"Quantity":8}]},{"ID":302828,"UUID":"0CDAF01D-49C0-4F04-B0D8-880D1E2B879A","NumberOfPoints":8,"AddressInfo":{"ID":303215,"Title":"Tesla Supercharger Inje","AddressLine1":"130 Sanghadap-ro, Girin-myeon","Town":"Inje-gun","StateOrProvince":"Gangwon State","Postcode":"24654","CountryID":121,"Latitude":38.0053,"Longitude":128.289,"DistanceUnit":0},"OperatorID":3534,"DataProviderID":1,"UsageTypeID":4,"StatusTypeID":50,"Connections":[{"ID":569443,"ConnectionTypeID":33,"StatusTypeID":50,"LevelID":3,"PowerKW":250,"CurrentTypeID":30,"Quantity":8}]},{"ID":302827,"UUID":"C0EBCFBA-C9DE-4151-8BDC-54CDC907FC9B","NumberOfPoints":6,"AddressInfo":{"ID":303214,"Title":"Tesla Supercharger Incheon - Yeonsu","AddressLine1":"16 Neungheodae-ro","Town":"Yeonsu-gu","StateOrProvince":"Incheon","Postcode":"21950","CountryID":121,"Latitude":37.428561,"Longitude":126.636262,"DistanceUnit":0},"OperatorID":3534,"DataProviderID":1,"UsageTypeID":4,"StatusTypeID":50,"Connections":[{"ID":569442,"ConnectionTypeID":33,"StatusTypeID":50,"LevelID":3,"PowerKW":250,"CurrentTypeID":30,"Quantity":6}]},{"ID":302826,"UUID":"D13BFFA5-6E87-4965-82FC-EF8DBBF3DCF9","NumberOfPoints":3,"AddressInfo":{"ID":303213,"Title":"Tesla Supercharger Incheon - Yeongjong Grand Hyatt West","AddressLine1":"208 Yeongjonghaeannam-ro 321beon-gil","Town":"Jung-gu","StateOrProvince":"Incheon","Postcode":"22382","CountryID":121,"Latitude":37.4398,"Longitude":126.4561,"DistanceUnit":0},"OperatorID":3534,"DataProviderID":1,"UsageTypeID":4,"StatusTypeID":50,"Connections":[{"ID":569441,"ConnectionTypeID":33,"StatusTypeID":50,"LevelID":3,"PowerKW":250,"CurrentTypeID":30,"Quantity":3}]},{"ID":302825,"UUID":"62E261A3-C85F-40B6-B1E2-01A1230C5137","NumberOfPoints":3,"AddressInfo":{"ID":303212,"Title":"Tesla Supercharger Incheon - Yeongjong Grand Hyatt East","AddressLine1":"208 Yeongjonghaeannam-ro 321beon-gil","Town":"Incheon","Postcode":"22382","CountryID":121,"Latitude":37.44031,"Longitude":126.45744,"DistanceUnit":0},"OperatorID":3534,"DataProviderID":1,"UsageTypeID":4,"StatusTypeID":50,"Connections":[{"ID":569440,"ConnectionTypeID":33,"StatusTypeID":50,"LevelID":3,"PowerKW":250,"CurrentTypeID":30,"Quantity":3}]},{"ID":302824,"UUID":"35D7E08F-E483-427B-A935-F4C1CF2F06DD","NumberOfPoints":8,"AddressInfo":{"ID":303211,"Title":"Tesla Supercharger Incheon - Songdo Triple Street","AddressLine1":"33-4 Songdogwahak-ro 16beon-gil","Town":"Incheon","Postcode":"21983","CountryID":121,"Latitude":37.3786776,"Longitude":126.6627964,"DistanceUnit":0},"OperatorID":3534,"DataProviderID":1,"UsageTypeID":4,"StatusTypeID":50,"Connections":[{"ID":569439,"ConnectionTypeID":33,"StatusTypeID":50,"LevelID":3,"PowerKW":250,"CurrentTypeID":30,"Quantity":8}]},{"ID":302823,"UUID":"52B8A87A-1C3D-4CF4-8397-04F4E04319B8","NumberOfPoints":4,"AddressInfo":{"ID":303210,"Title":"Tesla Supercharger Incheon - Moda Outlet","AddressLine1":"50 Bukhangro32beonan-gil","AddressLine2":"Seo-gu","Town":"Incheon","Postcode":"22772","CountryID":121,"Latitude":37.51,"Longitude":126.6478,"DistanceUnit":0},"OperatorID":3534,"DataProviderID":1,"UsageTypeID":4,"StatusTypeID":50,"Connections":[{"ID":569438,"ConnectionTypeID":33,"StatusTypeID":50,"LevelID":3,"PowerKW":250,"CurrentTypeID":30,"Quantity":4}]},{"ID":302822,"UUID":"A4E33BFE-ADB9-49A8-982E-758AE46A1BF9","NumberOfPoints":6,"AddressInfo":{"ID":303209,"Title":"Tesla Supercharger Incheon - Michuhol Alleyway","AddressLine1":"12 Sukgol-ro 88beon-gil","Town":"Incheon","Postcode":"22102","CountryID":121,"Latitude":37.470798,"Longitude":126.665855,"DistanceUnit":0},"OperatorID":23,"DataProviderID":1,"UsageTypeID":4,"StatusTypeID":50,"Connections":[{"ID":569437,"ConnectionTypeID":27,"StatusTypeID":50,"LevelID":3,"PowerKW":250,"CurrentTypeID":30,"Quantity":6}]},{"ID":302821,"UUID":"6157FC43-62D1-4D9A-A64E-73B7A0F2E7E6","NumberOfPoints":8,"AddressInfo":{"ID":303208,"Title":"Tesla Supercharger Incheon - Dongchun","AddressLine1":"825-13 Aam-daero, Yeonsu-gu","Town":"Incheon","Postcode":"21978","CountryID":121,"Latitude":37.39627,"Longitude":126.66357,"DistanceUnit":0},"OperatorID":23,"DataProviderID":1,"UsageTypeID":4,"StatusTypeID":50,"Connections":[{"ID":569436,"ConnectionTypeID":27,"StatusTypeID":50,"LevelID":3,"PowerKW":250,"CurrentTypeID":30,"Quantity":8}]},{"ID":302820,"UUID":"88D00A9E-9C4C-40EC-AF53-5EFE4D358855","NumberOfPoints":8,"AddressInfo":{"ID":303207,"Title":"Tesla Supercharger Incheon - Cheongna Square7","AddressLine1":"76 Cheongna ruby-ro","Town":"Incheon","CountryID":121,"Latitude":37.53236,"Longitude":126.64166,"DistanceUnit":0},"OperatorID":3534,"DataProviderID":1,"UsageTypeID":4,"StatusTypeID":50,"Connections":[{"ID":569435,"ConnectionTypeID":33,"StatusTypeID":50,"LevelID":3,"PowerKW":250,"CurrentTypeID":30,"Quantity":8}]},{"ID":302819,"UUID":"93AB404D-4F48-47F2-83D5-8571EA035A57","NumberOfPoints":6,"AddressInfo":{"ID":303206,"Title":"Tesla Supercharger Imsil","AddressLine1":"50 Doin 2Gil, Seongsu-myeon","Town":"Imsil-gun","StateOrProvince":"Jeonbuk State","Postcode":"55923","CountryID":121,"Latitude":35.630464,"Longitude":127.303925,"DistanceUnit":0},"OperatorID":3534,"DataProviderID":1,"UsageTypeID":4,"StatusTypeID":50,"Connections":[{"ID":569434,"ConnectionTypeID":33,"StatusTypeID":50,"LevelID":3,"PowerKW":250,"CurrentTypeID":30,"Quantity":6}]},{"ID":302818,"UUID":"D8C6DC40-8FFA-47F4-8A64-CC6142B42393","NumberOfPoints":8,"AddressInfo":{"ID":303205,"Title":"Tesla Supercharger Icheon-Termeden","AddressLine1":"984 Sasil-ro","Town":"Icheon-si","Postcode":"17398","CountryID":121,"Latitude":37.1965,"Longitude":127.4459,"DistanceUnit":0},"OperatorID":3534,"DataProviderID":1,"UsageTypeID":4,"StatusTypeID":50,"Connections":[{"ID":569433,"ConnectionTypeID":33,"StatusTypeID":50,"LevelID":3,"PowerKW":250,"CurrentTypeID":30,"Quantity":8}]},{"ID":302817,"UUID":"2E8D27F4-FA0E-4462-ABA6-70FC7756C915","NumberOfPoints":8,"AddressInfo":{"ID":303204,"Title":"Tesla Supercharger Hwaseong - Dongtan-West Cafe Astana","AddressLine1":"1203-8 Hyohaeng-ro","Town":"Hwaseong-si","StateOrProvince":"Gyeonggi","Postcode":"18385","CountryID":121,"Latitude":37.2188,"Longitude":127.05464,"DistanceUnit":0},"OperatorID":3534,"DataProviderID":1,"UsageTypeID":4,"StatusTypeID":50,"Connections":[{"ID":569432,"ConnectionTypeID":33,"StatusTypeID":50,"LevelID":3,"PowerKW":250,"CurrentTypeID":30,"Quantity":8}]},{"ID":302816,"UUID":"FE254222-222F-408F-BD3F-05C7D8E85AD5","NumberOfPoints":3,"AddressInfo":{"ID":303203,"Title":"Tesla Supercharger Hwaseong - Dongtan Lotte Department Store","AddressLine1":"160 Dongtanyuk-ro","Town":"Hwaseong-si","StateOrProvince":"Gyeonggi","Postcode":"18478","CountryID":121,"Latitude":37.2008314,"Longitude":127.0974318,"DistanceUnit":0},"OperatorID":3534,"DataProviderID":1,"UsageTypeID":4,"StatusTypeID":50,"Connections":[{"ID":569431,"ConnectionTypeID":33,"StatusTypeID":50,"LevelID":3,"PowerKW":250,"CurrentTypeID":30,"Quantity":3}]},{"ID":302815,"UUID":"42173291-D1EF-4D4E-AEA8-98BEE2F784F9","NumberOfPoints":9,"AddressInfo":{"ID":303202,"Title":"Tesla Supercharger Hwaseong - Dongtan Granvia Star","AddressLine1":"446 Dongtandaero","Town":"Hwaseong-si","Postcode":"18478","CountryID":121,"Latitude":37.1934,"Longitude":127.0999,"DistanceUnit":0},"OperatorID":3534,"DataProviderID":1,"UsageTypeID":4,"StatusTypeID":50,"Connections":[{"ID":569430,"ConnectionTypeID":33,"StatusTypeID":50,"LevelID":3,"PowerKW":250,"CurrentTypeID":30,"Quantity":9}]},{"ID":302814,"UUID":"90A42652-77A8-4833-8684-2E4975E91652","NumberOfPoints":6,"AddressInfo":{"ID":303201,"Title":"Tesla Supercharger Hwaseong - BalAn","AddressLine1":"806 Seohae-ro, Hyangnam-eup","Town":"Hwaseong-si","Postcode":"18594","CountryID":121,"Latitude":37.13485,"Longitude":126.895718,"DistanceUnit":0},"OperatorID":23,"DataProviderID":1,"UsageTypeID":4,"StatusTypeID":50,"Connections":[{"ID":569429,"ConnectionTypeID":27,"StatusTypeID":50,"LevelID":3,"PowerKW":250,"CurrentTypeID":30,"Quantity":6}]},{"ID":302813,"UUID":"83B2BBB0-43C9-4243-9CB4-5842FD3BBC88","NumberOfPoints":6,"AddressInfo":{"ID":303200,"Title":"Tesla Supercharger Hanam - Starfield","AddressLine1":"750 Misa-daero","Town":"Hanam-si","Postcode":"12942","CountryID":121,"Latitude":37.5455508,"Longitude":127.2236823,"DistanceUnit":0},"OperatorID":23,"DataProviderID":1,"UsageTypeID":4,"StatusTypeID":50,"Connections":[{"ID":569428,"ConnectionTypeID":27,"StatusTypeID":50,"LevelID":3,"PowerKW":115,"CurrentTypeID":30,"Quantity":6}]},{"ID":302812,"UUID":"61DCED8D-EE9A-408A-8704-B174A4503EFF","NumberOfPoints":6,"AddressInfo":{"ID":303199,"Title":"Tesla Supercharger Hanam - Misa","AddressLine1":"1143 Mangwol-dong","Town":"Hanam-si","Postcode":"12912","CountryID":121,"Latitude":37.568141,"Longitude":127.196951,"DistanceUnit":0},"OperatorID":3534,"DataProviderID":1,"UsageTypeID":4,"StatusTypeID":50,"Connections":[{"ID":569427,"ConnectionTypeID":33,"StatusTypeID":50,"LevelID":3,"PowerKW":250,"CurrentTypeID":30,"Quantity":6}]},{"ID":302811,"UUID":"E9CAD7EF-1E6C-4AB6-9C19-5C274443CAF8","NumberOfPoints":8,"AddressInfo":{"ID":303198,"Title":"Tesla Supercharger Hadong","AddressLine1":"426-12 Jingyo-ri, Jingyo-myeon","Town":"Hadong-gun","StateOrProvince":"South Gyeongsang","Postcode":"52345","CountryID":121,"Latitude":35.03,"Longitude":127.9039,"DistanceUnit":0},"OperatorID":3534,"DataProviderID":1,"UsageTypeID":4,"StatusTypeID":50,"Connections":[{"ID":569426,"ConnectionTypeID":33,"StatusTypeID":50,"LevelID":3,"PowerKW":250,"CurrentTypeID":30,"Quantity":8}]},{"ID":302810,"UUID":"10C85CE6-960C-4EE9-8EC6-C5667ACC375F","NumberOfPoints":6,"AddressInfo":{"ID":303197,"Title":"Tesla Supercharger Gyeongju","AddressLine1":"338 Bomun-ro","Town":"Gyeongju-si","StateOrProvince":"North Gyeongsang","Postcode":"38117","CountryID":121,"Latitude":35.85035,"Longitude":129.27715,"DistanceUnit":0},"OperatorID":3534,"DataProviderID":1,"UsageTypeID":4,"StatusTypeID":50,"Connections":[{"ID":569425,"ConnectionTypeID":33,"StatusTypeID":50,"LevelID":3,"PowerKW":250,"CurrentTypeID":30,"Quantity":6}]},{"ID":302809,"UUID":"CD3B956D-B3C7-4ECB-A1D7-B6F22AB635B4","NumberOfPoints":8,"AddressInfo":{"ID":303196,"Title":"Tesla Supercharger Gyeongju - Silla Myeongga","AddressLine1":"676-1 Top-dong","Town":"Gyeongju-si","StateOrProvince":"North Gyeongsang","Postcode":"38166","CountryID":121,"Latitude":35.820553,"Longitude":129.213584,"DistanceUnit":0},"OperatorID":3534,"DataProviderID":1,"UsageTypeID":4,"StatusTypeID":50,"Connections":[{"ID":569424,"ConnectionTypeID":33,"StatusTypeID":50,"LevelID":3,"PowerKW":250,"CurrentTypeID":30,"Quantity":8}]},{"ID":302808,"UUID":"38E7BBF6-B950-4393-94AE-4EFF5B9742C4","NumberOfPoints":6,"AddressInfo":{"ID":303195,"Title":"Tesla Supercharger Gyeonggi Gwangju","AddressLine1":"1967 Gyeongchung-daero","Town":"Gwangju-si","Postcode":"12768","CountryID":121,"Latitude":37.4033229,"Longitude":127.2233792,"DistanceUnit":0},"OperatorID":23,"DataProviderID":1,"UsageTypeID":4,"StatusTypeID":50,"Connections":[{"ID":569423,"ConnectionTypeID":27,"StatusTypeID":50,"LevelID":3,"PowerKW":250,"CurrentTypeID":30,"Quantity":6}]},{"ID":302807,"UUID":"616C7789-7F95-495A-BAC1-35E10A32B43A","NumberOfPoints":6,"AddressInfo":{"ID":303194,"Title":"Tesla Supercharger Gwangyang - LF Square","AddressLine1":"466 Sungwang-ro","Town":"Gwangyang-si","StateOrProvince":"South Jeolla","Postcode":"57764","CountryID":121,"Latitude":34.9618349,"Longitude":127.5654271,"DistanceUnit":0},"OperatorID":23,"DataProviderID":1,"UsageTypeID":4,"StatusTypeID":50,"Connections":[{"ID":569422,"ConnectionTypeID":27,"StatusTypeID":50,"LevelID":3,"PowerKW":250,"CurrentTypeID":30,"Quantity":6}]},{"ID":302806,"UUID":"D39C5EAF-BEBA-40FB-A20B-11946F2F329D","NumberOfPoints":8,"AddressInfo":{"ID":303193,"Title":"Tesla Supercharger Gwangmyeong - Gwangmyeong Station","AddressLine1":"310-1 Iljik-dong","Town":"Gwangmyeong","Postcode":"14347","CountryID":121,"Latitude":37.4156067,"Longitude":126.8825431,"DistanceUnit":0},"OperatorID":3534,"DataProviderID":1,"UsageTypeID":4,"StatusTypeID":50,"Connections":[{"ID":569421,"ConnectionTypeID":33,"StatusTypeID":50,"LevelID":3,"PowerKW":250,"CurrentTypeID":30,"Quantity":8}]},{"ID":302805,"UUID":"88C0209C-0FCF-4C57-B02F-F757F0215DF5","NumberOfPoints":3,"AddressInfo":{"ID":303192,"Title":"Tesla Supercharger Gwangmyeong - AK Plaza","AddressLine1":"19 Yangji-ro","Town":"Gwangmyeong","Postcode":"14345","CountryID":121,"Latitude":37.419172,"Longitude":126.8821175,"DistanceUnit":0},"OperatorID":3534,"DataProviderID":1,"UsageTypeID":4,"StatusTypeID":50,"Connections":[{"ID":569420,"ConnectionTypeID":33,"StatusTypeID":50,"LevelID":3,"PowerKW":250,"CurrentTypeID":30,"Quantity":3}]},{"ID":302804,"UUID":"A483332E-675E-48B1-8641-C73660F29FA0","NumberOfPoints":6,"AddressInfo":{"ID":303191,"Title":"Tesla Supercharger Gwangju - U Square","AddressLine1":"904 Mujin-daero","Town":"Gwangju","Postcode":"61937","CountryID":121,"Latitude":35.1597,"Longitude":126.8818,"DistanceUnit":0},"OperatorID":3534,"DataProviderID":1,"UsageTypeID":4,"StatusTypeID":50,"Connections":[{"ID":569419,"ConnectionTypeID":33,"StatusTypeID":50,"LevelID":3,"PowerKW":250,"CurrentTypeID":30,"Quantity":6}]},{"ID":302803,"UUID":"342403B7-6DE3-49B6-B6BD-6626FB6BD13C","NumberOfPoints":6,"AddressInfo":{"ID":303190,"Title":"Tesla Supercharger Gwangju - Cheomdan","AddressLine1":"19-20 Imbangul-daero 826beon-gil","Town":"Gwangju","Postcode":"62277","CountryID":121,"Latitude":35.21649,"Longitude":126.84926,"DistanceUnit":0},"OperatorID":3534,"DataProviderID":1,"UsageTypeID":4,"StatusTypeID":50,"Connections":[{"ID":569418,"ConnectionTypeID":33,"StatusTypeID":50,"LevelID":3,"PowerKW":250,"CurrentTypeID":30,"Quantity":6}]},{"ID":302802,"UUID":"B51F1895-CC21-4925-8920-6BC930ACF2BB","NumberOfPoints":6,"AddressInfo":{"ID":303189,"Title":"Tesla Supercharger Gwanggyo Joongang","AddressLine1":"10 Docheong-ro","Town":"Suwon-si","Postcode":"16508","CountryID":121,"Latitude":37.28656,"Longitude":127.05594,"DistanceUnit":0},"OperatorID":3534,"DataProviderID":1,"UsageTypeID":4,"StatusTypeID":50,"Connections":[{"ID":569417,"ConnectionTypeID":33,"StatusTypeID":50,"LevelID":3,"PowerKW":250,"CurrentTypeID":30,"Quantity":6}]},{"ID":302801,"UUID":"E2B307BA-8948-49E4-BBC6-4292E51AE84E","NumberOfPoints":8,"AddressInfo":{"ID":303188,"Title":"Tesla Supercharger Guri Moda Outlet","AddressLine1":"230 Gyeongchunbuk-ro","Town":"Guri-si","StateOrProvince":"Gyeonggi","Postcode":"11901","CountryID":121,"Latitude":37.6333,"Longitude":127.1159,"DistanceUnit":0},"OperatorID":3534,"DataProviderID":1,"UsageTypeID":4,"StatusTypeID":50,"Connections":[{"ID":569416,"ConnectionTypeID":33,"StatusTypeID":50,"LevelID":3,"PowerKW":250,"CurrentTypeID":30,"Quantity":8}]},{"ID":302800,"UUID":"FD5C1F58-1691-45DD-84C9-0EE53C945B16","NumberOfPoints":8,"AddressInfo":{"ID":303187,"Title":"Tesla Supercharger Gunsan - Daeya","AddressLine1":"1321 Beon yeong-ro, Daeya-myeon","Town":"Gunsan-si","StateOrProvince":"Jeonbuk State","Postcode":"54309","CountryID":121,"Latitude":35.937086,"Longitude":126.855631,"DistanceUnit":0},"OperatorID":23,"DataProviderID":1,"UsageTypeID":4,"StatusTypeID":50,"Connections":[{"ID":569415,"ConnectionTypeID":27,"StatusTypeID":50,"LevelID":3,"PowerKW":115,"CurrentTypeID":30,"Quantity":8}]},{"ID":302799,"UUID":"5FD2A0AA-B7B8-44AE-8601-CEF0D519BDB5","NumberOfPoints":8,"AddressInfo":{"ID":303186,"Title":"Tesla Supercharger Gunpo - AK Plaza","AddressLine1":"143 LS-ro","Town":"Gunpo-si","StateOrProvince":"Gyeonggi","Postcode":"15809","CountryID":121,"Latitude":37.3729,"Longitude":126.9443,"DistanceUnit":0},"OperatorID":3534,"DataProviderID":1,"UsageTypeID":4,"StatusTypeID":50,"Connections":[{"ID":569414,"ConnectionTypeID":33,"StatusTypeID":50,"LevelID":3,"PowerKW":250,"CurrentTypeID":30,"Quantity":8}]},{"ID":302798,"UUID":"B3BCA146-DD99-4036-A627-D84022EE436D","NumberOfPoints":8,"AddressInfo":{"ID":303185,"Title":"Tesla Supercharger Gumi-Hyeonggok","AddressLine1":"74-4 Saemaeul-ro","Town":"Gumi-si","StateOrProvince":"North Gyeongsang","Postcode":"39324","CountryID":121,"Latitude":36.10851,"Longitude":128.345842,"DistanceUnit":0},"OperatorID":3534,"DataProviderID":1,"UsageTypeID":4,"StatusTypeID":50,"Connections":[{"ID":569413,"ConnectionTypeID":33,"StatusTypeID":50,"LevelID":3,"PowerKW":250,"CurrentTypeID":30,"Quantity":8}]},{"ID":302797,"UUID":"AC276904-8FEC-4E11-8982-0DCAAE24BF9F","NumberOfPoints":6,"AddressInfo":{"ID":303184,"Title":"Tesla Supercharger Goyang-Haengju","AddressLine1":"487 487, Jayu-ro","Town":"Goyang-si","Postcode":"10440","CountryID":121,"Latitude":37.6034,"Longitude":126.8217,"DistanceUnit":0},"OperatorID":3534,"DataProviderID":1,"UsageTypeID":4,"StatusTypeID":50,"Connections":[{"ID":569412,"ConnectionTypeID":33,"StatusTypeID":50,"LevelID":3,"PowerKW":250,"CurrentTypeID":30,"Quantity":6}]},{"ID":302796,"UUID":"9F33F25F-4A15-471D-BB7B-06300CBED6CF","NumberOfPoints":4,"AddressInfo":{"ID":303183,"Title":"Tesla Supercharger Goyang - Sono Calm","AddressLine1":"20 Taegeungro, Ilsandonggu","Town":"Goyang-si","Postcode":"10394","CountryID":121,"Latitude":37.661945,"Longitude":126.750771,"DistanceUnit":0},"OperatorID":23,"DataProviderID":1,"UsageTypeID":4,"StatusTypeID":50,"Connections":[{"ID":569411,"ConnectionTypeID":27,"StatusTypeID":50,"LevelID":3,"PowerKW":115,"CurrentTypeID":30,"Quantity":4}]},{"ID":302795,"UUID":"66D7A29D-3CB4-437D-9090-1917898E8C90","NumberOfPoints":11,"AddressInfo":{"ID":303182,"Title":"Tesla Supercharger Goyang - OneMount","AddressLine1":"300 Hallyu world-ro","Town":"Goyang-si","Postcode":"10391","CountryID":121,"Latitude":37.6654,"Longitude":126.7548,"DistanceUnit":0},"OperatorID":3534,"DataProviderID":1,"UsageTypeID":4,"StatusTypeID":50,"Connections":[{"ID":569410,"ConnectionTypeID":33,"StatusTypeID":50,"LevelID":3,"PowerKW":250,"CurrentTypeID":30,"Quantity":11}]},{"ID":302794,"UUID":"4BD477FB-571C-42C7-B786-B7D3E0A9FA0B","NumberOfPoints":8,"AddressInfo":{"ID":303181,"Title":"Tesla Supercharger Goyang - Ilsan N2Wash","AddressLine1":"31  Janghang-ro, Ilsandong-gu","Town":"Goyang-si","StateOrProvince":"Gyeonggi","Postcode":"10431","CountryID":121,"Latitude":37.62986,"Longitude":126.7909,"DistanceUnit":0},"OperatorID":23,"DataProviderID":1,"UsageTypeID":4,"StatusTypeID":50,"Connections":[{"ID":569409,"ConnectionTypeID":27,"StatusTypeID":50,"LevelID":3,"PowerKW":250,"CurrentTypeID":30,"Quantity":8}]},{"ID":302793,"UUID":"73E8943E-F009-4B14-B78C-BCD1231A44C4","NumberOfPoints":8,"AddressInfo":{"ID":303180,"Title":"Tesla Supercharger Goyang - Donaedong","AddressLine1":"449 Gwonyul-daero","Town":"Goyang-si","Postcode":"10551","CountryID":121,"Latitude":37.632701,"Longitude":126.864688,"DistanceUnit":0},"OperatorID":3534,"DataProviderID":1,"UsageTypeID":4,"StatusTypeID":50,"Connections":[{"ID":569408,"ConnectionTypeID":33,"StatusTypeID":50,"LevelID":3,"PowerKW":250,"CurrentTypeID":30,"Quantity":8}]},{"ID":302792,"UUID":"5F40AA68-CAA7-4D8A-986F-F26E227C1773","NumberOfPoints":8,"AddressInfo":{"ID":303179,"Title":"Tesla Supercharger Goseong - Ocean to You Resort","AddressLine1":"9 Sampohaebyeon-gil","Town":"Goseong-gun","StateOrProvince":"Gangwon State","Postcode":"24750","CountryID":121,"Latitude":38.3161,"Longitude":128.5311,"DistanceUnit":0},"OperatorID":3534,"DataProviderID":1,"UsageTypeID":4,"StatusTypeID":50,"Connections":[{"ID":569407,"ConnectionTypeID":33,"StatusTypeID":50,"LevelID":3,"PowerKW":250,"CurrentTypeID":30,"Quantity":8}]},{"ID":302791,"UUID":"820A2A9E-62E3-48B3-85DD-784C3B89EF74","NumberOfPoints":6,"AddressInfo":{"ID":303178,"Title":"Tesla Supercharger Gimpo - Gurae","AddressLine1":"487 Gimpohangang 4-ro","Town":"Gimpo-si","Postcode":"10071","CountryID":121,"Latitude":37.6463583,"Longitude":126.6303188,"DistanceUnit":0},"OperatorID":23,"DataProviderID":1,"UsageTypeID":4,"StatusTypeID":50,"Connections":[{"ID":569406,"ConnectionTypeID":27,"StatusTypeID":50,"LevelID":3,"PowerKW":250,"CurrentTypeID":30,"Quantity":6}]},{"ID":302790,"UUID":"89E843FE-627C-43FC-9F29-2329F2B05F71","NumberOfPoints":8,"AddressInfo":{"ID":303177,"Title":"Tesla Supercharger Gimhae - Juchon","AddressLine1":"1566-3 1566-3 Cheongok-ri","Town":"Gimhae-si","StateOrProvince":"South Gyeongsang","Postcode":"51025","CountryID":121,"Latitude":35.230323,"Longitude":128.841529,"DistanceUnit":0},"OperatorID":3534,"DataProviderID":1,"UsageTypeID":4,"StatusTypeID":50,"Connections":[{"ID":569405,"ConnectionTypeID":33,"StatusTypeID":50,"LevelID":3,"PowerKW":250,"CurrentTypeID":30,"Quantity":8}]},{"ID":302789,"UUID":"87F56976-2820-40F1-BAE3-E15EB2F35EC4","NumberOfPoints":8,"AddressInfo":{"ID":303176,"Title":"Tesla Supercharger Gimcheon - Moda Outlet","AddressLine1":"1417 Apodae-ro Apo-eup","Town":"Gimcheon-si","StateOrProvince":"Gyeongsang","Postcode":"39213","CountryID":121,"Latitude":36.1551,"Longitude":128.28075,"DistanceUnit":0},"OperatorID":3534,"DataProviderID":1,"UsageTypeID":4,"StatusTypeID":50,"Connections":[{"ID":569404,"ConnectionTypeID":33,"StatusTypeID":50,"LevelID":3,"PowerKW":250,"CurrentTypeID":30,"Quantity":8}]},{"ID":302788,"UUID":"F209EE2D-6450-44FE-BC5C-741475C4FA20","NumberOfPoints":6,"AddressInfo":{"ID":303175,"Title":"Tesla Supercharger Gapyeong - Seorak","AddressLine1":"3 Misari-ro","Town":"Gapyeong-gun","Postcode":"12465","CountryID":121,"Latitude":37.6864514,"Longitude":127.4936297,"DistanceUnit":0},"OperatorID":23,"DataProviderID":1,"UsageTypeID":4,"StatusTypeID":50,"Connections":[{"ID":569403,"ConnectionTypeID":27,"StatusTypeID":50,"LevelID":3,"PowerKW":115,"CurrentTypeID":30,"Quantity":6}]},{"ID":302787,"UUID":"5A38E5F0-D5C5-4792-A29D-87B99EBD1D31","NumberOfPoints":8,"AddressInfo":{"ID":303174,"Title":"Tesla Supercharger Gangneung - Terarosa","AddressLine1":"25 25, Hyeoncheon-gil, Gujeong-myeon","Town":"Gangneung-si","StateOrProvince":"Gangwon State","Postcode":"25623","CountryID":121,"Latitude":37.695736,"Longitude":128.892684,"DistanceUnit":0},"OperatorID":3534,"DataProviderID":1,"UsageTypeID":4,"StatusTypeID":50,"Connections":[{"ID":569402,"ConnectionTypeID":33,"StatusTypeID":50,"LevelID":3,"PowerKW":250,"CurrentTypeID":30,"Quantity":8}]},{"ID":302786,"UUID":"743377A8-80F4-471B-AB13-92D55C30F29C","NumberOfPoints":8,"AddressInfo":{"ID":303173,"Title":"Tesla Supercharger Ganghwa - Seaside Resort","AddressLine1":"217 Jangheung-ro, Gilsang-myeon","Town":"Ganghwa-gun","StateOrProvince":"Incheon","Postcode":"23050","CountryID":121,"Latitude":37.617614,"Longitude":126.499057,"DistanceUnit":0},"OperatorID":3534,"DataProviderID":1,"UsageTypeID":4,"StatusTypeID":50,"Connections":[{"ID":569401,"ConnectionTypeID":33,"StatusTypeID":50,"LevelID":3,"PowerKW":250,"CurrentTypeID":30,"Quantity":8}]},{"ID":302785,"UUID":"ECA1E403-2C9A-43ED-9529-768B7835224C","NumberOfPoints":8,"AddressInfo":{"ID":303172,"Title":"Tesla Supercharger Eumseong - Geumwang","AddressLine1":"1356 Daegeum-ro","Town":"Geumwang","StateOrProvince":"North Chungcheong","Postcode":"27633","CountryID":121,"Latitude":36.985446,"Longitude":127.583801,"DistanceUnit":0},"OperatorID":3534,"DataProviderID":1,"UsageTypeID":4,"StatusTypeID":50,"Connections":[{"ID":569400,"ConnectionTypeID":33,"StatusTypeID":50,"LevelID":3,"PowerKW":250,"CurrentTypeID":30,"Quantity":8}]},{"ID":302784,"UUID":"C4D7DCC0-C68A-4DB9-9F69-3B08BD3DE944","NumberOfPoints":8,"AddressInfo":{"ID":303171,"Title":"Tesla Supercharger Eumseong - Daeso","AddressLine1":"25-18 Daeseong-ro 77beon-gil","Town":"Eumseong-gun","StateOrProvince":"North Chungcheong","Postcode":"27660","CountryID":121,"Latitude":36.976692,"Longitude":127.486966,"DistanceUnit":0},"OperatorID":3534,"DataProviderID":1,"UsageTypeID":4,"StatusTypeID":50,"Connections":[{"ID":569399,"ConnectionTypeID":33,"StatusTypeID":50,"LevelID":3,"PowerKW":250,"CurrentTypeID":30,"Quantity":8}]},{"ID":302783,"UUID":"99C91215-8FD3-4ABD-BE5C-7231298AFD53","NumberOfPoints":3,"AddressInfo":{"ID":303170,"Title":"Tesla Supercharger Euiwang - Lotte Time Villas","AddressLine1":"1 Barasan-ro","Town":"Uiwang-si","Postcode":"16016","CountryID":121,"Latitude":37.3756355,"Longitude":127.0094715,"DistanceUnit":0},"OperatorID":3534,"DataProviderID":1,"UsageTypeID":4,"StatusTypeID":50,"Connections":[{"ID":569398,"ConnectionTypeID":33,"StatusTypeID":50,"LevelID":3,"PowerKW":250,"CurrentTypeID":30,"Quantity":3}]},{"ID":302782,"UUID":"BE6C5D4E-1F92-4D64-90A7-E2B6AD43921C","NumberOfPoints":6,"AddressInfo":{"ID":303169,"Title":"Tesla Supercharger Donghae","AddressLine1":"361-1 361-1 Cheongok-dong","Town":"Donghae-si","StateOrProvince":"Gangwon State","Postcode":"25750","CountryID":121,"Latitude":37.514458,"Longitude":129.103181,"DistanceUnit":0},"OperatorID":3534,"DataProviderID":1,"UsageTypeID":4,"StatusTypeID":50,"Connections":[{"ID":569397,"ConnectionTypeID":33,"StatusTypeID":50,"LevelID":3,"PowerKW":250,"CurrentTypeID":30,"Quantity":6}]},{"ID":302781,"UUID":"C959808F-C741-41D5-9988-89D808A43423","NumberOfPoints":4,"AddressInfo":{"ID":303168,"Title":"Tesla Supercharger Dangjin","AddressLine1":"590-3 Gahak-ri","Town":"Dangjin-si","StateOrProvince":"South Chungcheong","Postcode":"31733","CountryID":121,"Latitude":36.909503,"Longitude":126.6940747,"DistanceUnit":0},"OperatorID":23,"DataProviderID":1,"UsageTypeID":4,"StatusTypeID":50,"Connections":[{"ID":569396,"ConnectionTypeID":27,"StatusTypeID":50,"LevelID":3,"PowerKW":115,"CurrentTypeID":30,"Quantity":4}]},{"ID":302780,"UUID":"34F9E959-4A83-494D-B98F-246E8E163D91","NumberOfPoints":8,"AddressInfo":{"ID":303167,"Title":"Tesla Supercharger Dangjin - Haengdamdo Moda Outlet","AddressLine1":"276 Seohaean Expressway","Town":"Dangjin-si","StateOrProvince":"South Chungcheong","Postcode":"17962","CountryID":121,"Latitude":36.940999,"Longitude":126.81087,"DistanceUnit":0},"OperatorID":3534,"DataProviderID":1,"UsageTypeID":4,"StatusTypeID":50,"Connections":[{"ID":569395,"ConnectionTypeID":33,"StatusTypeID":50,"LevelID":3,"PowerKW":250,"CurrentTypeID":30,"Quantity":8}]},{"ID":302779,"UUID":"47B24ABA-670C-4CF4-A1DC-08134695BA00","NumberOfPoints":6,"AddressInfo":{"ID":303166,"Title":"Tesla Supercharger Daejeon -  Lotte Department Store","AddressLine1":"598 Gyeryong-ro","Town":"Daejeon","Postcode":"35300","CountryID":121,"Latitude":36.34076,"Longitude":127.38949,"DistanceUnit":0},"OperatorID":3534,"DataProviderID":1,"UsageTypeID":4,"StatusTypeID":50,"Connections":[{"ID":569394,"ConnectionTypeID":33,"StatusTypeID":50,"LevelID":3,"PowerKW":250,"CurrentTypeID":30,"Quantity":6}]},{"ID":302778,"UUID":"5D052A38-1FC7-47B4-9D01-E0148CD88055","NumberOfPoints":8,"AddressInfo":{"ID":303165,"Title":"Tesla Supercharger Daegwallyeong","AddressLine1":"5754 Gyeonggang-ro","Town":"Pyeongchang-gun","StateOrProvince":"Gangwon State","Postcode":"25342","CountryID":121,"Latitude":37.68522,"Longitude":128.757668,"DistanceUnit":0},"OperatorID":3534,"DataProviderID":1,"UsageTypeID":4,"StatusTypeID":50,"Connections":[{"ID":569393,"ConnectionTypeID":33,"StatusTypeID":50,"LevelID":3,"PowerKW":250,"CurrentTypeID":30,"Quantity":8}]},{"ID":302777,"UUID":"62A332ED-B8E5-40B3-A48D-9A08A364F50F","NumberOfPoints":8,"AddressInfo":{"ID":303164,"Title":"Tesla Supercharger Daegu - Suseong","AddressLine1":"18 Suseongmot 6-gil","Town":"Suseong-gu","StateOrProvince":"Daegu","Postcode":"42187","CountryID":121,"Latitude":35.82726,"Longitude":128.62369,"DistanceUnit":0},"OperatorID":23,"DataProviderID":1,"UsageTypeID":4,"StatusTypeID":50,"Connections":[{"ID":569392,"ConnectionTypeID":27,"StatusTypeID":50,"LevelID":3,"PowerKW":250,"CurrentTypeID":30,"Quantity":8}]},{"ID":302776,"UUID":"92F9E00F-A783-4B36-A258-36625ED0A118","NumberOfPoints":6,"AddressInfo":{"ID":303163,"Title":"Tesla Supercharger Daegu - Esiapolis","AddressLine1":"16 Palgong-ro 49 gil, Dong-gu","Town":"Daegu","Postcode":"41027","CountryID":121,"Latitude":35.9229,"Longitude":128.63571,"DistanceUnit":0},"OperatorID":3534,"DataProviderID":1,"UsageTypeID":4,"StatusTypeID":50,"Connections":[{"ID":569391,"ConnectionTypeID":33,"StatusTypeID":50,"LevelID":3,"PowerKW":250,"CurrentTypeID":30,"Quantity":6}]},{"ID":302775,"UUID":"3422663F-ACDA-4C92-8EF4-EB35C9947388","NumberOfPoints":6,"AddressInfo":{"ID":303162,"Title":"Tesla Supercharger Daegu - EXCO","AddressLine1":"10 Exco-ro, Buk-gu","Town":"Daegu","Postcode":"41520","CountryID":121,"Latitude":35.907022,"Longitude":128.613115,"DistanceUnit":0},"OperatorID":23,"DataProviderID":1,"UsageTypeID":4,"StatusTypeID":50,"Connections":[{"ID":569390,"ConnectionTypeID":27,"StatusTypeID":50,"LevelID":3,"PowerKW":115,"CurrentTypeID":30,"Quantity":6}]},{"ID":302774,"UUID":"9505D131-E301-4437-A719-F87B93B08165","NumberOfPoints":8,"AddressInfo":{"ID":303161,"Title":"Tesla Supercharger Chungju - Moda Outlet","AddressLine1":"3683 Jungwon-daero","Town":"Chungju-si","StateOrProvince":"North Chungcheong","Postcode":"27476","CountryID":121,"Latitude":36.961,"Longitude":127.8998,"DistanceUnit":0},"OperatorID":3534,"DataProviderID":1,"UsageTypeID":4,"StatusTypeID":50,"Connections":[{"ID":569389,"ConnectionTypeID":33,"StatusTypeID":50,"LevelID":3,"PowerKW":250,"CurrentTypeID":30,"Quantity":8}]},{"ID":302773,"UUID":"4FFEAB16-70FD-4713-937A-151828AB3754","NumberOfPoints":8,"AddressInfo":{"ID":303160,"Title":"Tesla Supercharger Chungju - Daesowon Home Mart","AddressLine1":"26 Gieopdosi-ro, Daesowon-myeon","Town":"Chungju-si","StateOrProvince":"North Chungcheong","Postcode":"27465","CountryID":121,"Latitude":37.0016,"Longitude":127.83573,"DistanceUnit":0},"OperatorID":23,"DataProviderID":1,"UsageTypeID":4,"StatusTypeID":50,"Connections":[{"ID":569388,"ConnectionTypeID":27,"StatusTypeID":50,"LevelID":3,"PowerKW":250,"CurrentTypeID":30,"Quantity":8}]},{"ID":302772,"UUID":"7202D4F2-5CD7-4B1A-90A8-46307ABF7B58","NumberOfPoints":6,"AddressInfo":{"ID":303159,"Title":"Tesla Supercharger Chuncheon - ENTA 2022","AddressLine1":"120 Huseok-ro","Town":"Chuncheon-si","StateOrProvince":"Gangwon State","Postcode":"24326","CountryID":121,"Latitude":37.86326,"Longitude":127.74814,"DistanceUnit":0},"OperatorID":3534,"DataProviderID":1,"UsageTypeID":4,"StatusTypeID":50,"Connections":[{"ID":569387,"ConnectionTypeID":33,"StatusTypeID":50,"LevelID":3,"PowerKW":250,"CurrentTypeID":30,"Quantity":6}]},{"ID":302771,"UUID":"DC086625-124C-45B6-AA11-4CEE8296D2EE","NumberOfPoints":8,"AddressInfo":{"ID":303158,"Title":"Tesla Supercharger Cheongju","AddressLine1":"191 Yullyang-ro","Town":"Cheongju-si","StateOrProvince":"North Chungcheong","Postcode":"28319","CountryID":121,"Latitude":36.66529,"Longitude":127.4993,"DistanceUnit":0},"OperatorID":3534,"DataProviderID":1,"UsageTypeID":4,"StatusTypeID":50,"Connections":[{"ID":569386,"ConnectionTypeID":33,"StatusTypeID":50,"LevelID":3,"PowerKW":250,"CurrentTypeID":30,"Quantity":8}]},{"ID":302769,"UUID":"9B29581D-BA13-4669-803F-1D119056006E","NumberOfPoints":12,"AddressInfo":{"ID":303156,"Title":"Tesla Supercharger Cheongju - Gangseo","AddressLine1":"191 Gaposan-ro","Town":"Cheongju-si","StateOrProvince":"North Chungcheong","Postcode":"28382","CountryID":121,"Latitude":36.6154,"Longitude":127.4213,"DistanceUnit":0},"OperatorID":3534,"DataProviderID":1,"UsageTypeID":4,"StatusTypeID":50,"Connections":[{"ID":569384,"ConnectionTypeID":33,"StatusTypeID":50,"LevelID":3,"PowerKW":250,"CurrentTypeID":30,"Quantity":12}]},{"ID":302768,"UUID":"4A6CDD0F-DE4B-44C7-B84C-BC5FB557BD56","NumberOfPoints":6,"AddressInfo":{"ID":303155,"Title":"Tesla Supercharger Cheongdo","AddressLine1":"1376 Saemaeul-ro","Town":"Cheongdo-gun","StateOrProvince":"North Gyeongsang","Postcode":"38337","CountryID":121,"Latitude":35.6541179,"Longitude":128.749351,"DistanceUnit":0},"OperatorID":23,"DataProviderID":1,"UsageTypeID":4,"StatusTypeID":50,"Connections":[{"ID":569383,"ConnectionTypeID":27,"StatusTypeID":50,"LevelID":3,"PowerKW":250,"CurrentTypeID":30,"Quantity":6}]},{"ID":302767,"UUID":"BA3B19D1-5664-4D16-AF93-CCA9268A1741","NumberOfPoints":6,"AddressInfo":{"ID":303154,"Title":"Tesla Supercharger Cheonan - Central Church","AddressLine1":"27 Budaejungang-gil","Town":"Cheonan-si","StateOrProvince":"South Chungcheong","Postcode":"31080","CountryID":121,"Latitude":36.841505,"Longitude":127.151312,"DistanceUnit":0},"OperatorID":3534,"DataProviderID":1,"UsageTypeID":4,"StatusTypeID":50,"Connections":[{"ID":569382,"ConnectionTypeID":33,"StatusTypeID":50,"LevelID":3,"PowerKW":250,"CurrentTypeID":30,"Quantity":6}]},{"ID":302766,"UUID":"7FAA4D6C-9B7E-401C-A9BA-23A943CDFF1C","NumberOfPoints":6,"AddressInfo":{"ID":303153,"Title":"Tesla Supercharger Changwon","AddressLine1":"13 Jungang-daero 100beon-gil","Town":"Changwon-si","StateOrProvince":"South Gyeongsang","Postcode":"51506","CountryID":121,"Latitude":35.223019,"Longitude":128.6810224,"DistanceUnit":0},"OperatorID":23,"DataProviderID":1,"UsageTypeID":4,"StatusTypeID":50,"Connections":[{"ID":569381,"ConnectionTypeID":27,"StatusTypeID":50,"LevelID":3,"PowerKW":250,"CurrentTypeID":30,"Quantity":6}]},{"ID":302765,"UUID":"2BECD674-C998-4E1A-8B95-E4DE1D32F8C7","NumberOfPoints":8,"AddressInfo":{"ID":303152,"Title":"Tesla Supercharger Buyeo - Lotte Premium Outlet","AddressLine1":"387 Baekjemun-ro","Town":"Buyeo-gun","StateOrProvince":"South Chungcheong","Postcode":"33115","CountryID":121,"Latitude":36.305926,"Longitude":126.900338,"DistanceUnit":0},"OperatorID":3534,"DataProviderID":1,"UsageTypeID":4,"StatusTypeID":50,"Connections":[{"ID":569380,"ConnectionTypeID":33,"StatusTypeID":50,"LevelID":3,"PowerKW":250,"CurrentTypeID":30,"Quantity":8}]},{"ID":302764,"UUID":"350617B9-C191-41E6-864F-21A3CECFBDCB","NumberOfPoints":4,"AddressInfo":{"ID":303151,"Title":"Tesla Supercharger Busan - Yeonje","AddressLine1":"290 Jwasuyeong-ro, Yeonje-gu","Town":"Busan","Postcode":"47569","CountryID":121,"Latitude":35.1883718,"Longitude":129.1102384,"DistanceUnit":0},"OperatorID":23,"DataProviderID":1,"UsageTypeID":4,"StatusTypeID":50,"Connections":[{"ID":569379,"ConnectionTypeID":27,"StatusTypeID":50,"LevelID":3,"PowerKW":115,"CurrentTypeID":30,"Quantity":4}]},{"ID":302763,"UUID":"1403B12A-2728-460F-BC2E-BA5C75B5AAE8","NumberOfPoints":6,"AddressInfo":{"ID":303150,"Title":"Tesla Supercharger Busan - Nongshim Hotel","AddressLine1":"20beon-gil Geumganggongwon-ro","Town":"Busan","Postcode":"47709","CountryID":121,"Latitude":35.219655,"Longitude":129.08299,"DistanceUnit":0},"OperatorID":3534,"DataProviderID":1,"UsageTypeID":4,"StatusTypeID":50,"Connections":[{"ID":569378,"ConnectionTypeID":33,"StatusTypeID":50,"LevelID":3,"PowerKW":250,"CurrentTypeID":30,"Quantity":6}]},{"ID":302762,"UUID":"97D51DF5-442B-46E9-8DC5-6E46958FBF73","NumberOfPoints":4,"AddressInfo":{"ID":303149,"Title":"Tesla Supercharger Busan - Namgu IFC","AddressLine1":"133 Jeonpo-daero","AddressLine2":"Nam-gu","Town":"Busan","Postcode":"48400","CountryID":121,"Latitude":35.1482786,"Longitude":129.0654386,"DistanceUnit":0},"OperatorID":23,"DataProviderID":1,"UsageTypeID":4,"StatusTypeID":50,"Connections":[{"ID":569377,"ConnectionTypeID":27,"StatusTypeID":50,"LevelID":3,"PowerKW":115,"CurrentTypeID":30,"Quantity":4}]},{"ID":302761,"UUID":"3157FC30-9A2D-4E29-982D-24C3BA63CCFF","NumberOfPoints":6,"AddressInfo":{"ID":303148,"Title":"Tesla Supercharger Busan - KNN Tower","AddressLine1":"30 Centum seo-ro","Town":"Busan","Postcode":"48059","CountryID":121,"Latitude":35.172067,"Longitude":129.128469,"DistanceUnit":0},"OperatorID":3534,"DataProviderID":1,"UsageTypeID":4,"StatusTypeID":50,"Connections":[{"ID":569376,"ConnectionTypeID":33,"StatusTypeID":50,"LevelID":3,"PowerKW":250,"CurrentTypeID":30,"Quantity":6}]},{"ID":302760,"UUID":"A01845B5-A97E-41BD-846B-6EF54D2F2BE2","NumberOfPoints":6,"AddressInfo":{"ID":303147,"Title":"Tesla Supercharger Busan - Haewoondae Paradise","AddressLine1":"296 Haeundaehaebyeon-ro, Haeundae-gu","Town":"Busan","Postcode":"48099","CountryID":121,"Latitude":35.160676,"Longitude":129.163823,"DistanceUnit":0},"OperatorID":23,"DataProviderID":1,"UsageTypeID":4,"StatusTypeID":50,"Connections":[{"ID":569375,"ConnectionTypeID":27,"StatusTypeID":50,"LevelID":3,"PowerKW":115,"CurrentTypeID":30,"Quantity":6}]},{"ID":302759,"UUID":"1514FD17-D3CB-4884-81FF-ABC5C112F69B","NumberOfPoints":6,"AddressInfo":{"ID":303146,"Title":"Tesla Supercharger Busan - Hadan Artmalling","AddressLine1":"1413 Nakdongnam-ro","AddressLine2":"Saha-gu","Town":"Busan","Postcode":"49309","CountryID":121,"Latitude":35.1068,"Longitude":128.9664,"DistanceUnit":0},"OperatorID":3534,"DataProviderID":1,"UsageTypeID":4,"StatusTypeID":50,"Connections":[{"ID":569374,"ConnectionTypeID":33,"StatusTypeID":50,"LevelID":3,"PowerKW":250,"CurrentTypeID":30,"Quantity":6}]},{"ID":302758,"UUID":"F6217E47-100F-459F-8CC6-D811746933C7","NumberOfPoints":12,"AddressInfo":{"ID":303145,"Title":"Tesla Supercharger Busan - Gijang","AddressLine1":"147 Gijanghaean-ro, Gijang-eup","Town":"Gijang-gun","StateOrProvince":"Busan","Postcode":"46084","CountryID":121,"Latitude":35.1931,"Longitude":129.2115,"DistanceUnit":0},"OperatorID":3534,"DataProviderID":1,"UsageTypeID":4,"StatusTypeID":50,"Connections":[{"ID":569373,"ConnectionTypeID":33,"StatusTypeID":50,"LevelID":3,"PowerKW":250,"CurrentTypeID":30,"Quantity":12}]},{"ID":302757,"UUID":"89FCDD0E-DDC6-4BBE-B43E-DBDFFFE4D15C","NumberOfPoints":6,"AddressInfo":{"ID":303144,"Title":"Tesla Supercharger Busan - Gangseo Daejeo","AddressLine1":"361-68 Daejeo 1(il)-dong","Town":"Busan","Postcode":"46702","CountryID":121,"Latitude":35.2193918,"Longitude":128.9883314,"DistanceUnit":0},"OperatorID":23,"DataProviderID":1,"UsageTypeID":4,"StatusTypeID":50,"Connections":[{"ID":569372,"ConnectionTypeID":27,"StatusTypeID":50,"LevelID":3,"PowerKW":115,"CurrentTypeID":30,"Quantity":6}]},{"ID":302756,"UUID":"62ED6EA2-C7F0-497B-B80A-1724BCED4975","NumberOfPoints":6,"AddressInfo":{"ID":303143,"Title":"Tesla Supercharger Busan - Centum City","AddressLine1":"59 Centum nam-daero","Town":"Busan","Postcode":"48058","CountryID":121,"Latitude":35.169604,"Longitude":129.13121,"DistanceUnit":0},"OperatorID":3534,"DataProviderID":1,"UsageTypeID":4,"StatusTypeID":50,"Connections":[{"ID":569371,"ConnectionTypeID":33,"StatusTypeID":50,"LevelID":3,"PowerKW":250,"CurrentTypeID":30,"Quantity":6}]},{"ID":302755,"UUID":"514C29DC-BFCA-45F8-8784-5F3A89E36917","NumberOfPoints":9,"AddressInfo":{"ID":303142,"Title":"Tesla Supercharger Bucheon","AddressLine1":"300 Gilju-ro","Town":"Bucheon-si","StateOrProvince":"Gyeonggi","Postcode":"14548","CountryID":121,"Latitude":37.50255,"Longitude":126.775018,"DistanceUnit":0},"OperatorID":3534,"DataProviderID":1,"UsageTypeID":4,"StatusTypeID":50,"Connections":[{"ID":569370,"ConnectionTypeID":33,"StatusTypeID":50,"LevelID":3,"PowerKW":250,"CurrentTypeID":30,"Quantity":9}]},{"ID":302754,"UUID":"8229D9B4-7644-4E3A-AB26-006337EB2B70","NumberOfPoints":6,"AddressInfo":{"ID":303141,"Title":"Tesla Supercharger Gangneung - Saint Johns Hotel","AddressLine1":"307 Changhae-ro","Town":"Gangneung-si","StateOrProvince":"Gangwon State","Postcode":"25468","CountryID":121,"Latitude":37.792542,"Longitude":128.919027,"DistanceUnit":0},"OperatorID":3534,"DataProviderID":1,"UsageTypeID":4,"StatusTypeID":50,"Connections":[{"ID":569369,"ConnectionTypeID":33,"StatusTypeID":50,"LevelID":3,"PowerKW":250,"CurrentTypeID":30,"Quantity":6}]},{"ID":302753,"UUID":"608C37F8-7E72-46B5-B60C-C1912F02EFCC","NumberOfPoints":8,"AddressInfo":{"ID":303140,"Title":"Tesla Supercharger Gangneung - Lakai Sandpine","AddressLine1":"536 Haean-ro","Town":"Gangneung-si","StateOrProvince":"Gangwon State","Postcode":"25460","CountryID":121,"Latitude":37.8051,"Longitude":128.9039,"DistanceUnit":0},"OperatorID":23,"DataProviderID":1,"UsageTypeID":4,"StatusTypeID":50,"Connections":[{"ID":569368,"ConnectionTypeID":27,"StatusTypeID":50,"LevelID":3,"PowerKW":250,"CurrentTypeID":30,"Quantity":8}]},{"ID":302752,"UUID":"EE70D19D-7FBD-48C4-9835-902803B28ECA","NumberOfPoints":7,"AddressInfo":{"ID":303139,"Title":"Tesla Supercharger Sokcho - Lotte Resort","AddressLine1":"186 Daepohang-gil","Town":"Sokcho-si","StateOrProvince":"Gangwon State","Postcode":"24900","CountryID":121,"Latitude":38.180856,"Longitude":128.611593,"DistanceUnit":0},"OperatorID":3534,"DataProviderID":1,"UsageTypeID":4,"StatusTypeID":50,"Connections":[{"ID":569366,"ConnectionTypeID":33,"StatusTypeID":50,"LevelID":3,"PowerKW":250,"CurrentTypeID":30,"Quantity":3},{"ID":569367,"ConnectionTypeID":33,"StatusTypeID":50,"LevelID":3,"PowerKW":115,"CurrentTypeID":30,"Quantity":4}]},{"ID":302751,"UUID":"9387160E-A09B-4C5B-B11E-7E387B5D6812","NumberOfPoints":12,"AddressInfo":{"ID":303138,"Title":"Tesla Supercharger Sangju","AddressLine1":"4207 Gyeongsang-daero, Gonggeom-myeon","Town":"Sangju-si","StateOrProvince":"North Gyeongsang","Postcode":"37132","CountryID":121,"Latitude":36.515931,"Longitude":128.1634319,"DistanceUnit":0},"OperatorID":23,"DataProviderID":1,"UsageTypeID":4,"StatusTypeID":50,"Connections":[{"ID":569364,"ConnectionTypeID":27,"StatusTypeID":50,"LevelID":3,"PowerKW":250,"CurrentTypeID":30,"Quantity":6},{"ID":569365,"ConnectionTypeID":27,"StatusTypeID":50,"LevelID":3,"PowerKW":115,"CurrentTypeID":30,"Quantity":6}]},{"ID":302750,"UUID":"7DE76538-41A2-4F4D-AB4E-F2ECF1F36896","NumberOfPoints":12,"AddressInfo":{"ID":303137,"Title":"Tesla Supercharger Shintanjin","AddressLine1":"504 Sintanjin-ro","Town":"Daedeok-gu","Postcode":"34344","CountryID":121,"Latitude":36.423696,"Longitude":127.419877,"DistanceUnit":0},"OperatorID":23,"DataProviderID":1,"UsageTypeID":4,"StatusTypeID":50,"Connections":[{"ID":569362,"ConnectionTypeID":27,"StatusTypeID":50,"LevelID":3,"PowerKW":250,"CurrentTypeID":30,"Quantity":6},{"ID":569363,"ConnectionTypeID":27,"StatusTypeID":50,"LevelID":3,"PowerKW":115,"CurrentTypeID":30,"Quantity":6}]},{"ID":302749,"UUID":"598315F1-0C22-47FB-BDCF-D040B38572E1","NumberOfPoints":6,"AddressInfo":{"ID":303136,"Title":"Tesla Supercharger Gwangju - Holiday Inn","AddressLine1":"55 Sangmunuri-ro, Seo-gu","Town":"Gwangju","Postcode":"61958","CountryID":121,"Latitude":35.1477821,"Longitude":126.8375518,"DistanceUnit":0},"OperatorID":23,"DataProviderID":1,"UsageTypeID":4,"StatusTypeID":50,"Connections":[{"ID":569361,"ConnectionTypeID":27,"StatusTypeID":50,"LevelID":3,"PowerKW":115,"CurrentTypeID":30,"Quantity":6}]},{"ID":302748,"UUID":"284F6717-ECEA-450E-9D80-A595C371F55A","NumberOfPoints":8,"AddressInfo":{"ID":303135,"Title":"Tesla Supercharger Mokpo","AddressLine1":"95 Ogam-ro","Town":"Mokpo-si","StateOrProvince":"South Jeolla","Postcode":"58663","CountryID":121,"Latitude":34.8073,"Longitude":126.4259,"DistanceUnit":0},"OperatorID":3534,"DataProviderID":1,"UsageTypeID":4,"StatusTypeID":50,"Connections":[{"ID":569360,"ConnectionTypeID":33,"StatusTypeID":50,"LevelID":3,"PowerKW":250,"CurrentTypeID":30,"Quantity":8}]},{"ID":302743,"UUID":"69C63DFD-E307-4D65-B2CB-E89829068EFB","NumberOfPoints":6,"UsageCost":"","AddressInfo":{"ID":303130,"Title":"Tesla Supercharger Anseong","AddressLine1":"833 Anseongmatchum-daero","CountryID":121,"Latitude":36.9886,"Longitude":127.2669,"DistanceUnit":0},"OperatorID":3534,"DataProviderID":1,"UsageTypeID":4,"StatusTypeID":50,"Connections":[{"ID":569350,"ConnectionTypeID":33,"StatusTypeID":50,"LevelID":3,"PowerKW":250,"CurrentTypeID":30,"Quantity":6}]},{"ID":302742,"UUID":"D2D8E739-9C48-4B5C-AEE3-23E36F01D09E","NumberOfPoints":6,"AddressInfo":{"ID":303129,"Title":"Tesla Supercharger Anyang - Pyeongchon","AddressLine1":"33 Gwanpyeong-ro 170beon-gil","CountryID":121,"Latitude":37.39301,"Longitude":126.96228,"DistanceUnit":0},"OperatorID":23,"DataProviderID":1,"UsageTypeID":4,"StatusTypeID":50,"Connections":[{"ID":569349,"ConnectionTypeID":27,"StatusTypeID":50,"LevelID":3,"PowerKW":250,"CurrentTypeID":30,"Quantity":6}]},{"ID":302741,"UUID":"3E2E2AAF-293E-4F2D-9170-301F9C5FB483","NumberOfPoints":6,"AddressInfo":{"ID":303128,"Title":"Tesla Supercharger Andong","AddressLine1":"212-1 No-ri","CountryID":121,"Latitude":36.591,"Longitude":128.6313,"DistanceUnit":0},"OperatorID":3534,"DataProviderID":1,"UsageTypeID":4,"StatusTypeID":50,"Connections":[{"ID":569348,"ConnectionTypeID":33,"StatusTypeID":50,"LevelID":3,"PowerKW":250,"CurrentTypeID":30,"Quantity":6}]}]