[{"ID":303118,"UUID":"E2AA53EB-62A4-4A47-BFBD-584B6A5B0398","NumberOfPoints":4,"AddressInfo":{"ID":303505,"Title":"Tesla Supercharger Rezekne","AddressLine1":"Upes iela","AddressLine2":"Vipinga","StateOrProvince":"Latgale","Postcode":"LV-4604","CountryID":125,"Latitude":56.514632,"Longitude":27.350928,"DistanceUnit":0},"OperatorID":23,"DataProviderID":1,"UsageTypeID":4,"StatusTypeID":50,"Connections":[{"ID":569877,"ConnectionTypeID":33,"StatusTypeID":50,"LevelID":3,"PowerKW":150,"CurrentTypeID":30,"Quantity":4}]},{"ID":303117,"UUID":"55DBF891-84E9-4B3F-90AD-8876BB6E9CF2","NumberOfPoints":4,"AddressInfo":{"ID":303504,"Title":"Tesla Supercharger Riga","AddressLine1":"Latgales iela","AddressLine2":"Ķengarags","StateOrProvince":"Vidzeme","Postcode":"LV-1019","CountryID":125,"Latitude":56.9242687,"Longitude":24.1767896,"DistanceUnit":0},"OperatorID":23,"DataProviderID":1,"UsageTypeID":4,"StatusTypeID":50,"Connections":[{"ID":569876,"ConnectionTypeID":33,"StatusTypeID":50,"LevelID":3,"PowerKW":250,"CurrentTypeID":30,"Quantity":4}]},{"ID":194456,"UUID":"04C1637E-B9E6-402C-A41B-6547290E0504","NumberOfPoints":2,"AddressInfo":{"ID":194815,"Title":"IONITY Adazi","AddressLine1":"Vidlauku iela 1","AddressLine2":"Ādažu novads","Town":"Stapriņi","Postcode":"2164","CountryID":125,"Latitude":57.06941,"Longitude":24.31657,"DistanceUnit":0},"OperatorID":3299,"DataProviderID":1,"UsageTypeID":1,"StatusTypeID":50,"Connections":[{"ID":316894,"ConnectionTypeID":33,"StatusTypeID":50,"LevelID":3,"PowerKW":350,"CurrentTypeID":30,"Quantity":2}]},{"ID":188234,"UUID":"1FFC5AE7-1019-41BD-856E-5BE541369BFF","NumberOfPoints":1,"UsageCost":"0.15€/min (e-mobi, Mobilly app)","AddressInfo":{"ID":188593,"Title":"3 Jaunatnes iela","AddressLine1":"3 Jaunatnes iela","Town":"Baloži","StateOrProvince":"Vidzeme","Postcode":"LV-2128;LV-2112","CountryID":125,"Latitude":56.87718676245112,"Longitude":24.11981797349722,"ContactTelephone1":"+371 22 001 859","DistanceUnit":0},"OperatorID":1,"DataProviderID":1,"UsageTypeID":4,"StatusTypeID":50,"Connections":[{"ID":303835,"ConnectionTypeID":33,"StatusTypeID":50,"LevelID":2,"PowerKW":50,"Quantity":1},{"ID":303836,"ConnectionTypeID":2,"StatusTypeID":50,"LevelID":2,"PowerKW":50,"Quantity":1},{"ID":303837,"ConnectionTypeID":25,"StatusTypeID":50,"LevelID":2,"PowerKW":43,"Quantity":1}]},{"ID":161517,"UUID":"D0F0166B-8D7D-4EFB-B06F-12EABEA45257","NumberOfPoints":1,"UsageCost":"0.242€/kWh","AddressInfo":{"ID":161874,"Title":"Energolukss SIA","AddressLine1":"Ulbrokas iela","AddressLine2":"Dreiliņi","Town":"Riga","StateOrProvince":"Vidzeme","Postcode":"LV-1021","CountryID":125,"Latitude":56.95567621583376,"Longitude":24.23044886327989,"ContactTelephone1":"8404 (technical issues)","AccessComments":"The charging station is on the grounds of Energolukss SIA and available on working days 8-18.","RelatedURL":"https://elektrumveikals.lv/en/home/electric-car-charging/electric-car-charging-stations","DistanceUnit":0},"OperatorID":45,"DataProviderID":1,"UsageTypeID":4,"StatusTypeID":50,"Connections":[{"ID":232437,"ConnectionTypeID":33,"StatusTypeID":50,"LevelID":3,"PowerKW":100,"CurrentTypeID":30,"Quantity":1},{"ID":232438,"ConnectionTypeID":2,"StatusTypeID":50,"LevelID":3,"PowerKW":62.5,"CurrentTypeID":30,"Quantity":1},{"ID":232439,"ConnectionTypeID":1036,"StatusTypeID":50,"LevelID":3,"PowerKW":43,"CurrentTypeID":20,"Quantity":1}]},{"ID":134846,"UUID":"67CDC1AF-09AE-4098-853E-E86D1E1B3A94","NumberOfPoints":1,"AddressInfo":{"ID":135192,"Title":"Tomes iela","AddressLine1":"Tomes iela","Town":"Ķeguma novads","StateOrProvince":"Ķeguma novads","Postcode":"LV-5020","CountryID":125,"Latitude":56.73976517832642,"Longitude":24.70247358730319,"ContactEmail":"uzlade@elektrum.lv","AccessComments":"Charge point in Ķeguma HES parking place, follow the brown sign \"Latvenergo koncerna enerģētikas muzejs\"","DistanceUnit":0},"OperatorID":45,"DataProviderID":1,"UsageTypeID":1,"StatusTypeID":50,"Connections":[{"ID":188668,"ConnectionTypeID":28,"StatusTypeID":50,"LevelID":2,"Amps":16,"Voltage":230,"PowerKW":3.7,"CurrentTypeID":10,"Quantity":2}]},{"ID":132353,"UUID":"A0D348B5-B514-476E-8B0B-EC77CCC80256","NumberOfPoints":2,"AddressInfo":{"ID":132699,"Title":"Uzvaras bulvāris","AddressLine1":"Uzvaras bulvāris","AddressLine2":"Āgenskalns","Town":"Riga","StateOrProvince":"Vidzeme","Postcode":"LV-1423","CountryID":125,"Latitude":56.9412110492208,"Longitude":24.0936673546964,"ContactTelephone1":"+37167728877","ContactEmail":"uzlade@elektrum.lv","AccessComments":"24/7 accessible paid public charging station with 50kW rapid chargers and 22kW Type2 charger. Payments possible with Elektrum mobile app or using ionity/plugsurf/etc. roaming applications","RelatedURL":"https://elektrumveikals.lv/en/home/electric-car-charging/electric-car-charging-stations","DistanceUnit":0},"OperatorID":1,"DataProviderID":1,"UsageTypeID":4,"StatusTypeID":50,"Connections":[{"ID":185246,"ConnectionTypeID":2,"StatusTypeID":50,"LevelID":3,"PowerKW":50,"CurrentTypeID":30,"Quantity":1},{"ID":185247,"ConnectionTypeID":33,"StatusTypeID":50,"LevelID":3,"PowerKW":50,"CurrentTypeID":30,"Quantity":1},{"ID":185248,"ConnectionTypeID":25,"StatusTypeID":50,"LevelID":2,"PowerKW":22,"CurrentTypeID":20,"Quantity":2}]},{"ID":132217,"UUID":"C7C8CC75-D231-46A7-B2EF-600C23E4E1C5","NumberOfPoints":2,"AddressInfo":{"ID":132563,"Title":"Pulkveža Brieža iela","AddressLine1":"Pulkveža Brieža iela 12","AddressLine2":"Centrs","Town":"Riga","StateOrProvince":"Vidzeme","Postcode":"LV-1010","CountryID":125,"Latitude":56.9613775352721,"Longitude":24.1060372326934,"ContactTelephone1":"+37167728877","ContactEmail":"uzlade@elektrum.lv","AccessComments":"24/7 accessible public charging station with 50kW rapid charger and 22kW Type2 charger.\r\nPayments possible with Elektrum mobile app or using ionity/plugsurf/etc. roaming applications","DistanceUnit":0},"OperatorID":45,"DataProviderID":1,"UsageTypeID":1,"StatusTypeID":50,"Connections":[{"ID":185056,"ConnectionTypeID":33,"StatusTypeID":50,"LevelID":3,"PowerKW":50,"CurrentTypeID":30,"Quantity":1},{"ID":185057,"ConnectionTypeID":2,"StatusTypeID":50,"LevelID":3,"PowerKW":50,"CurrentTypeID":30,"Quantity":1},{"ID":185058,"ConnectionTypeID":25,"StatusTypeID":50,"LevelID":2,"PowerKW":22,"CurrentTypeID":20,"Quantity":2}]},{"ID":112697,"UUID":"B5741C96-E97A-4C89-A63F-33D8B4DA698F","NumberOfPoints":2,"UsageCost":"0.15€/min","AddressInfo":{"ID":113043,"Title":"e-mobi - Salaspils","AddressLine1":"Skolas iela ","Town":"Salaspils","Postcode":"LV-2121 ","CountryID":125,"Latitude":56.8530468522413,"Longitude":24.3360805720578,"ContactTelephone1":"+371 22001859","RelatedURL":"https://portal.e-mobi.lv","DistanceUnit":0},"OperatorID":3319,"DataProviderID":1,"UsageTypeID":5,"StatusTypeID":50,"Connections":[{"ID":158680,"ConnectionTypeID":2,"StatusTypeID":50,"LevelID":3,"PowerKW":50,"CurrentTypeID":30,"Quantity":1},{"ID":158681,"ConnectionTypeID":33,"StatusTypeID":50,"LevelID":3,"PowerKW":50,"CurrentTypeID":30,"Quantity":1},{"ID":158682,"ConnectionTypeID":1036,"StatusTypeID":50,"LevelID":3,"PowerKW":43,"CurrentTypeID":20}]},{"ID":112696,"UUID":"E805DFB2-0F01-4834-8002-9D4CC746DC3B","NumberOfPoints":2,"UsageCost":"0.15€/min","AddressInfo":{"ID":113042,"Title":"e-mobi - Ķekava","AddressLine1":"Rīgas iela 107 ","Town":"Ķekava","Postcode":"LV-2123 ","CountryID":125,"Latitude":56.82165690000001,"Longitude":24.24661649999996,"ContactTelephone1":"+371 22001859","RelatedURL":"https://portal.e-mobi.lv","DistanceUnit":0},"OperatorID":3319,"DataProviderID":1,"UsageTypeID":5,"StatusTypeID":50,"Connections":[{"ID":158677,"ConnectionTypeID":2,"StatusTypeID":50,"LevelID":3,"PowerKW":50,"CurrentTypeID":30,"Quantity":1},{"ID":158678,"ConnectionTypeID":33,"StatusTypeID":50,"LevelID":3,"PowerKW":50,"CurrentTypeID":30,"Quantity":1},{"ID":158679,"ConnectionTypeID":25,"StatusTypeID":50,"LevelID":3,"PowerKW":43,"CurrentTypeID":20}]},{"ID":112695,"UUID":"E3B2C04B-A028-4680-BFA7-B66DA4A5A43F","NumberOfPoints":2,"UsageCost":"0.15€/min","AddressInfo":{"ID":113041,"Title":"e-mobi - BKSB","AddressLine1":"Sergeja Eizenšteina iela 16","Town":"Rīga","Postcode":"LV-1079","CountryID":125,"Latitude":56.96615245479115,"Longitude":24.23272692173464,"ContactTelephone1":"+371 22001859","RelatedURL":"https://portal.e-mobi.lv","DistanceUnit":0},"OperatorID":3319,"DataProviderID":1,"UsageTypeID":5,"StatusTypeID":50,"Connections":[{"ID":158674,"ConnectionTypeID":2,"StatusTypeID":50,"LevelID":3,"PowerKW":50,"CurrentTypeID":30,"Quantity":1},{"ID":158675,"ConnectionTypeID":33,"StatusTypeID":50,"LevelID":3,"PowerKW":50,"CurrentTypeID":30,"Quantity":1},{"ID":158676,"ConnectionTypeID":25,"StatusTypeID":50,"LevelID":3,"PowerKW":43,"CurrentTypeID":20}]},{"ID":112694,"UUID":"7D2BFEE7-CC86-4D6F-BAB5-4A286DE74CB2","NumberOfPoints":2,"UsageCost":"0.15€/min","AddressInfo":{"ID":113040,"Title":"e-mobi - Berģu CircleK","AddressLine1":"Siguldas šoseja 1, Nobrauktuve pie CircleK ","Town":"Rīga","Postcode":"LV-1024","CountryID":125,"Latitude":57.00547481766411,"Longitude":24.292223111558656,"ContactTelephone1":"+371 22001859","RelatedURL":"https://portal.e-mobi.lv","DistanceUnit":0},"OperatorID":3319,"DataProviderID":1,"UsageTypeID":5,"StatusTypeID":50,"Connections":[{"ID":158671,"ConnectionTypeID":2,"StatusTypeID":50,"LevelID":3,"PowerKW":50,"CurrentTypeID":30,"Quantity":1},{"ID":158672,"ConnectionTypeID":33,"StatusTypeID":50,"LevelID":3,"PowerKW":50,"CurrentTypeID":30,"Quantity":1},{"ID":158673,"ConnectionTypeID":25,"StatusTypeID":50,"LevelID":3,"PowerKW":43,"CurrentTypeID":20}]},{"ID":112693,"UUID":"EA7BA789-D2D8-43B2-AB69-75A50F514464","NumberOfPoints":2,"UsageCost":"0.15€/min","AddressInfo":{"ID":113039,"Title":"e-mobi - K. Ulmaņa Sky","AddressLine1":"Kārļa Ulmaņa gatve 122  ","Town":"Rīga","Postcode":"LV-1029","CountryID":125,"Latitude":56.9396897343722,"Longitude":24.000595161376964,"ContactTelephone1":"+371 22001859","RelatedURL":"https://portal.e-mobi.lv","DistanceUnit":0},"OperatorID":3319,"DataProviderID":1,"UsageTypeID":5,"StatusTypeID":50,"Connections":[{"ID":158668,"ConnectionTypeID":2,"StatusTypeID":50,"LevelID":3,"PowerKW":50,"CurrentTypeID":30,"Quantity":1},{"ID":158669,"ConnectionTypeID":33,"StatusTypeID":50,"LevelID":3,"PowerKW":50,"CurrentTypeID":30,"Quantity":1},{"ID":158670,"ConnectionTypeID":25,"StatusTypeID":50,"LevelID":3,"PowerKW":43,"CurrentTypeID":20}]},{"ID":112692,"UUID":"E9673901-457D-4C2A-B49B-5E6224539D23","NumberOfPoints":2,"UsageCost":"0.15€/min","AddressInfo":{"ID":113038,"Title":"e-mobi - Alūksne","AddressLine1":"Skolas iela  ","Town":"Alūksne","Postcode":"LV-4301","CountryID":125,"Latitude":57.42545382199604,"Longitude":27.05230098783568,"ContactTelephone1":"+371 22001859","RelatedURL":"https://portal.e-mobi.lv","DistanceUnit":0},"OperatorID":3319,"DataProviderID":1,"UsageTypeID":5,"StatusTypeID":50,"Connections":[{"ID":158665,"ConnectionTypeID":2,"StatusTypeID":50,"LevelID":3,"PowerKW":50,"CurrentTypeID":30,"Quantity":1},{"ID":158666,"ConnectionTypeID":33,"StatusTypeID":50,"LevelID":3,"PowerKW":50,"CurrentTypeID":30,"Quantity":1},{"ID":158667,"ConnectionTypeID":25,"StatusTypeID":50,"LevelID":3,"PowerKW":43,"CurrentTypeID":20}]},{"ID":112691,"UUID":"595C07F4-3928-4530-A5C9-3917620411A2","NumberOfPoints":2,"UsageCost":"0.15€/min","AddressInfo":{"ID":113037,"Title":"e-mobi - Veclaicenes pieturvieta","AddressLine1":"Veclaicenes pieturvieta","Town":"Veclaicene","Postcode":"LV-4335","CountryID":125,"Latitude":57.56935910084255,"Longitude":26.982633838087736,"ContactTelephone1":"+371 22001859","RelatedURL":"https://portal.e-mobi.lv","DistanceUnit":0},"OperatorID":3319,"DataProviderID":1,"UsageTypeID":5,"StatusTypeID":50,"Connections":[{"ID":158662,"ConnectionTypeID":2,"StatusTypeID":50,"LevelID":3,"PowerKW":50,"CurrentTypeID":30,"Quantity":1},{"ID":158663,"ConnectionTypeID":33,"StatusTypeID":50,"LevelID":3,"PowerKW":50,"CurrentTypeID":30,"Quantity":1},{"ID":158664,"ConnectionTypeID":25,"StatusTypeID":50,"LevelID":3,"PowerKW":43,"CurrentTypeID":20}],"UserComments":[{"ID":21784,"ChargePointID":112691,"CommentTypeID":10,"UserName":"TeslaFRA","Comment":"Had been charging successfully and there are people looking for the little information booth to the left on the picture. Nothing then nature around, so be prepared and if you park there, take some trash with you, if you see some. There are no trash bins ! Just nature. A very quiet spot. Every 3-5 minutes a car was passing by. You could here a car two minutes before it was actually passing. Something very unusual for me as a city person. The little house is housing an online information with internet access, which did not really work or I was to stupid to use it. There is a lake and two benches. No table and no toilet. The toilet there is abandoned and you really do not want to get in there or walk around it. High bushes and grass there. Nothing then nature around you !   ","Rating":4,"DateCreated":"2019-11-08T12:24:36.057Z","User":{"ID":22075,"Username":"TeslaFRA"},"CheckinStatusTypeID":10,"IsActionedByEditor":false}],"MediaItems":[{"ID":20295,"ChargePointID":112691,"ItemURL":"https://media.openchargemap.io/images/LV/OCM112691/OCM-112691.orig.2019110812062274.jpg","ItemThumbnailURL":"https://media.openchargemap.io/images/LV/OCM112691/OCM-112691.thmb.2019110812062274.jpg","Comment":"","IsEnabled":true,"IsVideo":false,"IsFeaturedItem":false,"IsExternalResource":false,"User":{"ID":22075,"Username":"TeslaFRA"},"DateCreated":"2019-11-08T12:07:00Z"},{"ID":20294,"ChargePointID":112691,"ItemURL":"https://media.openchargemap.io/images/LV/OCM112691/OCM-112691.orig.2019110812060426.jpg","ItemThumbnailURL":"https://media.openchargemap.io/images/LV/OCM112691/OCM-112691.thmb.2019110812060426.jpg","Comment":"","IsEnabled":true,"IsVideo":false,"IsFeaturedItem":false,"IsExternalResource":false,"User":{"ID":22075,"Username":"TeslaFRA"},"DateCreated":"2019-11-08T12:06:00Z"},{"ID":20292,"ChargePointID":112691,"ItemURL":"https://media.openchargemap.io/images/LV/OCM112691/OCM-112691.orig.2019110812044253.jpg","ItemThumbnailURL":"https://media.openchargemap.io/images/LV/OCM112691/OCM-112691.thmb.2019110812044253.jpg","Comment":"","IsEnabled":true,"IsVideo":false,"IsFeaturedItem":false,"IsExternalResource":false,"User":{"ID":22075,"Username":"TeslaFRA"},"DateCreated":"2019-11-08T12:05:00Z"},{"ID":20293,"ChargePointID":112691,"ItemURL":"https://media.openchargemap.io/images/LV/OCM112691/OCM-112691.orig.2019110812050381.jpg","ItemThumbnailURL":"https://media.openchargemap.io/images/LV/OCM112691/OCM-112691.thmb.2019110812050381.jpg","Comment":"","IsEnabled":true,"IsVideo":false,"IsFeaturedItem":false,"IsExternalResource":false,"User":{"ID":22075,"Username":"TeslaFRA"},"DateCreated":"2019-11-08T12:05:00Z"}]},{"ID":112690,"UUID":"92BCEAC2-3A66-43E6-A188-E5E51091EE15","NumberOfPoints":2,"UsageCost":"0.15€/min","AddressInfo":{"ID":113036,"Title":"e-mobi - Ape","AddressLine1":"Dzirnavu iela  ","Town":"Ape","Postcode":"LV-4337","CountryID":125,"Latitude":57.53946840903886,"Longitude":26.69228119401214,"ContactTelephone1":"+371 22001859","RelatedURL":"https://portal.e-mobi.lv","DistanceUnit":0},"OperatorID":3319,"DataProviderID":1,"UsageTypeID":5,"StatusTypeID":50,"Connections":[{"ID":158659,"ConnectionTypeID":2,"StatusTypeID":50,"LevelID":3,"PowerKW":50,"CurrentTypeID":30,"Quantity":1},{"ID":158660,"ConnectionTypeID":33,"StatusTypeID":50,"LevelID":3,"PowerKW":50,"CurrentTypeID":30,"Quantity":1},{"ID":158661,"ConnectionTypeID":25,"StatusTypeID":50,"LevelID":3,"PowerKW":43,"CurrentTypeID":20}]},{"ID":112689,"UUID":"11017B95-79E7-492B-8250-4C8A82BA0CA7","NumberOfPoints":2,"UsageCost":"0.15€/min","AddressInfo":{"ID":113035,"Title":"e-mobi - Vireši","AddressLine1":"Virešu stāvlaukums","Town":"Vireši","Postcode":"LV-4355","CountryID":125,"Latitude":57.45559001864902,"Longitude":26.373891651342774,"ContactTelephone1":"+371 22001859","RelatedURL":"https://portal.e-mobi.lv","DistanceUnit":0},"OperatorID":3319,"DataProviderID":1,"UsageTypeID":5,"StatusTypeID":50,"Connections":[{"ID":158656,"ConnectionTypeID":2,"StatusTypeID":50,"LevelID":3,"PowerKW":50,"CurrentTypeID":30,"Quantity":1},{"ID":158657,"ConnectionTypeID":33,"StatusTypeID":50,"LevelID":3,"PowerKW":50,"CurrentTypeID":30,"Quantity":1},{"ID":158658,"ConnectionTypeID":25,"StatusTypeID":50,"LevelID":3,"PowerKW":43,"CurrentTypeID":20}],"UserComments":[{"ID":27766,"ChargePointID":112689,"CommentTypeID":10,"UserName":"corscheg","DateCreated":"2022-12-22T18:01:02.21Z","User":{"ID":42576,"Username":"corscheg"},"IsActionedByEditor":false},{"ID":27765,"ChargePointID":112689,"CommentTypeID":10,"UserName":"corscheg","DateCreated":"2022-12-22T18:00:24.053Z","User":{"ID":42576,"Username":"corscheg"},"IsActionedByEditor":false}]},{"ID":112688,"UUID":"A85B2D12-7838-43B1-9E6F-9D8AC2084468","NumberOfPoints":2,"UsageCost":"0.15€/min","AddressInfo":{"ID":113034,"Title":"e-mobi - Jautrais Ods","AddressLine1":"Jautrais Ods  ","Town":"Launkalnes pag","Postcode":"LV-4729","CountryID":125,"Latitude":57.38299439999999,"Longitude":25.95466669999996,"ContactTelephone1":"+371 22001859","RelatedURL":"https://portal.e-mobi.lv","DistanceUnit":0},"OperatorID":3319,"DataProviderID":1,"UsageTypeID":5,"StatusTypeID":50,"Connections":[{"ID":158653,"ConnectionTypeID":2,"StatusTypeID":50,"LevelID":3,"PowerKW":50,"CurrentTypeID":30,"Quantity":1},{"ID":158654,"ConnectionTypeID":33,"StatusTypeID":50,"LevelID":3,"PowerKW":50,"CurrentTypeID":30,"Quantity":1},{"ID":158655,"ConnectionTypeID":25,"StatusTypeID":50,"LevelID":3,"PowerKW":43,"CurrentTypeID":20}]},{"ID":112687,"UUID":"3A069037-8B60-40FD-BEE6-548502728A9C","NumberOfPoints":2,"UsageCost":"0.15€/min","AddressInfo":{"ID":113033,"Title":"e-mobi - Smiltene","AddressLine1":"Mūrnieku iela  ","Town":"Smiltene","Postcode":"LV-4729","CountryID":125,"Latitude":57.4239804676593,"Longitude":25.901984955572516,"ContactTelephone1":"+371 22001859","RelatedURL":"https://portal.e-mobi.lv","DistanceUnit":0},"OperatorID":3319,"DataProviderID":1,"UsageTypeID":5,"StatusTypeID":50,"Connections":[{"ID":158650,"ConnectionTypeID":2,"StatusTypeID":50,"LevelID":3,"PowerKW":50,"CurrentTypeID":30,"Quantity":1},{"ID":158651,"ConnectionTypeID":33,"StatusTypeID":50,"LevelID":3,"PowerKW":50,"CurrentTypeID":30,"Quantity":1},{"ID":158652,"ConnectionTypeID":25,"StatusTypeID":50,"LevelID":3,"PowerKW":43,"CurrentTypeID":20}]},{"ID":112686,"UUID":"9043DC76-B2A4-49B9-90D2-989A00D61944","NumberOfPoints":2,"UsageCost":"0.15€/min","AddressInfo":{"ID":113032,"Title":"e-mobi - Valka","AddressLine1":"Rīgas iela 80  ","Town":"Valka","Postcode":"LV-4701","CountryID":125,"Latitude":57.7590852,"Longitude":25.987177100000054,"ContactTelephone1":"+371 22001859","RelatedURL":"https://portal.e-mobi.lv","DistanceUnit":0},"OperatorID":3319,"DataProviderID":1,"UsageTypeID":5,"StatusTypeID":50,"Connections":[{"ID":158647,"ConnectionTypeID":2,"StatusTypeID":50,"LevelID":3,"PowerKW":50,"CurrentTypeID":30,"Quantity":1},{"ID":158648,"ConnectionTypeID":33,"StatusTypeID":50,"LevelID":3,"PowerKW":50,"CurrentTypeID":30,"Quantity":1},{"ID":158649,"ConnectionTypeID":25,"StatusTypeID":50,"LevelID":3,"PowerKW":43,"CurrentTypeID":20}]},{"ID":112685,"UUID":"50162886-81C4-4A39-9D2D-938746CF8932","NumberOfPoints":2,"UsageCost":"0.15€/min","AddressInfo":{"ID":113031,"Title":"e-mobi - Strenči","AddressLine1":"Ugunszdzēsēju iela 2B  ","Town":"Strenči","Postcode":" LV-4730","CountryID":125,"Latitude":57.627564606321975,"Longitude":25.686941202483922,"ContactTelephone1":"+371 22001859","RelatedURL":"https://portal.e-mobi.lv","DistanceUnit":0},"OperatorID":3319,"DataProviderID":1,"UsageTypeID":5,"StatusTypeID":50,"Connections":[{"ID":158644,"ConnectionTypeID":2,"StatusTypeID":50,"LevelID":3,"PowerKW":50,"CurrentTypeID":30,"Quantity":1},{"ID":158645,"ConnectionTypeID":33,"StatusTypeID":50,"LevelID":3,"PowerKW":50,"CurrentTypeID":30,"Quantity":1},{"ID":158646,"ConnectionTypeID":25,"StatusTypeID":50,"LevelID":3,"PowerKW":43,"CurrentTypeID":20}]},{"ID":112684,"UUID":"D7D1C625-66C9-42D7-83C4-4526F19A7179","NumberOfPoints":2,"UsageCost":"0.15€/min","AddressInfo":{"ID":113030,"Title":"e-mobi - Valmieras CSDD","AddressLine1":"Eduarda Lācera iela 3  ","Town":"Valmiera","Postcode":"LV-4201","CountryID":125,"Latitude":57.5238877,"Longitude":25.3809707,"ContactTelephone1":"+371 22001859","RelatedURL":"https://portal.e-mobi.lv","DistanceUnit":0},"OperatorID":3319,"DataProviderID":1,"UsageTypeID":5,"StatusTypeID":50,"Connections":[{"ID":158641,"ConnectionTypeID":2,"StatusTypeID":50,"LevelID":3,"PowerKW":50,"CurrentTypeID":30,"Quantity":1},{"ID":158642,"ConnectionTypeID":33,"StatusTypeID":50,"LevelID":3,"PowerKW":50,"CurrentTypeID":30,"Quantity":1},{"ID":158643,"ConnectionTypeID":25,"StatusTypeID":50,"LevelID":3,"PowerKW":43,"CurrentTypeID":20}],"UserComments":[{"ID":21786,"ChargePointID":112684,"CommentTypeID":10,"UserName":"TeslaFRA","Comment":"You can see it very good from town because the radio tower is a good landmark. The tower is between the hotel and the charger.","DateCreated":"2019-11-08T13:04:19.707Z","User":{"ID":22075,"Username":"TeslaFRA"},"CheckinStatusTypeID":10,"IsActionedByEditor":false},{"ID":21785,"ChargePointID":112684,"CommentTypeID":10,"UserName":"TeslaFRA","Comment":"Good charging. Place could be more in the Citycenter. Was not too far away from my hotel, but just that I did not like to walk. The best hotel there is about 1km away. In direct sight only 400m. But you have to walk at the street. The location is the local Department of Motor Vehicles. Registration of cars and driver licenses. There is a public toilet in the office and seating. But no coffee ! No shops or anything else in vicinity. ","DateCreated":"2019-11-08T13:03:01.167Z","User":{"ID":22075,"Username":"TeslaFRA"},"CheckinStatusTypeID":10,"IsActionedByEditor":false}],"MediaItems":[{"ID":20296,"ChargePointID":112684,"ItemURL":"https://media.openchargemap.io/images/LV/OCM112684/OCM-112684.orig.2019110812584411.jpg","ItemThumbnailURL":"https://media.openchargemap.io/images/LV/OCM112684/OCM-112684.thmb.2019110812584411.jpg","Comment":"","IsEnabled":true,"IsVideo":false,"IsFeaturedItem":false,"IsExternalResource":false,"User":{"ID":22075,"Username":"TeslaFRA"},"DateCreated":"2019-11-08T12:59:00Z"},{"ID":19608,"ChargePointID":112684,"ItemURL":"https://media.openchargemap.io/images/LV/OCM112684/OCM-112684.orig.2019091906180843.png","ItemThumbnailURL":"https://media.openchargemap.io/images/LV/OCM112684/OCM-112684.thmb.2019091906180843.png","Comment":"Car Registration Office next to large Radiotower. charging is exactly South of the tower","IsEnabled":true,"IsVideo":false,"IsFeaturedItem":false,"IsExternalResource":false,"User":{"ID":22075,"Username":"TeslaFRA"},"DateCreated":"2019-09-19T06:18:00Z"}]},{"ID":112683,"UUID":"12892C8B-49A7-4ADA-8F61-E974185C08A2","NumberOfPoints":2,"UsageCost":"0.15€/min","AddressInfo":{"ID":113029,"Title":"e-mobi - Bērzkrogs CircleK","AddressLine1":"Saulrīti  ","Town":"Bērzkrogs","Postcode":"LV-4116","CountryID":125,"Latitude":57.279798670271376,"Longitude":25.49120171636355,"ContactTelephone1":"+371 22001859","RelatedURL":"https://portal.e-mobi.lv","DistanceUnit":0},"OperatorID":3319,"DataProviderID":1,"UsageTypeID":5,"StatusTypeID":50,"Connections":[{"ID":158638,"ConnectionTypeID":2,"StatusTypeID":50,"LevelID":3,"PowerKW":50,"CurrentTypeID":30,"Quantity":1},{"ID":158639,"ConnectionTypeID":33,"StatusTypeID":50,"LevelID":3,"PowerKW":50,"CurrentTypeID":30,"Quantity":1},{"ID":158640,"ConnectionTypeID":25,"StatusTypeID":50,"LevelID":3,"PowerKW":43,"CurrentTypeID":20}]},{"ID":112682,"UUID":"1CF6F8A9-41F3-4E62-B254-C52774C142D5","NumberOfPoints":2,"UsageCost":"0.15€/min","AddressInfo":{"ID":113028,"Title":"e-mobi - Cēsis","AddressLine1":"Uzvaras bulvāris 22 ","Town":"Cēsis","Postcode":" LV-4101","CountryID":125,"Latitude":57.31420779965327,"Longitude":25.28015657168885,"ContactTelephone1":"+371 22001859","RelatedURL":"https://portal.e-mobi.lv","DistanceUnit":0},"OperatorID":3319,"DataProviderID":1,"UsageTypeID":5,"StatusTypeID":50,"Connections":[{"ID":158635,"ConnectionTypeID":2,"StatusTypeID":50,"LevelID":3,"PowerKW":50,"CurrentTypeID":30,"Quantity":1},{"ID":158636,"ConnectionTypeID":33,"StatusTypeID":50,"LevelID":3,"PowerKW":50,"CurrentTypeID":30,"Quantity":1},{"ID":158637,"ConnectionTypeID":25,"StatusTypeID":50,"LevelID":3,"PowerKW":43,"CurrentTypeID":20}]},{"ID":112681,"UUID":"1E4A000C-CC0A-42DB-8280-3C35538770B1","NumberOfPoints":2,"UsageCost":"0.15€/min","AddressInfo":{"ID":113027,"Title":"e-mobi - Augšlīgatne","AddressLine1":"Nītaures iela 8  ","Town":"Augšlīgatne","Postcode":"LV-4108","CountryID":125,"Latitude":57.182811910876254,"Longitude":25.034134036770638,"ContactTelephone1":"+371 22001859","RelatedURL":"https://portal.e-mobi.lv","DistanceUnit":0},"OperatorID":3319,"DataProviderID":1,"UsageTypeID":5,"StatusTypeID":50,"Connections":[{"ID":158632,"ConnectionTypeID":2,"StatusTypeID":50,"LevelID":3,"PowerKW":50,"CurrentTypeID":30,"Quantity":1},{"ID":158633,"ConnectionTypeID":33,"StatusTypeID":50,"LevelID":3,"PowerKW":50,"CurrentTypeID":30,"Quantity":1},{"ID":158634,"ConnectionTypeID":25,"StatusTypeID":50,"LevelID":3,"PowerKW":43,"CurrentTypeID":20}]},{"ID":112680,"UUID":"6AFFF9DC-6EF4-4D47-BD16-6D40649AB967","NumberOfPoints":2,"UsageCost":"0.15€/min","AddressInfo":{"ID":113026,"Title":"e-mobi - Straupes doktorāts","AddressLine1":"Doktorāts","Town":"Plācis","Postcode":" LV-4152 ","CountryID":125,"Latitude":57.3638626,"Longitude":24.979930299999978,"ContactTelephone1":"+371 22001859","RelatedURL":"https://portal.e-mobi.lv","DistanceUnit":0},"OperatorID":3319,"DataProviderID":1,"UsageTypeID":5,"StatusTypeID":50,"Connections":[{"ID":158629,"ConnectionTypeID":2,"StatusTypeID":50,"LevelID":3,"PowerKW":50,"CurrentTypeID":30,"Quantity":1},{"ID":158630,"ConnectionTypeID":33,"StatusTypeID":50,"LevelID":3,"PowerKW":50,"CurrentTypeID":30,"Quantity":1},{"ID":158631,"ConnectionTypeID":25,"StatusTypeID":50,"LevelID":3,"PowerKW":43,"CurrentTypeID":20}]},{"ID":112679,"UUID":"7FC0B335-68BA-4D0E-BD73-007494D78449","NumberOfPoints":2,"UsageCost":"0.15€/min","AddressInfo":{"ID":113025,"Title":"e-mobi - Sigulas Kultūras Centrs","AddressLine1":"Pils iela 10  ","Town":"Sigulda","Postcode":"LV-2150","CountryID":125,"Latitude":57.156418094091485,"Longitude":24.852763911639386,"ContactTelephone1":"+371 22001859","RelatedURL":"https://portal.e-mobi.lv","DistanceUnit":0},"OperatorID":3319,"DataProviderID":1,"UsageTypeID":5,"StatusTypeID":50,"Connections":[{"ID":158626,"ConnectionTypeID":2,"StatusTypeID":50,"LevelID":3,"PowerKW":50,"CurrentTypeID":30,"Quantity":1},{"ID":158627,"ConnectionTypeID":33,"StatusTypeID":50,"LevelID":3,"PowerKW":50,"CurrentTypeID":30,"Quantity":1},{"ID":158628,"ConnectionTypeID":25,"StatusTypeID":50,"LevelID":3,"PowerKW":43,"CurrentTypeID":20}]},{"ID":112678,"UUID":"041B28F4-5311-4196-8BF6-E2EDDDA31D02","NumberOfPoints":2,"UsageCost":"0.15€/min","AddressInfo":{"ID":113024,"Title":"e-mobi - Sēnīte","AddressLine1":"Zīles","Town":"Inčukalns","Postcode":"LV-2141","CountryID":125,"Latitude":57.11360646722549,"Longitude":24.625124515399875,"ContactTelephone1":"+371 22001859","RelatedURL":"https://portal.e-mobi.lv","DistanceUnit":0},"OperatorID":3319,"DataProviderID":1,"UsageTypeID":5,"StatusTypeID":50,"Connections":[{"ID":158623,"ConnectionTypeID":2,"StatusTypeID":50,"LevelID":3,"PowerKW":50,"CurrentTypeID":30,"Quantity":1},{"ID":158624,"ConnectionTypeID":33,"StatusTypeID":50,"LevelID":3,"PowerKW":50,"CurrentTypeID":30,"Quantity":1},{"ID":158625,"ConnectionTypeID":25,"StatusTypeID":50,"LevelID":3,"PowerKW":43,"CurrentTypeID":20}]},{"ID":112677,"UUID":"9E143227-1CDB-41A6-AD2A-1DD3B4942E8B","NumberOfPoints":2,"UsageCost":"0.15€/min","AddressInfo":{"ID":113023,"Title":"e-mobi - Limbažu AO","AddressLine1":"Stacijas iela 7  Limbaži","Town":"Limbaži","Postcode":"LV-4001","CountryID":125,"Latitude":57.50929752065798,"Longitude":24.722255585319544,"ContactTelephone1":"+371 22001859","RelatedURL":"https://portal.e-mobi.lv","DistanceUnit":0},"OperatorID":3319,"DataProviderID":1,"UsageTypeID":5,"StatusTypeID":50,"Connections":[{"ID":158620,"ConnectionTypeID":2,"StatusTypeID":50,"LevelID":3,"PowerKW":50,"CurrentTypeID":30,"Quantity":1},{"ID":158621,"ConnectionTypeID":33,"StatusTypeID":50,"LevelID":3,"PowerKW":50,"CurrentTypeID":30,"Quantity":1},{"ID":158622,"ConnectionTypeID":25,"StatusTypeID":50,"LevelID":3,"PowerKW":43,"CurrentTypeID":20}]},{"ID":112676,"UUID":"F837684C-0BD8-4BBA-8676-6A6384C47FF6","NumberOfPoints":2,"UsageCost":"0.15€/min","AddressInfo":{"ID":113022,"Title":"e-mobi - Salacgrīva","AddressLine1":"Vidzemes iela 2  ","Town":"Salacgrīva","Postcode":"LV-4033","CountryID":125,"Latitude":57.75181962352448,"Longitude":24.357628505245543,"ContactTelephone1":"+371 22001859","RelatedURL":"https://portal.e-mobi.lv","DistanceUnit":0},"OperatorID":3319,"DataProviderID":1,"UsageTypeID":5,"StatusTypeID":50,"Connections":[{"ID":158617,"ConnectionTypeID":2,"StatusTypeID":50,"LevelID":3,"PowerKW":50,"CurrentTypeID":30,"Quantity":1},{"ID":158618,"ConnectionTypeID":33,"StatusTypeID":50,"LevelID":3,"PowerKW":50,"CurrentTypeID":30,"Quantity":1},{"ID":158619,"ConnectionTypeID":25,"StatusTypeID":50,"LevelID":3,"PowerKW":43,"CurrentTypeID":20}]},{"ID":112675,"UUID":"23B3E560-9C58-465D-8B3E-01D2C4418E82","NumberOfPoints":2,"UsageCost":"0.15€/min","AddressInfo":{"ID":113021,"Title":"e-mobi - Vītrupes stāvlaukums","AddressLine1":"Vītrupes stāvlaukums","Town":"Vītrupe","Postcode":"LV-4050","CountryID":125,"Latitude":57.622075271844466,"Longitude":24.386487377557955,"ContactTelephone1":"+371 22001859","RelatedURL":"https://portal.e-mobi.lv","DistanceUnit":0},"OperatorID":3319,"DataProviderID":1,"UsageTypeID":5,"StatusTypeID":50,"Connections":[{"ID":158614,"ConnectionTypeID":2,"StatusTypeID":50,"LevelID":3,"PowerKW":50,"CurrentTypeID":30,"Quantity":1},{"ID":158615,"ConnectionTypeID":33,"StatusTypeID":50,"LevelID":3,"PowerKW":50,"CurrentTypeID":30,"Quantity":1},{"ID":158616,"ConnectionTypeID":25,"StatusTypeID":50,"LevelID":3,"PowerKW":43,"CurrentTypeID":20}]},{"ID":112674,"UUID":"16BC2080-8303-4D12-A2C3-B72B027FE4E8","NumberOfPoints":2,"UsageCost":"0.15€/min","AddressInfo":{"ID":113020,"Title":"e-mobi - Duntes muiža","AddressLine1":"Duntes muiža ","Town":"Dunte","Postcode":"LV-4023","CountryID":125,"Latitude":57.40488037199902,"Longitude":24.42481021904905,"ContactTelephone1":"+371 22001859","RelatedURL":"https://portal.e-mobi.lv","DistanceUnit":0},"OperatorID":3319,"DataProviderID":1,"UsageTypeID":5,"StatusTypeID":50,"Connections":[{"ID":158611,"ConnectionTypeID":2,"StatusTypeID":50,"LevelID":3,"PowerKW":50,"CurrentTypeID":30,"Quantity":1},{"ID":158612,"ConnectionTypeID":33,"StatusTypeID":50,"LevelID":3,"PowerKW":50,"CurrentTypeID":30,"Quantity":1},{"ID":158613,"ConnectionTypeID":25,"StatusTypeID":50,"LevelID":3,"PowerKW":43,"CurrentTypeID":20}]},{"ID":112673,"UUID":"B586EB36-BA24-41F9-91DA-A4DF4E680478","NumberOfPoints":2,"UsageCost":"0.15€/min","AddressInfo":{"ID":113019,"Title":"e-mobi - Saulkrastu apvadceļš","AddressLine1":"CircleK","Town":"Saulkrasti","Postcode":"LV-2160","CountryID":125,"Latitude":57.2292253360304,"Longitude":24.420851372064817,"ContactTelephone1":"+371 22001859","RelatedURL":"https://portal.e-mobi.lv","DistanceUnit":0},"OperatorID":3319,"DataProviderID":1,"UsageTypeID":5,"StatusTypeID":50,"Connections":[{"ID":158608,"ConnectionTypeID":2,"StatusTypeID":50,"LevelID":3,"PowerKW":50,"CurrentTypeID":30,"Quantity":1},{"ID":158609,"ConnectionTypeID":33,"StatusTypeID":50,"LevelID":3,"PowerKW":50,"CurrentTypeID":30,"Quantity":1},{"ID":158610,"ConnectionTypeID":25,"StatusTypeID":50,"LevelID":3,"PowerKW":43,"CurrentTypeID":20}]},{"ID":112672,"UUID":"9EFEDEF0-5025-4BCC-84F4-34AC9229C518","NumberOfPoints":2,"UsageCost":"0.15€/min","AddressInfo":{"ID":113018,"Title":"e-mobi - Ādaži","AddressLine1":"Rīgas gatve 45  ","Town":"Ādaži","Postcode":"LV-2164","CountryID":125,"Latitude":57.07868269023817,"Longitude":24.317625155750306,"ContactTelephone1":"+371 22001859","RelatedURL":"https://portal.e-mobi.lv","DistanceUnit":0},"OperatorID":3319,"DataProviderID":1,"UsageTypeID":5,"StatusTypeID":50,"Connections":[{"ID":158605,"ConnectionTypeID":2,"StatusTypeID":50,"LevelID":3,"PowerKW":50,"CurrentTypeID":30,"Quantity":1},{"ID":158606,"ConnectionTypeID":33,"StatusTypeID":50,"LevelID":3,"PowerKW":50,"CurrentTypeID":30,"Quantity":1},{"ID":158607,"ConnectionTypeID":25,"StatusTypeID":50,"LevelID":3,"PowerKW":43,"CurrentTypeID":20}]},{"ID":112671,"UUID":"185E520B-E576-47FD-A862-97A0621AE1C2","NumberOfPoints":2,"UsageCost":"0.15€/min","AddressInfo":{"ID":113017,"Title":"e-mobi - Balvi","AddressLine1":"Bērzpils iela 1  ","Town":"Balvi","Postcode":"LV-4501","CountryID":125,"Latitude":57.131374029189324,"Longitude":27.2680299306885,"ContactTelephone1":"+371 22001859","RelatedURL":"https://portal.e-mobi.lv","DistanceUnit":0},"OperatorID":3319,"DataProviderID":1,"UsageTypeID":5,"StatusTypeID":50,"Connections":[{"ID":158602,"ConnectionTypeID":2,"StatusTypeID":50,"LevelID":3,"PowerKW":50,"CurrentTypeID":30,"Quantity":1},{"ID":158603,"ConnectionTypeID":33,"StatusTypeID":50,"LevelID":3,"PowerKW":50,"CurrentTypeID":30,"Quantity":1},{"ID":158604,"ConnectionTypeID":25,"StatusTypeID":50,"LevelID":3,"PowerKW":43,"CurrentTypeID":20}]},{"ID":112670,"UUID":"6D0C8613-8883-49EB-B936-0B26478BED97","NumberOfPoints":2,"UsageCost":"0.15€/min","AddressInfo":{"ID":113016,"Title":"e-mobi - Madona","AddressLine1":"Blaumaņa iela","Town":"Madona","Postcode":" LV-4801 ","CountryID":125,"Latitude":56.85350099904886,"Longitude":26.220036797136117,"ContactTelephone1":"+371 22001859","RelatedURL":"https://portal.e-mobi.lv","DistanceUnit":0},"OperatorID":3319,"DataProviderID":1,"UsageTypeID":5,"StatusTypeID":50,"Connections":[{"ID":158599,"ConnectionTypeID":2,"StatusTypeID":50,"LevelID":3,"PowerKW":50,"CurrentTypeID":30,"Quantity":1},{"ID":158600,"ConnectionTypeID":33,"StatusTypeID":50,"LevelID":3,"PowerKW":50,"CurrentTypeID":30,"Quantity":1},{"ID":158601,"ConnectionTypeID":25,"StatusTypeID":50,"LevelID":3,"PowerKW":43,"CurrentTypeID":20}]},{"ID":112669,"UUID":"5881CA2C-9FBD-40F9-9F4A-DE25EDA064DF","NumberOfPoints":2,"UsageCost":"0.15€/min","AddressInfo":{"ID":113015,"Title":"e-mobi - Kārsavas apvadceļš","AddressLine1":"Virši","Town":"Kārsava","Postcode":"LV-5750","CountryID":125,"Latitude":56.779449111425684,"Longitude":27.69653703053291,"ContactTelephone1":"+371 22001859","RelatedURL":"https://portal.e-mobi.lv","DistanceUnit":0},"OperatorID":3319,"DataProviderID":1,"UsageTypeID":5,"StatusTypeID":50,"Connections":[{"ID":158596,"ConnectionTypeID":2,"StatusTypeID":50,"LevelID":3,"PowerKW":50,"CurrentTypeID":30,"Quantity":1},{"ID":158597,"ConnectionTypeID":33,"StatusTypeID":50,"LevelID":3,"PowerKW":50,"CurrentTypeID":30,"Quantity":1},{"ID":158598,"ConnectionTypeID":25,"StatusTypeID":50,"LevelID":3,"PowerKW":43,"CurrentTypeID":20}]},{"ID":112668,"UUID":"B8165414-B256-4E42-9493-E41C76912AB7","NumberOfPoints":2,"UsageCost":"0.15€/min","AddressInfo":{"ID":113014,"Title":"e-mobi - Varakļāni","AddressLine1":"Rīgas iela 13  ","Town":"Varakļāni","Postcode":"LV-4838","CountryID":125,"Latitude":56.60986561050005,"Longitude":26.753071931352224,"ContactTelephone1":"+371 22001859","RelatedURL":"https://portal.e-mobi.lv","DistanceUnit":0},"OperatorID":3319,"DataProviderID":1,"UsageTypeID":5,"StatusTypeID":50,"Connections":[{"ID":158593,"ConnectionTypeID":2,"StatusTypeID":50,"LevelID":3,"PowerKW":50,"CurrentTypeID":30,"Quantity":1},{"ID":158594,"ConnectionTypeID":33,"StatusTypeID":50,"LevelID":3,"PowerKW":50,"CurrentTypeID":30,"Quantity":1},{"ID":158595,"ConnectionTypeID":25,"StatusTypeID":50,"LevelID":3,"PowerKW":43,"CurrentTypeID":20}]},{"ID":112667,"UUID":"32C143D0-1164-456F-B094-67CDA8D0083A","NumberOfPoints":2,"UsageCost":"0.15€/min","AddressInfo":{"ID":113013,"Title":"e-mobi - Zilupe","AddressLine1":"Stacijas iela 3 ","Town":"Zilupe","Postcode":"LV-5751 ","CountryID":125,"Latitude":56.38982006546236,"Longitude":28.117270386508153,"ContactTelephone1":"+371 22001859","RelatedURL":"https://portal.e-mobi.lv","DistanceUnit":0},"OperatorID":3319,"DataProviderID":1,"UsageTypeID":5,"StatusTypeID":50,"Connections":[{"ID":158590,"ConnectionTypeID":2,"StatusTypeID":50,"LevelID":3,"PowerKW":50,"CurrentTypeID":30,"Quantity":1},{"ID":158591,"ConnectionTypeID":33,"StatusTypeID":50,"LevelID":3,"PowerKW":50,"CurrentTypeID":30,"Quantity":1},{"ID":158592,"ConnectionTypeID":25,"StatusTypeID":50,"LevelID":3,"PowerKW":43,"CurrentTypeID":20}]},{"ID":112666,"UUID":"839B8FCC-CE1C-426D-84FA-A0C5DA6015BE","NumberOfPoints":2,"UsageCost":"0.15€/min","AddressInfo":{"ID":113012,"Title":"e-mobi - Ludza","AddressLine1":"Raiņa iela 19  ","Town":"Ludza","Postcode":"LV-5701","CountryID":125,"Latitude":56.544365976610486,"Longitude":27.721932738098076,"ContactTelephone1":"+371 22001859","RelatedURL":"https://portal.e-mobi.lv","DistanceUnit":0},"OperatorID":3319,"DataProviderID":1,"UsageTypeID":5,"StatusTypeID":50,"Connections":[{"ID":158587,"ConnectionTypeID":2,"StatusTypeID":50,"LevelID":3,"PowerKW":50,"CurrentTypeID":30,"Quantity":1},{"ID":158588,"ConnectionTypeID":33,"StatusTypeID":50,"LevelID":3,"PowerKW":50,"CurrentTypeID":30,"Quantity":1},{"ID":158589,"ConnectionTypeID":25,"StatusTypeID":50,"LevelID":3,"PowerKW":43,"CurrentTypeID":20}]},{"ID":112665,"UUID":"BFFD4919-D9FD-40C4-A73D-B5A3CD5A0B54","NumberOfPoints":2,"UsageCost":"0.15€/min","AddressInfo":{"ID":113011,"Title":"e-mobi - Rēzekne","AddressLine1":"Baznīcas iela","Town":"Rēzekne","Postcode":"LV-4061","CountryID":125,"Latitude":56.505857537388025,"Longitude":27.331735875949107,"ContactTelephone1":"+371 22001859","RelatedURL":"https://portal.e-mobi.lv","DistanceUnit":0},"OperatorID":3319,"DataProviderID":1,"UsageTypeID":5,"StatusTypeID":50,"Connections":[{"ID":158584,"ConnectionTypeID":2,"StatusTypeID":50,"LevelID":3,"PowerKW":50,"CurrentTypeID":30,"Quantity":1},{"ID":158585,"ConnectionTypeID":33,"StatusTypeID":50,"LevelID":3,"PowerKW":50,"CurrentTypeID":30,"Quantity":1},{"ID":158586,"ConnectionTypeID":25,"StatusTypeID":50,"LevelID":3,"PowerKW":43,"CurrentTypeID":20}]},{"ID":112664,"UUID":"90D8948A-2B7F-49FB-A7F8-7BD3702E3769","NumberOfPoints":2,"UsageCost":"0.15€/min","AddressInfo":{"ID":113010,"Title":"e-mobi - Malta","AddressLine1":"1.Maija iela 44b  ","Town":"Malta","Postcode":"LV-4630","CountryID":125,"Latitude":56.3439296,"Longitude":27.159784400000035,"ContactTelephone1":"+371 22001859","RelatedURL":"https://portal.e-mobi.lv","DistanceUnit":0},"OperatorID":3319,"DataProviderID":1,"UsageTypeID":5,"StatusTypeID":50,"Connections":[{"ID":158581,"ConnectionTypeID":2,"StatusTypeID":50,"LevelID":3,"PowerKW":50,"CurrentTypeID":30,"Quantity":1},{"ID":158582,"ConnectionTypeID":33,"StatusTypeID":50,"LevelID":3,"PowerKW":50,"CurrentTypeID":30,"Quantity":1},{"ID":158583,"ConnectionTypeID":25,"StatusTypeID":50,"LevelID":3,"PowerKW":43,"CurrentTypeID":20}]},{"ID":112663,"UUID":"AF58F203-44E2-42D8-B10D-F69620DF5328","NumberOfPoints":2,"UsageCost":"0.15€/min","AddressInfo":{"ID":113009,"Title":"e-mobi - Krāslava","AddressLine1":"Rīgas iela 165A  ","Town":"Krāslava","Postcode":"LV-5601","CountryID":125,"Latitude":55.8881214,"Longitude":27.184172999999987,"ContactTelephone1":"+371 22001859","RelatedURL":"https://portal.e-mobi.lv","DistanceUnit":0},"OperatorID":3319,"DataProviderID":1,"UsageTypeID":5,"StatusTypeID":50,"Connections":[{"ID":158578,"ConnectionTypeID":2,"StatusTypeID":50,"LevelID":3,"PowerKW":50,"CurrentTypeID":30,"Quantity":1},{"ID":158579,"ConnectionTypeID":33,"StatusTypeID":50,"LevelID":3,"PowerKW":50,"CurrentTypeID":30,"Quantity":1},{"ID":158580,"ConnectionTypeID":25,"StatusTypeID":50,"LevelID":3,"PowerKW":43,"CurrentTypeID":20}]},{"ID":112662,"UUID":"BDAB82AE-0B95-4846-B3F8-3DC8D2EF42AD","NumberOfPoints":2,"UsageCost":"0.15€/min","AddressInfo":{"ID":113008,"Title":"e-mobi - Daugavpils CSDD","AddressLine1":"Kraujas iela 3  ","Town":"Daugavpils","Postcode":"LV-5401","CountryID":125,"Latitude":55.88065899999999,"Longitude":26.503721199999973,"ContactTelephone1":"+371 22001859","RelatedURL":"https://portal.e-mobi.lv","DistanceUnit":0},"OperatorID":3319,"DataProviderID":1,"UsageTypeID":5,"StatusTypeID":50,"Connections":[{"ID":158575,"ConnectionTypeID":2,"StatusTypeID":50,"LevelID":3,"PowerKW":50,"CurrentTypeID":30,"Quantity":1},{"ID":158576,"ConnectionTypeID":33,"StatusTypeID":50,"LevelID":3,"PowerKW":50,"CurrentTypeID":30,"Quantity":1},{"ID":158577,"ConnectionTypeID":25,"StatusTypeID":50,"LevelID":3,"PowerKW":43,"CurrentTypeID":20}]},{"ID":112661,"UUID":"6C2F6770-057B-495B-92C8-36E75B9ABB70","NumberOfPoints":2,"UsageCost":"0.15€/min","AddressInfo":{"ID":113007,"Title":"e-mobi - Špoģi","AddressLine1":"Šosejas iela 3 ","Town":"Špoģi","Postcode":"LV-5481 ","CountryID":125,"Latitude":56.07487110551307,"Longitude":26.735257833204628,"ContactTelephone1":"+371 22001859","RelatedURL":"https://portal.e-mobi.lv","DistanceUnit":0},"OperatorID":3319,"DataProviderID":1,"UsageTypeID":5,"StatusTypeID":50,"Connections":[{"ID":158572,"ConnectionTypeID":2,"StatusTypeID":50,"LevelID":3,"PowerKW":50,"CurrentTypeID":30,"Quantity":1},{"ID":158573,"ConnectionTypeID":33,"StatusTypeID":50,"LevelID":3,"PowerKW":50,"CurrentTypeID":30,"Quantity":1},{"ID":158574,"ConnectionTypeID":25,"StatusTypeID":50,"LevelID":3,"PowerKW":43,"CurrentTypeID":20}]},{"ID":112660,"UUID":"073A79DF-545F-4F5F-92DF-6EE18822051A","NumberOfPoints":2,"UsageCost":"0.15€/min","AddressInfo":{"ID":113006,"Title":"e-mobi - Nīcgales muiža","AddressLine1":"Nīcgales muiža","Town":"Nīcgale","Postcode":"LV-5463","CountryID":125,"Latitude":56.145006895399995,"Longitude":26.344666367016316,"ContactTelephone1":"+371 22001859","RelatedURL":"https://portal.e-mobi.lv","DistanceUnit":0},"OperatorID":3319,"DataProviderID":1,"UsageTypeID":5,"StatusTypeID":50,"Connections":[{"ID":158569,"ConnectionTypeID":2,"StatusTypeID":50,"LevelID":3,"PowerKW":50,"CurrentTypeID":30,"Quantity":1},{"ID":158570,"ConnectionTypeID":33,"StatusTypeID":50,"LevelID":3,"PowerKW":50,"CurrentTypeID":30,"Quantity":1},{"ID":158571,"ConnectionTypeID":25,"StatusTypeID":50,"LevelID":3,"PowerKW":43,"CurrentTypeID":20}]},{"ID":112659,"UUID":"C7B9209C-D9EA-4572-B6E8-561A9ECE2B77","NumberOfPoints":2,"UsageCost":"0.15€/min","AddressInfo":{"ID":113005,"Title":"e-mobi - Preiļi","AddressLine1":"Tirgus laukums 11","Town":"Preiļi","Postcode":"LV-5301","CountryID":125,"Latitude":56.29426428509375,"Longitude":26.72454196256558,"ContactTelephone1":"+371 22001859","RelatedURL":"https://portal.e-mobi.lv","DistanceUnit":0},"OperatorID":3319,"DataProviderID":1,"UsageTypeID":5,"StatusTypeID":50,"Connections":[{"ID":158566,"ConnectionTypeID":2,"StatusTypeID":50,"LevelID":3,"PowerKW":50,"CurrentTypeID":30,"Quantity":1},{"ID":158567,"ConnectionTypeID":33,"StatusTypeID":50,"LevelID":3,"PowerKW":50,"CurrentTypeID":30,"Quantity":1},{"ID":158568,"ConnectionTypeID":25,"StatusTypeID":50,"LevelID":3,"PowerKW":43,"CurrentTypeID":20}]},{"ID":112658,"UUID":"BD45A95F-525B-4D90-A6F6-3DADB4746A66","NumberOfPoints":2,"UsageCost":"0.15€/min","AddressInfo":{"ID":113004,"Title":"e-mobi - Līvānu robeža","AddressLine1":"Rīgas iela 312  ","Town":"Līvāni","Postcode":"LV-5316","CountryID":125,"Latitude":56.37608043045319,"Longitude":26.163572470886265,"ContactTelephone1":"+371 22001859","RelatedURL":"https://portal.e-mobi.lv","DistanceUnit":0},"OperatorID":3319,"DataProviderID":1,"UsageTypeID":5,"StatusTypeID":50,"Connections":[{"ID":158563,"ConnectionTypeID":2,"StatusTypeID":50,"LevelID":3,"PowerKW":50,"CurrentTypeID":30,"Quantity":1},{"ID":158564,"ConnectionTypeID":33,"StatusTypeID":50,"LevelID":3,"PowerKW":50,"CurrentTypeID":30,"Quantity":1},{"ID":158565,"ConnectionTypeID":25,"StatusTypeID":50,"LevelID":3,"PowerKW":43,"CurrentTypeID":20}]},{"ID":112657,"UUID":"45534CCE-2CD2-4AFD-9B2B-663065728BC8","NumberOfPoints":2,"UsageCost":"0.15€/min","AddressInfo":{"ID":113003,"Title":"e-mobi - Kūkas","AddressLine1":"Kūkas Nr. 36 ","Town":"Kūkas","Postcode":"LV-5222 ","CountryID":125,"Latitude":56.54397462369612,"Longitude":26.093417963810452,"ContactTelephone1":"+371 22001859","RelatedURL":"https://portal.e-mobi.lv","DistanceUnit":0},"OperatorID":3319,"DataProviderID":1,"UsageTypeID":5,"StatusTypeID":50,"Connections":[{"ID":158560,"ConnectionTypeID":2,"StatusTypeID":50,"LevelID":3,"PowerKW":50,"CurrentTypeID":30,"Quantity":1},{"ID":158561,"ConnectionTypeID":33,"StatusTypeID":50,"LevelID":3,"PowerKW":50,"CurrentTypeID":30,"Quantity":1},{"ID":158562,"ConnectionTypeID":25,"StatusTypeID":50,"LevelID":3,"PowerKW":43,"CurrentTypeID":20}]},{"ID":112656,"UUID":"BE4CD8A6-AA25-4F81-92A1-E3E38CAF836D","NumberOfPoints":2,"UsageCost":"0.15€/min","AddressInfo":{"ID":113002,"Title":"e-mobi - Krustpils tirgus","AddressLine1":"Rīgas iela 103B  ","Town":"Jēkabpils","Postcode":"LV-5202","CountryID":125,"Latitude":56.50130063311526,"Longitude":25.875936982803296,"ContactTelephone1":"+371 22001859","RelatedURL":"https://portal.e-mobi.lv","DistanceUnit":0},"OperatorID":3319,"DataProviderID":1,"UsageTypeID":5,"StatusTypeID":50,"Connections":[{"ID":158557,"ConnectionTypeID":2,"StatusTypeID":50,"LevelID":3,"PowerKW":50,"CurrentTypeID":30,"Quantity":1},{"ID":158558,"ConnectionTypeID":33,"StatusTypeID":50,"LevelID":3,"PowerKW":50,"CurrentTypeID":30,"Quantity":1},{"ID":158559,"ConnectionTypeID":25,"StatusTypeID":50,"LevelID":3,"PowerKW":43,"CurrentTypeID":20}]},{"ID":112655,"UUID":"02D435FF-CE7E-46A5-853E-BCBD3380EE7A","NumberOfPoints":2,"UsageCost":"0.15€/min","AddressInfo":{"ID":113001,"Title":"e-mobi - Koknese","AddressLine1":"1905. gada iela 14A  ","Town":"Koknese","Postcode":"LV-5113","CountryID":125,"Latitude":56.64530320000001,"Longitude":25.436252200000013,"ContactTelephone1":"+371 22001859","RelatedURL":"https://portal.e-mobi.lv","DistanceUnit":0},"OperatorID":3319,"DataProviderID":1,"UsageTypeID":5,"StatusTypeID":50,"Connections":[{"ID":158554,"ConnectionTypeID":2,"StatusTypeID":50,"LevelID":3,"PowerKW":50,"CurrentTypeID":30,"Quantity":1},{"ID":158555,"ConnectionTypeID":33,"StatusTypeID":50,"LevelID":3,"PowerKW":50,"CurrentTypeID":30,"Quantity":1},{"ID":158556,"ConnectionTypeID":25,"StatusTypeID":50,"LevelID":3,"PowerKW":43,"CurrentTypeID":20}]},{"ID":112654,"UUID":"9BDC0EE5-BE7F-4898-8E8A-3875E28D7E04","NumberOfPoints":2,"UsageCost":"0.15€/min","AddressInfo":{"ID":113000,"Title":"e-mobi - Aizkraukle","AddressLine1":"Gaismas iela 1 ","Town":"Aizkraukle","Postcode":"LV-5101","CountryID":125,"Latitude":56.59936,"Longitude":25.246109100000012,"ContactTelephone1":"+371 22001859","RelatedURL":"https://portal.e-mobi.lv","DistanceUnit":0},"OperatorID":3319,"DataProviderID":1,"UsageTypeID":5,"StatusTypeID":50,"Connections":[{"ID":158551,"ConnectionTypeID":2,"StatusTypeID":50,"LevelID":3,"PowerKW":50,"CurrentTypeID":30,"Quantity":1},{"ID":158552,"ConnectionTypeID":33,"StatusTypeID":50,"LevelID":3,"PowerKW":50,"CurrentTypeID":30,"Quantity":1},{"ID":158553,"ConnectionTypeID":25,"StatusTypeID":50,"LevelID":3,"PowerKW":43,"CurrentTypeID":20}]},{"ID":112653,"UUID":"30AD9FF2-E8A8-46B1-8E15-463DF5F5BF95","NumberOfPoints":2,"UsageCost":"0.15€/min","AddressInfo":{"ID":112999,"Title":"e-mobi - Avārijas Brigāde","AddressLine1":"ABPark","Town":"Lēdmane","Postcode":" LV-5011","CountryID":125,"Latitude":56.78398573363935,"Longitude":25.015793640186757,"ContactTelephone1":"+371 22001859","RelatedURL":"https://portal.e-mobi.lv","DistanceUnit":0},"OperatorID":3319,"DataProviderID":1,"UsageTypeID":5,"StatusTypeID":50,"Connections":[{"ID":158548,"ConnectionTypeID":2,"StatusTypeID":50,"LevelID":3,"PowerKW":50,"CurrentTypeID":30,"Quantity":1},{"ID":158549,"ConnectionTypeID":33,"StatusTypeID":50,"LevelID":3,"PowerKW":50,"CurrentTypeID":30,"Quantity":1},{"ID":158550,"ConnectionTypeID":25,"StatusTypeID":50,"LevelID":3,"PowerKW":43,"CurrentTypeID":20}]},{"ID":112652,"UUID":"00716045-ADB1-43E2-81F5-5D7119B65505","NumberOfPoints":2,"UsageCost":"0.15€/min","AddressInfo":{"ID":112998,"Title":"e-mobi Lielvārde","AddressLine1":"Lāčplēša laukums 4 ","Town":"Lielvārde","Postcode":" LV-5070","CountryID":125,"Latitude":56.7184756683651,"Longitude":24.813413945292496,"ContactTelephone1":"+371 22001859","RelatedURL":"https://portal.e-mobi.lv","DistanceUnit":0},"OperatorID":3319,"DataProviderID":1,"UsageTypeID":5,"StatusTypeID":50,"Connections":[{"ID":158545,"ConnectionTypeID":2,"StatusTypeID":50,"LevelID":3,"PowerKW":50,"CurrentTypeID":30,"Quantity":1},{"ID":158546,"ConnectionTypeID":33,"StatusTypeID":50,"LevelID":3,"PowerKW":50,"CurrentTypeID":30,"Quantity":1},{"ID":158547,"ConnectionTypeID":25,"StatusTypeID":50,"LevelID":3,"PowerKW":43,"CurrentTypeID":20}]},{"ID":112651,"UUID":"348D3BDF-9826-45D9-B651-112ABDA9AF72","NumberOfPoints":2,"UsageCost":"0.15€/min","AddressInfo":{"ID":112997,"Title":"e-mobi - Ikšķiles pasts","AddressLine1":"Birzes iela ","Town":"Ikšķile","Postcode":"LV-5052 ","CountryID":125,"Latitude":56.83657597280008,"Longitude":24.4956574411392,"ContactTelephone1":"+371 22001859","RelatedURL":"https://portal.e-mobi.lv","DistanceUnit":0},"OperatorID":3319,"DataProviderID":1,"UsageTypeID":5,"StatusTypeID":50,"Connections":[{"ID":158542,"ConnectionTypeID":2,"StatusTypeID":50,"LevelID":3,"PowerKW":50,"CurrentTypeID":30,"Quantity":1},{"ID":158543,"ConnectionTypeID":33,"StatusTypeID":50,"LevelID":3,"PowerKW":50,"CurrentTypeID":30,"Quantity":1},{"ID":158544,"ConnectionTypeID":25,"StatusTypeID":50,"LevelID":3,"PowerKW":43,"CurrentTypeID":20}]},{"ID":112650,"UUID":"6CC2BD2D-B961-4B3C-B449-5B35063CE48F","NumberOfPoints":2,"UsageCost":"0.15€/min","AddressInfo":{"ID":112996,"Title":"e-mobi - Tīnužu aplis","AddressLine1":"Circke K","Town":"Tīnūži","Postcode":"LV-5015","CountryID":125,"Latitude":56.85796546502345,"Longitude":24.563831262457256,"ContactTelephone1":"+371 22001859","RelatedURL":"https://portal.e-mobi.lv","DistanceUnit":0},"OperatorID":3319,"DataProviderID":1,"UsageTypeID":5,"StatusTypeID":50,"Connections":[{"ID":158539,"ConnectionTypeID":2,"StatusTypeID":50,"LevelID":3,"PowerKW":50,"CurrentTypeID":30,"Quantity":1},{"ID":158540,"ConnectionTypeID":33,"StatusTypeID":50,"LevelID":3,"PowerKW":50,"CurrentTypeID":30,"Quantity":1},{"ID":158541,"ConnectionTypeID":25,"StatusTypeID":50,"LevelID":3,"PowerKW":43,"CurrentTypeID":20}]},{"ID":112649,"UUID":"B48956CF-78BF-4944-88F0-F9CD68CC7B99","NumberOfPoints":2,"UsageCost":"0.15€/min","AddressInfo":{"ID":112995,"Title":"e-mobi - Bauskas dome","AddressLine1":"Uzvaras iela 1  ","Town":"Bauska","Postcode":"LV-3901","CountryID":125,"Latitude":56.40558082263441,"Longitude":24.185474102377384,"ContactTelephone1":"+371 22001859","RelatedURL":"https://portal.e-mobi.lv","DistanceUnit":0},"OperatorID":3319,"DataProviderID":1,"UsageTypeID":5,"StatusTypeID":50,"Connections":[{"ID":158536,"ConnectionTypeID":2,"StatusTypeID":50,"LevelID":3,"PowerKW":50,"CurrentTypeID":30,"Quantity":1},{"ID":158537,"ConnectionTypeID":33,"StatusTypeID":50,"LevelID":3,"PowerKW":50,"CurrentTypeID":30,"Quantity":1},{"ID":158538,"ConnectionTypeID":25,"StatusTypeID":50,"LevelID":3,"PowerKW":43,"CurrentTypeID":20}]},{"ID":112648,"UUID":"13902E0D-263D-422C-8E8E-72E263AC646A","NumberOfPoints":2,"UsageCost":"0.15€/min","AddressInfo":{"ID":112994,"Title":"e-mobi - Iecava","AddressLine1":"Rīgas iela 2B ","Town":"Iecava","Postcode":" LV-3913","CountryID":125,"Latitude":56.5926279,"Longitude":24.1911738,"ContactTelephone1":"+371 22001859","RelatedURL":"https://portal.e-mobi.lv","DistanceUnit":0},"OperatorID":3319,"DataProviderID":1,"UsageTypeID":5,"StatusTypeID":50,"Connections":[{"ID":158533,"ConnectionTypeID":2,"StatusTypeID":50,"LevelID":3,"PowerKW":50,"CurrentTypeID":30,"Quantity":1},{"ID":158534,"ConnectionTypeID":33,"StatusTypeID":50,"LevelID":3,"PowerKW":50,"CurrentTypeID":30,"Quantity":1},{"ID":158535,"ConnectionTypeID":25,"StatusTypeID":50,"LevelID":3,"PowerKW":43,"CurrentTypeID":20}],"UserComments":[{"ID":21787,"ChargePointID":112648,"CommentTypeID":10,"UserName":"TeslaFRA","Comment":"Good location at the gas station Astarte. e-mobi is the provider.","DateCreated":"2019-11-08T13:07:06.68Z","User":{"ID":22075,"Username":"TeslaFRA"},"CheckinStatusTypeID":10,"IsActionedByEditor":false}],"MediaItems":[{"ID":20297,"ChargePointID":112648,"ItemURL":"https://media.openchargemap.io/images/LV/OCM112648/OCM-112648.orig.2019110813055200.jpg","ItemThumbnailURL":"https://media.openchargemap.io/images/LV/OCM112648/OCM-112648.thmb.2019110813055200.jpg","Comment":"","IsEnabled":true,"IsVideo":false,"IsFeaturedItem":false,"IsExternalResource":false,"User":{"ID":22075,"Username":"TeslaFRA"},"DateCreated":"2019-11-08T13:06:00Z"}]},{"ID":112647,"UUID":"6477D07F-2C2C-4EA2-BDA7-54FFC266E15A","NumberOfPoints":2,"UsageCost":"0.15€/min","AddressInfo":{"ID":112993,"Title":"e-mobi - Jaunolaines Sporta Nams","AddressLine1":"Meža iela 2  ","Town":"Jaunolaine","Postcode":"LV-2127","CountryID":125,"Latitude":56.79961654701659,"Longitude":23.987589404754658,"ContactTelephone1":"+371 22001859","RelatedURL":"https://portal.e-mobi.lv","DistanceUnit":0},"OperatorID":3319,"DataProviderID":1,"UsageTypeID":5,"StatusTypeID":50,"Connections":[{"ID":158530,"ConnectionTypeID":2,"StatusTypeID":50,"LevelID":3,"PowerKW":50,"CurrentTypeID":30,"Quantity":1},{"ID":158531,"ConnectionTypeID":33,"StatusTypeID":50,"LevelID":3,"PowerKW":50,"CurrentTypeID":30,"Quantity":1},{"ID":158532,"ConnectionTypeID":25,"StatusTypeID":50,"LevelID":3,"PowerKW":43,"CurrentTypeID":20}]},{"ID":112646,"UUID":"6A5C64CA-7350-45D5-9E4E-49903FC92F3E","NumberOfPoints":2,"UsageCost":"0.15€/min","AddressInfo":{"ID":112992,"Title":"e-mobi - Eleja","AddressLine1":"Lietuvas iela 28 ","Town":"Eleja","Postcode":"LV-3023 ","CountryID":125,"Latitude":56.41626218166568,"Longitude":23.682904365081754,"ContactTelephone1":"+371 22001859","RelatedURL":"https://portal.e-mobi.lv","DistanceUnit":0},"OperatorID":3319,"DataProviderID":1,"UsageTypeID":5,"StatusTypeID":50,"Connections":[{"ID":158527,"ConnectionTypeID":2,"StatusTypeID":50,"LevelID":3,"PowerKW":50,"CurrentTypeID":30,"Quantity":1},{"ID":158528,"ConnectionTypeID":33,"StatusTypeID":50,"LevelID":3,"PowerKW":50,"CurrentTypeID":30,"Quantity":1},{"ID":158529,"ConnectionTypeID":25,"StatusTypeID":50,"LevelID":3,"PowerKW":43,"CurrentTypeID":20}]},{"ID":112645,"UUID":"CEABFDD0-A87B-4085-85C5-0944D6A8E3D7","NumberOfPoints":2,"UsageCost":"0.15€/min","AddressInfo":{"ID":112991,"Title":"e-mobi - Jelgavas apvadceļš","AddressLine1":"Astare DUS","Town":"Brankstūri","Postcode":"LV-3043","CountryID":125,"Latitude":56.65714523233715,"Longitude":23.809493990183455,"ContactTelephone1":"+371 22001859","RelatedURL":"https://portal.e-mobi.lv","DistanceUnit":0},"OperatorID":3319,"DataProviderID":1,"UsageTypeID":5,"StatusTypeID":50,"Connections":[{"ID":158524,"ConnectionTypeID":2,"StatusTypeID":50,"LevelID":3,"PowerKW":50,"CurrentTypeID":30,"Quantity":1},{"ID":158525,"ConnectionTypeID":33,"StatusTypeID":50,"LevelID":3,"PowerKW":50,"CurrentTypeID":30,"Quantity":1},{"ID":158526,"ConnectionTypeID":25,"StatusTypeID":50,"LevelID":3,"PowerKW":43,"CurrentTypeID":20}]},{"ID":112644,"UUID":"E4710BD8-25EB-4067-83F7-C76C5D831BC8","NumberOfPoints":2,"UsageCost":"0.15€/min","AddressInfo":{"ID":112990,"Title":"e-mobi - Tīreļi","AddressLine1":"Rīgas iela 3  ","Town":"Tīreļi","Postcode":"LV-3017","CountryID":125,"Latitude":56.84213248982054,"Longitude":23.586384668222763,"ContactTelephone1":"+371 22001859","RelatedURL":"https://portal.e-mobi.lv","DistanceUnit":0},"OperatorID":3319,"DataProviderID":1,"UsageTypeID":5,"StatusTypeID":50,"Connections":[{"ID":158521,"ConnectionTypeID":2,"StatusTypeID":50,"LevelID":3,"PowerKW":50,"CurrentTypeID":30,"Quantity":1},{"ID":158522,"ConnectionTypeID":33,"StatusTypeID":50,"LevelID":3,"PowerKW":50,"CurrentTypeID":30,"Quantity":1},{"ID":158523,"ConnectionTypeID":25,"StatusTypeID":50,"LevelID":3,"PowerKW":43,"CurrentTypeID":20}]},{"ID":112643,"UUID":"37B05367-0736-46DA-80E1-332A45F4DC6E","NumberOfPoints":2,"UsageCost":"0.15€/min","AddressInfo":{"ID":112989,"Title":"e-mobi - Jūrmalas Kurši","AddressLine1":"Ventspils šoseja 70  ","Town":"Jūrmala","Postcode":" LV-2011","CountryID":125,"Latitude":56.93047146151485,"Longitude":23.587075617714618,"ContactTelephone1":"+371 22001859","RelatedURL":"https://portal.e-mobi.lv","DistanceUnit":0},"OperatorID":3319,"DataProviderID":1,"UsageTypeID":5,"StatusTypeID":50,"Connections":[{"ID":158518,"ConnectionTypeID":2,"StatusTypeID":50,"LevelID":3,"PowerKW":50,"CurrentTypeID":30,"Quantity":1},{"ID":158519,"ConnectionTypeID":33,"StatusTypeID":50,"LevelID":3,"PowerKW":50,"CurrentTypeID":30,"Quantity":1},{"ID":158520,"ConnectionTypeID":25,"StatusTypeID":50,"LevelID":3,"PowerKW":43,"CurrentTypeID":20}]},{"ID":112642,"UUID":"A39C58CD-101C-4FB3-8617-A9FA675F77E3","NumberOfPoints":2,"UsageCost":"0.15€/min","AddressInfo":{"ID":112988,"Title":"e-mobi - Dobele","AddressLine1":"Jāņa Čakstes iela 2","Town":"Dobele","Postcode":"LV-3701","CountryID":125,"Latitude":56.62508871302505,"Longitude":23.28488911255033,"ContactTelephone1":"+371 22001859","RelatedURL":"https://portal.e-mobi.lv","DistanceUnit":0},"OperatorID":3319,"DataProviderID":1,"UsageTypeID":5,"StatusTypeID":50,"Connections":[{"ID":158515,"ConnectionTypeID":2,"StatusTypeID":50,"LevelID":3,"PowerKW":50,"CurrentTypeID":30,"Quantity":1},{"ID":158516,"ConnectionTypeID":33,"StatusTypeID":50,"LevelID":3,"PowerKW":50,"CurrentTypeID":30,"Quantity":1},{"ID":158517,"ConnectionTypeID":25,"StatusTypeID":50,"LevelID":3,"PowerKW":43,"CurrentTypeID":20}]},{"ID":112641,"UUID":"84775A85-9C55-4D0B-967A-85C835ADAC12","NumberOfPoints":2,"UsageCost":"0.15€/min","AddressInfo":{"ID":112987,"Title":"e-mobi - Tukuma apvadceļš","AddressLine1":"Kuldīgas 67","Town":"Tukums","Postcode":"LV-3104","CountryID":125,"Latitude":56.95009476311615,"Longitude":23.118419303674273,"ContactTelephone1":"+371 22001859","RelatedURL":"https://portal.e-mobi.lv","DistanceUnit":0},"OperatorID":3319,"DataProviderID":1,"UsageTypeID":5,"StatusTypeID":50,"Connections":[{"ID":158512,"ConnectionTypeID":2,"StatusTypeID":50,"LevelID":3,"PowerKW":50,"CurrentTypeID":30,"Quantity":1},{"ID":158513,"ConnectionTypeID":33,"StatusTypeID":50,"LevelID":3,"PowerKW":50,"CurrentTypeID":30,"Quantity":1},{"ID":158514,"ConnectionTypeID":25,"StatusTypeID":50,"LevelID":3,"PowerKW":43,"CurrentTypeID":20}]},{"ID":112640,"UUID":"96BE9E72-6E41-458E-9F4E-220A38A7F7F1","NumberOfPoints":2,"UsageCost":"0.15€/min","AddressInfo":{"ID":112986,"Title":"e-mob - Biksti","AddressLine1":"Kafeinīca Dzirnaviņas","Town":"Biksti","Postcode":"LV-3713","CountryID":125,"Latitude":56.66412258215809,"Longitude":22.969912203819035,"ContactTelephone1":"+371 22001859","RelatedURL":"https://portal.e-mobi.lv","DistanceUnit":0},"OperatorID":3319,"DataProviderID":1,"UsageTypeID":5,"StatusTypeID":50,"Connections":[{"ID":158509,"ConnectionTypeID":2,"StatusTypeID":50,"LevelID":3,"PowerKW":50,"CurrentTypeID":30,"Quantity":1},{"ID":158510,"ConnectionTypeID":33,"StatusTypeID":50,"LevelID":3,"PowerKW":50,"CurrentTypeID":30,"Quantity":1},{"ID":158511,"ConnectionTypeID":25,"StatusTypeID":50,"LevelID":3,"PowerKW":43,"CurrentTypeID":20}]},{"ID":112639,"UUID":"9C68EF0E-FFBA-4099-9B07-E9C5C2D976E3","NumberOfPoints":2,"UsageCost":"0.15€/min","AddressInfo":{"ID":112985,"Title":"e-mobi - Kandava","AddressLine1":"Kūrorta iela 3A  ","Town":"Kandava","Postcode":"LV-3120","CountryID":125,"Latitude":57.03292915017838,"Longitude":22.780705925161783,"ContactTelephone1":"+371 22001859","RelatedURL":"https://portal.e-mobi.lv","DistanceUnit":0},"OperatorID":3319,"DataProviderID":1,"UsageTypeID":5,"StatusTypeID":50,"Connections":[{"ID":158506,"ConnectionTypeID":2,"StatusTypeID":50,"LevelID":3,"PowerKW":50,"CurrentTypeID":30,"Quantity":1},{"ID":158507,"ConnectionTypeID":33,"StatusTypeID":50,"LevelID":3,"PowerKW":50,"CurrentTypeID":30,"Quantity":1},{"ID":158508,"ConnectionTypeID":25,"StatusTypeID":50,"LevelID":3,"PowerKW":43,"CurrentTypeID":20}]},{"ID":112638,"UUID":"FC784051-70CB-47CF-B8FD-B956B0E3B600","NumberOfPoints":2,"UsageCost":"0.15€/min","AddressInfo":{"ID":112984,"Title":"e-mobi - Kuršu krogs","AddressLine1":"Kuršu krogs","Town":"Talsi","Postcode":"LV-3258","CountryID":125,"Latitude":57.19371194869844,"Longitude":22.57483371049807,"ContactTelephone1":"+371 22001859","RelatedURL":"https://portal.e-mobi.lv","DistanceUnit":0},"OperatorID":3319,"DataProviderID":1,"UsageTypeID":5,"StatusTypeID":50,"Connections":[{"ID":158503,"ConnectionTypeID":2,"StatusTypeID":50,"LevelID":3,"PowerKW":50,"CurrentTypeID":30,"Quantity":1},{"ID":158504,"ConnectionTypeID":33,"StatusTypeID":50,"LevelID":3,"PowerKW":50,"CurrentTypeID":30,"Quantity":1},{"ID":158505,"ConnectionTypeID":25,"StatusTypeID":50,"LevelID":3,"PowerKW":43,"CurrentTypeID":20}]},{"ID":112637,"UUID":"7CB91018-AF64-4871-AF94-F61BD4B42053","NumberOfPoints":2,"UsageCost":"0.15€/min","AddressInfo":{"ID":112983,"Title":"e-mobi - Talsu sporta nams","AddressLine1":"Kareivju iela 12","Town":"Talsi","Postcode":"LV-3201","CountryID":125,"Latitude":57.24764519120729,"Longitude":22.586667616671775,"ContactTelephone1":"+371 22001859","RelatedURL":"https://portal.e-mobi.lv","DistanceUnit":0},"OperatorID":3319,"DataProviderID":1,"UsageTypeID":5,"StatusTypeID":50,"Connections":[{"ID":158500,"ConnectionTypeID":2,"StatusTypeID":50,"LevelID":3,"PowerKW":50,"CurrentTypeID":30,"Quantity":1},{"ID":158501,"ConnectionTypeID":33,"StatusTypeID":50,"LevelID":3,"PowerKW":50,"CurrentTypeID":30,"Quantity":1},{"ID":158502,"ConnectionTypeID":25,"StatusTypeID":50,"LevelID":3,"PowerKW":43,"CurrentTypeID":20}]},{"ID":112636,"UUID":"E68BC739-C1A2-4E66-ACBD-27BC91D8D5C4","NumberOfPoints":2,"UsageCost":"0.15€/min","AddressInfo":{"ID":112982,"Title":"e-mobi - Saldus tirgus","AddressLine1":"Tirgus 1","Town":"Saldus","Postcode":"LV-3801","CountryID":125,"Latitude":56.66763885913819,"Longitude":22.49370888539488,"ContactTelephone1":"+371 22001859","RelatedURL":"https://portal.e-mobi.lv","DistanceUnit":0},"OperatorID":3319,"DataProviderID":1,"UsageTypeID":5,"StatusTypeID":50,"Connections":[{"ID":158497,"ConnectionTypeID":2,"StatusTypeID":50,"LevelID":3,"PowerKW":50,"CurrentTypeID":30,"Quantity":1},{"ID":158498,"ConnectionTypeID":33,"StatusTypeID":50,"LevelID":3,"PowerKW":50,"CurrentTypeID":30,"Quantity":1},{"ID":158499,"ConnectionTypeID":25,"StatusTypeID":50,"LevelID":3,"PowerKW":43,"CurrentTypeID":20}]},{"ID":112635,"UUID":"42103ED8-75F3-490B-93E1-CE53BA288072","NumberOfPoints":2,"UsageCost":"0.15€/min","AddressInfo":{"ID":112981,"Title":"e-mobi - Skrunda","AddressLine1":"Liepājas iela 13A","Town":"Skrunda","Postcode":"LV-3326","CountryID":125,"Latitude":56.674494144096855,"Longitude":22.014472004433628,"ContactTelephone1":"+371 22001859","RelatedURL":"https://portal.e-mobi.lv","DistanceUnit":0},"OperatorID":3319,"DataProviderID":1,"UsageTypeID":5,"StatusTypeID":50,"Connections":[{"ID":158494,"ConnectionTypeID":2,"StatusTypeID":50,"LevelID":3,"PowerKW":50,"CurrentTypeID":30,"Quantity":1},{"ID":158495,"ConnectionTypeID":33,"StatusTypeID":50,"LevelID":3,"PowerKW":50,"CurrentTypeID":30,"Quantity":1},{"ID":158496,"ConnectionTypeID":25,"StatusTypeID":50,"LevelID":3,"PowerKW":43,"CurrentTypeID":20}]},{"ID":112634,"UUID":"976D81C6-58C6-4639-A63A-0386D885B596","NumberOfPoints":2,"UsageCost":"0.15€/min","AddressInfo":{"ID":112980,"Title":"e-mobi - Kalvenes skola","AddressLine1":"Skolas","Town":"Kalvene","Postcode":"LV-3443","CountryID":125,"Latitude":56.604969779265154,"Longitude":21.738250416593928,"ContactTelephone1":"+371 22001859","RelatedURL":"https://portal.e-mobi.lv","DistanceUnit":0},"OperatorID":3319,"DataProviderID":1,"UsageTypeID":5,"StatusTypeID":50,"Connections":[{"ID":158491,"ConnectionTypeID":2,"StatusTypeID":50,"LevelID":3,"PowerKW":50,"CurrentTypeID":30,"Quantity":1},{"ID":158492,"ConnectionTypeID":33,"StatusTypeID":50,"LevelID":3,"PowerKW":50,"CurrentTypeID":30,"Quantity":1},{"ID":158493,"ConnectionTypeID":25,"StatusTypeID":50,"LevelID":3,"PowerKW":43,"CurrentTypeID":20}],"MediaItems":[{"ID":19116,"ChargePointID":112634,"ItemURL":"https://media.openchargemap.io/images/LV/OCM112634/OCM-112634.orig.2019080316032246.png","ItemThumbnailURL":"https://media.openchargemap.io/images/LV/OCM112634/OCM-112634.thmb.2019080316032246.png","Comment":"","IsEnabled":true,"IsVideo":false,"IsFeaturedItem":false,"IsExternalResource":false,"User":{"ID":21105,"Username":"Karlis"},"DateCreated":"2019-08-03T16:04:00Z"},{"ID":19115,"ChargePointID":112634,"ItemURL":"https://media.openchargemap.io/images/LV/OCM112634/OCM-112634.orig.2019080316015557.png","ItemThumbnailURL":"https://media.openchargemap.io/images/LV/OCM112634/OCM-112634.thmb.2019080316015557.png","Comment":"Cafe and shop are 50m away. ","IsEnabled":true,"IsVideo":false,"IsFeaturedItem":false,"IsExternalResource":false,"User":{"ID":21105,"Username":"Karlis"},"DateCreated":"2019-08-03T16:02:00Z"}]},{"ID":112633,"UUID":"1D494464-B871-4E16-BACF-8C7D2D63C779","NumberOfPoints":2,"UsageCost":"0.15€/min","AddressInfo":{"ID":112979,"Title":"e-mobi Lieģi","AddressLine1":"Parka 2A","Town":"Lieģi","Postcode":"LV-3447","CountryID":125,"Latitude":56.579557452545,"Longitude":21.335391050787393,"ContactTelephone1":"+371 22001859","RelatedURL":"https://portal.e-mobi.lv","DistanceUnit":0},"OperatorID":3319,"DataProviderID":1,"UsageTypeID":5,"StatusTypeID":50,"Connections":[{"ID":158488,"ConnectionTypeID":2,"StatusTypeID":50,"LevelID":3,"PowerKW":50,"CurrentTypeID":30,"Quantity":1},{"ID":158489,"ConnectionTypeID":33,"StatusTypeID":50,"LevelID":3,"PowerKW":50,"CurrentTypeID":30,"Quantity":1},{"ID":158490,"ConnectionTypeID":25,"StatusTypeID":50,"LevelID":3,"PowerKW":43,"CurrentTypeID":20}]},{"ID":112632,"UUID":"2152E537-6966-4D9D-904B-EB87E69B375A","NumberOfPoints":2,"UsageCost":"0.15€/min","AddressInfo":{"ID":112978,"Title":"e-mobi Liepāja CSDD","AddressLine1":"Satiksmes 11","Town":"Liepāja","Postcode":"LV-3401","CountryID":125,"Latitude":56.531707534002514,"Longitude":21.047364988885533,"ContactTelephone1":"+371 22001859","RelatedURL":"https://portal.e-mobi.lv","DistanceUnit":0},"OperatorID":3319,"DataProviderID":1,"UsageTypeID":5,"StatusTypeID":50,"Connections":[{"ID":158485,"ConnectionTypeID":2,"StatusTypeID":50,"LevelID":3,"PowerKW":50,"CurrentTypeID":30,"Quantity":1},{"ID":158486,"ConnectionTypeID":33,"StatusTypeID":50,"LevelID":3,"PowerKW":50,"CurrentTypeID":30,"Quantity":1},{"ID":158487,"ConnectionTypeID":25,"StatusTypeID":50,"LevelID":3,"PowerKW":43,"CurrentTypeID":20}]},{"ID":112631,"UUID":"54824C38-B4D6-41B8-8708-84D09229321B","NumberOfPoints":2,"UsageCost":"0.15€/min","AddressInfo":{"ID":112977,"Title":"e-mobi Nīcas Pašvaldība","AddressLine1":"Pienotava","Town":"Nīca","Postcode":"LV-3473","CountryID":125,"Latitude":56.34636604396347,"Longitude":21.065449316175318,"ContactTelephone1":"+371 22001859","RelatedURL":"https://portal.e-mobi.lv","DistanceUnit":0},"OperatorID":3319,"DataProviderID":1,"UsageTypeID":5,"StatusTypeID":50,"Connections":[{"ID":158482,"ConnectionTypeID":2,"StatusTypeID":50,"LevelID":3,"PowerKW":50,"CurrentTypeID":30,"Quantity":1},{"ID":158483,"ConnectionTypeID":33,"StatusTypeID":50,"LevelID":3,"PowerKW":50,"CurrentTypeID":30,"Quantity":1},{"ID":158484,"ConnectionTypeID":25,"StatusTypeID":50,"LevelID":3,"PowerKW":43,"CurrentTypeID":20}],"MediaItems":[{"ID":19118,"ChargePointID":112631,"ItemURL":"https://media.openchargemap.io/images/LV/OCM112631/OCM-112631.orig.2019080316074054.png","ItemThumbnailURL":"https://media.openchargemap.io/images/LV/OCM112631/OCM-112631.thmb.2019080316074054.png","Comment":"","IsEnabled":true,"IsVideo":false,"IsFeaturedItem":false,"IsExternalResource":false,"User":{"ID":21105,"Username":"Karlis"},"DateCreated":"2019-08-03T16:08:00Z"},{"ID":19117,"ChargePointID":112631,"ItemURL":"https://media.openchargemap.io/images/LV/OCM112631/OCM-112631.orig.2019080316062208.png","ItemThumbnailURL":"https://media.openchargemap.io/images/LV/OCM112631/OCM-112631.thmb.2019080316062208.png","Comment":"","IsEnabled":true,"IsVideo":false,"IsFeaturedItem":false,"IsExternalResource":false,"User":{"ID":21105,"Username":"Karlis"},"DateCreated":"2019-08-03T16:07:00Z"}]},{"ID":112630,"UUID":"4C95CF7E-0274-4DC7-AF52-2FEBD6DA56B1","NumberOfPoints":2,"UsageCost":"0.15€/min","AddressInfo":{"ID":112976,"Title":"e-mobi Rucavas tirgus","AddressLine1":"Tirgus laukums","Town":"Rucava","Postcode":"LV-3477","CountryID":125,"Latitude":56.16033741233169,"Longitude":21.161341979189046,"ContactTelephone1":"+371 22001859","RelatedURL":"https://portal.e-mobi.lv","DistanceUnit":0},"OperatorID":3319,"DataProviderID":1,"UsageTypeID":5,"StatusTypeID":50,"Connections":[{"ID":158479,"ConnectionTypeID":2,"StatusTypeID":50,"LevelID":3,"PowerKW":50,"CurrentTypeID":30,"Quantity":1},{"ID":158480,"ConnectionTypeID":33,"StatusTypeID":50,"LevelID":3,"PowerKW":50,"CurrentTypeID":30,"Quantity":1},{"ID":158481,"ConnectionTypeID":25,"StatusTypeID":50,"LevelID":3,"PowerKW":43,"CurrentTypeID":20}],"MediaItems":[{"ID":19120,"ChargePointID":112630,"ItemURL":"https://media.openchargemap.io/images/LV/OCM112630/OCM-112630.orig.2019080316111022.png","ItemThumbnailURL":"https://media.openchargemap.io/images/LV/OCM112630/OCM-112630.thmb.2019080316111022.png","Comment":"","IsEnabled":true,"IsVideo":false,"IsFeaturedItem":false,"IsExternalResource":false,"User":{"ID":21105,"Username":"Karlis"},"DateCreated":"2019-08-03T16:12:00Z"},{"ID":19119,"ChargePointID":112630,"ItemURL":"https://media.openchargemap.io/images/LV/OCM112630/OCM-112630.orig.2019080316092106.png","ItemThumbnailURL":"https://media.openchargemap.io/images/LV/OCM112630/OCM-112630.thmb.2019080316092106.png","Comment":"","IsEnabled":true,"IsVideo":false,"IsFeaturedItem":false,"IsExternalResource":false,"User":{"ID":21105,"Username":"Karlis"},"DateCreated":"2019-08-03T16:10:00Z"}]},{"ID":112629,"UUID":"4B82B5DB-47D8-442D-B5CE-070D7F77221C","NumberOfPoints":2,"UsageCost":"0.15€/min","AddressInfo":{"ID":112975,"Title":"e-mobi Kuldīgas vidusskola","AddressLine1":"Dzirnavu iela 9","Town":"Kuldīga","Postcode":"LV-3301","CountryID":125,"Latitude":56.96675899182336,"Longitude":21.96599385026252,"ContactTelephone1":"+371 22001859","RelatedURL":"https://portal.e-mobi.lv","DistanceUnit":0},"OperatorID":3319,"DataProviderID":1,"UsageTypeID":5,"StatusTypeID":50,"Connections":[{"ID":158476,"ConnectionTypeID":2,"StatusTypeID":50,"LevelID":3,"PowerKW":50,"CurrentTypeID":30,"Quantity":1},{"ID":158477,"ConnectionTypeID":33,"StatusTypeID":50,"LevelID":3,"PowerKW":50,"CurrentTypeID":30,"Quantity":1},{"ID":158478,"ConnectionTypeID":25,"StatusTypeID":50,"LevelID":3,"PowerKW":43,"CurrentTypeID":20}]},{"ID":112628,"UUID":"455FC942-F7A4-4F54-B5FB-00003289CCEF","NumberOfPoints":2,"UsageCost":"0.15€/min","AddressInfo":{"ID":112974,"Title":"e-mobi, Ugāle","AddressLine1":"Avenes, Virši-A","Town":"Ventspils","Postcode":"LV-3601","CountryID":125,"Latitude":57.27432007912309,"Longitude":22.019662141186473,"ContactTelephone1":"+371 22001859","RelatedURL":"https://portal.e-mobi.lv","DistanceUnit":0},"OperatorID":3319,"DataProviderID":1,"UsageTypeID":5,"StatusTypeID":50,"Connections":[{"ID":158473,"ConnectionTypeID":2,"StatusTypeID":50,"LevelID":3,"PowerKW":50,"CurrentTypeID":30,"Quantity":1},{"ID":158474,"ConnectionTypeID":33,"StatusTypeID":50,"LevelID":3,"PowerKW":50,"CurrentTypeID":30,"Quantity":1},{"ID":158475,"ConnectionTypeID":25,"StatusTypeID":50,"LevelID":3,"PowerKW":43,"CurrentTypeID":20}]},{"ID":112627,"UUID":"E94F7DEF-871D-4DA4-87BA-EF8D13A69EDB","NumberOfPoints":2,"UsageCost":"0.15€/min","AddressInfo":{"ID":112973,"Title":"e-mobi Ventspils","AddressLine1":"Platā iela 10","Town":"Ventspils","Postcode":"LV-3601","CountryID":125,"Latitude":57.394113002178194,"Longitude":21.56200695456164,"ContactTelephone1":"+371 22001859","AccessComments":"Pay on location, VISA or via PayPal with mobile app","RelatedURL":"https://portal.e-mobi.lv","DistanceUnit":0},"OperatorID":3319,"DataProviderID":1,"UsageTypeID":5,"StatusTypeID":50,"Connections":[{"ID":158470,"ConnectionTypeID":2,"StatusTypeID":50,"LevelID":3,"PowerKW":50,"CurrentTypeID":30,"Quantity":1},{"ID":158471,"ConnectionTypeID":33,"StatusTypeID":50,"LevelID":3,"PowerKW":50,"CurrentTypeID":30,"Quantity":1},{"ID":158472,"ConnectionTypeID":25,"StatusTypeID":50,"LevelID":3,"PowerKW":43,"CurrentTypeID":20}]},{"ID":71891,"UUID":"ECE695F6-8829-4215-AB63-4319E955E4F8","NumberOfPoints":2,"AddressInfo":{"ID":72237,"Title":"Elektromobīļu uzlādes infrastruktūra Stacijas laukumā, Siguldā ","AddressLine1":"Stacijas laukums","Town":"Sigulda","CountryID":125,"Latitude":57.1536201,"Longitude":24.8538705,"DistanceUnit":0},"OperatorID":1,"DataProviderID":1,"UsageTypeID":6,"StatusTypeID":50,"Connections":[{"ID":103007,"ConnectionTypeID":1036,"StatusTypeID":0,"LevelID":2,"PowerKW":22}]},{"ID":43306,"UUID":"389A88DB-AFC8-4D9C-92F6-1F564F4F2764","NumberOfPoints":2,"UsageCost":"Pay for parking. Charging is free, ","AddressInfo":{"ID":43652,"Title":"CSDD","AddressLine1":"Bauskas 86","Town":"Rīga","CountryID":125,"Latitude":56.9152401177803,"Longitude":24.1131448745728,"AccessComments":"In paid parking area","DistanceUnit":0},"OperatorID":1,"DataProviderID":1,"UsageTypeID":5,"StatusTypeID":50,"Connections":[{"ID":52490,"ConnectionTypeID":33,"StatusTypeID":0,"LevelID":2,"PowerKW":43},{"ID":52491,"ConnectionTypeID":2,"StatusTypeID":0,"LevelID":2,"PowerKW":43}],"UserComments":[{"ID":4577,"ChargePointID":43306,"CommentTypeID":1000,"UserName":"Ando Kivilaid","Comment":"Tesla chademo not working!","Rating":1,"DateCreated":"2015-05-27T21:54:15.857Z","User":{"ID":4705,"Username":"Ando Kivilaid"},"CheckinStatusTypeID":30}]},{"ID":43305,"UUID":"3EF4C97D-4F30-473A-B42E-2D4830FD805C","NumberOfPoints":4,"UsageCost":"€2","AddressInfo":{"ID":43651,"Title":"Alfa parking","AddressLine1":"Brīvības gatve 372","Town":"Rīga","CountryID":125,"Latitude":56.9817708266571,"Longitude":24.205402135849,"AccessComments":"Ground floor, multilevel parking","DistanceUnit":0},"OperatorID":1,"DataProviderID":1,"UsageTypeID":5,"StatusTypeID":50,"Connections":[{"ID":52489,"ConnectionTypeID":0,"StatusTypeID":0,"LevelID":2,"PowerKW":22}]},{"ID":43303,"UUID":"701317CB-5ADC-4BB8-A5F0-1D83772A89C8","NumberOfPoints":2,"UsageCost":"Free","AddressInfo":{"ID":43649,"Title":"Brīvības iela 15","AddressLine1":"Brīvības iela 15","AddressLine2":"from Upes iela","Town":"Ogre","CountryID":125,"Latitude":56.8173029719629,"Longitude":24.6037584543228,"RelatedURL":"http://www.bimab.lv/jaunumi/uzlade-30-minutes-tagad-ari-latvija/","DistanceUnit":0},"OperatorID":1,"DataProviderID":1,"UsageTypeID":5,"StatusTypeID":50,"Connections":[{"ID":52486,"ConnectionTypeID":2,"StatusTypeID":0,"LevelID":3},{"ID":52487,"ConnectionTypeID":33,"StatusTypeID":0,"LevelID":2}]},{"ID":8726,"UUID":"E1C800E3-DB9E-4DBE-912E-9CCAA3458F47","AddressInfo":{"ID":8623,"Title":"3 Eksporta Iela","AddressLine1":"3 Eksporta Iela","Town":"Riga","StateOrProvince":"","Postcode":"1010","CountryID":125,"Latitude":56.95863,"Longitude":24.09499,"ContactTelephone1":"","RelatedURL":"http://carstations.com/261","DistanceUnit":0},"OperatorID":5,"DataProviderID":15,"StatusTypeID":0,"Connections":[{"ID":6144,"ConnectionTypeID":9,"Reference":"NEMA5","LevelID":1}]}]