[{"ID":125792,"UUID":"78D82432-6F1F-418C-8EB6-E5B33332CD88","NumberOfPoints":1,"UsageCost":"Gratuit","AddressInfo":{"ID":126138,"Title":"Monte Carlo Bay Hotel & Resort","AddressLine1":"40 avenue Princesse Grace","Town":"Monaco","Postcode":"98000","CountryID":149,"Latitude":43.74908451762519,"Longitude":7.438711011026385,"AccessComments":"Accessible gratuitement en demandant aux voituriers de l'hôtel.","RelatedURL":"https://www.montecarlosbm.com/fr/hotel-monaco/monte-carlo-bay-hotel-resort","DistanceUnit":0},"OperatorID":45,"DataProviderID":1,"UsageTypeID":1,"StatusTypeID":150,"Connections":[{"ID":176280,"ConnectionTypeID":33,"StatusTypeID":150,"LevelID":3,"Amps":350,"Voltage":920,"PowerKW":160,"CurrentTypeID":30,"Quantity":1},{"ID":176281,"ConnectionTypeID":2,"StatusTypeID":150,"LevelID":3,"Amps":350,"Voltage":920,"PowerKW":160,"CurrentTypeID":30,"Quantity":1}]},{"ID":15286,"UUID":"C8F2E899-3E6B-45B9-A120-2CDA10A30FFD","NumberOfPoints":1,"UsageCost":"Free","AddressInfo":{"ID":15632,"Title":"Parking Saint-Laurent","AddressLine1":"11 Avenue Saint-Laurent","AddressLine2":"Avenue de Grande-Bretagne","Town":"Monte-Carlo","StateOrProvince":"","Postcode":"","CountryID":149,"Latitude":43.742937,"Longitude":7.427739,"ContactTelephone1":"+377 98 98 19 34","ContactTelephone2":"","ContactEmail":"","AccessComments":" emplacements sont signalés par un panneau vert apposé sur le mur du parking.","RelatedURL":"https://www.monaco-parkings.mc/","DistanceUnit":0},"OperatorID":1,"DataProviderID":1,"UsageTypeID":5,"StatusTypeID":50,"Connections":[{"ID":13592,"ConnectionTypeID":0,"StatusTypeID":0,"Amps":20,"Quantity":1}]},{"ID":15285,"UUID":"4F0FF62A-BE9F-4614-9971-63F46DFAC051","NumberOfPoints":1,"UsageCost":"Free","AddressInfo":{"ID":15631,"Title":"Parking Saint-Charles","AddressLine1":"Avenue Saint-Charles","AddressLine2":"Boulevard de France","Town":"Monte-Carlo","StateOrProvince":"","Postcode":"","CountryID":149,"Latitude":43.742075,"Longitude":7.426976,"ContactTelephone1":"+377 98 98 81 85","ContactTelephone2":"","ContactEmail":"","AccessComments":" emplacements sont signalés par un panneau vert apposé sur le mur du parking.","RelatedURL":"https://www.monaco-parkings.mc/","DistanceUnit":0},"OperatorID":1,"DataProviderID":1,"UsageTypeID":5,"StatusTypeID":50,"Connections":[{"ID":13591,"ConnectionTypeID":0,"StatusTypeID":0,"Amps":20,"Quantity":1}]},{"ID":15284,"UUID":"CAAA3BA1-CEA7-4949-B83A-C7E3B9A3F0C4","NumberOfPoints":1,"UsageCost":"Free","AddressInfo":{"ID":15630,"Title":"Parking Roqueville","AddressLine1":"Avenue Roqueville","AddressLine2":"","Town":"Monte-Carlo","StateOrProvince":"","Postcode":"","CountryID":149,"Latitude":43.739041,"Longitude":7.42289,"ContactTelephone1":"+377 98 98 43 48","ContactTelephone2":"","ContactEmail":"","AccessComments":" emplacements sont signalés par un panneau vert apposé sur le mur du parking.","RelatedURL":"https://www.monaco-parkings.mc/","DistanceUnit":0},"OperatorID":1,"DataProviderID":1,"UsageTypeID":5,"StatusTypeID":50,"Connections":[{"ID":13590,"ConnectionTypeID":0,"StatusTypeID":0,"Amps":20,"Quantity":1}]},{"ID":15283,"UUID":"EC09A945-06B9-4911-B948-28444769F3CF","NumberOfPoints":1,"UsageCost":"Free","AddressInfo":{"ID":15629,"Title":"Parking d'Ostende","AddressLine1":"9 Avenue d'Ostende","AddressLine2":"","Town":"Monte-Carlo","StateOrProvince":"","Postcode":"","CountryID":149,"Latitude":43.737268,"Longitude":7.423635,"ContactTelephone1":"+377 98 98 22 83","ContactTelephone2":"","ContactEmail":"","AccessComments":" emplacements sont signalés par un panneau vert apposé sur le mur du parking.","RelatedURL":"https://www.monaco-parkings.mc/","DistanceUnit":0},"OperatorID":1,"DataProviderID":1,"UsageTypeID":5,"StatusTypeID":50,"Connections":[{"ID":13589,"ConnectionTypeID":0,"StatusTypeID":0,"Amps":20,"Quantity":1}]},{"ID":15282,"UUID":"9976993B-093D-4D73-BE7C-90230C6612F6","NumberOfPoints":1,"UsageCost":"Free","AddressInfo":{"ID":15628,"Title":"Parking des Moulins","AddressLine1":"Place des Moulins","AddressLine2":"Avenue de Grande-Bretagne","Town":"Monte-Carlo","StateOrProvince":"","Postcode":"","CountryID":149,"Latitude":43.745535,"Longitude":7.429389,"ContactTelephone1":"+377 98 98 19 34","ContactTelephone2":"","ContactEmail":"","AccessComments":" emplacements sont signalés par un panneau vert apposé sur le mur du parking.","RelatedURL":"https://www.monaco-parkings.mc/","DistanceUnit":0},"OperatorID":1,"DataProviderID":1,"UsageTypeID":5,"StatusTypeID":50,"Connections":[{"ID":13588,"ConnectionTypeID":0,"StatusTypeID":0,"Amps":20,"Quantity":1}]},{"ID":15281,"UUID":"BB205D11-8E7E-4EEB-BB85-03A78E7CF431","NumberOfPoints":1,"UsageCost":"Free","AddressInfo":{"ID":15627,"Title":"Parking Louis II","AddressLine1":"Boulevard Louis II","AddressLine2":"","Town":"Monte-Carlo","StateOrProvince":"","Postcode":"","CountryID":149,"Latitude":43.739915,"Longitude":7.43025,"ContactTelephone1":"+377 98 98 80 39","ContactTelephone2":"","ContactEmail":"","AccessComments":" emplacements sont signalés par un panneau vert apposé sur le mur du parking.","RelatedURL":"https://www.monaco-parkings.mc/","DistanceUnit":0},"OperatorID":1,"DataProviderID":1,"UsageTypeID":5,"StatusTypeID":50,"Connections":[{"ID":13587,"ConnectionTypeID":0,"StatusTypeID":0,"Amps":20,"Quantity":1}]},{"ID":15280,"UUID":"295A140C-A1DA-46CE-969B-8DB7A5BE3C7D","NumberOfPoints":1,"UsageCost":"Free","AddressInfo":{"ID":15626,"Title":"Parking de la Costa","AddressLine1":"Avenue de la Costa","AddressLine2":"","Town":"Monte-Carlo","StateOrProvince":"","Postcode":"","CountryID":149,"Latitude":43.737417,"Longitude":7.422812,"ContactTelephone1":"+377 98 98 80 36","ContactTelephone2":"","ContactEmail":"","AccessComments":" emplacements sont signalés par un panneau vert apposé sur le mur du parking.         for Teslaroadsterconnector get info at :  Centre ProTech Express  www.protech.mc/ + 377 92 05 49 74 connector at Level 0  ","RelatedURL":"https://www.monaco-parkings.mc/","DistanceUnit":0},"OperatorID":1,"DataProviderID":1,"UsageTypeID":5,"StatusTypeID":50,"Connections":[{"ID":13586,"ConnectionTypeID":0,"StatusTypeID":0,"Amps":20,"Quantity":1},{"ID":13915,"ConnectionTypeID":8,"StatusTypeID":0,"LevelID":2,"Amps":40,"Voltage":240,"PowerKW":9.6,"CurrentTypeID":10,"Quantity":1}]},{"ID":15279,"UUID":"FE22C254-987E-4BC1-BE5C-59DC54B68131","NumberOfPoints":1,"UsageCost":"Free","AddressInfo":{"ID":15625,"Title":"Parking du Casino","AddressLine1":"Avenue des Spélugues","AddressLine2":"Allée des Boulingrins ","Town":"Monte-Carlo","StateOrProvince":"","Postcode":"","CountryID":149,"Latitude":43.739845,"Longitude":7.427438,"ContactTelephone1":"+377 98 98 81 84","ContactTelephone2":"","ContactEmail":"","AccessComments":" emplacements sont signalés par un panneau vert apposé sur le mur du parking.","RelatedURL":"https://www.monaco-parkings.mc/","DistanceUnit":0},"OperatorID":1,"DataProviderID":1,"UsageTypeID":5,"StatusTypeID":50,"Connections":[{"ID":13585,"ConnectionTypeID":0,"StatusTypeID":0,"Amps":20,"Quantity":1}]},{"ID":15278,"UUID":"220CADA5-7998-4CB9-8086-E41C2FCA3045","NumberOfPoints":1,"UsageCost":"Free","AddressInfo":{"ID":15624,"Title":"Parking de la Visitation","AddressLine1":"Avenue des Pins","AddressLine2":"","Town":"Le Rocher","StateOrProvince":"","Postcode":"","CountryID":149,"Latitude":43.731785,"Longitude":7.426253,"ContactTelephone1":"+377 98 98 80 45","ContactTelephone2":"","ContactEmail":"","AccessComments":" emplacements sont signalés par un panneau vert apposé sur le mur du parking.","RelatedURL":"https://www.monaco-parkings.mc/","DistanceUnit":0},"OperatorID":1,"DataProviderID":1,"UsageTypeID":2,"StatusTypeID":50,"Connections":[{"ID":13584,"ConnectionTypeID":0,"StatusTypeID":0,"Amps":20,"Quantity":1}]},{"ID":15277,"UUID":"00CF7EF9-2D7C-4C71-88EF-D1791A9D52C2","NumberOfPoints":1,"UsageCost":"Free","AddressInfo":{"ID":15623,"Title":"Parking Chemin des Pêcheurs","AddressLine1":"Avenue de la Quarantaine","AddressLine2":"","Town":"Le Rocher","StateOrProvince":"","Postcode":"","CountryID":149,"Latitude":43.731491,"Longitude":7.427306,"ContactTelephone1":"+377 98 98 82 30","ContactTelephone2":"","ContactEmail":"","AccessComments":" emplacements sont signalés par un panneau vert apposé sur le mur du parking.","RelatedURL":"https://www.monaco-parkings.mc/","DistanceUnit":0},"OperatorID":1,"DataProviderID":1,"UsageTypeID":5,"StatusTypeID":50,"Connections":[{"ID":13583,"ConnectionTypeID":0,"StatusTypeID":0,"Amps":20,"Quantity":1}]},{"ID":15276,"UUID":"729007E7-6488-41FA-9AB0-B7962BB2FC3A","NumberOfPoints":1,"UsageCost":"Free","AddressInfo":{"ID":15622,"Title":"Parking Digue ","AddressLine1":"Avenue de la Quarantaine","AddressLine2":"","Town":"Le Rocher","StateOrProvince":"","Postcode":"","CountryID":149,"Latitude":43.733861,"Longitude":7.429181,"ContactTelephone1":"+377 98 98 19 34","ContactTelephone2":"","ContactEmail":"","AccessComments":" emplacements sont signalés par un panneau vert apposé sur le mur du parking.","RelatedURL":"https://www.monaco-parkings.mc/","DistanceUnit":0},"OperatorID":1,"DataProviderID":1,"UsageTypeID":5,"StatusTypeID":50,"Connections":[{"ID":13582,"ConnectionTypeID":0,"StatusTypeID":0,"Amps":20,"Quantity":1}]},{"ID":15275,"UUID":"0C6C45A2-12A2-4E39-AFF3-CA7BD871769F","NumberOfPoints":1,"UsageCost":"Free","AddressInfo":{"ID":15621,"Title":"Parking Testimonio","AddressLine1":"Avenue Princesse Grace","AddressLine2":"","Town":"Larvotto","StateOrProvince":"","Postcode":"","CountryID":149,"Latitude":43.748652,"Longitude":7.435987,"ContactTelephone1":"+377 98 98 22 84","ContactTelephone2":"","ContactEmail":"","AccessComments":" emplacements sont signalés par un panneau vert apposé sur le mur du parking.","RelatedURL":"https://www.monaco-parkings.mc/","DistanceUnit":0},"OperatorID":1,"DataProviderID":1,"UsageTypeID":5,"StatusTypeID":50,"Connections":[{"ID":13581,"ConnectionTypeID":0,"StatusTypeID":0,"Amps":20,"Quantity":1}]},{"ID":15274,"UUID":"7BC00808-5982-485B-B71A-BA2DC202EC05","NumberOfPoints":1,"UsageCost":"Free","AddressInfo":{"ID":15620,"Title":"Parking Carmes","AddressLine1":"30 Boulevard du Larvotto","AddressLine2":"","Town":"Larvotto","StateOrProvince":"","Postcode":"","CountryID":149,"Latitude":43.748158,"Longitude":7.434739,"ContactTelephone1":"+377 98 98 21 46","ContactTelephone2":"","ContactEmail":"","AccessComments":" emplacements sont signalés par un panneau vert apposé sur le mur du parking.","RelatedURL":"https://www.monaco-parkings.mc/","DistanceUnit":0},"OperatorID":1,"DataProviderID":1,"UsageTypeID":5,"StatusTypeID":50,"Connections":[{"ID":13580,"ConnectionTypeID":0,"StatusTypeID":0,"Amps":20,"Quantity":1}]},{"ID":15273,"UUID":"26B23AAE-C46E-4E2D-8D94-2821141F4985","NumberOfPoints":1,"UsageCost":"Free","AddressInfo":{"ID":15619,"Title":"Parking Lavrotto","AddressLine1":"Avenue Princesse Grace","AddressLine2":"","Town":"Lavrotto","StateOrProvince":"","Postcode":"","CountryID":149,"Latitude":43.747228,"Longitude":7.434087,"ContactTelephone1":"+377 98 98 80 38","ContactTelephone2":"","ContactEmail":"","AccessComments":" emplacements sont signalés par un panneau vert apposé sur le mur du parking.","RelatedURL":"https://www.monaco-parkings.mc/","DistanceUnit":0},"OperatorID":1,"DataProviderID":1,"UsageTypeID":5,"StatusTypeID":50,"Connections":[{"ID":13579,"ConnectionTypeID":0,"StatusTypeID":0,"Amps":20,"Quantity":1}]},{"ID":15272,"UUID":"B9349101-D503-44AE-ABAE-CD7F1A601EAD","NumberOfPoints":1,"UsageCost":"Free","AddressInfo":{"ID":15618,"Title":"Parking Grimaldi Forum","AddressLine1":"Avenue Princesse Grace","AddressLine2":"","Town":"Larvotto","StateOrProvince":"","Postcode":"","CountryID":149,"Latitude":43.741453,"Longitude":7.430588,"ContactTelephone1":"+377 98 98 80 80","ContactTelephone2":"","ContactEmail":"","AccessComments":" emplacements sont signalés par un panneau vert apposé sur le mur du parking.","RelatedURL":"https://www.monaco-parkings.mc/","DistanceUnit":0},"OperatorID":1,"DataProviderID":1,"UsageTypeID":5,"StatusTypeID":50,"Connections":[{"ID":13578,"ConnectionTypeID":0,"StatusTypeID":0,"Amps":20,"Quantity":1}]},{"ID":15271,"UUID":"1A74A918-0B9C-403C-A50D-FDB4811CB6CD","NumberOfPoints":1,"UsageCost":"Free","AddressInfo":{"ID":15617,"Title":"Parking Annonciade","AddressLine1":"","AddressLine2":"","Town":"La Rousse","StateOrProvince":"","Postcode":"","CountryID":149,"Latitude":43.747343,"Longitude":7.43051,"ContactTelephone1":"+377 98 98 80 33","ContactTelephone2":"","ContactEmail":"","AccessComments":" emplacements sont signalés par un panneau vert apposé sur le mur du parking.","RelatedURL":"https://www.monaco-parkings.mc/","DistanceUnit":0},"OperatorID":1,"DataProviderID":1,"UsageTypeID":5,"StatusTypeID":50,"Connections":[{"ID":13577,"ConnectionTypeID":0,"StatusTypeID":0,"Amps":20,"Quantity":1}]},{"ID":15270,"UUID":"B18C5189-599F-4DF9-B2BE-44D930AFA9BE","NumberOfPoints":1,"UsageCost":"Free","AddressInfo":{"ID":15616,"Title":"Parking Squaire Gastaud","AddressLine1":"Rue Notari","AddressLine2":"","Town":"la Condamine","StateOrProvince":"","Postcode":"","CountryID":149,"Latitude":43.734335,"Longitude":7.420756,"ContactTelephone1":"+377 98 98 21 50","ContactTelephone2":"","ContactEmail":"","AccessComments":" emplacements sont signalés par un panneau vert apposé sur le mur du parking.","RelatedURL":"https://www.monaco-parkings.mc/","DistanceUnit":0},"OperatorID":1,"DataProviderID":1,"UsageTypeID":5,"StatusTypeID":50,"Connections":[{"ID":13576,"ConnectionTypeID":0,"StatusTypeID":0,"Amps":20,"Quantity":1}]},{"ID":15269,"UUID":"5E34C27F-1982-46BB-B7F2-5E0B01579690","NumberOfPoints":1,"UsageCost":"Free","AddressInfo":{"ID":15615,"Title":"Parking Quai Antoine I ","AddressLine1":"quai antoine I","AddressLine2":"","Town":"la Condamine","StateOrProvince":"","Postcode":"","CountryID":149,"Latitude":43.732662,"Longitude":7.423702,"ContactTelephone1":"+377 98 98 20 04","ContactTelephone2":"","ContactEmail":"","AccessComments":" emplacements sont signalés par un panneau vert apposé sur le mur du parking.","RelatedURL":"https://www.monaco-parkings.mc/","DistanceUnit":0},"OperatorID":1,"DataProviderID":1,"UsageTypeID":5,"StatusTypeID":50,"Connections":[{"ID":13575,"ConnectionTypeID":0,"StatusTypeID":0,"Amps":20,"Quantity":1}]},{"ID":15268,"UUID":"C833F374-B1A3-4D4D-92B7-AA5FCEE50022","NumberOfPoints":1,"UsageCost":"Free","AddressInfo":{"ID":15614,"Title":"Parking Place d'Armes","AddressLine1":"Rue Terrazzani","AddressLine2":"","Town":"la Condamine","StateOrProvince":"","Postcode":"","CountryID":149,"Latitude":43.732446,"Longitude":7.420297,"ContactTelephone1":"+377 98 98 82 92","ContactTelephone2":"","ContactEmail":"","AccessComments":" emplacements sont signalés par un panneau vert apposé sur le mur du parking.","RelatedURL":"https://www.monaco-parkings.mc/","DistanceUnit":0},"OperatorID":1,"DataProviderID":1,"UsageTypeID":5,"StatusTypeID":50,"Connections":[{"ID":13574,"ConnectionTypeID":0,"StatusTypeID":0,"Amps":20,"Quantity":1}]},{"ID":15267,"UUID":"D70C6E56-2ACE-4674-82F0-E627C1D1F10E","NumberOfPoints":1,"UsageCost":"Free","AddressInfo":{"ID":15613,"Title":"Parking les Agaves","AddressLine1":"Rue Augustin Vento","AddressLine2":"Rue Louis Aureglia","Town":"la Condamine","StateOrProvince":"","Postcode":"","CountryID":149,"Latitude":43.735308,"Longitude":7.418121,"ContactTelephone1":"+377 98 98 21 47","ContactTelephone2":"","ContactEmail":"","AccessComments":" emplacements sont signalés par un panneau vert apposé sur le mur du parking.","RelatedURL":"https://www.monaco-parkings.mc/","DistanceUnit":0},"OperatorID":1,"DataProviderID":1,"UsageTypeID":5,"StatusTypeID":50,"Connections":[{"ID":13573,"ConnectionTypeID":0,"StatusTypeID":0,"Amps":20,"Quantity":1}]},{"ID":15266,"UUID":"09ECDFAA-08C0-41CA-A770-71DFEDC3058D","NumberOfPoints":1,"UsageCost":"Free","AddressInfo":{"ID":15612,"Title":"Parking de la Colle","AddressLine1":"Boulevard Charles III","AddressLine2":"","Town":"la Condamine","StateOrProvince":"","Postcode":"","CountryID":149,"Latitude":43.731846,"Longitude":7.417745,"ContactTelephone1":"+377 98 98 80 35","ContactTelephone2":"","ContactEmail":"","AccessComments":" emplacements sont signalés par un panneau vert apposé sur le mur du parking.","RelatedURL":"https://www.monaco-parkings.mc/","DistanceUnit":0},"OperatorID":1,"DataProviderID":1,"UsageTypeID":5,"StatusTypeID":50,"Connections":[{"ID":13572,"ConnectionTypeID":0,"StatusTypeID":0,"Amps":20,"Quantity":1}]},{"ID":15265,"UUID":"51434FC7-3B9B-48B0-A9E0-30082AA81663","NumberOfPoints":1,"UsageCost":"Free","AddressInfo":{"ID":15611,"Title":"Parking Condamine","AddressLine1":"Rue de Millo","AddressLine2":"Avenue du port","Town":"la Condamine","StateOrProvince":"","Postcode":"","CountryID":149,"Latitude":43.733145,"Longitude":7.421361,"ContactTelephone1":"+377 98 98 82 92","ContactTelephone2":"","ContactEmail":"","AccessComments":" emplacements sont signalés par un panneau vert apposé sur le mur du parking.","RelatedURL":"https://www.monaco-parkings.mc/","DistanceUnit":0},"OperatorID":1,"DataProviderID":1,"UsageTypeID":5,"StatusTypeID":50,"Connections":[{"ID":13571,"ConnectionTypeID":0,"StatusTypeID":0,"Amps":20,"Quantity":1}]},{"ID":15264,"UUID":"44169C2A-9235-4AF7-8A35-AA70F08C9E91","NumberOfPoints":1,"UsageCost":"Free","AddressInfo":{"ID":15610,"Title":"Parking Centre Administratif","AddressLine1":"Rue Louis Notari","AddressLine2":"","Town":"la Condamine","StateOrProvince":"","Postcode":"","CountryID":149,"Latitude":43.73491,"Longitude":7.420411,"ContactTelephone1":"+377 98 98 82 92","ContactTelephone2":"","ContactEmail":"","AccessComments":" emplacements sont signalés par un panneau vert apposé sur le mur du parking.","RelatedURL":"https://www.monaco-parkings.mc/","DistanceUnit":0},"OperatorID":1,"DataProviderID":1,"UsageTypeID":4,"StatusTypeID":50,"Connections":[{"ID":13570,"ConnectionTypeID":0,"StatusTypeID":0,"Amps":20,"Quantity":1}]},{"ID":15263,"UUID":"6457BD8C-BB87-43DC-B978-40BF879FAB57","NumberOfPoints":1,"UsageCost":"Free","AddressInfo":{"ID":15609,"Title":"Parking Plati","AddressLine1":"Rue Plati","AddressLine2":"","Town":"Jardin-Exotique","StateOrProvince":"","Postcode":"","CountryID":149,"Latitude":43.732524,"Longitude":7.416328,"ContactTelephone1":"+377 98 98 80 42","ContactTelephone2":"","ContactEmail":"","AccessComments":" emplacements sont signalés par un panneau vert apposé sur le mur du parking.","RelatedURL":"https://www.monaco-parkings.mc/","DistanceUnit":0},"OperatorID":1,"DataProviderID":1,"UsageTypeID":4,"StatusTypeID":50,"Connections":[{"ID":13569,"ConnectionTypeID":0,"StatusTypeID":0,"Amps":20,"Quantity":1}]},{"ID":15262,"UUID":"67FF8E11-1293-4074-A716-F57205A8BF83","NumberOfPoints":1,"UsageCost":"Free","AddressInfo":{"ID":15608,"Title":"Parking Jardin-Exotique","AddressLine1":"Boulevard du Jardin Exotique","AddressLine2":"Boulevard de Belgique","Town":"Jardin Exotique","StateOrProvince":"","Postcode":"","CountryID":149,"Latitude":43.734999,"Longitude":7.415393,"ContactTelephone1":"+377 98 98 80","ContactTelephone2":"","ContactEmail":"","AccessComments":" emplacements sont signalés par un panneau vert apposé sur le mur du parking.","RelatedURL":"https://www.monaco-parkings.mc/","DistanceUnit":0},"OperatorID":1,"DataProviderID":1,"UsageTypeID":5,"StatusTypeID":50,"Connections":[{"ID":13568,"ConnectionTypeID":0,"StatusTypeID":0,"Amps":20,"Quantity":1}]},{"ID":15260,"UUID":"37D60724-016B-4719-AB64-1D4CE9165BB3","NumberOfPoints":1,"UsageCost":"Free","AddressInfo":{"ID":15606,"Title":"Parking Gare","AddressLine1":"Echangeur Sainte-Dévote  -  Bretelle Auregila","AddressLine2":"","Town":"Jardin-Exotique","StateOrProvince":"","Postcode":"","CountryID":149,"Latitude":43.736342,"Longitude":7.419698,"ContactTelephone1":"+377 98 98 41 96","ContactTelephone2":"","ContactEmail":"","AccessComments":" emplacements sont signalés par un panneau vert apposé sur le mur du parking.","RelatedURL":"https://www.monaco-parkings.mc/carpark","DistanceUnit":0},"OperatorID":1,"DataProviderID":1,"UsageTypeID":5,"StatusTypeID":50,"Connections":[{"ID":13566,"ConnectionTypeID":0,"StatusTypeID":0,"Amps":20,"Quantity":1}]},{"ID":15259,"UUID":"F7802944-3373-4693-8273-D6A0F769F99C","NumberOfPoints":1,"UsageCost":"Free","AddressInfo":{"ID":15605,"Title":"Parking des Oliviers","AddressLine1":"32 Boulevard de Belgique","AddressLine2":"","Town":"Jardin-Exotique","StateOrProvince":"","Postcode":"","CountryID":149,"Latitude":43.7333901,"Longitude":7.413744599999973,"ContactTelephone1":"+377 98 80 47","ContactTelephone2":"","ContactEmail":"","AccessComments":" emplacements sont signalés par un panneau vert apposé sur le mur du parking.","RelatedURL":"https://www.monaco-parkings.mc/","DistanceUnit":0},"OperatorID":1,"DataProviderID":1,"UsageTypeID":5,"StatusTypeID":50,"Connections":[{"ID":13565,"ConnectionTypeID":0,"StatusTypeID":0,"Amps":20,"Quantity":1}]},{"ID":15258,"UUID":"A7FBA286-3A51-48AF-89B5-652101770613","NumberOfPoints":1,"UsageCost":"Free","AddressInfo":{"ID":15604,"Title":"Parking Centre Hospitalier Princesse Grace","AddressLine1":"Avenue Pasteur","AddressLine2":"","Town":"Jardin-Exotique","StateOrProvince":"","Postcode":"","CountryID":149,"Latitude":43.729305,"Longitude":7.41047,"ContactTelephone1":"+377 98 98 81 86","ContactTelephone2":"","ContactEmail":"","AccessComments":" emplacements sont signalés par un panneau vert apposé sur le mur du parking.","RelatedURL":"https://www.monaco-parkings.mc/","DistanceUnit":0},"OperatorID":1,"DataProviderID":1,"UsageTypeID":5,"StatusTypeID":50,"Connections":[{"ID":13564,"ConnectionTypeID":0,"StatusTypeID":0,"Amps":20,"Quantity":1}]},{"ID":15257,"UUID":"80C38FE9-846F-4988-BB33-67FED05E3E6F","NumberOfPoints":1,"UsageCost":"Free","AddressInfo":{"ID":15603,"Title":"Parking Bosio","AddressLine1":"Boulevard de Belgique - Rue Bosio","AddressLine2":"","Town":"Jardin-Exotique","StateOrProvince":"","Postcode":"","CountryID":149,"Latitude":43.736693,"Longitude":7.418227,"ContactTelephone1":"+377 98 98 46 37","ContactTelephone2":"","ContactEmail":"","AccessComments":" emplacements sont signalés par un panneau vert apposé sur le mur du parking.","RelatedURL":"https://www.monaco-parkings.mc/","DistanceUnit":0},"OperatorID":1,"DataProviderID":1,"UsageTypeID":5,"StatusTypeID":50,"Connections":[{"ID":13563,"ConnectionTypeID":0,"StatusTypeID":0,"Amps":20,"Quantity":1}]},{"ID":15256,"UUID":"A07558E2-0B9E-46B7-9225-60BA6F382D82","NumberOfPoints":1,"UsageCost":"Free","AddressInfo":{"ID":15602,"Title":"Parking Saint-Nicolas","AddressLine1":"Avenue des Guelfes","AddressLine2":"","Town":"Fontvieille","StateOrProvince":"","Postcode":"","CountryID":149,"Latitude":43.72641240000001,"Longitude":7.4172697999999855,"ContactTelephone1":"+377 98 98 20 73","ContactTelephone2":"","ContactEmail":"","AccessComments":" emplacements sont signalés par un panneau vert apposé sur le mur du parking.","RelatedURL":"https://www.monaco-parkings.mc/","DistanceUnit":0},"OperatorID":1,"DataProviderID":1,"UsageTypeID":5,"StatusTypeID":50,"Connections":[{"ID":13562,"ConnectionTypeID":0,"StatusTypeID":0,"Amps":20,"Quantity":1}]},{"ID":15255,"UUID":"1B08AA0D-2464-4A2D-9615-72AAAD29C8A4","NumberOfPoints":1,"UsageCost":"Free","AddressInfo":{"ID":15601,"Title":"Parking Stade Louis II","AddressLine1":"Avenue des Castelans","AddressLine2":"","Town":"Fontvieille","StateOrProvince":"","Postcode":"98000","CountryID":149,"Latitude":43.7278566,"Longitude":7.414420100000029,"ContactTelephone1":"+377 98 98 80 44","ContactTelephone2":"","ContactEmail":"","AccessComments":" emplacements sont signalés par un panneau vert apposé sur le mur du parking.","RelatedURL":"https://www.monaco-parkings.mc/","DistanceUnit":0},"OperatorID":1,"DataProviderID":1,"UsageTypeID":5,"StatusTypeID":50,"Connections":[{"ID":13561,"ConnectionTypeID":0,"StatusTypeID":0,"Amps":20,"Quantity":1}]},{"ID":15254,"UUID":"A03D9261-FEE8-48D6-B237-39969102A137","NumberOfPoints":1,"UsageCost":"Free","AddressInfo":{"ID":15600,"Title":"Parking Port","AddressLine1":"Avenue des Papalins - Quai Jean-Charles Rey","AddressLine2":"","Town":"Fontvieille","StateOrProvince":"","Postcode":"","CountryID":149,"Latitude":43.7285756,"Longitude":7.419405600000005,"ContactTelephone1":"+377 98 98 81 80","ContactTelephone2":"","ContactEmail":"","AccessComments":"emplacements sont signalés par un panneau vert apposé sur le mur du parking.","RelatedURL":"https://www.monaco-parkings.mc/","DistanceUnit":0},"OperatorID":1,"DataProviderID":1,"UsageTypeID":5,"StatusTypeID":50,"Connections":[{"ID":13560,"ConnectionTypeID":0,"StatusTypeID":0,"Amps":20,"Quantity":1}]},{"ID":15253,"UUID":"B9204CFB-919D-4786-824E-76C7105C6F0F","NumberOfPoints":1,"UsageCost":"Free","AddressInfo":{"ID":15599,"Title":"Parking Papalins","AddressLine1":"Avenue des Papalins","AddressLine2":"","Town":"Fontvieille","StateOrProvince":"","Postcode":"","CountryID":149,"Latitude":43.7280878,"Longitude":7.418641200000025,"ContactTelephone1":"+377 98 98 80 37","ContactTelephone2":"","ContactEmail":"","AccessComments":" emplacements sont signalés par un panneau vert apposé sur le mur du parking.","RelatedURL":"https://www.monaco-parkings.mc/","DistanceUnit":0},"OperatorID":1,"DataProviderID":1,"UsageTypeID":5,"StatusTypeID":50,"Connections":[{"ID":13559,"ConnectionTypeID":0,"StatusTypeID":0,"Amps":20,"Quantity":1}]},{"ID":15252,"UUID":"C9FC922D-F749-4DD0-A2AF-63FB8A3AC3E5","NumberOfPoints":1,"UsageCost":"Free","AddressInfo":{"ID":15598,"Title":"Parking Héliport","AddressLine1":"Avenue des Ligures","AddressLine2":"","Town":"Fontvieille","StateOrProvince":"","Postcode":"","CountryID":149,"Latitude":43.7257872,"Longitude":7.418086899999935,"ContactTelephone1":"+377 98 98 81 16","ContactTelephone2":"","ContactEmail":"","AccessComments":" emplacements sont signalés par un panneau vert apposé sur le mur du parking.","RelatedURL":"https://www.monaco-parkings.mc/","DistanceUnit":0},"OperatorID":1,"DataProviderID":1,"UsageTypeID":5,"StatusTypeID":50,"Connections":[{"ID":13558,"ConnectionTypeID":0,"StatusTypeID":0,"Amps":20,"Quantity":1}]},{"ID":15251,"UUID":"007CFABC-65B3-4293-BA48-A11E2DD173A7","NumberOfPoints":1,"UsageCost":"Free","AddressInfo":{"ID":15597,"Title":"Parking Ecoles Rdc","AddressLine1":"Avenue des Guelfes","AddressLine2":"","Town":"Fontvieille","StateOrProvince":"","Postcode":"","CountryID":149,"Latitude":43.72641240000001,"Longitude":7.4172697999999855,"ContactTelephone1":"+377 98 98 81 83","ContactTelephone2":"","ContactEmail":"","AccessComments":"emplacements sont signalés par un panneau vert apposé sur le mur du parking.","RelatedURL":"https://www.monaco-parkings.mc/","DistanceUnit":0},"OperatorID":1,"DataProviderID":1,"UsageTypeID":5,"StatusTypeID":50,"Connections":[{"ID":13557,"ConnectionTypeID":0,"StatusTypeID":0,"Amps":20,"Quantity":1}]},{"ID":15250,"UUID":"630FDE96-1E72-4DD6-9F30-8BAD52DF8029","NumberOfPoints":1,"UsageCost":"Free","AddressInfo":{"ID":15596,"Title":"Parking Centre Commercial de Fontvieille","AddressLine1":"Avenue Albert II","AddressLine2":"","Town":"Fontvieille","StateOrProvince":"","Postcode":"98000","CountryID":149,"Latitude":43.7296513,"Longitude":7.416400500000009,"ContactTelephone1":"+377 98 98 80 07","ContactTelephone2":"","ContactEmail":"","AccessComments":"emplacements sont signalés par un panneau vert apposé sur le mur du parking.","RelatedURL":"https://www.monaco-parkings.mc/","DistanceUnit":0},"OperatorID":1,"DataProviderID":1,"UsageTypeID":5,"StatusTypeID":50,"Connections":[{"ID":13556,"ConnectionTypeID":0,"StatusTypeID":0,"Amps":20,"Quantity":1}]}]