[{"ID":118362,"UUID":"1FE5AD1C-874D-4570-9D20-0E2D8F229ED1","NumberOfPoints":4,"UsageCost":"0.00/kWh; other tariffs for older cars","AddressInfo":{"ID":118708,"Title":"Macau - Harbourview Hotel Supercharger","AddressLine1":"Macau Fisherman's Wharf Avenida DR.","Town":"Macau","CountryID":133,"Latitude":22.190596,"Longitude":113.5559549,"DistanceUnit":0},"OperatorID":23,"DataProviderID":1,"UsageTypeID":4,"StatusTypeID":50,"Connections":[{"ID":167441,"ConnectionTypeID":27,"StatusTypeID":50,"LevelID":3,"PowerKW":120,"CurrentTypeID":30,"Quantity":4}]},{"ID":98107,"UUID":"ABC9135F-7D6E-4317-925F-52360A811349","NumberOfPoints":4,"UsageCost":"0.00/kWh; other tariffs for older cars","AddressInfo":{"ID":98453,"Title":"Studio City Supercharger","AddressLine1":"Estrada Do Istmo Macau","Town":"Cotai Macau","StateOrProvince":"Macau","CountryID":133,"Latitude":22.141222,"Longitude":113.5626,"DistanceUnit":0},"OperatorID":23,"DataProviderID":1,"UsageTypeID":4,"StatusTypeID":50,"Connections":[{"ID":139016,"ConnectionTypeID":27,"StatusTypeID":50,"LevelID":3,"PowerKW":120,"CurrentTypeID":30,"Quantity":4}]}]