[{"ID":459268,"UUID":"3566C820-7E15-4307-B883-8E3A1DF4CA3F","NumberOfPoints":2,"UsageCost":"0.3 Eur/kWh","AddressInfo":{"ID":459657,"Title":"EkoVolt:EKS-TR-7","AddressLine1":"Rruga 28 Nentori, 1001, Tiranë, Albania","Town":"Tirane","Postcode":"1001","CountryID":7,"Latitude":41.327933333102,"Longitude":19.82071317488,"RelatedURL":"https://eko-volt.com/","DistanceUnit":0},"OperatorID":1,"DataProviderID":1,"UsageTypeID":5,"StatusTypeID":50,"Connections":[{"ID":772305,"ConnectionTypeID":25,"Reference":"EkoVolt Albania (Monta app)","StatusTypeID":50,"LevelID":2,"Amps":32,"PowerKW":22,"CurrentTypeID":20,"Quantity":2}]},{"ID":313415,"UUID":"1404B4F4-4423-4135-9BDE-A4478C2040A9","NumberOfPoints":1,"UsageCost":"40","AddressInfo":{"ID":313804,"Title":"Gega/Beltoje/Shkoder","AddressLine1":"2G88+7HJ, Beltoje, Albania","Town":"Beltoje","CountryID":7,"Latitude":42.01572390991004,"Longitude":19.516917551659503,"DistanceUnit":0},"OperatorID":3835,"DataProviderID":1,"UsageTypeID":4,"StatusTypeID":50,"Connections":[{"ID":603617,"ConnectionTypeID":33,"StatusTypeID":50,"LevelID":3,"PowerKW":142,"CurrentTypeID":30,"Quantity":1},{"ID":603618,"ConnectionTypeID":1040,"StatusTypeID":50,"LevelID":3,"PowerKW":142,"CurrentTypeID":30,"Quantity":1},{"ID":603619,"ConnectionTypeID":25,"StatusTypeID":50,"LevelID":2,"PowerKW":22,"CurrentTypeID":20,"Quantity":1}]},{"ID":313414,"UUID":"AC1F48B2-204A-497D-B9F3-548E30B52522","NumberOfPoints":1,"UsageCost":"40","AddressInfo":{"ID":313803,"Title":"Gega Lac","AddressLine1":" JMPC+J2, Fushe Gjonëm, Albania","Town":"Lac","CountryID":7,"Latitude":41.63750702835242,"Longitude":19.67007077237122,"DistanceUnit":0},"OperatorID":3835,"DataProviderID":1,"UsageTypeID":4,"StatusTypeID":50,"Connections":[{"ID":603615,"ConnectionTypeID":33,"StatusTypeID":50,"LevelID":3,"PowerKW":120,"CurrentTypeID":30,"Quantity":1},{"ID":603616,"ConnectionTypeID":1040,"StatusTypeID":50,"LevelID":3,"PowerKW":120,"CurrentTypeID":30,"Quantity":1}]},{"ID":313413,"UUID":"6A253688-C76F-4677-AE9A-59A259B943E7","NumberOfPoints":1,"UsageCost":"40","AddressInfo":{"ID":313802,"Title":"Stadiumi Dinamo","AddressLine1":"Rruga Komuna e Parisit 1001","Town":"Tirane","CountryID":7,"Latitude":41.31950891239913,"Longitude":19.808840536736284,"DistanceUnit":0},"OperatorID":3835,"DataProviderID":1,"UsageTypeID":4,"StatusTypeID":50,"Connections":[{"ID":603613,"ConnectionTypeID":33,"StatusTypeID":50,"LevelID":3,"PowerKW":180,"CurrentTypeID":30,"Quantity":1},{"ID":603614,"ConnectionTypeID":1040,"StatusTypeID":50,"LevelID":3,"PowerKW":180,"CurrentTypeID":30,"Quantity":1}]},{"ID":313412,"UUID":"6146A804-D24B-49A0-BBA8-D4DEE1C0A1D4","NumberOfPoints":1,"UsageCost":"40","AddressInfo":{"ID":313801,"Title":"Praslin Teg 2","AddressLine1":"7VM4+6H3, Lundër 1, Albania","Town":"Tirane","CountryID":7,"Latitude":41.30419533903867,"Longitude":19.83822657058647,"DistanceUnit":0},"OperatorID":3835,"DataProviderID":1,"UsageTypeID":4,"StatusTypeID":50,"Connections":[{"ID":603612,"ConnectionTypeID":33,"StatusTypeID":50,"LevelID":3,"PowerKW":120,"CurrentTypeID":30,"Quantity":2}]},{"ID":313411,"UUID":"6CF955F2-E0F9-4201-8041-445D66DADA12","NumberOfPoints":1,"UsageCost":"40","AddressInfo":{"ID":313800,"Title":"Praslin Teg 1","AddressLine1":"7VM4+6H3, Lundër 1, Albania","Town":"Tirane","CountryID":7,"Latitude":41.30399235750298,"Longitude":19.837828477204994,"DistanceUnit":0},"OperatorID":3835,"DataProviderID":1,"UsageTypeID":4,"StatusTypeID":50,"Connections":[{"ID":603611,"ConnectionTypeID":33,"StatusTypeID":50,"LevelID":3,"PowerKW":120,"CurrentTypeID":30,"Quantity":1}]},{"ID":313410,"UUID":"3795CB85-CEBF-41FC-8B42-C6E492EB4D5A","NumberOfPoints":1,"UsageCost":"40","AddressInfo":{"ID":313799,"Title":"Xhaxhi Oil/El Taxi","AddressLine1":"44C3+PCJ, Elbasan, Albania","Town":"Elbasan","CountryID":7,"Latitude":41.121545741651175,"Longitude":20.10374846394234,"DistanceUnit":0},"OperatorID":3835,"DataProviderID":1,"UsageTypeID":4,"StatusTypeID":50,"Connections":[{"ID":603609,"ConnectionTypeID":1040,"StatusTypeID":50,"LevelID":3,"PowerKW":80,"CurrentTypeID":30,"Quantity":1},{"ID":603610,"ConnectionTypeID":33,"StatusTypeID":50,"LevelID":3,"PowerKW":80,"CurrentTypeID":30,"Quantity":1}]},{"ID":313409,"UUID":"CD68FBF1-13E5-4FDD-9AB2-25076F79957D","NumberOfPoints":1,"UsageCost":"40 Lek (~0,4€/kWh)","AddressInfo":{"ID":313798,"Title":"iCharge Pogradec","AddressLine1":"Rruga Reshit Çollaku 26, Pogradec, Albania","Town":"Pogradec","CountryID":7,"Latitude":40.905194835280525,"Longitude":20.65320890674093,"DistanceUnit":0},"OperatorID":3835,"DataProviderID":1,"UsageTypeID":4,"StatusTypeID":50,"Connections":[{"ID":603608,"ConnectionTypeID":33,"StatusTypeID":50,"LevelID":3,"PowerKW":120,"CurrentTypeID":30,"Quantity":2}]},{"ID":313408,"UUID":"48155B7C-46B9-47BC-A1AB-FC8BD64EFF79","NumberOfPoints":1,"UsageCost":"40","AddressInfo":{"ID":313797,"Title":"iCharge Bilisht","AddressLine1":"Lagjia 3, Superstrada e Devollit, 7006, Bilisht, Albania","Town":"Bilisht","Postcode":"7006","CountryID":7,"Latitude":40.62715999320412,"Longitude":20.982502514426415,"DistanceUnit":0},"OperatorID":3835,"DataProviderID":1,"UsageTypeID":4,"StatusTypeID":50,"Connections":[{"ID":603606,"ConnectionTypeID":33,"StatusTypeID":50,"LevelID":3,"PowerKW":60,"CurrentTypeID":30,"Quantity":1},{"ID":603607,"ConnectionTypeID":1040,"StatusTypeID":50,"LevelID":3,"PowerKW":60,"CurrentTypeID":30,"Quantity":1}]},{"ID":311446,"UUID":"ED76F86B-EE72-4AE1-9549-5AD23AEE3408","NumberOfPoints":1,"UsageCost":"1","AddressInfo":{"ID":311835,"Title":"San Pietro","AddressLine1":"Lalez","Town":"Dures","StateOrProvince":"Albain","CountryID":7,"Latitude":41.51293714507864,"Longitude":19.518771685575075,"ContactTelephone1":"+355692055424","DistanceUnit":0},"OperatorID":1,"DataProviderID":1,"UsageTypeID":3,"StatusTypeID":150,"Connections":[{"ID":600144,"ConnectionTypeID":25,"StatusTypeID":150,"LevelID":2,"PowerKW":7,"CurrentTypeID":10,"Quantity":1}]},{"ID":307569,"UUID":"03145475-9268-4022-9D4F-646F63BE07FC","NumberOfPoints":1,"UsageCost":"40 Lek (~0,4€/kWh)","AddressInfo":{"ID":307958,"Title":"Rruga Qemal Draçini","AddressLine1":"Rruga Qemal Draçini","AddressLine2":"Lagjja 2","Town":"Skutari","StateOrProvince":"Qark Shkodra","Postcode":"4001","CountryID":7,"Latitude":42.06845144089169,"Longitude":19.511943446426244,"ContactTelephone1":"+355694080227","ContactEmail":"office@icharge.app","AccessComments":"Accessed by the Roundabout","RelatedURL":"https://icharge.app/","DistanceUnit":0},"OperatorID":3835,"DataProviderID":1,"UsageTypeID":6,"StatusTypeID":50,"Connections":[{"ID":586703,"ConnectionTypeID":33,"Reference":"ichqsh01","StatusTypeID":50,"LevelID":3,"PowerKW":80,"CurrentTypeID":30,"Quantity":2},{"ID":586704,"ConnectionTypeID":1040,"Reference":"ichqsh02","StatusTypeID":50,"LevelID":3,"PowerKW":120,"CurrentTypeID":30,"Quantity":2}]},{"ID":267548,"UUID":"4625BF51-029E-41D0-90CF-C8E9DA5D3BEF","NumberOfPoints":1,"UsageCost":"0.40€/kWh","AddressInfo":{"ID":267932,"Title":"Hotel Triumf Shengjin","AddressLine1":"Rruga Fran Ivanaj","Town":"Shëngjin","StateOrProvince":"Shqipëria Veriore","Postcode":"4503","CountryID":7,"Latitude":41.802468247154984,"Longitude":19.603394728579474,"ContactTelephone1":"+355696055552","DistanceUnit":0},"OperatorID":1,"DataProviderID":1,"UsageTypeID":6,"StatusTypeID":50,"Connections":[{"ID":455885,"ConnectionTypeID":25,"StatusTypeID":50,"LevelID":1,"Amps":32,"Voltage":1,"PowerKW":22,"CurrentTypeID":20,"Quantity":1,"Comments":"Type 2 charger"}]},{"ID":134839,"UUID":"F8109791-FBF3-41D8-A7AA-51D1AB92708F","NumberOfPoints":1,"AddressInfo":{"ID":135185,"Title":"Unaza e Re","AddressLine1":"Unaza e Re","AddressLine2":"Njësia Bashkiake Nr. 5","Town":"Tirana","StateOrProvince":"Tirana Municipally","Postcode":"1001-1028","CountryID":7,"Latitude":41.31695013758707,"Longitude":19.7968595329653,"DistanceUnit":0},"OperatorID":1,"DataProviderID":1,"UsageTypeID":6,"StatusTypeID":50,"Connections":[]},{"ID":83990,"UUID":"B8D33E0B-0E79-4FAD-B78D-C15E8C12A8D6","NumberOfPoints":1,"AddressInfo":{"ID":84336,"Title":"Rruga Industriale","AddressLine1":"Rruga Industriale","Town":"Kashar","StateOrProvince":"Tirana","Postcode":"5009","CountryID":7,"Latitude":41.3447822032078,"Longitude":19.7741445048935,"ContactTelephone1":"+355 695711127","ContactTelephone2":"+355 672033591","ContactEmail":"contact@autoyou.eu","DistanceUnit":0},"OperatorID":45,"DataProviderID":1,"UsageTypeID":6,"StatusTypeID":50,"Connections":[{"ID":119371,"ConnectionTypeID":2,"StatusTypeID":50,"LevelID":2,"PowerKW":25,"CurrentTypeID":20,"Quantity":1}]},{"ID":18285,"UUID":"EB0614A7-8C0A-4789-83E8-C29F22E74153","NumberOfPoints":1,"UsageCost":"Free","AddressInfo":{"ID":18630,"Title":"Rruga tom kola","Town":"Tirana","StateOrProvince":"Albania","CountryID":7,"Latitude":41.33165,"Longitude":19.8317999999999,"DistanceUnit":0},"OperatorID":1,"DataProviderID":1,"UsageTypeID":0,"StatusTypeID":50,"Connections":[]}]